3.0.14: Pulling from librelane/librelane
e1a967ef1863: Pulling fs layer
1d778f032906: Pulling fs layer
1d778f032906: Verifying Checksum
1d778f032906: Download complete
e1a967ef1863: Verifying Checksum
e1a967ef1863: Download complete
e1a967ef1863: Pull complete
1d778f032906: Pull complete
Digest: sha256:f91b21d75f79871f9ccf37451020b5d2f7b3236881a997ff709c561e8280a30f
Status: Downloaded newer image for ghcr.io/librelane/librelane:3.0.14
ghcr.io/librelane/librelane:3.0.14
[21:08:05] WARNING  DISPLAY environment variable not set. GUI    container.py:53
                    features will not be available.                             
[21:08:05] INFO     Running containerized command:              container.py:285
Version 8afc8346a57fe1ab7934ba5a6056ea8b43078e71 not found locally, attempting 
to download…
Downloading common.tar.zst… ━━━━━━━━━━━━━━━━━━━━━━━━━━━━━━━━━━━━━━━ 100% 0:00:00
Downloading sky130_fd_io.tar.zst… ━━━━━━━━━━━━━━━━━━━━━━━━━━━━━━━━━ 100% 0:00:00
Downloading sky130_fd_pr.tar.zst… ━━━━━━━━━━━━━━━━━━━━━━━━━━━━━━━━━ 100% 0:00:00
Downloading sky130_fd_sc_hd.tar.zst… ━━━━━━━━━━━━━━━━━━━━━━━━━━━━━━ 100% 0:00:00
Downloading sky130_fd_sc_hvl.tar.zst… ━━━━━━━━━━━━━━━━━━━━━━━━━━━━━ 100% 0:00:00
Downloading sky130_ml_xx_hd.tar.zst… ━━━━━━━━━━━━━━━━━━━━━━━━━━━━━━ 100% 0:00:00
Downloading sky130_sram_macros.tar.zst… ━━━━━━━━━━━━━━━━━━━━━━━━━━━ 100% 0:00:00
[21:08:17] INFO     Starting a new run of the 'Classic' flow with    flow.py:654
                    the tag 'csel-4ns'.                                         
[21:08:17] INFO     Starting…                                  sequential.py:339
──────────────────────────────── Verilator Lint ────────────────────────────────
[21:08:17] VERBOSE  Running 'Verilator.Lint' at                     step.py:1138
                    'runs/csel-4ns/01-verilator-lint'…                          
[21:08:18] VERBOSE  Logging subprocess to                           step.py:1338
                    'runs/csel-4ns/01-verilator-lint/verilator-lint             
                    .log'…                                                      
- V e r i l a t i o n   R e p o r t: Verilator 5.044 2026-01-01 rev v5.040      
- Verilator: Built from 0.783 MB sources in 451 modules, into 0.051 MB in 3 C++ 
files needing 0.000 MB                                                          
- Verilator: Walltime 0.045 s (elab=0.010, cvt=0.006, bld=0.000); cpu 0.045 s on
1 threads; alloced 28.062 MB                                                    
────────────────────────── Lint Timing Errors Checker ──────────────────────────
[21:08:18] VERBOSE  Running 'Checker.LintTimingConstructs' at       step.py:1138
                    'runs/csel-4ns/02-checker-linttimingconstructs'             
                    …                                                           
[21:08:18] INFO     Check for Lint Timing Errors clear.           checker.py:412
───────────────────────────── Lint Errors Checker ──────────────────────────────
[21:08:18] VERBOSE  Running 'Checker.LintErrors' at                 step.py:1138
                    'runs/csel-4ns/03-checker-linterrors'…                      
[21:08:18] INFO     Check for Lint errors clear.                  checker.py:131
──────────────────────────── Lint Warnings Checker ─────────────────────────────
[21:08:18] VERBOSE  Running 'Checker.LintWarnings' at               step.py:1138
                    'runs/csel-4ns/04-checker-lintwarnings'…                    
[21:08:18] INFO     Check for Lint warnings clear.                checker.py:131
───────────────────────────── Generate JSON Header ─────────────────────────────
[21:08:18] VERBOSE  Running 'Yosys.JsonHeader' at                   step.py:1138
                    'runs/csel-4ns/05-yosys-jsonheader'…                        
[21:08:18] VERBOSE  Logging subprocess to                           step.py:1338
                    'runs/csel-4ns/05-yosys-jsonheader/yosys-jsonhe             
                    ader.log'…                                                  
                                                                                
 /----------------------------------------------------------------------------\ 
 |  yosys -- Yosys Open SYnthesis Suite                                       | 
 |  Copyright (C) 2012 - 2026  Claire Xenia Wolf <claire@yosyshq.com>         | 
 |  Distributed under an ISC-like license, type "license" to see terms        | 
 \----------------------------------------------------------------------------/ 
 Yosys 0.62 (git sha1 7326bb7d6641500ecb285c291a54a662cb1e76cf, clang++ 21.1.2  
-fPIC -O3)                                                                      
                                                                                
1. Executing Verilog-2005 frontend:                                             
/home/runner/work/ASIC_101/ASIC_101/files/alu/pd/runs/csel-4ns/tmp/db0392239cdd4
a84bf3629697d185266.bb.v                                                        
Parsing SystemVerilog input from                                                
`/home/runner/work/ASIC_101/ASIC_101/files/alu/pd/runs/csel-4ns/tmp/db0392239cdd
4a84bf3629697d185266.bb.v' to AST representation.                               
Generating RTLIL representation for module `\sky130_ef_sc_hd__decap_12'.        
Generating RTLIL representation for module `\sky130_ef_sc_hd__decap_20_12'.     
Generating RTLIL representation for module `\sky130_ef_sc_hd__decap_40_12'.     
Generating RTLIL representation for module `\sky130_ef_sc_hd__decap_60_12'.     
Generating RTLIL representation for module `\sky130_ef_sc_hd__decap_80_12'.     
Generating RTLIL representation for module `\sky130_ef_sc_hd__fill_12'.         
Generating RTLIL representation for module `\sky130_ef_sc_hd__fill_2'.          
Generating RTLIL representation for module `\sky130_ef_sc_hd__fill_4'.          
Generating RTLIL representation for module `\sky130_ef_sc_hd__fill_8'.          
Generating RTLIL representation for module `\sky130_fd_sc_hd__a2111o_1'.        
Generating RTLIL representation for module `\sky130_fd_sc_hd__a2111o_2'.        
Generating RTLIL representation for module `\sky130_fd_sc_hd__a2111o_4'.        
Generating RTLIL representation for module `\sky130_fd_sc_hd__a2111oi_0'.       
Generating RTLIL representation for module `\sky130_fd_sc_hd__a2111oi_1'.       
Generating RTLIL representation for module `\sky130_fd_sc_hd__a2111oi_2'.       
Generating RTLIL representation for module `\sky130_fd_sc_hd__a2111oi_4'.       
Generating RTLIL representation for module `\sky130_fd_sc_hd__a211o_1'.         
Generating RTLIL representation for module `\sky130_fd_sc_hd__a211o_2'.         
Generating RTLIL representation for module `\sky130_fd_sc_hd__a211o_4'.         
Generating RTLIL representation for module `\sky130_fd_sc_hd__a211oi_1'.        
Generating RTLIL representation for module `\sky130_fd_sc_hd__a211oi_2'.        
Generating RTLIL representation for module `\sky130_fd_sc_hd__a211oi_4'.        
Generating RTLIL representation for module `\sky130_fd_sc_hd__a21bo_1'.         
Generating RTLIL representation for module `\sky130_fd_sc_hd__a21bo_2'.         
Generating RTLIL representation for module `\sky130_fd_sc_hd__a21bo_4'.         
Generating RTLIL representation for module `\sky130_fd_sc_hd__a21boi_0'.        
Generating RTLIL representation for module `\sky130_fd_sc_hd__a21boi_1'.        
Generating RTLIL representation for module `\sky130_fd_sc_hd__a21boi_2'.        
Generating RTLIL representation for module `\sky130_fd_sc_hd__a21boi_4'.        
Generating RTLIL representation for module `\sky130_fd_sc_hd__a21o_1'.          
Generating RTLIL representation for module `\sky130_fd_sc_hd__a21o_2'.          
Generating RTLIL representation for module `\sky130_fd_sc_hd__a21o_4'.          
Generating RTLIL representation for module `\sky130_fd_sc_hd__a21oi_1'.         
Generating RTLIL representation for module `\sky130_fd_sc_hd__a21oi_2'.         
Generating RTLIL representation for module `\sky130_fd_sc_hd__a21oi_4'.         
Generating RTLIL representation for module `\sky130_fd_sc_hd__a221o_1'.         
Generating RTLIL representation for module `\sky130_fd_sc_hd__a221o_2'.         
Generating RTLIL representation for module `\sky130_fd_sc_hd__a221o_4'.         
Generating RTLIL representation for module `\sky130_fd_sc_hd__a221oi_1'.        
Generating RTLIL representation for module `\sky130_fd_sc_hd__a221oi_2'.        
Generating RTLIL representation for module `\sky130_fd_sc_hd__a221oi_4'.        
Generating RTLIL representation for module `\sky130_fd_sc_hd__a222oi_1'.        
Generating RTLIL representation for module `\sky130_fd_sc_hd__a22o_1'.          
Generating RTLIL representation for module `\sky130_fd_sc_hd__a22o_2'.          
Generating RTLIL representation for module `\sky130_fd_sc_hd__a22o_4'.          
Generating RTLIL representation for module `\sky130_fd_sc_hd__a22oi_1'.         
Generating RTLIL representation for module `\sky130_fd_sc_hd__a22oi_2'.         
Generating RTLIL representation for module `\sky130_fd_sc_hd__a22oi_4'.         
Generating RTLIL representation for module `\sky130_fd_sc_hd__a2bb2o_1'.        
Generating RTLIL representation for module `\sky130_fd_sc_hd__a2bb2o_2'.        
Generating RTLIL representation for module `\sky130_fd_sc_hd__a2bb2o_4'.        
Generating RTLIL representation for module `\sky130_fd_sc_hd__a2bb2oi_1'.       
Generating RTLIL representation for module `\sky130_fd_sc_hd__a2bb2oi_2'.       
Generating RTLIL representation for module `\sky130_fd_sc_hd__a2bb2oi_4'.       
Generating RTLIL representation for module `\sky130_fd_sc_hd__a311o_1'.         
Generating RTLIL representation for module `\sky130_fd_sc_hd__a311o_2'.         
Generating RTLIL representation for module `\sky130_fd_sc_hd__a311o_4'.         
Generating RTLIL representation for module `\sky130_fd_sc_hd__a311oi_1'.        
Generating RTLIL representation for module `\sky130_fd_sc_hd__a311oi_2'.        
Generating RTLIL representation for module `\sky130_fd_sc_hd__a311oi_4'.        
Generating RTLIL representation for module `\sky130_fd_sc_hd__a31o_1'.          
Generating RTLIL representation for module `\sky130_fd_sc_hd__a31o_2'.          
Generating RTLIL representation for module `\sky130_fd_sc_hd__a31o_4'.          
Generating RTLIL representation for module `\sky130_fd_sc_hd__a31oi_1'.         
Generating RTLIL representation for module `\sky130_fd_sc_hd__a31oi_2'.         
Generating RTLIL representation for module `\sky130_fd_sc_hd__a31oi_4'.         
Generating RTLIL representation for module `\sky130_fd_sc_hd__a32o_1'.          
Generating RTLIL representation for module `\sky130_fd_sc_hd__a32o_2'.          
Generating RTLIL representation for module `\sky130_fd_sc_hd__a32o_4'.          
Generating RTLIL representation for module `\sky130_fd_sc_hd__a32oi_1'.         
Generating RTLIL representation for module `\sky130_fd_sc_hd__a32oi_2'.         
Generating RTLIL representation for module `\sky130_fd_sc_hd__a32oi_4'.         
Generating RTLIL representation for module `\sky130_fd_sc_hd__a41o_1'.          
Generating RTLIL representation for module `\sky130_fd_sc_hd__a41o_2'.          
Generating RTLIL representation for module `\sky130_fd_sc_hd__a41o_4'.          
Generating RTLIL representation for module `\sky130_fd_sc_hd__a41oi_1'.         
Generating RTLIL representation for module `\sky130_fd_sc_hd__a41oi_2'.         
Generating RTLIL representation for module `\sky130_fd_sc_hd__a41oi_4'.         
Generating RTLIL representation for module `\sky130_fd_sc_hd__and2_0'.          
Generating RTLIL representation for module `\sky130_fd_sc_hd__and2_1'.          
Generating RTLIL representation for module `\sky130_fd_sc_hd__and2_2'.          
Generating RTLIL representation for module `\sky130_fd_sc_hd__and2_4'.          
Generating RTLIL representation for module `\sky130_fd_sc_hd__and2b_1'.         
Generating RTLIL representation for module `\sky130_fd_sc_hd__and2b_2'.         
Generating RTLIL representation for module `\sky130_fd_sc_hd__and2b_4'.         
Generating RTLIL representation for module `\sky130_fd_sc_hd__and3_1'.          
Generating RTLIL representation for module `\sky130_fd_sc_hd__and3_2'.          
Generating RTLIL representation for module `\sky130_fd_sc_hd__and3_4'.          
Generating RTLIL representation for module `\sky130_fd_sc_hd__and3b_1'.         
Generating RTLIL representation for module `\sky130_fd_sc_hd__and3b_2'.         
Generating RTLIL representation for module `\sky130_fd_sc_hd__and3b_4'.         
Generating RTLIL representation for module `\sky130_fd_sc_hd__and4_1'.          
Generating RTLIL representation for module `\sky130_fd_sc_hd__and4_2'.          
Generating RTLIL representation for module `\sky130_fd_sc_hd__and4_4'.          
Generating RTLIL representation for module `\sky130_fd_sc_hd__and4b_1'.         
Generating RTLIL representation for module `\sky130_fd_sc_hd__and4b_2'.         
Generating RTLIL representation for module `\sky130_fd_sc_hd__and4b_4'.         
Generating RTLIL representation for module `\sky130_fd_sc_hd__and4bb_1'.        
Generating RTLIL representation for module `\sky130_fd_sc_hd__and4bb_2'.        
Generating RTLIL representation for module `\sky130_fd_sc_hd__and4bb_4'.        
Generating RTLIL representation for module `\sky130_fd_sc_hd__buf_1'.           
Generating RTLIL representation for module `\sky130_fd_sc_hd__buf_12'.          
Generating RTLIL representation for module `\sky130_fd_sc_hd__buf_16'.          
Generating RTLIL representation for module `\sky130_fd_sc_hd__buf_2'.           
Generating RTLIL representation for module `\sky130_fd_sc_hd__buf_4'.           
Generating RTLIL representation for module `\sky130_fd_sc_hd__buf_6'.           
Generating RTLIL representation for module `\sky130_fd_sc_hd__buf_8'.           
Generating RTLIL representation for module `\sky130_fd_sc_hd__bufbuf_16'.       
Generating RTLIL representation for module `\sky130_fd_sc_hd__bufbuf_8'.        
Generating RTLIL representation for module `\sky130_fd_sc_hd__bufinv_16'.       
Generating RTLIL representation for module `\sky130_fd_sc_hd__bufinv_8'.        
Generating RTLIL representation for module `\sky130_fd_sc_hd__clkbuf_1'.        
Generating RTLIL representation for module `\sky130_fd_sc_hd__clkbuf_16'.       
Generating RTLIL representation for module `\sky130_fd_sc_hd__clkbuf_2'.        
Generating RTLIL representation for module `\sky130_fd_sc_hd__clkbuf_4'.        
Generating RTLIL representation for module `\sky130_fd_sc_hd__clkbuf_8'.        
Generating RTLIL representation for module `\sky130_fd_sc_hd__clkdlybuf4s15_1'. 
Generating RTLIL representation for module `\sky130_fd_sc_hd__clkdlybuf4s15_2'. 
Generating RTLIL representation for module `\sky130_fd_sc_hd__clkdlybuf4s18_1'. 
Generating RTLIL representation for module `\sky130_fd_sc_hd__clkdlybuf4s18_2'. 
Generating RTLIL representation for module `\sky130_fd_sc_hd__clkdlybuf4s25_1'. 
Generating RTLIL representation for module `\sky130_fd_sc_hd__clkdlybuf4s25_2'. 
Generating RTLIL representation for module `\sky130_fd_sc_hd__clkdlybuf4s50_1'. 
Generating RTLIL representation for module `\sky130_fd_sc_hd__clkdlybuf4s50_2'. 
Generating RTLIL representation for module `\sky130_fd_sc_hd__clkinv_1'.        
Generating RTLIL representation for module `\sky130_fd_sc_hd__clkinv_16'.       
Generating RTLIL representation for module `\sky130_fd_sc_hd__clkinv_2'.        
Generating RTLIL representation for module `\sky130_fd_sc_hd__clkinv_4'.        
Generating RTLIL representation for module `\sky130_fd_sc_hd__clkinv_8'.        
Generating RTLIL representation for module `\sky130_fd_sc_hd__clkinvlp_2'.      
Generating RTLIL representation for module `\sky130_fd_sc_hd__clkinvlp_4'.      
Generating RTLIL representation for module `\sky130_fd_sc_hd__conb_1'.          
Generating RTLIL representation for module `\sky130_fd_sc_hd__decap_12'.        
Generating RTLIL representation for module `\sky130_fd_sc_hd__decap_3'.         
Generating RTLIL representation for module `\sky130_fd_sc_hd__decap_4'.         
Generating RTLIL representation for module `\sky130_fd_sc_hd__decap_6'.         
Generating RTLIL representation for module `\sky130_fd_sc_hd__decap_8'.         
Generating RTLIL representation for module `\sky130_fd_sc_hd__dfbbn_1'.         
Generating RTLIL representation for module `\sky130_fd_sc_hd__dfbbn_2'.         
Generating RTLIL representation for module `\sky130_fd_sc_hd__dfbbp_1'.         
Generating RTLIL representation for module `\sky130_fd_sc_hd__dfrbp_1'.         
Generating RTLIL representation for module `\sky130_fd_sc_hd__dfrbp_2'.         
Generating RTLIL representation for module `\sky130_fd_sc_hd__dfrtn_1'.         
Generating RTLIL representation for module `\sky130_fd_sc_hd__dfrtp_1'.         
Generating RTLIL representation for module `\sky130_fd_sc_hd__dfrtp_2'.         
Generating RTLIL representation for module `\sky130_fd_sc_hd__dfrtp_4'.         
Generating RTLIL representation for module `\sky130_fd_sc_hd__dfsbp_1'.         
Generating RTLIL representation for module `\sky130_fd_sc_hd__dfsbp_2'.         
Generating RTLIL representation for module `\sky130_fd_sc_hd__dfstp_1'.         
Generating RTLIL representation for module `\sky130_fd_sc_hd__dfstp_2'.         
Generating RTLIL representation for module `\sky130_fd_sc_hd__dfstp_4'.         
Generating RTLIL representation for module `\sky130_fd_sc_hd__dfxbp_1'.         
Generating RTLIL representation for module `\sky130_fd_sc_hd__dfxbp_2'.         
Generating RTLIL representation for module `\sky130_fd_sc_hd__dfxtp_1'.         
Generating RTLIL representation for module `\sky130_fd_sc_hd__dfxtp_2'.         
Generating RTLIL representation for module `\sky130_fd_sc_hd__dfxtp_4'.         
Generating RTLIL representation for module `\sky130_fd_sc_hd__diode_2'.         
Generating RTLIL representation for module `\sky130_fd_sc_hd__dlclkp_1'.        
Generating RTLIL representation for module `\sky130_fd_sc_hd__dlclkp_2'.        
Generating RTLIL representation for module `\sky130_fd_sc_hd__dlclkp_4'.        
Generating RTLIL representation for module `\sky130_fd_sc_hd__dlrbn_1'.         
Generating RTLIL representation for module `\sky130_fd_sc_hd__dlrbn_2'.         
Generating RTLIL representation for module `\sky130_fd_sc_hd__dlrbp_1'.         
Generating RTLIL representation for module `\sky130_fd_sc_hd__dlrbp_2'.         
Generating RTLIL representation for module `\sky130_fd_sc_hd__dlrtn_1'.         
Generating RTLIL representation for module `\sky130_fd_sc_hd__dlrtn_2'.         
Generating RTLIL representation for module `\sky130_fd_sc_hd__dlrtn_4'.         
Generating RTLIL representation for module `\sky130_fd_sc_hd__dlrtp_1'.         
Generating RTLIL representation for module `\sky130_fd_sc_hd__dlrtp_2'.         
Generating RTLIL representation for module `\sky130_fd_sc_hd__dlrtp_4'.         
Generating RTLIL representation for module `\sky130_fd_sc_hd__dlxbn_1'.         
Generating RTLIL representation for module `\sky130_fd_sc_hd__dlxbn_2'.         
Generating RTLIL representation for module `\sky130_fd_sc_hd__dlxbp_1'.         
Generating RTLIL representation for module `\sky130_fd_sc_hd__dlxtn_1'.         
Generating RTLIL representation for module `\sky130_fd_sc_hd__dlxtn_2'.         
Generating RTLIL representation for module `\sky130_fd_sc_hd__dlxtn_4'.         
Generating RTLIL representation for module `\sky130_fd_sc_hd__dlxtp_1'.         
Generating RTLIL representation for module `\sky130_fd_sc_hd__dlygate4sd1_1'.   
Generating RTLIL representation for module `\sky130_fd_sc_hd__dlygate4sd2_1'.   
Generating RTLIL representation for module `\sky130_fd_sc_hd__dlygate4sd3_1'.   
Generating RTLIL representation for module `\sky130_fd_sc_hd__dlymetal6s2s_1'.  
Generating RTLIL representation for module `\sky130_fd_sc_hd__dlymetal6s4s_1'.  
Generating RTLIL representation for module `\sky130_fd_sc_hd__dlymetal6s6s_1'.  
Generating RTLIL representation for module `\sky130_fd_sc_hd__ebufn_1'.         
Generating RTLIL representation for module `\sky130_fd_sc_hd__ebufn_2'.         
Generating RTLIL representation for module `\sky130_fd_sc_hd__ebufn_4'.         
Generating RTLIL representation for module `\sky130_fd_sc_hd__ebufn_8'.         
Generating RTLIL representation for module `\sky130_fd_sc_hd__edfxbp_1'.        
Generating RTLIL representation for module `\sky130_fd_sc_hd__edfxtp_1'.        
Generating RTLIL representation for module `\sky130_fd_sc_hd__einvn_0'.         
Generating RTLIL representation for module `\sky130_fd_sc_hd__einvn_1'.         
Generating RTLIL representation for module `\sky130_fd_sc_hd__einvn_2'.         
Generating RTLIL representation for module `\sky130_fd_sc_hd__einvn_4'.         
Generating RTLIL representation for module `\sky130_fd_sc_hd__einvn_8'.         
Generating RTLIL representation for module `\sky130_fd_sc_hd__einvp_1'.         
Generating RTLIL representation for module `\sky130_fd_sc_hd__einvp_2'.         
Generating RTLIL representation for module `\sky130_fd_sc_hd__einvp_4'.         
Generating RTLIL representation for module `\sky130_fd_sc_hd__einvp_8'.         
Generating RTLIL representation for module `\sky130_fd_sc_hd__fa_1'.            
Generating RTLIL representation for module `\sky130_fd_sc_hd__fa_2'.            
Generating RTLIL representation for module `\sky130_fd_sc_hd__fa_4'.            
Generating RTLIL representation for module `\sky130_fd_sc_hd__fah_1'.           
Generating RTLIL representation for module `\sky130_fd_sc_hd__fahcin_1'.        
Generating RTLIL representation for module `\sky130_fd_sc_hd__fahcon_1'.        
Generating RTLIL representation for module `\sky130_fd_sc_hd__fill_1'.          
Generating RTLIL representation for module `\sky130_fd_sc_hd__fill_2'.          
Generating RTLIL representation for module `\sky130_fd_sc_hd__fill_4'.          
Generating RTLIL representation for module `\sky130_fd_sc_hd__fill_8'.          
Generating RTLIL representation for module `\sky130_fd_sc_hd__ha_1'.            
Generating RTLIL representation for module `\sky130_fd_sc_hd__ha_2'.            
Generating RTLIL representation for module `\sky130_fd_sc_hd__ha_4'.            
Generating RTLIL representation for module `\sky130_fd_sc_hd__inv_1'.           
Generating RTLIL representation for module `\sky130_fd_sc_hd__inv_12'.          
Generating RTLIL representation for module `\sky130_fd_sc_hd__inv_16'.          
Generating RTLIL representation for module `\sky130_fd_sc_hd__inv_2'.           
Generating RTLIL representation for module `\sky130_fd_sc_hd__inv_4'.           
Generating RTLIL representation for module `\sky130_fd_sc_hd__inv_6'.           
Generating RTLIL representation for module `\sky130_fd_sc_hd__inv_8'.           
Generating RTLIL representation for module `\sky130_fd_sc_hd__lpflow_bleeder_1'.
Generating RTLIL representation for module                                      
`\sky130_fd_sc_hd__lpflow_clkbufkapwr_1'.                                       
Generating RTLIL representation for module                                      
`\sky130_fd_sc_hd__lpflow_clkbufkapwr_16'.                                      
Generating RTLIL representation for module                                      
`\sky130_fd_sc_hd__lpflow_clkbufkapwr_2'.                                       
Generating RTLIL representation for module                                      
`\sky130_fd_sc_hd__lpflow_clkbufkapwr_4'.                                       
Generating RTLIL representation for module                                      
`\sky130_fd_sc_hd__lpflow_clkbufkapwr_8'.                                       
Generating RTLIL representation for module                                      
`\sky130_fd_sc_hd__lpflow_clkinvkapwr_1'.                                       
Generating RTLIL representation for module                                      
`\sky130_fd_sc_hd__lpflow_clkinvkapwr_16'.                                      
Generating RTLIL representation for module                                      
`\sky130_fd_sc_hd__lpflow_clkinvkapwr_2'.                                       
Generating RTLIL representation for module                                      
`\sky130_fd_sc_hd__lpflow_clkinvkapwr_4'.                                       
Generating RTLIL representation for module                                      
`\sky130_fd_sc_hd__lpflow_clkinvkapwr_8'.                                       
Generating RTLIL representation for module                                      
`\sky130_fd_sc_hd__lpflow_decapkapwr_12'.                                       
Generating RTLIL representation for module                                      
`\sky130_fd_sc_hd__lpflow_decapkapwr_3'.                                        
Generating RTLIL representation for module                                      
`\sky130_fd_sc_hd__lpflow_decapkapwr_4'.                                        
Generating RTLIL representation for module                                      
`\sky130_fd_sc_hd__lpflow_decapkapwr_6'.                                        
Generating RTLIL representation for module                                      
`\sky130_fd_sc_hd__lpflow_decapkapwr_8'.                                        
Generating RTLIL representation for module                                      
`\sky130_fd_sc_hd__lpflow_inputiso0n_1'.                                        
Generating RTLIL representation for module                                      
`\sky130_fd_sc_hd__lpflow_inputiso0p_1'.                                        
Generating RTLIL representation for module                                      
`\sky130_fd_sc_hd__lpflow_inputiso1n_1'.                                        
Generating RTLIL representation for module                                      
`\sky130_fd_sc_hd__lpflow_inputiso1p_1'.                                        
Generating RTLIL representation for module                                      
`\sky130_fd_sc_hd__lpflow_inputisolatch_1'.                                     
Generating RTLIL representation for module                                      
`\sky130_fd_sc_hd__lpflow_isobufsrc_1'.                                         
Generating RTLIL representation for module                                      
`\sky130_fd_sc_hd__lpflow_isobufsrc_16'.                                        
Generating RTLIL representation for module                                      
`\sky130_fd_sc_hd__lpflow_isobufsrc_2'.                                         
Generating RTLIL representation for module                                      
`\sky130_fd_sc_hd__lpflow_isobufsrc_4'.                                         
Generating RTLIL representation for module                                      
`\sky130_fd_sc_hd__lpflow_isobufsrc_8'.                                         
Generating RTLIL representation for module                                      
`\sky130_fd_sc_hd__lpflow_isobufsrckapwr_16'.                                   
Generating RTLIL representation for module                                      
`\sky130_fd_sc_hd__lpflow_lsbuf_lh_hl_isowell_tap_1'.                           
Generating RTLIL representation for module                                      
`\sky130_fd_sc_hd__lpflow_lsbuf_lh_hl_isowell_tap_2'.                           
Generating RTLIL representation for module                                      
`\sky130_fd_sc_hd__lpflow_lsbuf_lh_hl_isowell_tap_4'.                           
Generating RTLIL representation for module                                      
`\sky130_fd_sc_hd__lpflow_lsbuf_lh_isowell_4'.                                  
Generating RTLIL representation for module                                      
`\sky130_fd_sc_hd__lpflow_lsbuf_lh_isowell_tap_1'.                              
Generating RTLIL representation for module                                      
`\sky130_fd_sc_hd__lpflow_lsbuf_lh_isowell_tap_2'.                              
Generating RTLIL representation for module                                      
`\sky130_fd_sc_hd__lpflow_lsbuf_lh_isowell_tap_4'.                              
Generating RTLIL representation for module `\sky130_fd_sc_hd__macro_sparecell'. 
Generating RTLIL representation for module `\sky130_fd_sc_hd__maj3_1'.          
Generating RTLIL representation for module `\sky130_fd_sc_hd__maj3_2'.          
Generating RTLIL representation for module `\sky130_fd_sc_hd__maj3_4'.          
Generating RTLIL representation for module `\sky130_fd_sc_hd__mux2_1'.          
Generating RTLIL representation for module `\sky130_fd_sc_hd__mux2_2'.          
Generating RTLIL representation for module `\sky130_fd_sc_hd__mux2_4'.          
Generating RTLIL representation for module `\sky130_fd_sc_hd__mux2_8'.          
Generating RTLIL representation for module `\sky130_fd_sc_hd__mux2i_1'.         
Generating RTLIL representation for module `\sky130_fd_sc_hd__mux2i_2'.         
Generating RTLIL representation for module `\sky130_fd_sc_hd__mux2i_4'.         
Generating RTLIL representation for module `\sky130_fd_sc_hd__mux4_1'.          
Generating RTLIL representation for module `\sky130_fd_sc_hd__mux4_2'.          
Generating RTLIL representation for module `\sky130_fd_sc_hd__mux4_4'.          
Generating RTLIL representation for module `\sky130_fd_sc_hd__nand2_1'.         
Generating RTLIL representation for module `\sky130_fd_sc_hd__nand2_2'.         
Generating RTLIL representation for module `\sky130_fd_sc_hd__nand2_4'.         
Generating RTLIL representation for module `\sky130_fd_sc_hd__nand2_8'.         
Generating RTLIL representation for module `\sky130_fd_sc_hd__nand2b_1'.        
Generating RTLIL representation for module `\sky130_fd_sc_hd__nand2b_2'.        
Generating RTLIL representation for module `\sky130_fd_sc_hd__nand2b_4'.        
Generating RTLIL representation for module `\sky130_fd_sc_hd__nand3_1'.         
Generating RTLIL representation for module `\sky130_fd_sc_hd__nand3_2'.         
Generating RTLIL representation for module `\sky130_fd_sc_hd__nand3_4'.         
Generating RTLIL representation for module `\sky130_fd_sc_hd__nand3b_1'.        
Generating RTLIL representation for module `\sky130_fd_sc_hd__nand3b_2'.        
Generating RTLIL representation for module `\sky130_fd_sc_hd__nand3b_4'.        
Generating RTLIL representation for module `\sky130_fd_sc_hd__nand4_1'.         
Generating RTLIL representation for module `\sky130_fd_sc_hd__nand4_2'.         
Generating RTLIL representation for module `\sky130_fd_sc_hd__nand4_4'.         
Generating RTLIL representation for module `\sky130_fd_sc_hd__nand4b_1'.        
Generating RTLIL representation for module `\sky130_fd_sc_hd__nand4b_2'.        
Generating RTLIL representation for module `\sky130_fd_sc_hd__nand4b_4'.        
Generating RTLIL representation for module `\sky130_fd_sc_hd__nand4bb_1'.       
Generating RTLIL representation for module `\sky130_fd_sc_hd__nand4bb_2'.       
Generating RTLIL representation for module `\sky130_fd_sc_hd__nand4bb_4'.       
Generating RTLIL representation for module `\sky130_fd_sc_hd__nor2_1'.          
Generating RTLIL representation for module `\sky130_fd_sc_hd__nor2_2'.          
Generating RTLIL representation for module `\sky130_fd_sc_hd__nor2_4'.          
Generating RTLIL representation for module `\sky130_fd_sc_hd__nor2_8'.          
Generating RTLIL representation for module `\sky130_fd_sc_hd__nor2b_1'.         
Generating RTLIL representation for module `\sky130_fd_sc_hd__nor2b_2'.         
Generating RTLIL representation for module `\sky130_fd_sc_hd__nor2b_4'.         
Generating RTLIL representation for module `\sky130_fd_sc_hd__nor3_1'.          
Generating RTLIL representation for module `\sky130_fd_sc_hd__nor3_2'.          
Generating RTLIL representation for module `\sky130_fd_sc_hd__nor3_4'.          
Generating RTLIL representation for module `\sky130_fd_sc_hd__nor3b_1'.         
Generating RTLIL representation for module `\sky130_fd_sc_hd__nor3b_2'.         
Generating RTLIL representation for module `\sky130_fd_sc_hd__nor3b_4'.         
Generating RTLIL representation for module `\sky130_fd_sc_hd__nor4_1'.          
Generating RTLIL representation for module `\sky130_fd_sc_hd__nor4_2'.          
Generating RTLIL representation for module `\sky130_fd_sc_hd__nor4_4'.          
Generating RTLIL representation for module `\sky130_fd_sc_hd__nor4b_1'.         
Generating RTLIL representation for module `\sky130_fd_sc_hd__nor4b_2'.         
Generating RTLIL representation for module `\sky130_fd_sc_hd__nor4b_4'.         
Generating RTLIL representation for module `\sky130_fd_sc_hd__nor4bb_1'.        
Generating RTLIL representation for module `\sky130_fd_sc_hd__nor4bb_2'.        
Generating RTLIL representation for module `\sky130_fd_sc_hd__nor4bb_4'.        
Generating RTLIL representation for module `\sky130_fd_sc_hd__o2111a_1'.        
Generating RTLIL representation for module `\sky130_fd_sc_hd__o2111a_2'.        
Generating RTLIL representation for module `\sky130_fd_sc_hd__o2111a_4'.        
Generating RTLIL representation for module `\sky130_fd_sc_hd__o2111ai_1'.       
Generating RTLIL representation for module `\sky130_fd_sc_hd__o2111ai_2'.       
Generating RTLIL representation for module `\sky130_fd_sc_hd__o2111ai_4'.       
Generating RTLIL representation for module `\sky130_fd_sc_hd__o211a_1'.         
Generating RTLIL representation for module `\sky130_fd_sc_hd__o211a_2'.         
Generating RTLIL representation for module `\sky130_fd_sc_hd__o211a_4'.         
Generating RTLIL representation for module `\sky130_fd_sc_hd__o211ai_1'.        
Generating RTLIL representation for module `\sky130_fd_sc_hd__o211ai_2'.        
Generating RTLIL representation for module `\sky130_fd_sc_hd__o211ai_4'.        
Generating RTLIL representation for module `\sky130_fd_sc_hd__o21a_1'.          
Generating RTLIL representation for module `\sky130_fd_sc_hd__o21a_2'.          
Generating RTLIL representation for module `\sky130_fd_sc_hd__o21a_4'.          
Generating RTLIL representation for module `\sky130_fd_sc_hd__o21ai_0'.         
Generating RTLIL representation for module `\sky130_fd_sc_hd__o21ai_1'.         
Generating RTLIL representation for module `\sky130_fd_sc_hd__o21ai_2'.         
Generating RTLIL representation for module `\sky130_fd_sc_hd__o21ai_4'.         
Generating RTLIL representation for module `\sky130_fd_sc_hd__o21ba_1'.         
Generating RTLIL representation for module `\sky130_fd_sc_hd__o21ba_2'.         
Generating RTLIL representation for module `\sky130_fd_sc_hd__o21ba_4'.         
Generating RTLIL representation for module `\sky130_fd_sc_hd__o21bai_1'.        
Generating RTLIL representation for module `\sky130_fd_sc_hd__o21bai_2'.        
Generating RTLIL representation for module `\sky130_fd_sc_hd__o21bai_4'.        
Generating RTLIL representation for module `\sky130_fd_sc_hd__o221a_1'.         
Generating RTLIL representation for module `\sky130_fd_sc_hd__o221a_2'.         
Generating RTLIL representation for module `\sky130_fd_sc_hd__o221a_4'.         
Generating RTLIL representation for module `\sky130_fd_sc_hd__o221ai_1'.        
Generating RTLIL representation for module `\sky130_fd_sc_hd__o221ai_2'.        
Generating RTLIL representation for module `\sky130_fd_sc_hd__o221ai_4'.        
Generating RTLIL representation for module `\sky130_fd_sc_hd__o22a_1'.          
Generating RTLIL representation for module `\sky130_fd_sc_hd__o22a_2'.          
Generating RTLIL representation for module `\sky130_fd_sc_hd__o22a_4'.          
Generating RTLIL representation for module `\sky130_fd_sc_hd__o22ai_1'.         
Generating RTLIL representation for module `\sky130_fd_sc_hd__o22ai_2'.         
Generating RTLIL representation for module `\sky130_fd_sc_hd__o22ai_4'.         
Generating RTLIL representation for module `\sky130_fd_sc_hd__o2bb2a_1'.        
Generating RTLIL representation for module `\sky130_fd_sc_hd__o2bb2a_2'.        
Generating RTLIL representation for module `\sky130_fd_sc_hd__o2bb2a_4'.        
Generating RTLIL representation for module `\sky130_fd_sc_hd__o2bb2ai_1'.       
Generating RTLIL representation for module `\sky130_fd_sc_hd__o2bb2ai_2'.       
Generating RTLIL representation for module `\sky130_fd_sc_hd__o2bb2ai_4'.       
Generating RTLIL representation for module `\sky130_fd_sc_hd__o311a_1'.         
Generating RTLIL representation for module `\sky130_fd_sc_hd__o311a_2'.         
Generating RTLIL representation for module `\sky130_fd_sc_hd__o311a_4'.         
Generating RTLIL representation for module `\sky130_fd_sc_hd__o311ai_0'.        
Generating RTLIL representation for module `\sky130_fd_sc_hd__o311ai_1'.        
Generating RTLIL representation for module `\sky130_fd_sc_hd__o311ai_2'.        
Generating RTLIL representation for module `\sky130_fd_sc_hd__o311ai_4'.        
Generating RTLIL representation for module `\sky130_fd_sc_hd__o31a_1'.          
Generating RTLIL representation for module `\sky130_fd_sc_hd__o31a_2'.          
Generating RTLIL representation for module `\sky130_fd_sc_hd__o31a_4'.          
Generating RTLIL representation for module `\sky130_fd_sc_hd__o31ai_1'.         
Generating RTLIL representation for module `\sky130_fd_sc_hd__o31ai_2'.         
Generating RTLIL representation for module `\sky130_fd_sc_hd__o31ai_4'.         
Generating RTLIL representation for module `\sky130_fd_sc_hd__o32a_1'.          
Generating RTLIL representation for module `\sky130_fd_sc_hd__o32a_2'.          
Generating RTLIL representation for module `\sky130_fd_sc_hd__o32a_4'.          
Generating RTLIL representation for module `\sky130_fd_sc_hd__o32ai_1'.         
Generating RTLIL representation for module `\sky130_fd_sc_hd__o32ai_2'.         
Generating RTLIL representation for module `\sky130_fd_sc_hd__o32ai_4'.         
Generating RTLIL representation for module `\sky130_fd_sc_hd__o41a_1'.          
Generating RTLIL representation for module `\sky130_fd_sc_hd__o41a_2'.          
Generating RTLIL representation for module `\sky130_fd_sc_hd__o41a_4'.          
Generating RTLIL representation for module `\sky130_fd_sc_hd__o41ai_1'.         
Generating RTLIL representation for module `\sky130_fd_sc_hd__o41ai_2'.         
Generating RTLIL representation for module `\sky130_fd_sc_hd__o41ai_4'.         
Generating RTLIL representation for module `\sky130_fd_sc_hd__or2_0'.           
Generating RTLIL representation for module `\sky130_fd_sc_hd__or2_1'.           
Generating RTLIL representation for module `\sky130_fd_sc_hd__or2_2'.           
Generating RTLIL representation for module `\sky130_fd_sc_hd__or2_4'.           
Generating RTLIL representation for module `\sky130_fd_sc_hd__or2b_1'.          
Generating RTLIL representation for module `\sky130_fd_sc_hd__or2b_2'.          
Generating RTLIL representation for module `\sky130_fd_sc_hd__or2b_4'.          
Generating RTLIL representation for module `\sky130_fd_sc_hd__or3_1'.           
Generating RTLIL representation for module `\sky130_fd_sc_hd__or3_2'.           
Generating RTLIL representation for module `\sky130_fd_sc_hd__or3_4'.           
Generating RTLIL representation for module `\sky130_fd_sc_hd__or3b_1'.          
Generating RTLIL representation for module `\sky130_fd_sc_hd__or3b_2'.          
Generating RTLIL representation for module `\sky130_fd_sc_hd__or3b_4'.          
Generating RTLIL representation for module `\sky130_fd_sc_hd__or4_1'.           
Generating RTLIL representation for module `\sky130_fd_sc_hd__or4_2'.           
Generating RTLIL representation for module `\sky130_fd_sc_hd__or4_4'.           
Generating RTLIL representation for module `\sky130_fd_sc_hd__or4b_1'.          
Generating RTLIL representation for module `\sky130_fd_sc_hd__or4b_2'.          
Generating RTLIL representation for module `\sky130_fd_sc_hd__or4b_4'.          
Generating RTLIL representation for module `\sky130_fd_sc_hd__or4bb_1'.         
Generating RTLIL representation for module `\sky130_fd_sc_hd__or4bb_2'.         
Generating RTLIL representation for module `\sky130_fd_sc_hd__or4bb_4'.         
Generating RTLIL representation for module `\sky130_fd_sc_hd__probe_p_8'.       
Generating RTLIL representation for module `\sky130_fd_sc_hd__probec_p_8'.      
Generating RTLIL representation for module `\sky130_fd_sc_hd__sdfbbn_1'.        
Generating RTLIL representation for module `\sky130_fd_sc_hd__sdfbbn_2'.        
Generating RTLIL representation for module `\sky130_fd_sc_hd__sdfbbp_1'.        
Generating RTLIL representation for module `\sky130_fd_sc_hd__sdfrbp_1'.        
Generating RTLIL representation for module `\sky130_fd_sc_hd__sdfrbp_2'.        
Generating RTLIL representation for module `\sky130_fd_sc_hd__sdfrtn_1'.        
Generating RTLIL representation for module `\sky130_fd_sc_hd__sdfrtp_1'.        
Generating RTLIL representation for module `\sky130_fd_sc_hd__sdfrtp_2'.        
Generating RTLIL representation for module `\sky130_fd_sc_hd__sdfrtp_4'.        
Generating RTLIL representation for module `\sky130_fd_sc_hd__sdfsbp_1'.        
Generating RTLIL representation for module `\sky130_fd_sc_hd__sdfsbp_2'.        
Generating RTLIL representation for module `\sky130_fd_sc_hd__sdfstp_1'.        
Generating RTLIL representation for module `\sky130_fd_sc_hd__sdfstp_2'.        
Generating RTLIL representation for module `\sky130_fd_sc_hd__sdfstp_4'.        
Generating RTLIL representation for module `\sky130_fd_sc_hd__sdfxbp_1'.        
Generating RTLIL representation for module `\sky130_fd_sc_hd__sdfxbp_2'.        
Generating RTLIL representation for module `\sky130_fd_sc_hd__sdfxtp_1'.        
Generating RTLIL representation for module `\sky130_fd_sc_hd__sdfxtp_2'.        
Generating RTLIL representation for module `\sky130_fd_sc_hd__sdfxtp_4'.        
Generating RTLIL representation for module `\sky130_fd_sc_hd__sdlclkp_1'.       
Generating RTLIL representation for module `\sky130_fd_sc_hd__sdlclkp_2'.       
Generating RTLIL representation for module `\sky130_fd_sc_hd__sdlclkp_4'.       
Generating RTLIL representation for module `\sky130_fd_sc_hd__sedfxbp_1'.       
Generating RTLIL representation for module `\sky130_fd_sc_hd__sedfxbp_2'.       
Generating RTLIL representation for module `\sky130_fd_sc_hd__sedfxtp_1'.       
Generating RTLIL representation for module `\sky130_fd_sc_hd__sedfxtp_2'.       
Generating RTLIL representation for module `\sky130_fd_sc_hd__sedfxtp_4'.       
Generating RTLIL representation for module `\sky130_fd_sc_hd__tap_1'.           
Generating RTLIL representation for module `\sky130_fd_sc_hd__tap_2'.           
Generating RTLIL representation for module `\sky130_fd_sc_hd__tapvgnd2_1'.      
Generating RTLIL representation for module `\sky130_fd_sc_hd__tapvgnd_1'.       
Generating RTLIL representation for module `\sky130_fd_sc_hd__tapvpwrvgnd_1'.   
Generating RTLIL representation for module `\sky130_fd_sc_hd__xnor2_1'.         
Generating RTLIL representation for module `\sky130_fd_sc_hd__xnor2_2'.         
Generating RTLIL representation for module `\sky130_fd_sc_hd__xnor2_4'.         
Generating RTLIL representation for module `\sky130_fd_sc_hd__xnor3_1'.         
Generating RTLIL representation for module `\sky130_fd_sc_hd__xnor3_2'.         
Generating RTLIL representation for module `\sky130_fd_sc_hd__xnor3_4'.         
Generating RTLIL representation for module `\sky130_fd_sc_hd__xor2_1'.          
Generating RTLIL representation for module `\sky130_fd_sc_hd__xor2_2'.          
Generating RTLIL representation for module `\sky130_fd_sc_hd__xor2_4'.          
Generating RTLIL representation for module `\sky130_fd_sc_hd__xor3_1'.          
Generating RTLIL representation for module `\sky130_fd_sc_hd__xor3_2'.          
Generating RTLIL representation for module `\sky130_fd_sc_hd__xor3_4'.          
Successfully finished Verilog frontend.                                         
                                                                                
2. Executing Verilog-2005 frontend:                                             
/home/runner/work/ASIC_101/ASIC_101/files/alu/rtl/adder8_csel.v                 
Parsing SystemVerilog input from                                                
`/home/runner/work/ASIC_101/ASIC_101/files/alu/rtl/adder8_csel.v' to AST        
representation.                                                                 
Storing AST representation for module `$abstract\rca4'.                         
Storing AST representation for module `$abstract\adder8'.                       
Successfully finished Verilog frontend.                                         
                                                                                
3. Executing Verilog-2005 frontend:                                             
/home/runner/work/ASIC_101/ASIC_101/files/alu/rtl/alu_core.v                    
Parsing SystemVerilog input from                                                
`/home/runner/work/ASIC_101/ASIC_101/files/alu/rtl/alu_core.v' to AST           
representation.                                                                 
Storing AST representation for module `$abstract\alu_core'.                     
Successfully finished Verilog frontend.                                         
                                                                                
4. Executing Verilog-2005 frontend:                                             
/home/runner/work/ASIC_101/ASIC_101/files/alu/rtl/alu_top.v                     
Parsing SystemVerilog input from                                                
`/home/runner/work/ASIC_101/ASIC_101/files/alu/rtl/alu_top.v' to AST            
representation.                                                                 
Storing AST representation for module `$abstract\alu_top'.                      
Successfully finished Verilog frontend.                                         
                                                                                
5. Executing HIERARCHY pass (managing design hierarchy).                        
                                                                                
6. Executing AST frontend in derive mode using pre-parsed AST for module        
`\alu_top'.                                                                     
Generating RTLIL representation for module `\alu_top'.                          
                                                                                
6.1. Analyzing design hierarchy..                                               
Top module:  \alu_top                                                           
                                                                                
6.2. Executing AST frontend in derive mode using pre-parsed AST for module      
`\alu_core'.                                                                    
Generating RTLIL representation for module `\alu_core'.                         
                                                                                
6.3. Analyzing design hierarchy..                                               
Top module:  \alu_top                                                           
Used module:     \alu_core                                                      
                                                                                
6.4. Executing AST frontend in derive mode using pre-parsed AST for module      
`\adder8'.                                                                      
Generating RTLIL representation for module `\adder8'.                           
                                                                                
6.5. Analyzing design hierarchy..                                               
Top module:  \alu_top                                                           
Used module:     \alu_core                                                      
Used module:         \adder8                                                    
                                                                                
6.6. Executing AST frontend in derive mode using pre-parsed AST for module      
`\rca4'.                                                                        
Generating RTLIL representation for module `\rca4'.                             
                                                                                
6.7. Analyzing design hierarchy..                                               
Top module:  \alu_top                                                           
Used module:     \alu_core                                                      
Used module:         \adder8                                                    
Used module:             \rca4                                                  
                                                                                
6.8. Analyzing design hierarchy..                                               
Top module:  \alu_top                                                           
Used module:     \alu_core                                                      
Used module:         \adder8                                                    
Used module:             \rca4                                                  
Removing unused module `$abstract\alu_top'.                                     
Removing unused module `$abstract\alu_core'.                                    
Removing unused module `$abstract\adder8'.                                      
Removing unused module `$abstract\rca4'.                                        
Removed 4 unused modules.                                                       
Renaming module alu_top to alu_top.                                             
                                                                                
7. Executing PROC pass (convert processes to netlists).                         
                                                                                
7.1. Executing PROC_CLEAN pass (remove empty switches from decision trees).     
Cleaned up 0 empty switches.                                                    
                                                                                
7.2. Executing PROC_RMDEAD pass (remove dead branches from decision trees).     
Marked 1 switch rules as full_case in process                                   
$proc$/home/runner/work/ASIC_101/ASIC_101/files/alu/rtl/alu_top.v:32$1 in module
alu_top.                                                                        
Marked 1 switch rules as full_case in process                                   
$proc$/home/runner/work/ASIC_101/ASIC_101/files/alu/rtl/alu_core.v:40$5 in      
module alu_core.                                                                
Removed a total of 0 dead cases.                                                
                                                                                
7.3. Executing PROC_PRUNE pass (remove redundant assignments in processes).     
Removed 8 redundant assignments.                                                
Promoted 5 assignments to connections.                                          
                                                                                
7.4. Executing PROC_INIT pass (extract init attributes).                        
                                                                                
7.5. Executing PROC_ARST pass (detect async resets in processes).               
                                                                                
7.6. Executing PROC_ROM pass (convert switches to ROMs).                        
Converted 0 switches.                                                           
<suppressed ~2 debug messages>                                                  
                                                                                
7.7. Executing PROC_MUX pass (convert decision trees to multiplexers).          
Creating decoders for process                                                   
`\alu_top.$proc$/home/runner/work/ASIC_101/ASIC_101/files/alu/rtl/alu_top.v:32$1
'.                                                                              
     1/8: $0\negative[0:0]                                                      
     2/8: $0\zero[0:0]                                                          
     3/8: $0\overflow[0:0]                                                      
     4/8: $0\carry[0:0]                                                         
     5/8: $0\y[7:0]                                                             
     6/8: $0\op_q[2:0]                                                          
     7/8: $0\b_q[7:0]                                                           
     8/8: $0\a_q[7:0]                                                           
Creating decoders for process                                                   
`\alu_core.$proc$/home/runner/work/ASIC_101/ASIC_101/files/alu/rtl/alu_core.v:40
$5'.                                                                            
     1/3: $1\overflow[0:0]                                                      
     2/3: $1\carry[0:0]                                                         
     3/3: $1\y[7:0]                                                             
                                                                                
7.8. Executing PROC_DLATCH pass (convert process syncs to latches).             
No latch inferred for signal `\alu_core.\y' from process                        
`\alu_core.$proc$/home/runner/work/ASIC_101/ASIC_101/files/alu/rtl/alu_core.v:40
$5'.                                                                            
No latch inferred for signal `\alu_core.\carry' from process                    
`\alu_core.$proc$/home/runner/work/ASIC_101/ASIC_101/files/alu/rtl/alu_core.v:40
$5'.                                                                            
No latch inferred for signal `\alu_core.\overflow' from process                 
`\alu_core.$proc$/home/runner/work/ASIC_101/ASIC_101/files/alu/rtl/alu_core.v:40
$5'.                                                                            
No latch inferred for signal `\alu_core.\zero' from process                     
`\alu_core.$proc$/home/runner/work/ASIC_101/ASIC_101/files/alu/rtl/alu_core.v:40
$5'.                                                                            
No latch inferred for signal `\alu_core.\negative' from process                 
`\alu_core.$proc$/home/runner/work/ASIC_101/ASIC_101/files/alu/rtl/alu_core.v:40
$5'.                                                                            
                                                                                
7.9. Executing PROC_DFF pass (convert process syncs to FFs).                    
Creating register for signal `\alu_top.\y' using process                        
`\alu_top.$proc$/home/runner/work/ASIC_101/ASIC_101/files/alu/rtl/alu_top.v:32$1
'.                                                                              
  created $dff cell `$procdff$99' with positive edge clock.                     
Creating register for signal `\alu_top.\carry' using process                    
`\alu_top.$proc$/home/runner/work/ASIC_101/ASIC_101/files/alu/rtl/alu_top.v:32$1
'.                                                                              
  created $dff cell `$procdff$100' with positive edge clock.                    
Creating register for signal `\alu_top.\overflow' using process                 
`\alu_top.$proc$/home/runner/work/ASIC_101/ASIC_101/files/alu/rtl/alu_top.v:32$1
'.                                                                              
  created $dff cell `$procdff$101' with positive edge clock.                    
Creating register for signal `\alu_top.\zero' using process                     
`\alu_top.$proc$/home/runner/work/ASIC_101/ASIC_101/files/alu/rtl/alu_top.v:32$1
'.                                                                              
  created $dff cell `$procdff$102' with positive edge clock.                    
Creating register for signal `\alu_top.\negative' using process                 
`\alu_top.$proc$/home/runner/work/ASIC_101/ASIC_101/files/alu/rtl/alu_top.v:32$1
'.                                                                              
  created $dff cell `$procdff$103' with positive edge clock.                    
Creating register for signal `\alu_top.\a_q' using process                      
`\alu_top.$proc$/home/runner/work/ASIC_101/ASIC_101/files/alu/rtl/alu_top.v:32$1
'.                                                                              
  created $dff cell `$procdff$104' with positive edge clock.                    
Creating register for signal `\alu_top.\b_q' using process                      
`\alu_top.$proc$/home/runner/work/ASIC_101/ASIC_101/files/alu/rtl/alu_top.v:32$1
'.                                                                              
  created $dff cell `$procdff$105' with positive edge clock.                    
Creating register for signal `\alu_top.\op_q' using process                     
`\alu_top.$proc$/home/runner/work/ASIC_101/ASIC_101/files/alu/rtl/alu_top.v:32$1
'.                                                                              
  created $dff cell `$procdff$106' with positive edge clock.                    
                                                                                
7.10. Executing PROC_MEMWR pass (convert process memory writes to cells).       
                                                                                
7.11. Executing PROC_CLEAN pass (remove empty switches from decision trees).    
Found and cleaned up 1 empty switch in                                          
`\alu_top.$proc$/home/runner/work/ASIC_101/ASIC_101/files/alu/rtl/alu_top.v:32$1
'.                                                                              
Removing empty process                                                          
`alu_top.$proc$/home/runner/work/ASIC_101/ASIC_101/files/alu/rtl/alu_top.v:32$1'
.                                                                               
Found and cleaned up 1 empty switch in                                          
`\alu_core.$proc$/home/runner/work/ASIC_101/ASIC_101/files/alu/rtl/alu_core.v:40
$5'.                                                                            
Removing empty process                                                          
`alu_core.$proc$/home/runner/work/ASIC_101/ASIC_101/files/alu/rtl/alu_core.v:40$
5'.                                                                             
Cleaned up 2 empty switches.                                                    
                                                                                
7.12. Executing OPT_EXPR pass (perform const folding).                          
Optimizing module alu_top.                                                      
<suppressed ~8 debug messages>                                                  
Optimizing module adder8.                                                       
Optimizing module alu_core.                                                     
<suppressed ~4 debug messages>                                                  
Optimizing module rca4.                                                         
                                                                                
8. Executing FLATTEN pass (flatten design).                                     
Deleting now unused module adder8.                                              
Deleting now unused module alu_core.                                            
Deleting now unused module rca4.                                                
<suppressed ~5 debug messages>                                                  
                                                                                
9. Executing OPT_CLEAN pass (remove unused cells and wires).                    
Finding unused cells or wires in module \alu_top..                              
Removed 6 unused cells and 87 unused wires.                                     
<suppressed ~37 debug messages>                                                 
────────────────────────────────── Synthesis ───────────────────────────────────
[21:08:19] VERBOSE  Running 'Yosys.Synthesis' at                    step.py:1138
                    'runs/csel-4ns/06-yosys-synthesis'…                         
[21:08:19] VERBOSE  Logging subprocess to                           step.py:1338
                    'runs/csel-4ns/06-yosys-synthesis/yosys-synthes             
                    is.log'…                                                    
                                                                                
 /----------------------------------------------------------------------------\ 
 |  yosys -- Yosys Open SYnthesis Suite                                       | 
 |  Copyright (C) 2012 - 2026  Claire Xenia Wolf <claire@yosyshq.com>         | 
 |  Distributed under an ISC-like license, type "license" to see terms        | 
 \----------------------------------------------------------------------------/ 
 Yosys 0.62 (git sha1 7326bb7d6641500ecb285c291a54a662cb1e76cf, clang++ 21.1.2  
-fPIC -O3)                                                                      
                                                                                
1. Executing Liberty frontend:                                                  
/home/runner/.ciel/ciel/sky130/versions/8afc8346a57fe1ab7934ba5a6056ea8b43078e71
/sky130A/libs.ref/sky130_fd_sc_hd/lib/sky130_fd_sc_hd__tt_025C_1v80.lib         
Imported 428 cell types from liberty file.                                      
[INFO] Using SDC file                                                           
'/home/runner/work/ASIC_101/ASIC_101/files/alu/pd/runs/csel-4ns/06-yosys-synthes
is/synthesis.abc.sdc' for ABC…                                                  
                                                                                
2. Executing Verilog-2005 frontend:                                             
/home/runner/work/ASIC_101/ASIC_101/files/alu/rtl/adder8_csel.v                 
Parsing SystemVerilog input from                                                
`/home/runner/work/ASIC_101/ASIC_101/files/alu/rtl/adder8_csel.v' to AST        
representation.                                                                 
Storing AST representation for module `$abstract\rca4'.                         
Storing AST representation for module `$abstract\adder8'.                       
Successfully finished Verilog frontend.                                         
                                                                                
3. Executing Verilog-2005 frontend:                                             
/home/runner/work/ASIC_101/ASIC_101/files/alu/rtl/alu_core.v                    
Parsing SystemVerilog input from                                                
`/home/runner/work/ASIC_101/ASIC_101/files/alu/rtl/alu_core.v' to AST           
representation.                                                                 
Storing AST representation for module `$abstract\alu_core'.                     
Successfully finished Verilog frontend.                                         
                                                                                
4. Executing Verilog-2005 frontend:                                             
/home/runner/work/ASIC_101/ASIC_101/files/alu/rtl/alu_top.v                     
Parsing SystemVerilog input from                                                
`/home/runner/work/ASIC_101/ASIC_101/files/alu/rtl/alu_top.v' to AST            
representation.                                                                 
Storing AST representation for module `$abstract\alu_top'.                      
Successfully finished Verilog frontend.                                         
                                                                                
5. Executing HIERARCHY pass (managing design hierarchy).                        
                                                                                
6. Executing AST frontend in derive mode using pre-parsed AST for module        
`\alu_top'.                                                                     
Generating RTLIL representation for module `\alu_top'.                          
                                                                                
6.1. Analyzing design hierarchy..                                               
Top module:  \alu_top                                                           
                                                                                
6.2. Executing AST frontend in derive mode using pre-parsed AST for module      
`\alu_core'.                                                                    
Generating RTLIL representation for module `\alu_core'.                         
                                                                                
6.3. Analyzing design hierarchy..                                               
Top module:  \alu_top                                                           
Used module:     \alu_core                                                      
                                                                                
6.4. Executing AST frontend in derive mode using pre-parsed AST for module      
`\adder8'.                                                                      
Generating RTLIL representation for module `\adder8'.                           
                                                                                
6.5. Analyzing design hierarchy..                                               
Top module:  \alu_top                                                           
Used module:     \alu_core                                                      
Used module:         \adder8                                                    
                                                                                
6.6. Executing AST frontend in derive mode using pre-parsed AST for module      
`\rca4'.                                                                        
Generating RTLIL representation for module `\rca4'.                             
                                                                                
6.7. Analyzing design hierarchy..                                               
Top module:  \alu_top                                                           
Used module:     \alu_core                                                      
Used module:         \adder8                                                    
Used module:             \rca4                                                  
                                                                                
6.8. Analyzing design hierarchy..                                               
Top module:  \alu_top                                                           
Used module:     \alu_core                                                      
Used module:         \adder8                                                    
Used module:             \rca4                                                  
Removing unused module `$abstract\alu_top'.                                     
Removing unused module `$abstract\alu_core'.                                    
Removing unused module `$abstract\adder8'.                                      
Removing unused module `$abstract\rca4'.                                        
Removed 4 unused modules.                                                       
Renaming module alu_top to alu_top.                                             
                                                                                
7. Executing ATTRMAP pass (move or copy attributes).                            
                                                                                
8. Executing TRIBUF pass.                                                       
                                                                                
9. Executing HIERARCHY pass (managing design hierarchy).                        
                                                                                
9.1. Analyzing design hierarchy..                                               
Top module:  \alu_top                                                           
Used module:     \alu_core                                                      
Used module:         \adder8                                                    
Used module:             \rca4                                                  
                                                                                
9.2. Analyzing design hierarchy..                                               
Top module:  \alu_top                                                           
Used module:     \alu_core                                                      
Used module:         \adder8                                                    
Used module:             \rca4                                                  
Removed 0 unused modules.                                                       
                                                                                
10. Executing PROC_CLEAN pass (remove empty switches from decision trees).      
Cleaned up 0 empty switches.                                                    
                                                                                
11. Executing PROC_RMDEAD pass (remove dead branches from decision trees).      
Marked 1 switch rules as full_case in process                                   
$proc$/home/runner/work/ASIC_101/ASIC_101/files/alu/rtl/alu_top.v:32$1 in module
alu_top.                                                                        
Marked 1 switch rules as full_case in process                                   
$proc$/home/runner/work/ASIC_101/ASIC_101/files/alu/rtl/alu_core.v:40$5 in      
module alu_core.                                                                
Removed a total of 0 dead cases.                                                
                                                                                
12. Executing PROC_PRUNE pass (remove redundant assignments in processes).      
Removed 8 redundant assignments.                                                
Promoted 5 assignments to connections.                                          
                                                                                
13. Executing PROC_INIT pass (extract init attributes).                         
                                                                                
14. Executing PROC_ARST pass (detect async resets in processes).                
                                                                                
15. Executing PROC_ROM pass (convert switches to ROMs).                         
Converted 0 switches.                                                           
<suppressed ~2 debug messages>                                                  
                                                                                
16. Executing PROC_MUX pass (convert decision trees to multiplexers).           
Creating decoders for process                                                   
`\alu_top.$proc$/home/runner/work/ASIC_101/ASIC_101/files/alu/rtl/alu_top.v:32$1
'.                                                                              
     1/8: $0\negative[0:0]                                                      
     2/8: $0\zero[0:0]                                                          
     3/8: $0\overflow[0:0]                                                      
     4/8: $0\carry[0:0]                                                         
     5/8: $0\y[7:0]                                                             
     6/8: $0\op_q[2:0]                                                          
     7/8: $0\b_q[7:0]                                                           
     8/8: $0\a_q[7:0]                                                           
Creating decoders for process                                                   
`\alu_core.$proc$/home/runner/work/ASIC_101/ASIC_101/files/alu/rtl/alu_core.v:40
$5'.                                                                            
     1/3: $1\overflow[0:0]                                                      
     2/3: $1\carry[0:0]                                                         
     3/3: $1\y[7:0]                                                             
                                                                                
17. Executing PROC_DLATCH pass (convert process syncs to latches).              
No latch inferred for signal `\alu_core.\y' from process                        
`\alu_core.$proc$/home/runner/work/ASIC_101/ASIC_101/files/alu/rtl/alu_core.v:40
$5'.                                                                            
No latch inferred for signal `\alu_core.\carry' from process                    
`\alu_core.$proc$/home/runner/work/ASIC_101/ASIC_101/files/alu/rtl/alu_core.v:40
$5'.                                                                            
No latch inferred for signal `\alu_core.\overflow' from process                 
`\alu_core.$proc$/home/runner/work/ASIC_101/ASIC_101/files/alu/rtl/alu_core.v:40
$5'.                                                                            
No latch inferred for signal `\alu_core.\zero' from process                     
`\alu_core.$proc$/home/runner/work/ASIC_101/ASIC_101/files/alu/rtl/alu_core.v:40
$5'.                                                                            
No latch inferred for signal `\alu_core.\negative' from process                 
`\alu_core.$proc$/home/runner/work/ASIC_101/ASIC_101/files/alu/rtl/alu_core.v:40
$5'.                                                                            
                                                                                
18. Executing PROC_DFF pass (convert process syncs to FFs).                     
Creating register for signal `\alu_top.\y' using process                        
`\alu_top.$proc$/home/runner/work/ASIC_101/ASIC_101/files/alu/rtl/alu_top.v:32$1
'.                                                                              
  created $dff cell `$procdff$99' with positive edge clock.                     
Creating register for signal `\alu_top.\carry' using process                    
`\alu_top.$proc$/home/runner/work/ASIC_101/ASIC_101/files/alu/rtl/alu_top.v:32$1
'.                                                                              
  created $dff cell `$procdff$100' with positive edge clock.                    
Creating register for signal `\alu_top.\overflow' using process                 
`\alu_top.$proc$/home/runner/work/ASIC_101/ASIC_101/files/alu/rtl/alu_top.v:32$1
'.                                                                              
  created $dff cell `$procdff$101' with positive edge clock.                    
Creating register for signal `\alu_top.\zero' using process                     
`\alu_top.$proc$/home/runner/work/ASIC_101/ASIC_101/files/alu/rtl/alu_top.v:32$1
'.                                                                              
  created $dff cell `$procdff$102' with positive edge clock.                    
Creating register for signal `\alu_top.\negative' using process                 
`\alu_top.$proc$/home/runner/work/ASIC_101/ASIC_101/files/alu/rtl/alu_top.v:32$1
'.                                                                              
  created $dff cell `$procdff$103' with positive edge clock.                    
Creating register for signal `\alu_top.\a_q' using process                      
`\alu_top.$proc$/home/runner/work/ASIC_101/ASIC_101/files/alu/rtl/alu_top.v:32$1
'.                                                                              
  created $dff cell `$procdff$104' with positive edge clock.                    
Creating register for signal `\alu_top.\b_q' using process                      
`\alu_top.$proc$/home/runner/work/ASIC_101/ASIC_101/files/alu/rtl/alu_top.v:32$1
'.                                                                              
  created $dff cell `$procdff$105' with positive edge clock.                    
Creating register for signal `\alu_top.\op_q' using process                     
`\alu_top.$proc$/home/runner/work/ASIC_101/ASIC_101/files/alu/rtl/alu_top.v:32$1
'.                                                                              
  created $dff cell `$procdff$106' with positive edge clock.                    
                                                                                
19. Executing PROC_MEMWR pass (convert process memory writes to cells).         
                                                                                
20. Executing PROC_CLEAN pass (remove empty switches from decision trees).      
Found and cleaned up 1 empty switch in                                          
`\alu_top.$proc$/home/runner/work/ASIC_101/ASIC_101/files/alu/rtl/alu_top.v:32$1
'.                                                                              
Removing empty process                                                          
`alu_top.$proc$/home/runner/work/ASIC_101/ASIC_101/files/alu/rtl/alu_top.v:32$1'
.                                                                               
Found and cleaned up 1 empty switch in                                          
`\alu_core.$proc$/home/runner/work/ASIC_101/ASIC_101/files/alu/rtl/alu_core.v:40
$5'.                                                                            
Removing empty process                                                          
`alu_core.$proc$/home/runner/work/ASIC_101/ASIC_101/files/alu/rtl/alu_core.v:40$
5'.                                                                             
Cleaned up 2 empty switches.                                                    
                                                                                
21. Executing CHECK pass (checking for obvious problems).                       
Checking module alu_top...                                                      
Checking module adder8...                                                       
Checking module alu_core...                                                     
Checking module rca4...                                                         
Found and reported 0 problems.                                                  
                                                                                
22. Executing OPT_EXPR pass (perform const folding).                            
Optimizing module alu_top.                                                      
<suppressed ~8 debug messages>                                                  
Optimizing module adder8.                                                       
Optimizing module alu_core.                                                     
<suppressed ~4 debug messages>                                                  
Optimizing module rca4.                                                         
                                                                                
23. Executing FLATTEN pass (flatten design).                                    
Deleting now unused module adder8.                                              
Deleting now unused module alu_core.                                            
Deleting now unused module rca4.                                                
<suppressed ~5 debug messages>                                                  
                                                                                
24. Executing OPT_EXPR pass (perform const folding).                            
Optimizing module alu_top.                                                      
<suppressed ~8 debug messages>                                                  
                                                                                
25. Executing OPT_CLEAN pass (remove unused cells and wires).                   
Finding unused cells or wires in module \alu_top..                              
Removed 1 unused cells and 65 unused wires.                                     
<suppressed ~2 debug messages>                                                  
                                                                                
26. Executing OPT_EXPR pass (perform const folding).                            
Optimizing module alu_top.                                                      
                                                                                
27. Executing OPT_MERGE pass (detect identical cells).                          
Finding identical cells in module `\alu_top'.                                   
Computing hashes of 128 cells of `\alu_top'.                                    
Finding duplicate cells in `\alu_top'.                                          
Computing hashes of 113 cells of `\alu_top'.                                    
Finding duplicate cells in `\alu_top'.                                          
<suppressed ~45 debug messages>                                                 
Removed a total of 15 cells.                                                    
                                                                                
28. Executing OPT_MUXTREE pass (detect dead branches in mux trees).             
Running muxtree optimizer on module \alu_top..                                  
  Creating internal representation of mux trees.                                
  Evaluating internal representation of mux trees.                              
  Analyzing evaluation results.                                                 
Removed 0 multiplexer ports.                                                    
<suppressed ~24 debug messages>                                                 
                                                                                
29. Executing OPT_REDUCE pass (consolidate $*mux and $reduce_* inputs).         
  Optimizing cells in module \alu_top.                                          
    New ctrl vector for $pmux cell $flatten\u_core.$procmux$91: {               
$auto$opt_reduce.cc:137:opt_pmux$115 $flatten\u_core.$procmux$96_CMP            
$flatten\u_core.$procmux$95_CMP $flatten\u_core.$procmux$94_CMP                 
$flatten\u_core.$procmux$93_CMP $flatten\u_core.$procmux$92_CMP }               
    New ctrl vector for $pmux cell $flatten\u_core.$procmux$87:                 
$auto$opt_reduce.cc:137:opt_pmux$117                                            
  Optimizing cells in module \alu_top.                                          
Performed a total of 2 changes.                                                 
                                                                                
30. Executing OPT_MERGE pass (detect identical cells).                          
Finding identical cells in module `\alu_top'.                                   
Computing hashes of 115 cells of `\alu_top'.                                    
Finding duplicate cells in `\alu_top'.                                          
Computing hashes of 114 cells of `\alu_top'.                                    
Finding duplicate cells in `\alu_top'.                                          
<suppressed ~3 debug messages>                                                  
Removed a total of 1 cells.                                                     
                                                                                
31. Executing OPT_DFF pass (perform DFF optimizations).                         
                                                                                
32. Executing OPT_CLEAN pass (remove unused cells and wires).                   
Finding unused cells or wires in module \alu_top..                              
Removed 0 unused cells and 16 unused wires.                                     
<suppressed ~1 debug messages>                                                  
                                                                                
33. Executing OPT_EXPR pass (perform const folding).                            
Optimizing module alu_top.                                                      
                                                                                
34. Rerunning OPT passes. (Maybe there is more to do…)                          
                                                                                
35. Executing OPT_MUXTREE pass (detect dead branches in mux trees).             
Running muxtree optimizer on module \alu_top..                                  
  Creating internal representation of mux trees.                                
  Evaluating internal representation of mux trees.                              
  Analyzing evaluation results.                                                 
Removed 0 multiplexer ports.                                                    
<suppressed ~23 debug messages>                                                 
                                                                                
36. Executing OPT_REDUCE pass (consolidate $*mux and $reduce_* inputs).         
  Optimizing cells in module \alu_top.                                          
Performed a total of 0 changes.                                                 
                                                                                
37. Executing OPT_MERGE pass (detect identical cells).                          
Finding identical cells in module `\alu_top'.                                   
Computing hashes of 114 cells of `\alu_top'.                                    
Finding duplicate cells in `\alu_top'.                                          
Removed a total of 0 cells.                                                     
                                                                                
38. Executing OPT_DFF pass (perform DFF optimizations).                         
                                                                                
39. Executing OPT_CLEAN pass (remove unused cells and wires).                   
Finding unused cells or wires in module \alu_top..                              
                                                                                
40. Executing OPT_EXPR pass (perform const folding).                            
Optimizing module alu_top.                                                      
                                                                                
41. Executing FSM pass (extract and optimize FSM).                              
                                                                                
41.1. Executing FSM_DETECT pass (finding FSMs in design).                       
                                                                                
41.2. Executing FSM_EXTRACT pass (extracting FSM from design).                  
                                                                                
41.3. Executing FSM_OPT pass (simple optimizations of FSMs).                    
                                                                                
41.4. Executing OPT_CLEAN pass (remove unused cells and wires).                 
Finding unused cells or wires in module \alu_top..                              
                                                                                
41.5. Executing FSM_OPT pass (simple optimizations of FSMs).                    
                                                                                
41.6. Executing FSM_RECODE pass (re-assigning FSM state encoding).              
                                                                                
41.7. Executing FSM_INFO pass (dumping all available information on FSM cells). 
                                                                                
41.8. Executing FSM_MAP pass (mapping FSMs to basic logic).                     
                                                                                
42. Executing OPT_EXPR pass (perform const folding).                            
Optimizing module alu_top.                                                      
                                                                                
43. Executing OPT_MERGE pass (detect identical cells).                          
Finding identical cells in module `\alu_top'.                                   
Computing hashes of 114 cells of `\alu_top'.                                    
Finding duplicate cells in `\alu_top'.                                          
Removed a total of 0 cells.                                                     
                                                                                
44. Executing OPT_MUXTREE pass (detect dead branches in mux trees).             
Running muxtree optimizer on module \alu_top..                                  
  Creating internal representation of mux trees.                                
  Evaluating internal representation of mux trees.                              
  Analyzing evaluation results.                                                 
Removed 0 multiplexer ports.                                                    
<suppressed ~23 debug messages>                                                 
                                                                                
45. Executing OPT_REDUCE pass (consolidate $*mux and $reduce_* inputs).         
  Optimizing cells in module \alu_top.                                          
Performed a total of 0 changes.                                                 
                                                                                
46. Executing OPT_MERGE pass (detect identical cells).                          
Finding identical cells in module `\alu_top'.                                   
Computing hashes of 114 cells of `\alu_top'.                                    
Finding duplicate cells in `\alu_top'.                                          
Removed a total of 0 cells.                                                     
                                                                                
47. Executing OPT_DFF pass (perform DFF optimizations).                         
Adding SRST signal on $procdff$99 ($dff) from module alu_top (D = \y_d, Q = \y, 
rval = 8'00000000).                                                             
Adding SRST signal on $procdff$106 ($dff) from module alu_top (D = \op, Q =     
\op_q, rval = 3'000).                                                           
Adding SRST signal on $procdff$105 ($dff) from module alu_top (D = \b, Q = \b_q,
rval = 8'00000000).                                                             
Adding SRST signal on $procdff$104 ($dff) from module alu_top (D = \a, Q = \a_q,
rval = 8'00000000).                                                             
Adding SRST signal on $procdff$103 ($dff) from module alu_top (D = \y_d [7], Q =
\negative, rval = 1'0).                                                         
Adding SRST signal on $procdff$102 ($dff) from module alu_top (D = \zero_d, Q = 
\zero, rval = 1'1).                                                             
Adding SRST signal on $procdff$101 ($dff) from module alu_top (D = \overflow_d, 
Q = \overflow, rval = 1'0).                                                     
Adding SRST signal on $procdff$100 ($dff) from module alu_top (D =              
\u_core.arith_cout, Q = \carry, rval = 1'0).                                    
                                                                                
48. Executing OPT_CLEAN pass (remove unused cells and wires).                   
Finding unused cells or wires in module \alu_top..                              
Removed 9 unused cells and 10 unused wires.                                     
<suppressed ~12 debug messages>                                                 
                                                                                
49. Executing OPT_EXPR pass (perform const folding).                            
Optimizing module alu_top.                                                      
                                                                                
50. Rerunning OPT passes. (Maybe there is more to do…)                          
                                                                                
51. Executing OPT_MUXTREE pass (detect dead branches in mux trees).             
Running muxtree optimizer on module \alu_top..                                  
  Creating internal representation of mux trees.                                
  Evaluating internal representation of mux trees.                              
  Analyzing evaluation results.                                                 
Removed 0 multiplexer ports.                                                    
<suppressed ~8 debug messages>                                                  
                                                                                
52. Executing OPT_REDUCE pass (consolidate $*mux and $reduce_* inputs).         
  Optimizing cells in module \alu_top.                                          
Performed a total of 0 changes.                                                 
                                                                                
53. Executing OPT_MERGE pass (detect identical cells).                          
Finding identical cells in module `\alu_top'.                                   
Computing hashes of 106 cells of `\alu_top'.                                    
Finding duplicate cells in `\alu_top'.                                          
Removed a total of 0 cells.                                                     
                                                                                
54. Executing OPT_DFF pass (perform DFF optimizations).                         
                                                                                
55. Executing OPT_CLEAN pass (remove unused cells and wires).                   
Finding unused cells or wires in module \alu_top..                              
                                                                                
56. Executing OPT_EXPR pass (perform const folding).                            
Optimizing module alu_top.                                                      
                                                                                
57. Executing WREDUCE pass (reducing word size of cells).                       
Removed top 1 bits (of 3) from port B of cell                                   
alu_top.$flatten\u_core.$procmux$96_CMP0 ($eq).                                 
Removed top 1 bits (of 3) from port B of cell                                   
alu_top.$flatten\u_core.$procmux$95_CMP0 ($eq).                                 
Removed top 2 bits (of 3) from port B of cell                                   
alu_top.$flatten\u_core.$eq$/home/runner/work/ASIC_101/ASIC_101/files/alu/rtl/al
u_core.v:27$3 ($eq).                                                            
                                                                                
58. Executing PEEPOPT pass (run peephole optimizers).                           
                                                                                
59. Executing OPT_CLEAN pass (remove unused cells and wires).                   
Finding unused cells or wires in module \alu_top..                              
                                                                                
60. Executing ALUMACC pass (create $alu and $macc cells).                       
Extracting $alu and $macc cells in module alu_top:                              
  created 0 $alu and 0 $macc cells.                                             
                                                                                
61. Executing SHARE pass (SAT-based resource sharing).                          
                                                                                
62. Executing OPT_EXPR pass (perform const folding).                            
Optimizing module alu_top.                                                      
                                                                                
63. Executing OPT_MERGE pass (detect identical cells).                          
Finding identical cells in module `\alu_top'.                                   
Computing hashes of 106 cells of `\alu_top'.                                    
Finding duplicate cells in `\alu_top'.                                          
Removed a total of 0 cells.                                                     
                                                                                
64. Executing OPT_MUXTREE pass (detect dead branches in mux trees).             
Running muxtree optimizer on module \alu_top..                                  
  Creating internal representation of mux trees.                                
  Evaluating internal representation of mux trees.                              
  Analyzing evaluation results.                                                 
Removed 0 multiplexer ports.                                                    
<suppressed ~8 debug messages>                                                  
                                                                                
65. Executing OPT_REDUCE pass (consolidate $*mux and $reduce_* inputs).         
  Optimizing cells in module \alu_top.                                          
Performed a total of 0 changes.                                                 
                                                                                
66. Executing OPT_MERGE pass (detect identical cells).                          
Finding identical cells in module `\alu_top'.                                   
Computing hashes of 106 cells of `\alu_top'.                                    
Finding duplicate cells in `\alu_top'.                                          
Removed a total of 0 cells.                                                     
                                                                                
67. Executing OPT_DFF pass (perform DFF optimizations).                         
                                                                                
68. Executing OPT_CLEAN pass (remove unused cells and wires).                   
Finding unused cells or wires in module \alu_top..                              
                                                                                
69. Executing OPT_EXPR pass (perform const folding).                            
Optimizing module alu_top.                                                      
                                                                                
70. Executing MEMORY pass.                                                      
                                                                                
70.1. Executing OPT_MEM pass (optimize memories).                               
Performed a total of 0 transformations.                                         
                                                                                
70.2. Executing OPT_MEM_PRIORITY pass (removing unnecessary memory write        
priority relations).                                                            
Performed a total of 0 transformations.                                         
                                                                                
70.3. Executing OPT_MEM_FEEDBACK pass (finding memory read-to-write feedback    
paths).                                                                         
                                                                                
70.4. Executing MEMORY_BMUX2ROM pass (converting muxes to ROMs).                
                                                                                
70.5. Executing MEMORY_DFF pass (merging $dff cells to $memrd).                 
                                                                                
70.6. Executing OPT_CLEAN pass (remove unused cells and wires).                 
Finding unused cells or wires in module \alu_top..                              
                                                                                
70.7. Executing MEMORY_SHARE pass (consolidating $memrd/$memwr cells).          
                                                                                
70.8. Executing OPT_MEM_WIDEN pass (optimize memories where all ports are wide).
Performed a total of 0 transformations.                                         
                                                                                
70.9. Executing OPT_CLEAN pass (remove unused cells and wires).                 
Finding unused cells or wires in module \alu_top..                              
                                                                                
70.10. Executing MEMORY_COLLECT pass (generating $mem cells).                   
                                                                                
71. Executing OPT_CLEAN pass (remove unused cells and wires).                   
Finding unused cells or wires in module \alu_top..                              
                                                                                
72. Executing OPT_EXPR pass (perform const folding).                            
Optimizing module alu_top.                                                      
                                                                                
73. Executing OPT_MERGE pass (detect identical cells).                          
Finding identical cells in module `\alu_top'.                                   
Computing hashes of 106 cells of `\alu_top'.                                    
Finding duplicate cells in `\alu_top'.                                          
Removed a total of 0 cells.                                                     
                                                                                
74. Executing OPT_DFF pass (perform DFF optimizations).                         
                                                                                
75. Executing OPT_CLEAN pass (remove unused cells and wires).                   
Finding unused cells or wires in module \alu_top..                              
                                                                                
76. Executing MEMORY_MAP pass (converting memories to logic and flip-flops).    
                                                                                
77. Executing OPT_EXPR pass (perform const folding).                            
Optimizing module alu_top.                                                      
                                                                                
78. Executing OPT_MERGE pass (detect identical cells).                          
Finding identical cells in module `\alu_top'.                                   
Computing hashes of 106 cells of `\alu_top'.                                    
Finding duplicate cells in `\alu_top'.                                          
Removed a total of 0 cells.                                                     
                                                                                
79. Executing OPT_MUXTREE pass (detect dead branches in mux trees).             
Running muxtree optimizer on module \alu_top..                                  
  Creating internal representation of mux trees.                                
  Evaluating internal representation of mux trees.                              
  Analyzing evaluation results.                                                 
Removed 0 multiplexer ports.                                                    
<suppressed ~8 debug messages>                                                  
                                                                                
80. Executing OPT_REDUCE pass (consolidate $*mux and $reduce_* inputs).         
  Optimizing cells in module \alu_top.                                          
Performed a total of 0 changes.                                                 
                                                                                
81. Executing OPT_MERGE pass (detect identical cells).                          
Finding identical cells in module `\alu_top'.                                   
Computing hashes of 106 cells of `\alu_top'.                                    
Finding duplicate cells in `\alu_top'.                                          
Removed a total of 0 cells.                                                     
                                                                                
82. Executing OPT_SHARE pass.                                                   
    Found cells that share an operand and can be merged by moving the $pmux     
$flatten\u_core.$procmux$78 in front of them:                                   
        $flatten\u_core.$and$/home/runner/work/ASIC_101/ASIC_101/files/alu/rtl/a
lu_core.v:54$12                                                                 
        $flatten\u_core.$and$/home/runner/work/ASIC_101/ASIC_101/files/alu/rtl/a
lu_core.v:49$9                                                                  
                                                                                
    Found cells that share an operand and can be merged by moving the $mux      
$flatten\u_core.\u_adder.$ternary$/home/runner/work/ASIC_101/ASIC_101/files/alu/
rtl/adder8_csel.v:46$18 in front of them:                                       
        $flatten\u_core.\u_adder.\u_high_if_1.$xor$/home/runner/work/ASIC_101/AS
IC_101/files/alu/rtl/adder8_csel.v:21$28                                        
        $flatten\u_core.\u_adder.\u_high_if_0.$xor$/home/runner/work/ASIC_101/AS
IC_101/files/alu/rtl/adder8_csel.v:21$28                                        
                                                                                
    Found cells that share an operand and can be merged by moving the $mux      
$flatten\u_core.\u_adder.$ternary$/home/runner/work/ASIC_101/ASIC_101/files/alu/
rtl/adder8_csel.v:46$18 in front of them:                                       
        $flatten\u_core.\u_adder.\u_high_if_1.$xor$/home/runner/work/ASIC_101/AS
IC_101/files/alu/rtl/adder8_csel.v:21$35                                        
        $flatten\u_core.\u_adder.\u_high_if_0.$xor$/home/runner/work/ASIC_101/AS
IC_101/files/alu/rtl/adder8_csel.v:21$35                                        
                                                                                
    Found cells that share an operand and can be merged by moving the $mux      
$flatten\u_core.\u_adder.$ternary$/home/runner/work/ASIC_101/ASIC_101/files/alu/
rtl/adder8_csel.v:46$18 in front of them:                                       
        $flatten\u_core.\u_adder.\u_high_if_1.$xor$/home/runner/work/ASIC_101/AS
IC_101/files/alu/rtl/adder8_csel.v:21$42                                        
        $flatten\u_core.\u_adder.\u_high_if_0.$xor$/home/runner/work/ASIC_101/AS
IC_101/files/alu/rtl/adder8_csel.v:21$42                                        
                                                                                
83. Executing OPT_DFF pass (perform DFF optimizations).                         
                                                                                
84. Executing OPT_CLEAN pass (remove unused cells and wires).                   
Finding unused cells or wires in module \alu_top..                              
Removed 0 unused cells and 2 unused wires.                                      
<suppressed ~1 debug messages>                                                  
                                                                                
85. Executing OPT_EXPR pass (perform const folding).                            
Optimizing module alu_top.                                                      
<suppressed ~7 debug messages>                                                  
                                                                                
86. Rerunning OPT passes. (Maybe there is more to do…)                          
                                                                                
87. Executing OPT_MUXTREE pass (detect dead branches in mux trees).             
Running muxtree optimizer on module \alu_top..                                  
  Creating internal representation of mux trees.                                
  Evaluating internal representation of mux trees.                              
  Analyzing evaluation results.                                                 
Removed 0 multiplexer ports.                                                    
<suppressed ~16 debug messages>                                                 
                                                                                
88. Executing OPT_REDUCE pass (consolidate $*mux and $reduce_* inputs).         
  Optimizing cells in module \alu_top.                                          
    New ctrl vector for $pmux cell $flatten\u_core.$procmux$78:                 
$auto$opt_reduce.cc:137:opt_pmux$141                                            
    Consolidated identical input bits for $mux cell                             
$flatten\u_core.\u_adder.$ternary$/home/runner/work/ASIC_101/ASIC_101/files/alu/
rtl/adder8_csel.v:46$18:                                                        
      Old ports: A={ $auto$opt_share.cc:222:merge_operators$137                 
$auto$opt_share.cc:222:merge_operators$134                                      
$auto$opt_share.cc:222:merge_operators$131 \u_core.u_adder.sum_high_0 [0] }, B={
$auto$opt_share.cc:222:merge_operators$137                                      
$auto$opt_share.cc:222:merge_operators$134                                      
$auto$opt_share.cc:222:merge_operators$131 \u_core.u_adder.sum_high_1 [0] },    
Y=\u_core.arith_y [7:4]                                                         
      New ports: A=\u_core.u_adder.sum_high_0 [0], B=\u_core.u_adder.sum_high_1 
[0], Y=\u_core.arith_y [4]                                                      
      New connections: \u_core.arith_y [7:5] = {                                
$auto$opt_share.cc:222:merge_operators$137                                      
$auto$opt_share.cc:222:merge_operators$134                                      
$auto$opt_share.cc:222:merge_operators$131 }                                    
  Optimizing cells in module \alu_top.                                          
Performed a total of 2 changes.                                                 
                                                                                
89. Executing OPT_MERGE pass (detect identical cells).                          
Finding identical cells in module `\alu_top'.                                   
Computing hashes of 107 cells of `\alu_top'.                                    
Finding duplicate cells in `\alu_top'.                                          
Computing hashes of 106 cells of `\alu_top'.                                    
Finding duplicate cells in `\alu_top'.                                          
<suppressed ~3 debug messages>                                                  
Removed a total of 1 cells.                                                     
                                                                                
90. Executing OPT_SHARE pass.                                                   
                                                                                
91. Executing OPT_DFF pass (perform DFF optimizations).                         
Adding SRST signal on $auto$ff.cc:337:slice$124 ($sdff) from module alu_top (D =
$auto$opt_share.cc:222:merge_operators$128, Q = \overflow, rval = 1'0).         
                                                                                
92. Executing OPT_CLEAN pass (remove unused cells and wires).                   
Finding unused cells or wires in module \alu_top..                              
Removed 1 unused cells and 6 unused wires.                                      
<suppressed ~4 debug messages>                                                  
                                                                                
93. Executing OPT_EXPR pass (perform const folding).                            
Optimizing module alu_top.                                                      
                                                                                
94. Rerunning OPT passes. (Maybe there is more to do…)                          
                                                                                
95. Executing OPT_MUXTREE pass (detect dead branches in mux trees).             
Running muxtree optimizer on module \alu_top..                                  
  Creating internal representation of mux trees.                                
  Evaluating internal representation of mux trees.                              
  Analyzing evaluation results.                                                 
Removed 0 multiplexer ports.                                                    
<suppressed ~13 debug messages>                                                 
                                                                                
96. Executing OPT_REDUCE pass (consolidate $*mux and $reduce_* inputs).         
  Optimizing cells in module \alu_top.                                          
Performed a total of 0 changes.                                                 
                                                                                
97. Executing OPT_MERGE pass (detect identical cells).                          
Finding identical cells in module `\alu_top'.                                   
Computing hashes of 106 cells of `\alu_top'.                                    
Finding duplicate cells in `\alu_top'.                                          
Computing hashes of 105 cells of `\alu_top'.                                    
Finding duplicate cells in `\alu_top'.                                          
<suppressed ~3 debug messages>                                                  
Removed a total of 1 cells.                                                     
                                                                                
98. Executing OPT_SHARE pass.                                                   
                                                                                
99. Executing OPT_DFF pass (perform DFF optimizations).                         
                                                                                
100. Executing OPT_CLEAN pass (remove unused cells and wires).                  
Finding unused cells or wires in module \alu_top..                              
Removed 0 unused cells and 1 unused wires.                                      
<suppressed ~1 debug messages>                                                  
                                                                                
101. Executing OPT_EXPR pass (perform const folding).                           
Optimizing module alu_top.                                                      
                                                                                
102. Rerunning OPT passes. (Maybe there is more to do…)                         
                                                                                
103. Executing OPT_MUXTREE pass (detect dead branches in mux trees).            
Running muxtree optimizer on module \alu_top..                                  
  Creating internal representation of mux trees.                                
  Evaluating internal representation of mux trees.                              
  Analyzing evaluation results.                                                 
Removed 0 multiplexer ports.                                                    
<suppressed ~13 debug messages>                                                 
                                                                                
104. Executing OPT_REDUCE pass (consolidate $*mux and $reduce_* inputs).        
  Optimizing cells in module \alu_top.                                          
Performed a total of 0 changes.                                                 
                                                                                
105. Executing OPT_MERGE pass (detect identical cells).                         
Finding identical cells in module `\alu_top'.                                   
Computing hashes of 105 cells of `\alu_top'.                                    
Finding duplicate cells in `\alu_top'.                                          
Removed a total of 0 cells.                                                     
                                                                                
106. Executing OPT_SHARE pass.                                                  
                                                                                
107. Executing OPT_DFF pass (perform DFF optimizations).                        
                                                                                
108. Executing OPT_CLEAN pass (remove unused cells and wires).                  
Finding unused cells or wires in module \alu_top..                              
                                                                                
109. Executing OPT_EXPR pass (perform const folding).                           
Optimizing module alu_top.                                                      
                                                                                
110. Executing TECHMAP pass (map to technology primitives).                     
                                                                                
110.1. Executing Verilog-2005 frontend:                                         
/nix/store/f1q0w7rd0a4ny4hqvfxlhs4cmariidcy-yosys-0.62/bin/../share/yosys/techma
p.v                                                                             
Parsing Verilog input from                                                      
`/nix/store/f1q0w7rd0a4ny4hqvfxlhs4cmariidcy-yosys-0.62/bin/../share/yosys/techm
ap.v' to AST representation.                                                    
Generating RTLIL representation for module `\_90_simplemap_bool_ops'.           
Generating RTLIL representation for module `\_90_simplemap_reduce_ops'.         
Generating RTLIL representation for module `\_90_simplemap_logic_ops'.          
Generating RTLIL representation for module `\_90_simplemap_compare_ops'.        
Generating RTLIL representation for module `\_90_simplemap_various'.            
Generating RTLIL representation for module `\_90_simplemap_registers'.          
Generating RTLIL representation for module `\_90_shift_ops_shr_shl_sshl_sshr'.  
Generating RTLIL representation for module `\_90_shift_shiftx'.                 
Generating RTLIL representation for module `\_90_fa'.                           
Generating RTLIL representation for module `\_90_lcu_brent_kung'.               
Generating RTLIL representation for module `\_90_alu'.                          
Generating RTLIL representation for module `\_90_macc'.                         
Generating RTLIL representation for module `\_90_alumacc'.                      
Generating RTLIL representation for module `$__div_mod_u'.                      
Generating RTLIL representation for module `$__div_mod_trunc'.                  
Generating RTLIL representation for module `\_90_div'.                          
Generating RTLIL representation for module `\_90_mod'.                          
Generating RTLIL representation for module `$__div_mod_floor'.                  
Generating RTLIL representation for module `\_90_divfloor'.                     
Generating RTLIL representation for module `\_90_modfloor'.                     
Generating RTLIL representation for module `\_90_pow'.                          
Generating RTLIL representation for module `\_90_pmux'.                         
Generating RTLIL representation for module `\_90_demux'.                        
Generating RTLIL representation for module `\_90_lut'.                          
Generating RTLIL representation for module `$connect'.                          
Generating RTLIL representation for module `$input_port'.                       
Successfully finished Verilog frontend.                                         
                                                                                
110.2. Continuing TECHMAP pass.                                                 
Using extmapper simplemap for cells of type $sdff.                              
Using extmapper simplemap for cells of type $reduce_or.                         
Using extmapper simplemap for cells of type $mux.                               
Using extmapper simplemap for cells of type $reduce_and.                        
Using extmapper simplemap for cells of type $not.                               
Using extmapper simplemap for cells of type $xor.                               
Using extmapper simplemap for cells of type $or.                                
Using extmapper simplemap for cells of type $and.                               
Using extmapper simplemap for cells of type $eq.                                
Using template $paramod$e830d104b5de63a966ae948f6aff012e63986700\_90_pmux for   
cells of type $pmux.                                                            
Using extmapper simplemap for cells of type $logic_not.                         
No more expansions possible.                                                    
<suppressed ~206 debug messages>                                                
                                                                                
111. Executing OPT_EXPR pass (perform const folding).                           
Optimizing module alu_top.                                                      
<suppressed ~21 debug messages>                                                 
                                                                                
112. Executing OPT_MERGE pass (detect identical cells).                         
Finding identical cells in module `\alu_top'.                                   
Computing hashes of 291 cells of `\alu_top'.                                    
Finding duplicate cells in `\alu_top'.                                          
Computing hashes of 282 cells of `\alu_top'.                                    
Finding duplicate cells in `\alu_top'.                                          
Computing hashes of 280 cells of `\alu_top'.                                    
Finding duplicate cells in `\alu_top'.                                          
<suppressed ~33 debug messages>                                                 
Removed a total of 11 cells.                                                    
                                                                                
113. Executing OPT_DFF pass (perform DFF optimizations).                        
                                                                                
114. Executing OPT_CLEAN pass (remove unused cells and wires).                  
Finding unused cells or wires in module \alu_top..                              
Removed 0 unused cells and 68 unused wires.                                     
<suppressed ~1 debug messages>                                                  
                                                                                
115. Executing OPT_EXPR pass (perform const folding).                           
Optimizing module alu_top.                                                      
                                                                                
116. Executing OPT_MERGE pass (detect identical cells).                         
Finding identical cells in module `\alu_top'.                                   
Computing hashes of 280 cells of `\alu_top'.                                    
Finding duplicate cells in `\alu_top'.                                          
Removed a total of 0 cells.                                                     
                                                                                
117. Executing OPT_DFF pass (perform DFF optimizations).                        
                                                                                
118. Executing OPT_CLEAN pass (remove unused cells and wires).                  
Finding unused cells or wires in module \alu_top..                              
                                                                                
119. Executing ABC pass (technology mapping using ABC).                         
                                                                                
119.1. Extracting gate netlist of module `\alu_top' to                          
`<abc-temp-dir>/input.blif'..                                                   
                                                                                
119.1.1. Executed ABC.                                                          
Extracted 245 gates and 266 wires to a netlist network with 20 inputs and 12    
outputs.                                                                        
Running ABC script: <abc-temp-dir>/abc.script                                   
ABC: ======== ABC command line "source <abc-temp-dir>/abc.script"               
ABC: + read_blif <abc-temp-dir>/input.blif                                      
ABC: + read_library /tmp/yosys-abc-o9JGZD/stdcells.genlib                       
ABC: + strash                                                                   
ABC: + dretime                                                                  
ABC: + map                                                                      
ABC: + write_blif <abc-temp-dir>/output.blif                                    
                                                                                
119.1.2. Re-integrating ABC results.                                            
ABC RESULTS:               AND cells:        2                                  
ABC RESULTS:            ANDNOT cells:       89                                  
ABC RESULTS:               MUX cells:       12                                  
ABC RESULTS:              NAND cells:        9                                  
ABC RESULTS:               NOR cells:       14                                  
ABC RESULTS:               NOT cells:       13                                  
ABC RESULTS:                OR cells:       55                                  
ABC RESULTS:             ORNOT cells:        3                                  
ABC RESULTS:              XNOR cells:        9                                  
ABC RESULTS:               XOR cells:       23                                  
ABC RESULTS:        internal signals:      234                                  
ABC RESULTS:           input signals:       20                                  
ABC RESULTS:          output signals:       12                                  
Removing temp directory.                                                        
Removing global temp directory.                                                 
                                                                                
120. Executing OPT pass (performing simple optimizations).                      
                                                                                
120.1. Executing OPT_EXPR pass (perform const folding).                         
Optimizing module alu_top.                                                      
                                                                                
120.2. Executing OPT_MERGE pass (detect identical cells).                       
Finding identical cells in module `\alu_top'.                                   
Computing hashes of 264 cells of `\alu_top'.                                    
Finding duplicate cells in `\alu_top'.                                          
Removed a total of 0 cells.                                                     
                                                                                
120.3. Executing OPT_DFF pass (perform DFF optimizations).                      
                                                                                
120.4. Executing OPT_CLEAN pass (remove unused cells and wires).                
Finding unused cells or wires in module \alu_top..                              
Removed 0 unused cells and 143 unused wires.                                    
<suppressed ~20 debug messages>                                                 
                                                                                
120.5. Finished fast OPT passes.                                                
                                                                                
121. Executing HIERARCHY pass (managing design hierarchy).                      
                                                                                
121.1. Analyzing design hierarchy..                                             
Top module:  \alu_top                                                           
                                                                                
121.2. Analyzing design hierarchy..                                             
Top module:  \alu_top                                                           
Removed 0 unused modules.                                                       
                                                                                
122. Executing CHECK pass (checking for obvious problems).                      
Checking module alu_top...                                                      
Found and reported 0 problems.                                                  
                                                                                
123. Printing statistics.                                                       
                                                                                
=== alu_top ===                                                                 
                                                                                
        +----------Local Count, excluding submodules.                           
        |                                                                       
      255 wires                                                                 
      360 wire bits                                                             
       36 public wires                                                          
      141 public wire bits                                                      
       10 ports                                                                 
       33 port bits                                                             
      264 cells                                                                 
       89   $_ANDNOT_                                                           
        2   $_AND_                                                              
       12   $_MUX_                                                              
        9   $_NAND_                                                             
       14   $_NOR_                                                              
       13   $_NOT_                                                              
        3   $_ORNOT_                                                            
       55   $_OR_                                                               
       29   $_SDFF_PN0_                                                         
        1   $_SDFF_PN1_                                                         
        9   $_XNOR_                                                             
       23   $_XOR_                                                              
        5   $scopeinfo                                                          
                                                                                
124. Executing OPT pass (performing simple optimizations).                      
                                                                                
124.1. Executing OPT_EXPR pass (perform const folding).                         
Optimizing module alu_top.                                                      
                                                                                
124.2. Executing OPT_MERGE pass (detect identical cells).                       
Finding identical cells in module `\alu_top'.                                   
Computing hashes of 264 cells of `\alu_top'.                                    
Finding duplicate cells in `\alu_top'.                                          
Removed a total of 0 cells.                                                     
                                                                                
124.3. Executing OPT_MUXTREE pass (detect dead branches in mux trees).          
Running muxtree optimizer on module \alu_top..                                  
  Creating internal representation of mux trees.                                
  No muxes found in this module.                                                
Removed 0 multiplexer ports.                                                    
                                                                                
124.4. Executing OPT_REDUCE pass (consolidate $*mux and $reduce_* inputs).      
  Optimizing cells in module \alu_top.                                          
Performed a total of 0 changes.                                                 
                                                                                
124.5. Executing OPT_MERGE pass (detect identical cells).                       
Finding identical cells in module `\alu_top'.                                   
Computing hashes of 264 cells of `\alu_top'.                                    
Finding duplicate cells in `\alu_top'.                                          
Removed a total of 0 cells.                                                     
                                                                                
124.6. Executing OPT_DFF pass (perform DFF optimizations).                      
                                                                                
124.7. Executing OPT_CLEAN pass (remove unused cells and wires).                
Finding unused cells or wires in module \alu_top..                              
                                                                                
124.8. Executing OPT_EXPR pass (perform const folding).                         
Optimizing module alu_top.                                                      
                                                                                
124.9. Finished fast OPT passes. (There is nothing left to do.)                 
                                                                                
125. Executing OPT_CLEAN pass (remove unused cells and wires).                  
Finding unused cells or wires in module \alu_top..                              
Removed 5 unused cells and 19 unused wires.                                     
<suppressed ~24 debug messages>                                                 
{                                                                               
   "creator": "Yosys 0.62 (git sha1 7326bb7d6641500ecb285c291a54a662cb1e76cf,   
clang++ 21.1.2 -fPIC -O3)",                                                     
   "invocation": "stat -json -liberty                                           
/home/runner/work/ASIC_101/ASIC_101/files/alu/pd/runs/csel-4ns/tmp/33e1cdba9fd84
73990c7ca748b18e571.lib ",                                                      
   "modules": {                                                                 
      "\\alu_top": {                                                            
         "num_wires":         236,                                              
         "num_wire_bits":     282,                                              
         "num_pub_wires":     17,                                               
         "num_pub_wire_bits": 63,                                               
         "num_ports":         10,                                               
         "num_port_bits":     33,                                               
         "num_memories":      0,                                                
         "num_memory_bits":   0,                                                
         "num_processes":     0,                                                
         "num_cells":         259,                                              
         "num_submodules":       0,                                             
         "num_cells_by_type": {                                                 
            "$_ANDNOT_": 89,                                                    
            "$_AND_": 2,                                                        
            "$_MUX_": 12,                                                       
            "$_NAND_": 9,                                                       
            "$_NOR_": 14,                                                       
            "$_NOT_": 13,                                                       
            "$_ORNOT_": 3,                                                      
            "$_OR_": 55,                                                        
            "$_SDFF_PN0_": 29,                                                  
            "$_SDFF_PN1_": 1,                                                   
            "$_XNOR_": 9,                                                       
            "$_XOR_": 23                                                        
         }                                                                      
      }                                                                         
   },                                                                           
      "design": {                                                               
         "num_wires":         236,                                              
         "num_wire_bits":     282,                                              
         "num_pub_wires":     17,                                               
         "num_pub_wire_bits": 63,                                               
         "num_ports":         10,                                               
         "num_port_bits":     33,                                               
         "num_memories":      0,                                                
         "num_memory_bits":   0,                                                
         "num_processes":     0,                                                
         "num_cells":         259,                                              
         "num_submodules":       0,                                             
         "num_cells_by_type": {                                                 
            "$_ANDNOT_": 89,                                                    
            "$_AND_": 2,                                                        
            "$_MUX_": 12,                                                       
            "$_NAND_": 9,                                                       
            "$_NOR_": 14,                                                       
            "$_NOT_": 13,                                                       
            "$_ORNOT_": 3,                                                      
            "$_OR_": 55,                                                        
            "$_SDFF_PN0_": 29,                                                  
            "$_SDFF_PN1_": 1,                                                   
            "$_XNOR_": 9,                                                       
            "$_XOR_": 23                                                        
         }                                                                      
      }                                                                         
}                                                                               
                                                                                
126. Printing statistics.                                                       
                                                                                
=== alu_top ===                                                                 
                                                                                
        +----------Local Count, excluding submodules.                           
        |                                                                       
      236 wires                                                                 
      282 wire bits                                                             
       17 public wires                                                          
       63 public wire bits                                                      
       10 ports                                                                 
       33 port bits                                                             
      259 cells                                                                 
       89   $_ANDNOT_                                                           
        2   $_AND_                                                              
       12   $_MUX_                                                              
        9   $_NAND_                                                             
       14   $_NOR_                                                              
       13   $_NOT_                                                              
        3   $_ORNOT_                                                            
       55   $_OR_                                                               
       29   $_SDFF_PN0_                                                         
        1   $_SDFF_PN1_                                                         
        9   $_XNOR_                                                             
       23   $_XOR_                                                              
                                                                                
   Area for cell type $_ANDNOT_ is unknown!                                     
   Area for cell type $_AND_ is unknown!                                        
   Area for cell type $_MUX_ is unknown!                                        
   Area for cell type $_NAND_ is unknown!                                       
   Area for cell type $_NOR_ is unknown!                                        
   Area for cell type $_NOT_ is unknown!                                        
   Area for cell type $_ORNOT_ is unknown!                                      
   Area for cell type $_OR_ is unknown!                                         
   Area for cell type $_SDFF_PN0_ is unknown!                                   
   Area for cell type $_SDFF_PN1_ is unknown!                                   
   Area for cell type $_XNOR_ is unknown!                                       
   Area for cell type $_XOR_ is unknown!                                        
                                                                                
[INFO] Applying tri-state buffer mapping from                                   
'/home/runner/.ciel/ciel/sky130/versions/8afc8346a57fe1ab7934ba5a6056ea8b43078e7
1/sky130A/libs.tech/openlane/sky130_fd_sc_hd/tribuff_map.v'…                    
                                                                                
127. Executing TECHMAP pass (map to technology primitives).                     
                                                                                
127.1. Executing Verilog-2005 frontend:                                         
/home/runner/.ciel/ciel/sky130/versions/8afc8346a57fe1ab7934ba5a6056ea8b43078e71
/sky130A/libs.tech/openlane/sky130_fd_sc_hd/tribuff_map.v                       
Parsing Verilog input from                                                      
`/home/runner/.ciel/ciel/sky130/versions/8afc8346a57fe1ab7934ba5a6056ea8b43078e7
1/sky130A/libs.tech/openlane/sky130_fd_sc_hd/tribuff_map.v' to AST              
representation.                                                                 
Generating RTLIL representation for module `$_TBUF_'.                           
Successfully finished Verilog frontend.                                         
                                                                                
127.2. Continuing TECHMAP pass.                                                 
No more expansions possible.                                                    
<suppressed ~3 debug messages>                                                  
                                                                                
128. Executing SIMPLEMAP pass (map simple cells to gate primitives).            
[INFO] Applying latch mapping from                                              
'/home/runner/.ciel/ciel/sky130/versions/8afc8346a57fe1ab7934ba5a6056ea8b43078e7
1/sky130A/libs.tech/openlane/sky130_fd_sc_hd/latch_map.v'…                      
                                                                                
129. Executing TECHMAP pass (map to technology primitives).                     
                                                                                
129.1. Executing Verilog-2005 frontend:                                         
/home/runner/.ciel/ciel/sky130/versions/8afc8346a57fe1ab7934ba5a6056ea8b43078e71
/sky130A/libs.tech/openlane/sky130_fd_sc_hd/latch_map.v                         
Parsing Verilog input from                                                      
`/home/runner/.ciel/ciel/sky130/versions/8afc8346a57fe1ab7934ba5a6056ea8b43078e7
1/sky130A/libs.tech/openlane/sky130_fd_sc_hd/latch_map.v' to AST representation.
Generating RTLIL representation for module `$_DLATCH_P_'.                       
Generating RTLIL representation for module `$_DLATCH_N_'.                       
Successfully finished Verilog frontend.                                         
                                                                                
129.2. Continuing TECHMAP pass.                                                 
No more expansions possible.                                                    
<suppressed ~4 debug messages>                                                  
                                                                                
130. Executing SIMPLEMAP pass (map simple cells to gate primitives).            
                                                                                
131. Executing DFFLIBMAP pass (mapping DFF cells to sequential cells from       
liberty file).                                                                  
  cell sky130_fd_sc_hd__dfxtp_2 (noninv, pins=3, area=21.27) is a direct match  
for cell type $_DFF_P_.                                                         
  cell sky130_fd_sc_hd__dfrtp_2 (noninv, pins=4, area=26.28) is a direct match  
for cell type $_DFF_PN0_.                                                       
  cell sky130_fd_sc_hd__dfstp_2 (noninv, pins=4, area=26.28) is a direct match  
for cell type $_DFF_PN1_.                                                       
  cell sky130_fd_sc_hd__dfbbn_2 (noninv, pins=6, area=35.03) is a direct match  
for cell type $_DFFSR_NNN_.                                                     
  final dff cell mappings:                                                      
    unmapped dff cell: $_DFF_N_                                                 
    \sky130_fd_sc_hd__dfxtp_2 _DFF_P_ (.CLK( C), .D( D), .Q( Q));               
    unmapped dff cell: $_DFF_NN0_                                               
    unmapped dff cell: $_DFF_NN1_                                               
    unmapped dff cell: $_DFF_NP0_                                               
    unmapped dff cell: $_DFF_NP1_                                               
    \sky130_fd_sc_hd__dfrtp_2 _DFF_PN0_ (.CLK( C), .D( D), .Q( Q), .RESET_B(    
R));                                                                            
    \sky130_fd_sc_hd__dfstp_2 _DFF_PN1_ (.CLK( C), .D( D), .Q( Q), .SET_B( R)); 
    unmapped dff cell: $_DFF_PP0_                                               
    unmapped dff cell: $_DFF_PP1_                                               
    unmapped dff cell: $_DFFE_NN_                                               
    unmapped dff cell: $_DFFE_NP_                                               
    unmapped dff cell: $_DFFE_PN_                                               
    unmapped dff cell: $_DFFE_PP_                                               
    \sky130_fd_sc_hd__dfbbn_2 _DFFSR_NNN_ (.CLK_N( C), .D( D), .Q( Q), .Q_N(~Q),
.RESET_B( R), .SET_B( S));                                                      
    unmapped dff cell: $_DFFSR_NNP_                                             
    unmapped dff cell: $_DFFSR_NPN_                                             
    unmapped dff cell: $_DFFSR_NPP_                                             
    unmapped dff cell: $_DFFSR_PNN_                                             
    unmapped dff cell: $_DFFSR_PNP_                                             
    unmapped dff cell: $_DFFSR_PPN_                                             
    unmapped dff cell: $_DFFSR_PPP_                                             
                                                                                
131.1. Executing DFFLEGALIZE pass (convert FFs to types supported by the        
target).                                                                        
Mapping DFF cells in module `\alu_top':                                         
  mapped 30 $_DFF_P_ cells to \sky130_fd_sc_hd__dfxtp_2 cells.                  
{                                                                               
   "creator": "Yosys 0.62 (git sha1 7326bb7d6641500ecb285c291a54a662cb1e76cf,   
clang++ 21.1.2 -fPIC -O3)",                                                     
   "invocation": "stat -json -liberty                                           
/home/runner/work/ASIC_101/ASIC_101/files/alu/pd/runs/csel-4ns/tmp/33e1cdba9fd84
73990c7ca748b18e571.lib ",                                                      
   "modules": {                                                                 
      "\\alu_top": {                                                            
         "num_wires":         266,                                              
         "num_wire_bits":     312,                                              
         "num_pub_wires":     17,                                               
         "num_pub_wire_bits": 63,                                               
         "num_ports":         10,                                               
         "num_port_bits":     33,                                               
         "num_memories":      0,                                                
         "num_memory_bits":   0,                                                
         "num_processes":     0,                                                
         "num_cells":         289,                                              
         "num_submodules":       0,                                             
         "area":              638.112000,                                       
         "sequential_area":    638.112000,                                      
         "num_cells_by_type": {                                                 
            "$_ANDNOT_": 89,                                                    
            "$_AND_": 2,                                                        
            "$_MUX_": 42,                                                       
            "$_NAND_": 9,                                                       
            "$_NOR_": 14,                                                       
            "$_NOT_": 13,                                                       
            "$_ORNOT_": 3,                                                      
            "$_OR_": 55,                                                        
            "$_XNOR_": 9,                                                       
            "$_XOR_": 23,                                                       
            "sky130_fd_sc_hd__dfxtp_2": 30                                      
         }                                                                      
      }                                                                         
   },                                                                           
      "design": {                                                               
         "num_wires":         266,                                              
         "num_wire_bits":     312,                                              
         "num_pub_wires":     17,                                               
         "num_pub_wire_bits": 63,                                               
         "num_ports":         10,                                               
         "num_port_bits":     33,                                               
         "num_memories":      0,                                                
         "num_memory_bits":   0,                                                
         "num_processes":     0,                                                
         "num_cells":         289,                                              
         "num_submodules":       0,                                             
         "area":              638.112000,                                       
         "sequential_area":    638.112000,                                      
         "num_cells_by_type": {                                                 
            "$_ANDNOT_": 89,                                                    
            "$_AND_": 2,                                                        
            "$_MUX_": 42,                                                       
            "$_NAND_": 9,                                                       
            "$_NOR_": 14,                                                       
            "$_NOT_": 13,                                                       
            "$_ORNOT_": 3,                                                      
            "$_OR_": 55,                                                        
            "$_XNOR_": 9,                                                       
            "$_XOR_": 23,                                                       
            "sky130_fd_sc_hd__dfxtp_2": 30                                      
         }                                                                      
      }                                                                         
}                                                                               
                                                                                
132. Printing statistics.                                                       
                                                                                
=== alu_top ===                                                                 
                                                                                
        +----------Local Count, excluding submodules.                           
        |        +-Local Area, excluding submodules.                            
        |        |                                                              
      266        - wires                                                        
      312        - wire bits                                                    
       17        - public wires                                                 
       63        - public wire bits                                             
       10        - ports                                                        
       33        - port bits                                                    
      289  638.112 cells                                                        
       89        -   $_ANDNOT_                                                  
        2        -   $_AND_                                                     
       42        -   $_MUX_                                                     
        9        -   $_NAND_                                                    
       14        -   $_NOR_                                                     
       13        -   $_NOT_                                                     
        3        -   $_ORNOT_                                                   
       55        -   $_OR_                                                      
        9        -   $_XNOR_                                                    
       23        -   $_XOR_                                                     
       30  638.112   sky130_fd_sc_hd__dfxtp_2                                   
                                                                                
   Area for cell type $_ANDNOT_ is unknown!                                     
   Area for cell type $_AND_ is unknown!                                        
   Area for cell type $_MUX_ is unknown!                                        
   Area for cell type $_NAND_ is unknown!                                       
   Area for cell type $_NOR_ is unknown!                                        
   Area for cell type $_NOT_ is unknown!                                        
   Area for cell type $_ORNOT_ is unknown!                                      
   Area for cell type $_OR_ is unknown!                                         
   Area for cell type $_XNOR_ is unknown!                                       
   Area for cell type $_XOR_ is unknown!                                        
                                                                                
   Chip area for module '\alu_top': 638.112000                                  
     of which used for sequential elements: 638.112000 (100.00%)                
                                                                                
[INFO] Using generated ABC script                                               
'/home/runner/work/ASIC_101/ASIC_101/files/alu/pd/runs/csel-4ns/06-yosys-synthes
is/AREA_0.abc'…                                                                 
                                                                                
133. Executing ABC pass (technology mapping using ABC).                         
                                                                                
133.1. Extracting gate netlist of module `\alu_top' to                          
`/tmp/yosys-abc-xfHzDp/input.blif'..                                            
                                                                                
133.1.1. Executed ABC.                                                          
Extracted 259 gates and 300 wires to a netlist network with 39 inputs and 30    
outputs.                                                                        
Running ABC script: /tmp/yosys-abc-xfHzDp/abc.script                            
ABC: ======== ABC command line "source /tmp/yosys-abc-xfHzDp/abc.script"        
ABC: + read_blif /tmp/yosys-abc-xfHzDp/input.blif                               
ABC: + read_lib -w                                                              
/home/runner/work/ASIC_101/ASIC_101/files/alu/pd/runs/csel-4ns/tmp/33e1cdba9fd84
73990c7ca748b18e571.lib                                                         
ABC: Parsing finished successfully.  Parsing time =     0.05 sec                
ABC: Scl_LibertyReadGenlib() skipped sequential cell "sky130_fd_sc_hd__dfbbn_2".
ABC: Scl_LibertyReadGenlib() skipped sequential cell "sky130_fd_sc_hd__dfrbp_2".
ABC: Scl_LibertyReadGenlib() skipped sequential cell "sky130_fd_sc_hd__dfrtp_2".
ABC: Scl_LibertyReadGenlib() skipped sequential cell "sky130_fd_sc_hd__dfrtp_4".
ABC: Scl_LibertyReadGenlib() skipped sequential cell "sky130_fd_sc_hd__dfsbp_2".
ABC: Scl_LibertyReadGenlib() skipped sequential cell "sky130_fd_sc_hd__dfstp_2".
ABC: Scl_LibertyReadGenlib() skipped sequential cell "sky130_fd_sc_hd__dfstp_4".
ABC: Scl_LibertyReadGenlib() skipped sequential cell "sky130_fd_sc_hd__dfxbp_2".
ABC: Scl_LibertyReadGenlib() skipped sequential cell "sky130_fd_sc_hd__dfxtp_2".
ABC: Scl_LibertyReadGenlib() skipped sequential cell "sky130_fd_sc_hd__dfxtp_4".
ABC: Scl_LibertyReadGenlib() skipped sequential cell "sky130_fd_sc_hd__dlxtn_1".
ABC: Scl_LibertyReadGenlib() skipped sequential cell "sky130_fd_sc_hd__dlxtn_2".
ABC: Scl_LibertyReadGenlib() skipped sequential cell "sky130_fd_sc_hd__dlxtn_4".
ABC: Scl_LibertyReadGenlib() skipped sequential cell "sky130_fd_sc_hd__dlxtp_1".
ABC: Scl_LibertyReadGenlib() skipped three-state cell                           
"sky130_fd_sc_hd__ebufn_2".                                                     
ABC: Scl_LibertyReadGenlib() skipped three-state cell                           
"sky130_fd_sc_hd__ebufn_4".                                                     
ABC: Scl_LibertyReadGenlib() skipped three-state cell                           
"sky130_fd_sc_hd__ebufn_8".                                                     
ABC: Library "sky130_fd_sc_hd__tt_025C_1v80" from                               
"/home/runner/work/ASIC_101/ASIC_101/files/alu/pd/runs/csel-4ns/tmp/33e1cdba9fd8
473990c7ca748b18e571.lib" has 175 cells (17 skipped: 14 seq; 3 tri-state; 0 no  
func; 0 dont_use; 0 with 2 outputs; 0 with 3+ outputs).  Time =     0.08 sec    
ABC: Memory =    9.54 MB. Time =     0.08 sec                                   
ABC: Warning: Detected 2 multi-output cells (for example,                       
"sky130_fd_sc_hd__fa_1").                                                       
ABC: + read_constr -v                                                           
/home/runner/work/ASIC_101/ASIC_101/files/alu/pd/runs/csel-4ns/06-yosys-synthesi
s/synthesis.abc.sdc                                                             
ABC: Setting driving cell to be "sky130_fd_sc_hd__inv_2/Y".                     
ABC: Setting output load to be 33.442001.                                       
ABC: + source                                                                   
/home/runner/work/ASIC_101/ASIC_101/files/alu/pd/runs/csel-4ns/06-yosys-synthesi
s/AREA_0.abc                                                                    
ABC: Error: The network is combinational.                                       
ABC: Cannot find the default PI driving cell (sky130_fd_sc_hd__inv_2/Y) in the  
library.                                                                        
ABC: WireLoad = "none"  Gates =    149 (  4.7 %)   Cap = 11.7 ff (  1.8 %)      
Area =     1296.24 ( 92.6 %)   Delay =  2984.92 ps  ( 12.8 %)                   
ABC: Path  0 --       3 : 0   10 pi                        A =   0.00  Df =     
0.0   -0.0 ps  S =   0.0 ps  Cin =  0.0 ff  Cout =  25.5 ff  Cmax =   0.0 ff  G 
=    0                                                                          
ABC: Path  1 --      78 : 3    8 sky130_fd_sc_hd__or3b_2   A =   8.76  Df =     
635.1 -242.7 ps  S = 354.9 ps  Cin =  1.5 ff  Cout =  61.9 ff  Cmax = 269.2 ff  
G = 3968                                                                        
ABC: Path  2 --      92 : 3    2 sky130_fd_sc_hd__o21a_2   A =   8.76  Df =     
919.0 -323.9 ps  S =  72.1 ps  Cin =  2.4 ff  Cout =  10.8 ff  Cmax = 294.8 ff  
G =  433                                                                        
ABC: Path  3 --      93 : 3    4 sky130_fd_sc_hd__o21bai_2 A =  11.26  Df       
=1131.1 -296.6 ps  S = 187.2 ps  Cin =  3.4 ff  Cout =  12.5 ff  Cmax = 140.1 ff
G =  352                                                                        
ABC: Path  4 --      95 : 5    5 sky130_fd_sc_hd__a311o_2  A =  11.26  Df       
=1571.0 -486.8 ps  S = 102.5 ps  Cin =  2.3 ff  Cout =  15.9 ff  Cmax = 298.5 ff
G =  671                                                                        
ABC: Path  5 --     143 : 3    1 sky130_fd_sc_hd__and3_2   A =   7.51  Df       
=1770.9 -356.7 ps  S =  37.7 ps  Cin =  1.5 ff  Cout =   1.7 ff  Cmax = 309.5 ff
G =  109                                                                        
ABC: Path  6 --     145 : 3    1 sky130_fd_sc_hd__or3_2    A =   7.51  Df       
=2197.7 -398.4 ps  S =  70.7 ps  Cin =  1.5 ff  Cout =   1.8 ff  Cmax = 310.4 ff
G =  115                                                                        
ABC: Path  7 --     150 : 4    2 sky130_fd_sc_hd__o2bb2a_2 A =  11.26  Df       
=2436.0 -445.3 ps  S =  44.3 ps  Cin =  1.8 ff  Cout =   3.1 ff  Cmax = 294.8 ff
G =  169                                                                        
ABC: Path  8 --     180 : 4    1 sky130_fd_sc_hd__and4bb_2 A =  12.51  Df       
=2644.5 -386.6 ps  S =  49.8 ps  Cin =  1.5 ff  Cout =   2.4 ff  Cmax = 270.1 ff
G =  154                                                                        
ABC: Path  9 --     191 : 5    1 sky130_fd_sc_hd__a41o_2   A =  11.26  Df       
=2984.9 -350.6 ps  S = 173.6 ps  Cin =  2.3 ff  Cout =  33.4 ff  Cmax = 325.0 ff
G = 1436                                                                        
ABC: Start-point = pi2 (\op_q [1]).  End-point = po2                            
($auto$rtlil.cc:3583:MuxGate$863).                                              
ABC: netlist                       : i/o =   39/   30  lat =    0  nd =   149   
edge =    399  area =1296.53  delay = 9.00  lev = 9                             
ABC: + write_blif /tmp/yosys-abc-xfHzDp/output.blif                             
                                                                                
133.1.2. Re-integrating ABC results.                                            
ABC RESULTS:   sky130_fd_sc_hd__a211o_2 cells:        3                         
ABC RESULTS:   sky130_fd_sc_hd__a21o_2 cells:        1                          
ABC RESULTS:   sky130_fd_sc_hd__a21oi_2 cells:        8                         
ABC RESULTS:   sky130_fd_sc_hd__a22o_2 cells:        1                          
ABC RESULTS:   sky130_fd_sc_hd__a2bb2o_2 cells:        3                        
ABC RESULTS:   sky130_fd_sc_hd__a311o_2 cells:        2                         
ABC RESULTS:   sky130_fd_sc_hd__a31o_2 cells:        4                          
ABC RESULTS:   sky130_fd_sc_hd__a41o_2 cells:        1                          
ABC RESULTS:   sky130_fd_sc_hd__and2_2 cells:       25                          
ABC RESULTS:   sky130_fd_sc_hd__and2b_2 cells:        3                         
ABC RESULTS:   sky130_fd_sc_hd__and3_2 cells:        3                          
ABC RESULTS:   sky130_fd_sc_hd__and3b_2 cells:        1                         
ABC RESULTS:   sky130_fd_sc_hd__and4_2 cells:        1                          
ABC RESULTS:   sky130_fd_sc_hd__and4bb_2 cells:        1                        
ABC RESULTS:   sky130_fd_sc_hd__inv_2 cells:        7                           
ABC RESULTS:   sky130_fd_sc_hd__mux2_1 cells:        1                          
ABC RESULTS:   sky130_fd_sc_hd__nand2_2 cells:       16                         
ABC RESULTS:   sky130_fd_sc_hd__nand2b_2 cells:        3                        
ABC RESULTS:   sky130_fd_sc_hd__nor2_2 cells:       13                          
ABC RESULTS:   sky130_fd_sc_hd__nor3_2 cells:        1                          
ABC RESULTS:   sky130_fd_sc_hd__o211a_2 cells:        3                         
ABC RESULTS:   sky130_fd_sc_hd__o211ai_2 cells:        1                        
ABC RESULTS:   sky130_fd_sc_hd__o21a_2 cells:        4                          
ABC RESULTS:   sky130_fd_sc_hd__o21ba_2 cells:        1                         
ABC RESULTS:   sky130_fd_sc_hd__o21bai_2 cells:        1                        
ABC RESULTS:   sky130_fd_sc_hd__o221a_2 cells:        4                         
ABC RESULTS:   sky130_fd_sc_hd__o22a_2 cells:        1                          
ABC RESULTS:   sky130_fd_sc_hd__o22ai_2 cells:        3                         
ABC RESULTS:   sky130_fd_sc_hd__o2bb2a_2 cells:        1                        
ABC RESULTS:   sky130_fd_sc_hd__o31a_2 cells:        5                          
ABC RESULTS:   sky130_fd_sc_hd__o32a_2 cells:        1                          
ABC RESULTS:   sky130_fd_sc_hd__or2_2 cells:        7                           
ABC RESULTS:   sky130_fd_sc_hd__or3_2 cells:        5                           
ABC RESULTS:   sky130_fd_sc_hd__or3b_2 cells:        2                          
ABC RESULTS:   sky130_fd_sc_hd__or4_2 cells:        1                           
ABC RESULTS:   sky130_fd_sc_hd__xnor2_2 cells:        6                         
ABC RESULTS:   sky130_fd_sc_hd__xor2_2 cells:        5                          
ABC RESULTS:        internal signals:      231                                  
ABC RESULTS:           input signals:       39                                  
ABC RESULTS:          output signals:       30                                  
Removing temp directory.                                                        
Removing global temp directory.                                                 
                                                                                
134. Executing SETUNDEF pass (replace undef values with defined constants).     
                                                                                
135. Executing HILOMAP pass (mapping to constant drivers).                      
                                                                                
136. Executing SPLITNETS pass (splitting up multi-bit signals).                 
                                                                                
137. Executing OPT_CLEAN pass (remove unused cells and wires).                  
Finding unused cells or wires in module \alu_top..                              
Removed 0 unused cells and 299 unused wires.                                    
<suppressed ~12 debug messages>                                                 
                                                                                
138. Executing INSBUF pass (insert buffer cells for connected wires).           
Add alu_top/$auto$insbuf.cc:97:execute$1068: \negative -> \y [7]                
                                                                                
139. Executing CHECK pass (checking for obvious problems).                      
Checking module alu_top...                                                      
Found and reported 0 problems.                                                  
{                                                                               
   "creator": "Yosys 0.62 (git sha1 7326bb7d6641500ecb285c291a54a662cb1e76cf,   
clang++ 21.1.2 -fPIC -O3)",                                                     
   "invocation": "stat -json -liberty                                           
/home/runner/work/ASIC_101/ASIC_101/files/alu/pd/runs/csel-4ns/tmp/33e1cdba9fd84
73990c7ca748b18e571.lib ",                                                      
   "modules": {                                                                 
      "\\alu_top": {                                                            
         "num_wires":         178,                                              
         "num_wire_bits":     201,                                              
         "num_pub_wires":     29,                                               
         "num_pub_wire_bits": 52,                                               
         "num_ports":         10,                                               
         "num_port_bits":     33,                                               
         "num_memories":      0,                                                
         "num_memory_bits":   0,                                                
         "num_processes":     0,                                                
         "num_cells":         180,                                              
         "num_submodules":       0,                                             
         "area":              1939.360000,                                      
         "sequential_area":    638.112000,                                      
         "num_cells_by_type": {                                                 
            "sky130_fd_sc_hd__a211o_2": 3,                                      
            "sky130_fd_sc_hd__a21o_2": 1,                                       
            "sky130_fd_sc_hd__a21oi_2": 8,                                      
            "sky130_fd_sc_hd__a22o_2": 1,                                       
            "sky130_fd_sc_hd__a2bb2o_2": 3,                                     
            "sky130_fd_sc_hd__a311o_2": 2,                                      
            "sky130_fd_sc_hd__a31o_2": 4,                                       
            "sky130_fd_sc_hd__a41o_2": 1,                                       
            "sky130_fd_sc_hd__and2_2": 25,                                      
            "sky130_fd_sc_hd__and2b_2": 3,                                      
            "sky130_fd_sc_hd__and3_2": 3,                                       
            "sky130_fd_sc_hd__and3b_2": 1,                                      
            "sky130_fd_sc_hd__and4_2": 1,                                       
            "sky130_fd_sc_hd__and4bb_2": 1,                                     
            "sky130_fd_sc_hd__buf_2": 1,                                        
            "sky130_fd_sc_hd__dfxtp_2": 30,                                     
            "sky130_fd_sc_hd__inv_2": 7,                                        
            "sky130_fd_sc_hd__mux2_1": 1,                                       
            "sky130_fd_sc_hd__nand2_2": 16,                                     
            "sky130_fd_sc_hd__nand2b_2": 3,                                     
            "sky130_fd_sc_hd__nor2_2": 13,                                      
            "sky130_fd_sc_hd__nor3_2": 1,                                       
            "sky130_fd_sc_hd__o211a_2": 3,                                      
            "sky130_fd_sc_hd__o211ai_2": 1,                                     
            "sky130_fd_sc_hd__o21a_2": 4,                                       
            "sky130_fd_sc_hd__o21ba_2": 1,                                      
            "sky130_fd_sc_hd__o21bai_2": 1,                                     
            "sky130_fd_sc_hd__o221a_2": 4,                                      
            "sky130_fd_sc_hd__o22a_2": 1,                                       
            "sky130_fd_sc_hd__o22ai_2": 3,                                      
            "sky130_fd_sc_hd__o2bb2a_2": 1,                                     
            "sky130_fd_sc_hd__o31a_2": 5,                                       
            "sky130_fd_sc_hd__o32a_2": 1,                                       
            "sky130_fd_sc_hd__or2_2": 7,                                        
            "sky130_fd_sc_hd__or3_2": 5,                                        
            "sky130_fd_sc_hd__or3b_2": 2,                                       
            "sky130_fd_sc_hd__or4_2": 1,                                        
            "sky130_fd_sc_hd__xnor2_2": 6,                                      
            "sky130_fd_sc_hd__xor2_2": 5                                        
         }                                                                      
      }                                                                         
   },                                                                           
      "design": {                                                               
         "num_wires":         178,                                              
         "num_wire_bits":     201,                                              
         "num_pub_wires":     29,                                               
         "num_pub_wire_bits": 52,                                               
         "num_ports":         10,                                               
         "num_port_bits":     33,                                               
         "num_memories":      0,                                                
         "num_memory_bits":   0,                                                
         "num_processes":     0,                                                
         "num_cells":         180,                                              
         "num_submodules":       0,                                             
         "area":              1939.360000,                                      
         "sequential_area":    638.112000,                                      
         "num_cells_by_type": {                                                 
            "sky130_fd_sc_hd__a211o_2": 3,                                      
            "sky130_fd_sc_hd__a21o_2": 1,                                       
            "sky130_fd_sc_hd__a21oi_2": 8,                                      
            "sky130_fd_sc_hd__a22o_2": 1,                                       
            "sky130_fd_sc_hd__a2bb2o_2": 3,                                     
            "sky130_fd_sc_hd__a311o_2": 2,                                      
            "sky130_fd_sc_hd__a31o_2": 4,                                       
            "sky130_fd_sc_hd__a41o_2": 1,                                       
            "sky130_fd_sc_hd__and2_2": 25,                                      
            "sky130_fd_sc_hd__and2b_2": 3,                                      
            "sky130_fd_sc_hd__and3_2": 3,                                       
            "sky130_fd_sc_hd__and3b_2": 1,                                      
            "sky130_fd_sc_hd__and4_2": 1,                                       
            "sky130_fd_sc_hd__and4bb_2": 1,                                     
            "sky130_fd_sc_hd__buf_2": 1,                                        
            "sky130_fd_sc_hd__dfxtp_2": 30,                                     
            "sky130_fd_sc_hd__inv_2": 7,                                        
            "sky130_fd_sc_hd__mux2_1": 1,                                       
            "sky130_fd_sc_hd__nand2_2": 16,                                     
            "sky130_fd_sc_hd__nand2b_2": 3,                                     
            "sky130_fd_sc_hd__nor2_2": 13,                                      
            "sky130_fd_sc_hd__nor3_2": 1,                                       
            "sky130_fd_sc_hd__o211a_2": 3,                                      
            "sky130_fd_sc_hd__o211ai_2": 1,                                     
            "sky130_fd_sc_hd__o21a_2": 4,                                       
            "sky130_fd_sc_hd__o21ba_2": 1,                                      
            "sky130_fd_sc_hd__o21bai_2": 1,                                     
            "sky130_fd_sc_hd__o221a_2": 4,                                      
            "sky130_fd_sc_hd__o22a_2": 1,                                       
            "sky130_fd_sc_hd__o22ai_2": 3,                                      
            "sky130_fd_sc_hd__o2bb2a_2": 1,                                     
            "sky130_fd_sc_hd__o31a_2": 5,                                       
            "sky130_fd_sc_hd__o32a_2": 1,                                       
            "sky130_fd_sc_hd__or2_2": 7,                                        
            "sky130_fd_sc_hd__or3_2": 5,                                        
            "sky130_fd_sc_hd__or3b_2": 2,                                       
            "sky130_fd_sc_hd__or4_2": 1,                                        
            "sky130_fd_sc_hd__xnor2_2": 6,                                      
            "sky130_fd_sc_hd__xor2_2": 5                                        
         }                                                                      
      }                                                                         
}                                                                               
                                                                                
140. Printing statistics.                                                       
                                                                                
=== alu_top ===                                                                 
                                                                                
        +----------Local Count, excluding submodules.                           
        |        +-Local Area, excluding submodules.                            
        |        |                                                              
      178        - wires                                                        
      201        - wire bits                                                    
       29        - public wires                                                 
       52        - public wire bits                                             
       10        - ports                                                        
       33        - port bits                                                    
      180  1939.36 cells                                                        
        3   30.029   sky130_fd_sc_hd__a211o_2                                   
        1    8.758   sky130_fd_sc_hd__a21o_2                                    
        8   70.067   sky130_fd_sc_hd__a21oi_2                                   
        1    10.01   sky130_fd_sc_hd__a22o_2                                    
        3   33.782   sky130_fd_sc_hd__a2bb2o_2                                  
        2   22.522   sky130_fd_sc_hd__a311o_2                                   
        4   35.034   sky130_fd_sc_hd__a31o_2                                    
        1   11.261   sky130_fd_sc_hd__a41o_2                                    
       25   187.68   sky130_fd_sc_hd__and2_2                                    
        3   26.275   sky130_fd_sc_hd__and2b_2                                   
        3   22.522   sky130_fd_sc_hd__and3_2                                    
        1    10.01   sky130_fd_sc_hd__and3b_2                                   
        1    10.01   sky130_fd_sc_hd__and4_2                                    
        1   12.512   sky130_fd_sc_hd__and4bb_2                                  
        1    5.005   sky130_fd_sc_hd__buf_2                                     
       30  638.112   sky130_fd_sc_hd__dfxtp_2                                   
        7   26.275   sky130_fd_sc_hd__inv_2                                     
        1   11.261   sky130_fd_sc_hd__mux2_1                                    
       16  100.096   sky130_fd_sc_hd__nand2_2                                   
        3   26.275   sky130_fd_sc_hd__nand2b_2                                  
       13   81.328   sky130_fd_sc_hd__nor2_2                                    
        1    10.01   sky130_fd_sc_hd__nor3_2                                    
        3   30.029   sky130_fd_sc_hd__o211a_2                                   
        1   12.512   sky130_fd_sc_hd__o211ai_2                                  
        4   35.034   sky130_fd_sc_hd__o21a_2                                    
        1    10.01   sky130_fd_sc_hd__o21ba_2                                   
        1   11.261   sky130_fd_sc_hd__o21bai_2                                  
        4   45.043   sky130_fd_sc_hd__o221a_2                                   
        1    10.01   sky130_fd_sc_hd__o22a_2                                    
        3   37.536   sky130_fd_sc_hd__o22ai_2                                   
        1   11.261   sky130_fd_sc_hd__o2bb2a_2                                  
        5   50.048   sky130_fd_sc_hd__o31a_2                                    
        1   11.261   sky130_fd_sc_hd__o32a_2                                    
        7   43.792   sky130_fd_sc_hd__or2_2                                     
        5   37.536   sky130_fd_sc_hd__or3_2                                     
        2   17.517   sky130_fd_sc_hd__or3b_2                                    
        1    8.758   sky130_fd_sc_hd__or4_2                                     
        6   97.594   sky130_fd_sc_hd__xnor2_2                                   
        5   81.328   sky130_fd_sc_hd__xor2_2                                    
                                                                                
   Chip area for module '\alu_top': 1939.360000                                 
     of which used for sequential elements: 638.112000 (32.90%)                 
                                                                                
141. Executing Verilog backend.                                                 
Dumping module `\alu_top'.                                                      
                                                                                
142. Executing JSON backend.                                                    
[21:08:20] VERBOSE  Parsing synthesis checks…                       pyosys.py:59
[21:08:20] VERBOSE  Parsing synthesis checks…                       pyosys.py:59
──────────────────────────── Unmapped Cells Checker ────────────────────────────
[21:08:20] VERBOSE  Running 'Checker.YosysUnmappedCells' at         step.py:1138
                    'runs/csel-4ns/07-checker-yosysunmappedcells'…              
[21:08:20] INFO     Check for Unmapped Yosys instances clear.     checker.py:131
────────────────────────────── Yosys Synth Checks ──────────────────────────────
[21:08:20] VERBOSE  Running 'Checker.YosysSynthChecks' at           step.py:1138
                    'runs/csel-4ns/08-checker-yosyssynthchecks'…                
[21:08:20] INFO     Check for Yosys check errors clear.           checker.py:131
─────────────────────── Netlist Assign Statement Checker ───────────────────────
[21:08:20] VERBOSE  Running 'Checker.NetlistAssignStatements' at    step.py:1138
                    'runs/csel-4ns/09-checker-netlistassignstatemen             
                    ts'…                                                        
─────────────────────────────── Check SDC Files ────────────────────────────────
[21:08:20] VERBOSE  Running 'OpenROAD.CheckSDCFiles' at             step.py:1138
                    'runs/csel-4ns/10-openroad-checksdcfiles'…                  
[21:08:20] WARNING  'PNR_SDC_FILE' is not defined. Using generic openroad.py:184
                    fallback SDC for OpenROAD PnR steps.                        
[21:08:20] WARNING  'SIGNOFF_SDC_FILE' is not defined. Using     openroad.py:188
                    generic fallback SDC for OpenROAD PnR steps.                
──────────────────────────── Check Macro Instances ─────────────────────────────
[21:08:20] VERBOSE  Running 'OpenROAD.CheckMacroInstances' at       step.py:1138
                    'runs/csel-4ns/11-openroad-checkmacroinstances'             
                    …                                                           
[21:08:20] INFO     No macros found, skipping instance check…    openroad.py:694
─────────────────────── Static Timing Analysis (Pre-PnR) ───────────────────────
[21:08:20] VERBOSE  Running 'OpenROAD.STAPrePNR' at                 step.py:1138
                    'runs/csel-4ns/12-openroad-staprepnr'…                      
[21:08:20] INFO     Starting STA for the nom_tt_025C_1v80 timing openroad.py:749
                    corner…                                                     
[21:08:20] INFO     Starting STA for the nom_ss_100C_1v60 timing openroad.py:749
                    corner…                                                     
[21:08:20] INFO     Starting STA for the nom_ff_n40C_1v95 timing openroad.py:749
                    corner…                                                     
[21:08:20] INFO     Skipping corner min_tt_025C_1v80 for STA     openroad.py:787
                    (identical to nom_tt_025C_1v80 at this                      
                    stage)…                                                     
[21:08:20] INFO     Skipping corner min_ss_100C_1v60 for STA     openroad.py:787
                    (identical to nom_ss_100C_1v60 at this                      
                    stage)…                                                     
[21:08:20] INFO     Skipping corner min_ff_n40C_1v95 for STA     openroad.py:787
                    (identical to nom_ff_n40C_1v95 at this                      
                    stage)…                                                     
[21:08:20] VERBOSE  Logging subprocess to                           step.py:1338
                    'runs/csel-4ns/12-openroad-staprepnr/nom_tt_025             
                    C_1v80/sta.log'…                                            
[21:08:20] INFO     Skipping corner max_tt_025C_1v80 for STA     openroad.py:787
                    (identical to nom_tt_025C_1v80 at this                      
                    stage)…                                                     
[21:08:20] INFO     Skipping corner max_ss_100C_1v60 for STA     openroad.py:787
                    (identical to nom_ss_100C_1v60 at this                      
                    stage)…                                                     
[21:08:20] INFO     Skipping corner max_ff_n40C_1v95 for STA     openroad.py:787
                    (identical to nom_ff_n40C_1v95 at this                      
                    stage)…                                                     
[21:08:20] VERBOSE  Logging subprocess to                           step.py:1338
                    'runs/csel-4ns/12-openroad-staprepnr/nom_ss_100             
                    C_1v60/sta.log'…                                            
[21:08:20] VERBOSE  Logging subprocess to                           step.py:1338
                    'runs/csel-4ns/12-openroad-staprepnr/nom_ff_n40             
                    C_1v95/sta.log'…                                            
[21:08:20] INFO     Finished STA for the nom_tt_025C_1v80 timing openroad.py:764
                    corner.                                                     
[21:08:21] INFO     Finished STA for the nom_ss_100C_1v60 timing openroad.py:764
                    corner.                                                     
[21:08:21] INFO     Finished STA for the nom_ff_n40C_1v95 timing openroad.py:764
                    corner.                                                     
┏━━━━━━━━━━━━━━━━━━━━━━┳━━━━┳━━━━┳━━━━┳━━━━┳━━━━┳━━━┳━━━━┳━━━┳━━━━┳━━━┳━━━━┳━━━┓
┃                      ┃    ┃    ┃    ┃    ┃ of ┃   ┃    ┃   ┃    ┃ … ┃    ┃   ┃
┃                      ┃    ┃ R… ┃    ┃    ┃ w… ┃   ┃ R… ┃   ┃    ┃ … ┃    ┃   ┃
┃                      ┃ H… ┃ to ┃    ┃ H… ┃ r… ┃ … ┃ to ┃   ┃ S… ┃ … ┃ M… ┃ … ┃
┃                      ┃ W… ┃ R… ┃ H… ┃ V… ┃ to ┃ … ┃ R… ┃ … ┃ V… ┃ … ┃ C… ┃ … ┃
┃ Corner/Group         ┃ S… ┃ P… ┃ T… ┃ C… ┃ r… ┃ … ┃ P… ┃ … ┃ C… ┃ … ┃ V… ┃ … ┃
┡━━━━━━━━━━━━━━━━━━━━━━╇━━━━╇━━━━╇━━━━╇━━━━╇━━━━╇━━━╇━━━━╇━━━╇━━━━╇━━━╇━━━━╇━━━┩
│ Overall              │ 0… │ 0… │ 0… │ 0  │ 0  │ … │ -… │ … │ 10 │ … │ 0  │ 0 │
│ nom_tt_025C_1v80     │ 0… │ 0… │ 0… │ 0  │ 0  │ … │ 0… │ … │ 0  │ 0 │ 0  │ 0 │
│ nom_ss_100C_1v60     │ 0… │ 0… │ 0… │ 0  │ 0  │ … │ -… │ … │ 10 │ … │ 0  │ 0 │
│ nom_ff_n40C_1v95     │ 0… │ 0… │ 0… │ 0  │ 0  │ … │ 1… │ … │ 0  │ 0 │ 0  │ 0 │
└──────────────────────┴────┴────┴────┴────┴────┴───┴────┴───┴────┴───┴────┴───┘
─────────────────────────── Floorplan Initialization ───────────────────────────
[21:08:21] VERBOSE  Running 'OpenROAD.Floorplan' at                 step.py:1138
                    'runs/csel-4ns/13-openroad-floorplan'…                      
[21:08:21] VERBOSE  Logging subprocess to                           step.py:1338
                    'runs/csel-4ns/13-openroad-floorplan/openroad-f             
                    loorplan.log'…                                              
Reading timing models for corner nom_tt_025C_1v80…                              
Reading timing library for the 'nom_tt_025C_1v80' corner at                     
'/home/runner/.ciel/ciel/sky130/versions/8afc8346a57fe1ab7934ba5a6056ea8b43078e7
1/sky130A/libs.ref/sky130_fd_sc_hd/lib/sky130_fd_sc_hd__tt_025C_1v80.lib'…      
Reading technology LEF file at                                                  
'/home/runner/.ciel/ciel/sky130/versions/8afc8346a57fe1ab7934ba5a6056ea8b43078e7
1/sky130A/libs.ref/sky130_fd_sc_hd/techlef/sky130_fd_sc_hd__nom.tlef'…          
[INFO ODB-0227] LEF file:                                                       
/home/runner/.ciel/ciel/sky130/versions/8afc8346a57fe1ab7934ba5a6056ea8b43078e71
/sky130A/libs.ref/sky130_fd_sc_hd/techlef/sky130_fd_sc_hd__nom.tlef, created 14 
layers, 25 vias                                                                 
Reading cell LEF file at                                                        
'/home/runner/.ciel/ciel/sky130/versions/8afc8346a57fe1ab7934ba5a6056ea8b43078e7
1/sky130A/libs.ref/sky130_fd_sc_hd/lef/sky130_ef_sc_hd.lef'…                    
The NOWIREEXTENSIONATPIN statement will be ignored. See file                    
/home/runner/.ciel/ciel/sky130/versions/8afc8346a57fe1ab7934ba5a6056ea8b43078e71
/sky130A/libs.ref/sky130_fd_sc_hd/lef/sky130_ef_sc_hd.lef at line 2.            
                                                                                
[INFO ODB-0227] LEF file:                                                       
/home/runner/.ciel/ciel/sky130/versions/8afc8346a57fe1ab7934ba5a6056ea8b43078e71
/sky130A/libs.ref/sky130_fd_sc_hd/lef/sky130_ef_sc_hd.lef, created 8 library    
cells                                                                           
Reading cell LEF file at                                                        
'/home/runner/.ciel/ciel/sky130/versions/8afc8346a57fe1ab7934ba5a6056ea8b43078e7
1/sky130A/libs.ref/sky130_fd_sc_hd/lef/sky130_fd_sc_hd.lef'…                    
The NOWIREEXTENSIONATPIN statement will be ignored. See file                    
/home/runner/.ciel/ciel/sky130/versions/8afc8346a57fe1ab7934ba5a6056ea8b43078e71
/sky130A/libs.ref/sky130_fd_sc_hd/lef/sky130_fd_sc_hd.lef at line 2.            
                                                                                
[INFO ODB-0227] LEF file:                                                       
/home/runner/.ciel/ciel/sky130/versions/8afc8346a57fe1ab7934ba5a6056ea8b43078e71
/sky130A/libs.ref/sky130_fd_sc_hd/lef/sky130_fd_sc_hd.lef, created 437 library  
cells                                                                           
Reading top-level netlist at                                                    
'/home/runner/work/ASIC_101/ASIC_101/files/alu/pd/runs/csel-4ns/06-yosys-synthes
is/alu_top.nl.v'…                                                               
Linking design 'alu_top' from netlist…                                          
Reading design constraints file at                                              
'/nix/store/8y4m6wgn5kqlbig1qwnwbxijqqp0jwib-python3-3.13.9-env/lib/python3.13/s
ite-packages/librelane/scripts/base.sdc'…                                       
[INFO] Using clock clk…                                                         
[INFO] Setting output delay to: 0.8                                             
[INFO] Setting input delay to: 0.8                                              
[INFO] Setting load to: 0.033442                                                
[INFO] Setting clock uncertainty to: 0.25                                       
[INFO] Setting clock transition to:                                             
0.1499999999999999944488848768742172978818416595458984375                       
[INFO] Setting timing derate to: 5.0%                                           
Using site height: 2.72 and site width: 0.46…                                   
[INFO] Using absolute sizing for the floorplan.                                 
[INFO] Using the set CORE_AREA; ignoring core margin parameters                 
+ initialize_floorplan -site unithd -die_area 0.0 0.0 110.0 110.0 -core_area    
10.0 10.0 100.0 100.0                                                           
[21:08:21] WARNING  [IFP-0028] Core area lower left (10.000,     openroad.py:314
                    10.000) snapped to (10.120, 10.880).                        
[INFO IFP-0001] Added 32 rows of 195 site unithd.                               
[INFO IFP-0100] Die BBox:  (  0.000  0.000 ) ( 110.000 110.000 ) um             
[INFO IFP-0101] Core BBox: ( 10.120 10.880 ) ( 99.820 97.920 ) um               
[INFO IFP-0102] Core area:                         7807.488 um^2                
[INFO IFP-0103] Total instances area:              1939.360 um^2                
[INFO IFP-0104] Effective utilization:                0.248                     
[INFO IFP-0105] Number of instances:                    180                     
[INFO IFP-0030] Inserted 0 tiecells using sky130_fd_sc_hd__conb_1/LO.           
[INFO IFP-0030] Inserted 0 tiecells using sky130_fd_sc_hd__conb_1/HI.           
[INFO] Extracting DIE_AREA and CORE_AREA from the floorplan                     
[INFO] Floorplanned on a die area of 0.0 0.0 110.0 110.0 (µm).                  
[INFO] Floorplanned on a core area of 10.12 10.88 99.82 97.92 (µm).             
Writing metric design__die__bbox: 0.0 0.0 110.0 110.0                           
Writing metric design__core__bbox: 10.12 10.88 99.82 97.92                      
Setting global connections for newly added cells…                               
[INFO] Setting global connections...                                            
[INFO ODB-0403] 0 connections made, 0 conflicts skipped.                        
Updating metrics…                                                               
Cell type report:                       Count       Area                        
  Buffer                                    1       5.00                        
  Inverter                                  7      26.28                        
  Sequential cell                          30     638.11                        
  Multi-Input combinational cell          142    1269.97                        
  Total                                   180    1939.36                        
Writing OpenROAD database to                                                    
'/home/runner/work/ASIC_101/ASIC_101/files/alu/pd/runs/csel-4ns/13-openroad-floo
rplan/alu_top.odb'…                                                             
Writing netlist to                                                              
'/home/runner/work/ASIC_101/ASIC_101/files/alu/pd/runs/csel-4ns/13-openroad-floo
rplan/alu_top.nl.v'…                                                            
Writing powered netlist to                                                      
'/home/runner/work/ASIC_101/ASIC_101/files/alu/pd/runs/csel-4ns/13-openroad-floo
rplan/alu_top.pnl.v'…                                                           
Writing layout to                                                               
'/home/runner/work/ASIC_101/ASIC_101/files/alu/pd/runs/csel-4ns/13-openroad-floo
rplan/alu_top.def'…                                                             
Writing timing constraints to                                                   
'/home/runner/work/ASIC_101/ASIC_101/files/alu/pd/runs/csel-4ns/13-openroad-floo
rplan/alu_top.sdc'…                                                             
──────────────────────────────── Dump RC Values ────────────────────────────────
[21:08:21] VERBOSE  Running 'OpenROAD.DumpRCValues' at              step.py:1138
                    'runs/csel-4ns/14-openroad-dumprcvalues'…                   
[21:08:21] VERBOSE  Logging subprocess to                           step.py:1338
                    'runs/csel-4ns/14-openroad-dumprcvalues/openroa             
                    d-dumprcvalues.log'…                                        
Reading timing models for corner nom_tt_025C_1v80…                              
Reading timing library for the 'nom_tt_025C_1v80' corner at                     
'/home/runner/.ciel/ciel/sky130/versions/8afc8346a57fe1ab7934ba5a6056ea8b43078e7
1/sky130A/libs.ref/sky130_fd_sc_hd/lib/sky130_fd_sc_hd__tt_025C_1v80.lib'…      
Reading technology LEF file at                                                  
'/home/runner/.ciel/ciel/sky130/versions/8afc8346a57fe1ab7934ba5a6056ea8b43078e7
1/sky130A/libs.ref/sky130_fd_sc_hd/techlef/sky130_fd_sc_hd__nom.tlef'…          
[INFO ODB-0227] LEF file:                                                       
/home/runner/.ciel/ciel/sky130/versions/8afc8346a57fe1ab7934ba5a6056ea8b43078e71
/sky130A/libs.ref/sky130_fd_sc_hd/techlef/sky130_fd_sc_hd__nom.tlef, created 14 
layers, 25 vias                                                                 
Reading cell LEF file at                                                        
'/home/runner/.ciel/ciel/sky130/versions/8afc8346a57fe1ab7934ba5a6056ea8b43078e7
1/sky130A/libs.ref/sky130_fd_sc_hd/lef/sky130_ef_sc_hd.lef'…                    
The NOWIREEXTENSIONATPIN statement will be ignored. See file                    
/home/runner/.ciel/ciel/sky130/versions/8afc8346a57fe1ab7934ba5a6056ea8b43078e71
/sky130A/libs.ref/sky130_fd_sc_hd/lef/sky130_ef_sc_hd.lef at line 2.            
                                                                                
[INFO ODB-0227] LEF file:                                                       
/home/runner/.ciel/ciel/sky130/versions/8afc8346a57fe1ab7934ba5a6056ea8b43078e71
/sky130A/libs.ref/sky130_fd_sc_hd/lef/sky130_ef_sc_hd.lef, created 8 library    
cells                                                                           
Reading cell LEF file at                                                        
'/home/runner/.ciel/ciel/sky130/versions/8afc8346a57fe1ab7934ba5a6056ea8b43078e7
1/sky130A/libs.ref/sky130_fd_sc_hd/lef/sky130_fd_sc_hd.lef'…                    
The NOWIREEXTENSIONATPIN statement will be ignored. See file                    
/home/runner/.ciel/ciel/sky130/versions/8afc8346a57fe1ab7934ba5a6056ea8b43078e71
/sky130A/libs.ref/sky130_fd_sc_hd/lef/sky130_fd_sc_hd.lef at line 2.            
                                                                                
[INFO ODB-0227] LEF file:                                                       
/home/runner/.ciel/ciel/sky130/versions/8afc8346a57fe1ab7934ba5a6056ea8b43078e71
/sky130A/libs.ref/sky130_fd_sc_hd/lef/sky130_fd_sc_hd.lef, created 437 library  
cells                                                                           
[INFO ODB-0127] Reading DEF file:                                               
/home/runner/work/ASIC_101/ASIC_101/files/alu/pd/runs/csel-4ns/13-openroad-floor
plan/alu_top.def                                                                
[INFO ODB-0128] Design: alu_top                                                 
[INFO ODB-0130]     Created 33 pins.                                            
[INFO ODB-0131]     Created 180 components and 1360 component-terminals.        
[INFO ODB-0132]     Created 2 special nets and 720 connections.                 
[INFO ODB-0133]     Created 201 nets and 640 connections.                       
[INFO ODB-0134] Finished DEF file:                                              
/home/runner/work/ASIC_101/ASIC_101/files/alu/pd/runs/csel-4ns/13-openroad-floor
plan/alu_top.def                                                                
────────── Check Antenna Properties of Macros Pins in Their LEF Views ──────────
[21:08:22] VERBOSE  Running 'Odb.CheckMacroAntennaProperties' at    step.py:1138
                    'runs/csel-4ns/15-odb-checkmacroantennaproperti             
                    es'…                                                        
[21:08:22] INFO     No cells provided, skipping                       odb.py:234
                    'Odb.CheckMacroAntennaProperties'…                          
──────────────────────────── Set Power Connections ─────────────────────────────
[21:08:22] VERBOSE  Running 'Odb.SetPowerConnections' at            step.py:1138
                    'runs/csel-4ns/16-odb-setpowerconnections'…                 
[21:08:22] VERBOSE  Logging subprocess to                           step.py:1338
                    'runs/csel-4ns/16-odb-setpowerconnections/odb-s             
                    etpowerconnections.log'…                                    
──────────────────────────── Manual Macro Placement ────────────────────────────
[21:08:23] VERBOSE  Running 'Odb.ManualMacroPlacement' at           step.py:1138
                    'runs/csel-4ns/17-odb-manualmacroplacement'…                
[21:08:23] INFO     No instances found, skipping                      odb.py:468
                    'Odb.ManualMacroPlacement'…                                 
─────────────────────────────────── Cut Rows ───────────────────────────────────
[21:08:23] VERBOSE  Running 'OpenROAD.CutRows' at                   step.py:1138
                    'runs/csel-4ns/18-openroad-cutrows'…                        
[21:08:23] VERBOSE  Logging subprocess to                           step.py:1338
                    'runs/csel-4ns/18-openroad-cutrows/openroad-cut             
                    rows.log'…                                                  
Reading timing models for corner nom_tt_025C_1v80…                              
Reading timing library for the 'nom_tt_025C_1v80' corner at                     
'/home/runner/.ciel/ciel/sky130/versions/8afc8346a57fe1ab7934ba5a6056ea8b43078e7
1/sky130A/libs.ref/sky130_fd_sc_hd/lib/sky130_fd_sc_hd__tt_025C_1v80.lib'…      
Reading OpenROAD database at                                                    
'/home/runner/work/ASIC_101/ASIC_101/files/alu/pd/runs/csel-4ns/16-odb-setpowerc
onnections/alu_top.odb'…                                                        
Reading design constraints file at                                              
'/nix/store/8y4m6wgn5kqlbig1qwnwbxijqqp0jwib-python3-3.13.9-env/lib/python3.13/s
ite-packages/librelane/scripts/base.sdc'…                                       
[INFO] Using clock clk…                                                         
[INFO] Setting output delay to: 0.8                                             
[INFO] Setting input delay to: 0.8                                              
[INFO] Setting load to: 0.033442                                                
[INFO] Setting clock uncertainty to: 0.25                                       
[INFO] Setting clock transition to:                                             
0.1499999999999999944488848768742172978818416595458984375                       
[INFO] Setting timing derate to: 5.0%                                           
+ cut_rows -halo_width_x 10.0 -halo_width_y 10.0 -endcap_master                 
sky130_fd_sc_hd__decap_3                                                        
Setting global connections for newly added cells…                               
[INFO] Setting global connections...                                            
[INFO ODB-0403] 0 connections made, 0 conflicts skipped.                        
Updating metrics…                                                               
Cell type report:                       Count       Area                        
  Buffer                                    1       5.00                        
  Inverter                                  7      26.28                        
  Sequential cell                          30     638.11                        
  Multi-Input combinational cell          142    1269.97                        
  Total                                   180    1939.36                        
Writing OpenROAD database to                                                    
'/home/runner/work/ASIC_101/ASIC_101/files/alu/pd/runs/csel-4ns/18-openroad-cutr
ows/alu_top.odb'…                                                               
Writing layout to                                                               
'/home/runner/work/ASIC_101/ASIC_101/files/alu/pd/runs/csel-4ns/18-openroad-cutr
ows/alu_top.def'…                                                               
───────────────────────────── Tap/Decap Insertion ──────────────────────────────
[21:08:23] VERBOSE  Running 'OpenROAD.TapEndcapInsertion' at        step.py:1138
                    'runs/csel-4ns/19-openroad-tapendcapinsertion'…             
[21:08:23] VERBOSE  Logging subprocess to                           step.py:1338
                    'runs/csel-4ns/19-openroad-tapendcapinsertion/o             
                    penroad-tapendcapinsertion.log'…                            
Reading timing models for corner nom_tt_025C_1v80…                              
Reading timing library for the 'nom_tt_025C_1v80' corner at                     
'/home/runner/.ciel/ciel/sky130/versions/8afc8346a57fe1ab7934ba5a6056ea8b43078e7
1/sky130A/libs.ref/sky130_fd_sc_hd/lib/sky130_fd_sc_hd__tt_025C_1v80.lib'…      
Reading OpenROAD database at                                                    
'/home/runner/work/ASIC_101/ASIC_101/files/alu/pd/runs/csel-4ns/18-openroad-cutr
ows/alu_top.odb'…                                                               
Reading design constraints file at                                              
'/nix/store/8y4m6wgn5kqlbig1qwnwbxijqqp0jwib-python3-3.13.9-env/lib/python3.13/s
ite-packages/librelane/scripts/base.sdc'…                                       
[INFO] Using clock clk…                                                         
[INFO] Setting output delay to: 0.8                                             
[INFO] Setting input delay to: 0.8                                              
[INFO] Setting load to: 0.033442                                                
[INFO] Setting clock uncertainty to: 0.25                                       
[INFO] Setting clock transition to:                                             
0.1499999999999999944488848768742172978818416595458984375                       
[INFO] Setting timing derate to: 5.0%                                           
+ tapcell -halo_width_x 10.0 -halo_width_y 10.0 -distance 13.0 -tapcell_master  
sky130_fd_sc_hd__tapvpwrvgnd_1 -endcap_master sky130_fd_sc_hd__decap_3          
[INFO TAP-0004] Inserted 64 endcaps.                                            
[INFO TAP-0005] Inserted 102 tapcells.                                          
Setting global connections for newly added cells…                               
[INFO] Setting global connections...                                            
[INFO ODB-0403] 460 connections made, 0 conflicts skipped.                      
Updating metrics…                                                               
Cell type report:                       Count       Area                        
  Fill cell                                64     240.23                        
  Tap cell                                102     127.62                        
  Buffer                                    1       5.00                        
  Inverter                                  7      26.28                        
  Sequential cell                          30     638.11                        
  Multi-Input combinational cell          142    1269.97                        
  Total                                   346    2307.21                        
Writing OpenROAD database to                                                    
'/home/runner/work/ASIC_101/ASIC_101/files/alu/pd/runs/csel-4ns/19-openroad-tape
ndcapinsertion/alu_top.odb'…                                                    
Writing netlist to                                                              
'/home/runner/work/ASIC_101/ASIC_101/files/alu/pd/runs/csel-4ns/19-openroad-tape
ndcapinsertion/alu_top.nl.v'…                                                   
Writing powered netlist to                                                      
'/home/runner/work/ASIC_101/ASIC_101/files/alu/pd/runs/csel-4ns/19-openroad-tape
ndcapinsertion/alu_top.pnl.v'…                                                  
Writing layout to                                                               
'/home/runner/work/ASIC_101/ASIC_101/files/alu/pd/runs/csel-4ns/19-openroad-tape
ndcapinsertion/alu_top.def'…                                                    
Writing timing constraints to                                                   
'/home/runner/work/ASIC_101/ASIC_101/files/alu/pd/runs/csel-4ns/19-openroad-tape
ndcapinsertion/alu_top.sdc'…                                                    
───────────────────────────── Add PDN obstructions ─────────────────────────────
[21:08:24] VERBOSE  Running 'Odb.AddPDNObstructions' at             step.py:1138
                    'runs/csel-4ns/20-odb-addpdnobstructions'…                  
[21:08:24] INFO     'PDN_OBSTRUCTIONS' is not defined. Skipping       odb.py:589
                    'Odb.AddPDNObstructions'…                                   
──────────────────── Power Distribution Network Generation ─────────────────────
[21:08:24] VERBOSE  Running 'OpenROAD.GeneratePDN' at               step.py:1138
                    'runs/csel-4ns/21-openroad-generatepdn'…                    
[21:08:24] INFO     'PDN_CFG' not explicitly set, setting it to openroad.py:1483
                    /nix/store/8y4m6wgn5kqlbig1qwnwbxijqqp0jwib                 
                    -python3-3.13.9-env/lib/python3.13/site-pac                 
                    kages/librelane/scripts/openroad/common/pdn                 
                    _cfg.tcl…                                                   
[21:08:24] VERBOSE  Logging subprocess to                           step.py:1338
                    'runs/csel-4ns/21-openroad-generatepdn/openroad             
                    -generatepdn.log'…                                          
Reading timing models for corner nom_tt_025C_1v80…                              
Reading timing library for the 'nom_tt_025C_1v80' corner at                     
'/home/runner/.ciel/ciel/sky130/versions/8afc8346a57fe1ab7934ba5a6056ea8b43078e7
1/sky130A/libs.ref/sky130_fd_sc_hd/lib/sky130_fd_sc_hd__tt_025C_1v80.lib'…      
Reading OpenROAD database at                                                    
'/home/runner/work/ASIC_101/ASIC_101/files/alu/pd/runs/csel-4ns/19-openroad-tape
ndcapinsertion/alu_top.odb'…                                                    
Reading design constraints file at                                              
'/nix/store/8y4m6wgn5kqlbig1qwnwbxijqqp0jwib-python3-3.13.9-env/lib/python3.13/s
ite-packages/librelane/scripts/base.sdc'…                                       
[INFO] Using clock clk…                                                         
[INFO] Setting output delay to: 0.8                                             
[INFO] Setting input delay to: 0.8                                              
[INFO] Setting load to: 0.033442                                                
[INFO] Setting clock uncertainty to: 0.25                                       
[INFO] Setting clock transition to:                                             
0.1499999999999999944488848768742172978818416595458984375                       
[INFO] Setting timing derate to: 5.0%                                           
[INFO] Setting global connections...                                            
[INFO ODB-0403] 0 connections made, 0 conflicts skipped.                        
+ pdngen                                                                        
[INFO PDN-0001] Inserting grid: stdcell_grid                                    
Setting global connections for newly added cells…                               
[INFO] Setting global connections...                                            
[INFO ODB-0403] 0 connections made, 0 conflicts skipped.                        
Updating metrics…                                                               
Cell type report:                       Count       Area                        
  Fill cell                                64     240.23                        
  Tap cell                                102     127.62                        
  Buffer                                    1       5.00                        
  Inverter                                  7      26.28                        
  Sequential cell                          30     638.11                        
  Multi-Input combinational cell          142    1269.97                        
  Total                                   346    2307.21                        
Writing OpenROAD database to                                                    
'/home/runner/work/ASIC_101/ASIC_101/files/alu/pd/runs/csel-4ns/21-openroad-gene
ratepdn/alu_top.odb'…                                                           
Writing netlist to                                                              
'/home/runner/work/ASIC_101/ASIC_101/files/alu/pd/runs/csel-4ns/21-openroad-gene
ratepdn/alu_top.nl.v'…                                                          
Writing powered netlist to                                                      
'/home/runner/work/ASIC_101/ASIC_101/files/alu/pd/runs/csel-4ns/21-openroad-gene
ratepdn/alu_top.pnl.v'…                                                         
Writing layout to                                                               
'/home/runner/work/ASIC_101/ASIC_101/files/alu/pd/runs/csel-4ns/21-openroad-gene
ratepdn/alu_top.def'…                                                           
Writing timing constraints to                                                   
'/home/runner/work/ASIC_101/ASIC_101/files/alu/pd/runs/csel-4ns/21-openroad-gene
ratepdn/alu_top.sdc'…                                                           
[INFO PSM-0040] All shapes on net VPWR are connected.                           
[INFO PSM-0040] All shapes on net VGND are connected.                           
─────────────────────────── Remove PDN obstructions ────────────────────────────
[21:08:24] VERBOSE  Running 'Odb.RemovePDNObstructions' at          step.py:1138
                    'runs/csel-4ns/22-odb-removepdnobstructions'…               
[21:08:24] INFO     'PDN_OBSTRUCTIONS' is not defined. Skipping       odb.py:589
                    'Odb.RemovePDNObstructions'…                                
─────────────────────────────── Add Obstructions ───────────────────────────────
[21:08:25] VERBOSE  Running 'Odb.AddRoutingObstructions' at         step.py:1138
                    'runs/csel-4ns/23-odb-addroutingobstructions'…              
[21:08:25] INFO     'ROUTING_OBSTRUCTIONS' is not defined. Skipping   odb.py:589
                    'Odb.AddRoutingObstructions'…                               
─────────────────────────── Global Placement Skip IO ───────────────────────────
[21:08:25] VERBOSE  Running 'OpenROAD.GlobalPlacementSkipIO' at     step.py:1138
                    'runs/csel-4ns/24-openroad-globalplacementskipi             
                    o'…                                                         
[21:08:25] VERBOSE  Logging subprocess to                           step.py:1338
                    'runs/csel-4ns/24-openroad-globalplacementskipi             
                    o/openroad-globalplacementskipio.log'…                      
Reading timing models for corner nom_tt_025C_1v80…                              
Reading timing library for the 'nom_tt_025C_1v80' corner at                     
'/home/runner/.ciel/ciel/sky130/versions/8afc8346a57fe1ab7934ba5a6056ea8b43078e7
1/sky130A/libs.ref/sky130_fd_sc_hd/lib/sky130_fd_sc_hd__tt_025C_1v80.lib'…      
Reading OpenROAD database at                                                    
'/home/runner/work/ASIC_101/ASIC_101/files/alu/pd/runs/csel-4ns/21-openroad-gene
ratepdn/alu_top.odb'…                                                           
Reading design constraints file at                                              
'/nix/store/8y4m6wgn5kqlbig1qwnwbxijqqp0jwib-python3-3.13.9-env/lib/python3.13/s
ite-packages/librelane/scripts/base.sdc'…                                       
[INFO] Using clock clk…                                                         
[INFO] Setting output delay to: 0.8                                             
[INFO] Setting input delay to: 0.8                                              
[INFO] Setting load to: 0.033442                                                
[INFO] Setting clock uncertainty to: 0.25                                       
[INFO] Setting clock transition to:                                             
0.1499999999999999944488848768742172978818416595458984375                       
[INFO] Setting timing derate to: 5.0%                                           
+ global_placement -density 0.45 -skip_io -pad_right 0 -pad_left 0              
-init_wirelength_coef 0.25                                                      
[INFO GPL-0001] ---- Initialize GPL Main Data Structures                        
[INFO GPL-0002] DBU: 1000                                                       
[INFO GPL-0003] SiteSize: (  0.460  2.720 ) um                                  
[INFO GPL-0004] CoreBBox: ( 10.120 10.880 ) ( 99.820 97.920 ) um                
[INFO GPL-0036] Movable instances area:       1939.360 um^2                     
[INFO GPL-0037] Total instances area:         2307.213 um^2                     
[INFO GPL-0035] Pin density area adjust:       294.709 um^2                     
[INFO GPL-0032] ---- Initialize Region: Top-level                               
[INFO GPL-0006] Number of instances:               346                          
[INFO GPL-0007] Movable instances:                 180                          
[INFO GPL-0008] Fixed instances:                   166                          
[INFO GPL-0009] Dummy instances:                     0                          
[INFO GPL-0010] Number of nets:                    201                          
[INFO GPL-0011] Number of pins:                    640                          
[INFO GPL-0012] Die BBox:  (  0.000  0.000 ) ( 110.000 110.000 ) um             
[INFO GPL-0013] Core BBox: ( 10.120 10.880 ) ( 99.820 97.920 ) um               
[INFO GPL-0016] Core area:                    7807.488 um^2                     
[INFO GPL-0014] Region name: top-level.                                         
[INFO GPL-0015] Region area:                  7807.488 um^2                     
[INFO GPL-0017] Fixed instances area:          367.853 um^2                     
[INFO GPL-0018] Movable instances area:       2234.069 um^2                     
[INFO GPL-0019] Utilization:                    30.029 %                        
[INFO GPL-0020] Standard cells area:          2234.069 um^2                     
[INFO GPL-0021] Large instances area:            0.000 um^2                     
[INFO GPL-0005] ---- Execute Conjugate Gradient Initial Placement.              
[INFO GPL-0051] Source of initial instance position counters:                   
        Odb location = 0        Core center = 180       Region center = 0       
[INFO GPL-0033] ---- Initialize Nesterov Region: Top-level                      
[INFO GPL-0023] Placement target density:       0.4500                          
[INFO GPL-0024] Movable insts average area:     12.411 um^2                     
[INFO GPL-0025] Ideal bin area:                 27.581 um^2                     
[INFO GPL-0026] Ideal bin count:                   283                          
[INFO GPL-0027] Total bin area:               7807.488 um^2                     
[INFO GPL-0028] Bin count (X, Y):          16 ,     16                          
[INFO GPL-0029] Bin size (W * H):       5.606 *  5.440 um                       
[INFO GPL-0030] Number of bins:                    256                          
[INFO GPL-0007] ---- Execute Nesterov Global Placement.                         
[INFO GPL-0031] HPWL: Half-Perimeter Wirelength                                 
Iteration | Overflow |     HPWL (um) |  HPWL(%) |   Penalty | Group             
---------------------------------------------------------------                 
        0 |   0.9752 |  4.429460e+02 |   +0.00% |  2.15e-14 |                   
       10 |   0.9575 |  2.412010e+02 |  -45.55% |  3.51e-14 |                   
       20 |   0.9577 |  2.391500e+02 |   -0.85% |  5.72e-14 |                   
       30 |   0.9578 |  2.389570e+02 |   -0.08% |  9.31e-14 |                   
       40 |   0.9577 |  2.388870e+02 |   -0.03% |  1.52e-13 |                   
       50 |   0.9577 |  2.389420e+02 |   +0.02% |  2.47e-13 |                   
       60 |   0.9575 |  2.391050e+02 |   +0.07% |  4.03e-13 |                   
       70 |   0.9572 |  2.395860e+02 |   +0.20% |  6.56e-13 |                   
       80 |   0.9567 |  2.407420e+02 |   +0.48% |  1.07e-12 |                   
       90 |   0.9559 |  2.429850e+02 |   +0.93% |  1.74e-12 |                   
      100 |   0.9544 |  2.465860e+02 |   +1.48% |  2.83e-12 |                   
      110 |   0.9522 |  2.513400e+02 |   +1.93% |  4.62e-12 |                   
      120 |   0.9516 |  2.567640e+02 |   +2.16% |  7.52e-12 |                   
      130 |   0.9516 |  2.616510e+02 |   +1.90% |  1.22e-11 |                   
      140 |   0.9513 |  2.652360e+02 |   +1.37% |  1.99e-11 |                   
      150 |   0.9476 |  2.961590e+02 |  +11.66% |  3.25e-11 |                   
      160 |   0.9213 |  3.765420e+02 |  +27.14% |  5.29e-11 |                   
      170 |   0.9025 |  5.357010e+02 |  +42.27% |  8.62e-11 |                   
      180 |   0.8631 |  7.220890e+02 |  +34.79% |  1.40e-10 |                   
      190 |   0.8326 |  8.712540e+02 |  +20.66% |  2.29e-10 |                   
      200 |   0.7988 |  1.024673e+03 |  +17.61% |  3.73e-10 |                   
      210 |   0.7610 |  1.195245e+03 |  +16.65% |  6.07e-10 |                   
      220 |   0.7200 |  1.366214e+03 |  +14.30% |  9.89e-10 |                   
      230 |   0.6703 |  1.503965e+03 |  +10.08% |  1.61e-09 |                   
      240 |   0.6250 |  1.655842e+03 |  +10.10% |  2.62e-09 |                   
      250 |   0.5792 |  1.827095e+03 |  +10.34% |  4.27e-09 |                   
      260 |   0.5215 |  1.961685e+03 |   +7.37% |  6.96e-09 |                   
      270 |   0.4708 |  2.096296e+03 |   +6.86% |  1.13e-08 |                   
      280 |   0.4142 |  2.250771e+03 |   +7.37% |  1.85e-08 |                   
      290 |   0.3537 |  2.359546e+03 |   +4.83% |  3.01e-08 |                   
      300 |   0.3050 |  2.438729e+03 |   +3.36% |  4.52e-08 |                   
      310 |   0.2642 |  2.494125e+03 |   +2.27% |  6.66e-08 |                   
      320 |   0.2452 |  2.562922e+03 |   +2.76% |  9.81e-08 |                   
      330 |   0.2044 |  2.607740e+03 |   +1.75% |  1.45e-07 |                   
      340 |   0.1792 |  2.657106e+03 |   +1.89% |  2.13e-07 |                   
      350 |   0.1598 |  2.708045e+03 |   +1.92% |  3.14e-07 |                   
      360 |   0.1295 |  2.736270e+03 |   +1.04% |  4.62e-07 |                   
      370 |   0.1038 |  2.758843e+03 |   +0.82% |  6.81e-07 |                   
      373 |   0.0988 |  2.770394e+03 |          |  7.95e-07 |                   
---------------------------------------------------------------                 
[INFO GPL-1001] Global placement finished at iteration 373                      
[INFO GPL-1002] Placed Cell Area             2234.0687                          
[INFO GPL-1003] Available Free Area          7439.6352                          
[INFO GPL-1004] Minimum Feasible Density        0.3100 (cell_area / free_area)  
[INFO GPL-1006]   Suggested Target Densities:                                   
[INFO GPL-1007]     - For 90% usage of free space: 0.3337                       
[INFO GPL-1008]     - For 80% usage of free space: 0.3754                       
[INFO GPL-1009]     - For 50% usage of free space: 0.6006                       
[INFO GPL-1014] Final placement area: 2234.07 (+0.00%)                          
Setting global connections for newly added cells…                               
[INFO] Setting global connections...                                            
[INFO ODB-0403] 0 connections made, 0 conflicts skipped.                        
Updating metrics…                                                               
Cell type report:                       Count       Area                        
  Fill cell                                64     240.23                        
  Tap cell                                102     127.62                        
  Buffer                                    1       5.00                        
  Inverter                                  7      26.28                        
  Sequential cell                          30     638.11                        
  Multi-Input combinational cell          142    1269.97                        
  Total                                   346    2307.21                        
Writing OpenROAD database to                                                    
'/home/runner/work/ASIC_101/ASIC_101/files/alu/pd/runs/csel-4ns/24-openroad-glob
alplacementskipio/alu_top.odb'…                                                 
Writing netlist to                                                              
'/home/runner/work/ASIC_101/ASIC_101/files/alu/pd/runs/csel-4ns/24-openroad-glob
alplacementskipio/alu_top.nl.v'…                                                
Writing powered netlist to                                                      
'/home/runner/work/ASIC_101/ASIC_101/files/alu/pd/runs/csel-4ns/24-openroad-glob
alplacementskipio/alu_top.pnl.v'…                                               
Writing layout to                                                               
'/home/runner/work/ASIC_101/ASIC_101/files/alu/pd/runs/csel-4ns/24-openroad-glob
alplacementskipio/alu_top.def'…                                                 
Writing timing constraints to                                                   
'/home/runner/work/ASIC_101/ASIC_101/files/alu/pd/runs/csel-4ns/24-openroad-glob
alplacementskipio/alu_top.sdc'…                                                 
──────────────────────────────── I/O Placement ─────────────────────────────────
[21:08:25] VERBOSE  Running 'OpenROAD.IOPlacement' at               step.py:1138
                    'runs/csel-4ns/25-openroad-ioplacement'…                    
[21:08:25] VERBOSE  Logging subprocess to                           step.py:1338
                    'runs/csel-4ns/25-openroad-ioplacement/openroad             
                    -ioplacement.log'…                                          
Reading timing models for corner nom_tt_025C_1v80…                              
Reading timing library for the 'nom_tt_025C_1v80' corner at                     
'/home/runner/.ciel/ciel/sky130/versions/8afc8346a57fe1ab7934ba5a6056ea8b43078e7
1/sky130A/libs.ref/sky130_fd_sc_hd/lib/sky130_fd_sc_hd__tt_025C_1v80.lib'…      
Reading OpenROAD database at                                                    
'/home/runner/work/ASIC_101/ASIC_101/files/alu/pd/runs/csel-4ns/24-openroad-glob
alplacementskipio/alu_top.odb'…                                                 
Reading design constraints file at                                              
'/nix/store/8y4m6wgn5kqlbig1qwnwbxijqqp0jwib-python3-3.13.9-env/lib/python3.13/s
ite-packages/librelane/scripts/base.sdc'…                                       
[INFO] Using clock clk…                                                         
[INFO] Setting output delay to: 0.8                                             
[INFO] Setting input delay to: 0.8                                              
[INFO] Setting load to: 0.033442                                                
[INFO] Setting clock uncertainty to: 0.25                                       
[INFO] Setting clock transition to:                                             
0.1499999999999999944488848768742172978818416595458984375                       
[INFO] Setting timing derate to: 5.0%                                           
+ place_pins -hor_layers met3 -ver_layers met2                                  
Found 0 macro blocks.                                                           
Using 2 tracks default min distance between IO pins.                            
[INFO PPL-0001] Number of available slots 390                                   
[INFO PPL-0002] Number of I/O             33                                    
[INFO PPL-0003] Number of I/O w/sink      33                                    
[INFO PPL-0004] Number of I/O w/o sink    0                                     
[INFO PPL-0005] Slots per section         200                                   
[INFO PPL-0008] Successfully assigned pins to sections.                         
[INFO PPL-0012] I/O nets HPWL: 1049.56 um.                                      
Setting global connections for newly added cells…                               
[INFO] Setting global connections...                                            
[INFO ODB-0403] 0 connections made, 0 conflicts skipped.                        
Updating metrics…                                                               
Cell type report:                       Count       Area                        
  Fill cell                                64     240.23                        
  Tap cell                                102     127.62                        
  Buffer                                    1       5.00                        
  Inverter                                  7      26.28                        
  Sequential cell                          30     638.11                        
  Multi-Input combinational cell          142    1269.97                        
  Total                                   346    2307.21                        
Writing OpenROAD database to                                                    
'/home/runner/work/ASIC_101/ASIC_101/files/alu/pd/runs/csel-4ns/25-openroad-iopl
acement/alu_top.odb'…                                                           
Writing netlist to                                                              
'/home/runner/work/ASIC_101/ASIC_101/files/alu/pd/runs/csel-4ns/25-openroad-iopl
acement/alu_top.nl.v'…                                                          
Writing powered netlist to                                                      
'/home/runner/work/ASIC_101/ASIC_101/files/alu/pd/runs/csel-4ns/25-openroad-iopl
acement/alu_top.pnl.v'…                                                         
Writing layout to                                                               
'/home/runner/work/ASIC_101/ASIC_101/files/alu/pd/runs/csel-4ns/25-openroad-iopl
acement/alu_top.def'…                                                           
Writing timing constraints to                                                   
'/home/runner/work/ASIC_101/ASIC_101/files/alu/pd/runs/csel-4ns/25-openroad-iopl
acement/alu_top.sdc'…                                                           
─────────────────────── Custom I/O Pin Placement Script ────────────────────────
[21:08:26] VERBOSE  Running 'Odb.CustomIOPlacement' at              step.py:1138
                    'runs/csel-4ns/26-odb-customioplacement'…                   
[21:08:26] INFO     No custom I/O placement file configured, skipping odb.py:718
                    'Odb.CustomIOPlacement'…                                    
────────────────────────────── Apply DEF Template ──────────────────────────────
[21:08:26] VERBOSE  Running 'Odb.ApplyDEFTemplate' at               step.py:1138
                    'runs/csel-4ns/27-odb-applydeftemplate'…                    
[21:08:26] INFO     No DEF template provided, skipping                odb.py:302
                    'Odb.ApplyDEFTemplate'…                                     
─────────────────────────────── Global Placement ───────────────────────────────
[21:08:26] VERBOSE  Running 'OpenROAD.GlobalPlacement' at           step.py:1138
                    'runs/csel-4ns/28-openroad-globalplacement'…                
[21:08:26] VERBOSE  Logging subprocess to                           step.py:1338
                    'runs/csel-4ns/28-openroad-globalplacement/open             
                    road-globalplacement.log'…                                  
Reading timing models for corner nom_tt_025C_1v80…                              
Reading timing library for the 'nom_tt_025C_1v80' corner at                     
'/home/runner/.ciel/ciel/sky130/versions/8afc8346a57fe1ab7934ba5a6056ea8b43078e7
1/sky130A/libs.ref/sky130_fd_sc_hd/lib/sky130_fd_sc_hd__tt_025C_1v80.lib'…      
Reading OpenROAD database at                                                    
'/home/runner/work/ASIC_101/ASIC_101/files/alu/pd/runs/csel-4ns/25-openroad-iopl
acement/alu_top.odb'…                                                           
Reading design constraints file at                                              
'/nix/store/8y4m6wgn5kqlbig1qwnwbxijqqp0jwib-python3-3.13.9-env/lib/python3.13/s
ite-packages/librelane/scripts/base.sdc'…                                       
[INFO] Using clock clk…                                                         
[INFO] Setting output delay to: 0.8                                             
[INFO] Setting input delay to: 0.8                                              
[INFO] Setting load to: 0.033442                                                
[INFO] Setting clock uncertainty to: 0.25                                       
[INFO] Setting clock transition to:                                             
0.1499999999999999944488848768742172978818416595458984375                       
[INFO] Setting timing derate to: 5.0%                                           
[INFO] Setting signal min routing layer to: met1 and clock min routing layer to 
met1.                                                                           
[INFO] Setting signal max routing layer to: met5 and clock max routing layer to 
met5.                                                                           
+ global_placement -density 0.45 -routability_driven -pad_right 0 -pad_left 0   
-init_wirelength_coef 0.25                                                      
[INFO GPL-0001] ---- Initialize GPL Main Data Structures                        
[INFO GPL-0002] DBU: 1000                                                       
[INFO GPL-0003] SiteSize: (  0.460  2.720 ) um                                  
[INFO GPL-0004] CoreBBox: ( 10.120 10.880 ) ( 99.820 97.920 ) um                
[INFO GPL-0036] Movable instances area:       1939.360 um^2                     
[INFO GPL-0037] Total instances area:         2307.213 um^2                     
[INFO GPL-0035] Pin density area adjust:       294.709 um^2                     
[INFO GPL-0032] ---- Initialize Region: Top-level                               
[INFO GPL-0006] Number of instances:               346                          
[INFO GPL-0007] Movable instances:                 180                          
[INFO GPL-0008] Fixed instances:                   166                          
[INFO GPL-0009] Dummy instances:                     0                          
[INFO GPL-0010] Number of nets:                    201                          
[INFO GPL-0011] Number of pins:                    673                          
[INFO GPL-0012] Die BBox:  (  0.000  0.000 ) ( 110.000 110.000 ) um             
[INFO GPL-0013] Core BBox: ( 10.120 10.880 ) ( 99.820 97.920 ) um               
[INFO GPL-0016] Core area:                    7807.488 um^2                     
[INFO GPL-0014] Region name: top-level.                                         
[INFO GPL-0015] Region area:                  7807.488 um^2                     
[INFO GPL-0017] Fixed instances area:          367.853 um^2                     
[INFO GPL-0018] Movable instances area:       2234.069 um^2                     
[INFO GPL-0019] Utilization:                    30.029 %                        
[INFO GPL-0020] Standard cells area:          2234.069 um^2                     
[INFO GPL-0021] Large instances area:            0.000 um^2                     
[INFO GPL-0005] ---- Execute Conjugate Gradient Initial Placement.              
[INFO GPL-0051] Source of initial instance position counters:                   
        Odb location = 180      Core center = 0 Region center = 0               
[InitialPlace]  Iter: 1 conjugate gradient residual: 0.00000007 HPWL: 5078114   
[InitialPlace]  Iter: 2 conjugate gradient residual: 0.00000010 HPWL: 4340819   
[InitialPlace]  Iter: 3 conjugate gradient residual: 0.00000009 HPWL: 4063447   
[InitialPlace]  Iter: 4 conjugate gradient residual: 0.00000010 HPWL: 3930333   
[InitialPlace]  Iter: 5 conjugate gradient residual: 0.00000006 HPWL: 3857238   
[INFO GPL-0033] ---- Initialize Nesterov Region: Top-level                      
[INFO GPL-0023] Placement target density:       0.4500                          
[INFO GPL-0024] Movable insts average area:     12.411 um^2                     
[INFO GPL-0025] Ideal bin area:                 27.581 um^2                     
[INFO GPL-0026] Ideal bin count:                   283                          
[INFO GPL-0027] Total bin area:               7807.488 um^2                     
[INFO GPL-0028] Bin count (X, Y):          16 ,     16                          
[INFO GPL-0029] Bin size (W * H):       5.606 *  5.440 um                       
[INFO GPL-0030] Number of bins:                    256                          
[INFO GPL-0007] ---- Execute Nesterov Global Placement.                         
[INFO GPL-0031] HPWL: Half-Perimeter Wirelength                                 
Iteration | Overflow |     HPWL (um) |  HPWL(%) |   Penalty | Group             
---------------------------------------------------------------                 
        0 |   0.6481 |  2.561343e+03 |   +0.00% |  1.62e-13 |                   
[INFO GPL-0038] Routability snapshot saved at iter = 3                          
        2 |   0.5934 |  2.670815e+03 |          |           |                   
       10 |   0.5510 |  2.736909e+03 |   +6.85% |  2.64e-13 |                   
       20 |   0.5502 |  2.731738e+03 |   -0.19% |  4.31e-13 |                   
       30 |   0.5495 |  2.737024e+03 |   +0.19% |  7.02e-13 |                   
       40 |   0.5490 |  2.737019e+03 |   -0.00% |  1.14e-12 |                   
       50 |   0.5496 |  2.734397e+03 |   -0.10% |  1.86e-12 |                   
       60 |   0.5494 |  2.732924e+03 |   -0.05% |  3.03e-12 |                   
       70 |   0.5494 |  2.733888e+03 |   +0.04% |  4.94e-12 |                   
       80 |   0.5495 |  2.735537e+03 |   +0.06% |  8.05e-12 |                   
       90 |   0.5492 |  2.736484e+03 |   +0.03% |  1.31e-11 |                   
      100 |   0.5486 |  2.737285e+03 |   +0.03% |  2.14e-11 |                   
      110 |   0.5479 |  2.739566e+03 |   +0.08% |  3.48e-11 |                   
      120 |   0.5468 |  2.744197e+03 |   +0.17% |  5.67e-11 |                   
      130 |   0.5441 |  2.750864e+03 |   +0.24% |  9.23e-11 |                   
      140 |   0.5406 |  2.757874e+03 |   +0.25% |  1.50e-10 |                   
      150 |   0.5351 |  2.765477e+03 |   +0.28% |  2.45e-10 |                   
      160 |   0.5277 |  2.778728e+03 |   +0.48% |  3.99e-10 |                   
      170 |   0.5191 |  2.800089e+03 |   +0.77% |  6.50e-10 |                   
      180 |   0.5050 |  2.828406e+03 |   +1.01% |  1.06e-09 |                   
      190 |   0.4901 |  2.873385e+03 |   +1.59% |  1.72e-09 |                   
      200 |   0.4621 |  2.918910e+03 |   +1.58% |  2.81e-09 |                   
      210 |   0.4379 |  2.972669e+03 |   +1.84% |  4.57e-09 |                   
      220 |   0.4125 |  3.036456e+03 |   +2.15% |  7.45e-09 |                   
      230 |   0.3700 |  3.087661e+03 |   +1.69% |  1.21e-08 |                   
      240 |   0.3236 |  3.135882e+03 |   +1.56% |  1.88e-08 |                   
[INFO GPL-0040] Routability iteration: 1                                        
[INFO GPL-0041] Total routing overflow: 0.0000                                  
[INFO GPL-0042] Number of overflowed tiles: 0 (0.00%)                           
[INFO GPL-0043] Average top 0.5% routing congestion: 0.8953                     
[INFO GPL-0044] Average top 1.0% routing congestion: 0.8796                     
[INFO GPL-0045] Average top 2.0% routing congestion: 0.8551                     
[INFO GPL-0046] Average top 5.0% routing congestion: 0.8131                     
[INFO GPL-0047] Routability iteration weighted routing congestion: 0.8874       
[INFO GPL-0050] Weighted routing congestion is lower than target routing        
congestion(1.0100), end routability optimization.                               
[INFO GPL-0090] Routability finished. Target routing congestion achieved        
succesfully.                                                                    
Iteration | Overflow |     HPWL (um) |  HPWL(%) |   Penalty | Group             
---------------------------------------------------------------                 
      250 |   0.2920 |  3.182575e+03 |   +1.49% |  2.77e-08 |                   
      260 |   0.2727 |  3.238992e+03 |   +1.77% |  4.08e-08 |                   
      270 |   0.2453 |  3.284273e+03 |   +1.40% |  6.01e-08 |                   
      280 |   0.2172 |  3.323156e+03 |   +1.18% |  8.85e-08 |                   
      290 |   0.1888 |  3.362073e+03 |   +1.17% |  1.30e-07 |                   
      300 |   0.1704 |  3.408182e+03 |   +1.37% |  1.92e-07 |                   
      310 |   0.1452 |  3.443444e+03 |   +1.03% |  2.83e-07 |                   
      320 |   0.1294 |  3.467268e+03 |   +0.69% |  4.17e-07 |                   
      330 |   0.1135 |  3.497640e+03 |   +0.88% |  6.14e-07 |                   
      336 |   0.0995 |  3.502653e+03 |          |  8.06e-07 |                   
---------------------------------------------------------------                 
[INFO GPL-1001] Global placement finished at iteration 336                      
[INFO GPL-1003] Routability mode iteration count: 245                           
[INFO GPL-1005] Routability final weighted congestion: 0.8827                   
[INFO GPL-1002] Placed Cell Area             2234.0687                          
[INFO GPL-1003] Available Free Area          7439.6352                          
[INFO GPL-1004] Minimum Feasible Density        0.3100 (cell_area / free_area)  
[INFO GPL-1006]   Suggested Target Densities:                                   
[INFO GPL-1007]     - For 90% usage of free space: 0.3337                       
[INFO GPL-1008]     - For 80% usage of free space: 0.3754                       
[INFO GPL-1009]     - For 50% usage of free space: 0.6006                       
[INFO GPL-1011] Original area (um^2): 2234.07                                   
[INFO GPL-1012] Total routability artificial inflation: 0.00 (+0.00%)           
[INFO GPL-1014] Final placement area: 2234.07 (+0.00%)                          
Setting global connections for newly added cells…                               
[INFO] Setting global connections...                                            
[INFO ODB-0403] 0 connections made, 0 conflicts skipped.                        
Updating metrics…                                                               
Cell type report:                       Count       Area                        
  Fill cell                                64     240.23                        
  Tap cell                                102     127.62                        
  Buffer                                    1       5.00                        
  Inverter                                  7      26.28                        
  Sequential cell                          30     638.11                        
  Multi-Input combinational cell          142    1269.97                        
  Total                                   346    2307.21                        
Writing OpenROAD database to                                                    
'/home/runner/work/ASIC_101/ASIC_101/files/alu/pd/runs/csel-4ns/28-openroad-glob
alplacement/alu_top.odb'…                                                       
Writing netlist to                                                              
'/home/runner/work/ASIC_101/ASIC_101/files/alu/pd/runs/csel-4ns/28-openroad-glob
alplacement/alu_top.nl.v'…                                                      
Writing powered netlist to                                                      
'/home/runner/work/ASIC_101/ASIC_101/files/alu/pd/runs/csel-4ns/28-openroad-glob
alplacement/alu_top.pnl.v'…                                                     
Writing layout to                                                               
'/home/runner/work/ASIC_101/ASIC_101/files/alu/pd/runs/csel-4ns/28-openroad-glob
alplacement/alu_top.def'…                                                       
Writing timing constraints to                                                   
'/home/runner/work/ASIC_101/ASIC_101/files/alu/pd/runs/csel-4ns/28-openroad-glob
alplacement/alu_top.sdc'…                                                       
───────────────────────────── Write Verilog Header ─────────────────────────────
[21:08:27] VERBOSE  Running 'Odb.WriteVerilogHeader' at             step.py:1138
                    'runs/csel-4ns/29-odb-writeverilogheader'…                  
[21:08:27] VERBOSE  Logging subprocess to                           step.py:1338
                    'runs/csel-4ns/29-odb-writeverilogheader/odb-wr             
                    iteverilogheader.log'…                                      
───────────────────────── Power Grid Violation Checker ─────────────────────────
[21:08:27] VERBOSE  Running 'Checker.PowerGridViolations' at        step.py:1138
                    'runs/csel-4ns/30-checker-powergridviolations'…             
[21:08:27] INFO     Check for power grid violations (as reported  checker.py:131
                    by OpenROAD PSM- you may ignore these if LVS                
                    passes) clear.                                              
─────────────────────── Static Timing Analysis (Mid-PnR) ───────────────────────
[21:08:27] VERBOSE  Running 'OpenROAD.STAMidPNR' at                 step.py:1138
                    'runs/csel-4ns/31-openroad-stamidpnr'…                      
[21:08:27] VERBOSE  Logging subprocess to                           step.py:1338
                    'runs/csel-4ns/31-openroad-stamidpnr/openroad-s             
                    tamidpnr.log'…                                              
Reading timing models for corner nom_tt_025C_1v80…                              
Reading timing library for the 'nom_tt_025C_1v80' corner at                     
'/home/runner/.ciel/ciel/sky130/versions/8afc8346a57fe1ab7934ba5a6056ea8b43078e7
1/sky130A/libs.ref/sky130_fd_sc_hd/lib/sky130_fd_sc_hd__tt_025C_1v80.lib'…      
Reading OpenROAD database at                                                    
'/home/runner/work/ASIC_101/ASIC_101/files/alu/pd/runs/csel-4ns/28-openroad-glob
alplacement/alu_top.odb'…                                                       
Reading design constraints file at                                              
'/nix/store/8y4m6wgn5kqlbig1qwnwbxijqqp0jwib-python3-3.13.9-env/lib/python3.13/s
ite-packages/librelane/scripts/base.sdc'…                                       
[INFO] Using clock clk…                                                         
[INFO] Setting output delay to: 0.8                                             
[INFO] Setting input delay to: 0.8                                              
[INFO] Setting load to: 0.033442                                                
[INFO] Setting clock uncertainty to: 0.25                                       
[INFO] Setting clock transition to:                                             
0.1499999999999999944488848768742172978818416595458984375                       
[INFO] Setting timing derate to: 5.0%                                           
──────────────────── Repair Design (Post-Global Placement) ─────────────────────
[21:08:28] VERBOSE  Running 'OpenROAD.RepairDesignPostGPL' at       step.py:1138
                    'runs/csel-4ns/32-openroad-repairdesignpostgpl'             
                    …                                                           
[21:08:28] VERBOSE  Logging subprocess to                           step.py:1338
                    'runs/csel-4ns/32-openroad-repairdesignpostgpl/             
                    openroad-repairdesignpostgpl.log'…                          
Reading timing models for corner max_tt_025C_1v80…                              
Reading timing library for the 'max_tt_025C_1v80' corner at                     
'/home/runner/.ciel/ciel/sky130/versions/8afc8346a57fe1ab7934ba5a6056ea8b43078e7
1/sky130A/libs.ref/sky130_fd_sc_hd/lib/sky130_fd_sc_hd__tt_025C_1v80.lib'…      
Reading timing models for corner min_ss_100C_1v60…                              
Reading timing library for the 'min_ss_100C_1v60' corner at                     
'/home/runner/.ciel/ciel/sky130/versions/8afc8346a57fe1ab7934ba5a6056ea8b43078e7
1/sky130A/libs.ref/sky130_fd_sc_hd/lib/sky130_fd_sc_hd__ss_100C_1v60.lib'…      
Reading timing models for corner nom_tt_025C_1v80…                              
Reading timing library for the 'nom_tt_025C_1v80' corner at                     
'/home/runner/.ciel/ciel/sky130/versions/8afc8346a57fe1ab7934ba5a6056ea8b43078e7
1/sky130A/libs.ref/sky130_fd_sc_hd/lib/sky130_fd_sc_hd__tt_025C_1v80.lib'…      
[21:08:29] WARNING  [STA-1140]                                   openroad.py:314
                    /home/runner/.ciel/ciel/sky130/versions/8afc                
                    8346a57fe1ab7934ba5a6056ea8b43078e71/sky130A                
                    /libs.ref/sky130_fd_sc_hd/lib/sky130_fd_sc_h                
                    d__tt_025C_1v80.lib line 1, library                         
                    sky130_fd_sc_hd__tt_025C_1v80 already                       
                    exists.                                                     
Reading timing models for corner max_ff_n40C_1v95…                              
Reading timing library for the 'max_ff_n40C_1v95' corner at                     
'/home/runner/.ciel/ciel/sky130/versions/8afc8346a57fe1ab7934ba5a6056ea8b43078e7
1/sky130A/libs.ref/sky130_fd_sc_hd/lib/sky130_fd_sc_hd__ff_n40C_1v95.lib'…      
Reading timing models for corner nom_ff_n40C_1v95…                              
Reading timing library for the 'nom_ff_n40C_1v95' corner at                     
'/home/runner/.ciel/ciel/sky130/versions/8afc8346a57fe1ab7934ba5a6056ea8b43078e7
1/sky130A/libs.ref/sky130_fd_sc_hd/lib/sky130_fd_sc_hd__ff_n40C_1v95.lib'…      
[21:08:29] WARNING  [STA-1140]                                   openroad.py:314
                    /home/runner/.ciel/ciel/sky130/versions/8afc                
                    8346a57fe1ab7934ba5a6056ea8b43078e71/sky130A                
                    /libs.ref/sky130_fd_sc_hd/lib/sky130_fd_sc_h                
                    d__ff_n40C_1v95.lib line 1, library                         
                    sky130_fd_sc_hd__ff_n40C_1v95 already                       
                    exists.                                                     
Reading timing models for corner max_ss_100C_1v60…                              
Reading timing library for the 'max_ss_100C_1v60' corner at                     
'/home/runner/.ciel/ciel/sky130/versions/8afc8346a57fe1ab7934ba5a6056ea8b43078e7
1/sky130A/libs.ref/sky130_fd_sc_hd/lib/sky130_fd_sc_hd__ss_100C_1v60.lib'…      
[21:08:29] WARNING  [STA-1140]                                   openroad.py:314
                    /home/runner/.ciel/ciel/sky130/versions/8afc                
                    8346a57fe1ab7934ba5a6056ea8b43078e71/sky130A                
                    /libs.ref/sky130_fd_sc_hd/lib/sky130_fd_sc_h                
                    d__ss_100C_1v60.lib line 1, library                         
                    sky130_fd_sc_hd__ss_100C_1v60 already                       
                    exists.                                                     
Reading timing models for corner min_tt_025C_1v80…                              
Reading timing library for the 'min_tt_025C_1v80' corner at                     
'/home/runner/.ciel/ciel/sky130/versions/8afc8346a57fe1ab7934ba5a6056ea8b43078e7
1/sky130A/libs.ref/sky130_fd_sc_hd/lib/sky130_fd_sc_hd__tt_025C_1v80.lib'…      
[21:08:30] WARNING  [STA-1140]                                   openroad.py:314
                    /home/runner/.ciel/ciel/sky130/versions/8afc                
                    8346a57fe1ab7934ba5a6056ea8b43078e71/sky130A                
                    /libs.ref/sky130_fd_sc_hd/lib/sky130_fd_sc_h                
                    d__tt_025C_1v80.lib line 1, library                         
                    sky130_fd_sc_hd__tt_025C_1v80 already                       
                    exists.                                                     
Reading timing models for corner nom_ss_100C_1v60…                              
Reading timing library for the 'nom_ss_100C_1v60' corner at                     
'/home/runner/.ciel/ciel/sky130/versions/8afc8346a57fe1ab7934ba5a6056ea8b43078e7
1/sky130A/libs.ref/sky130_fd_sc_hd/lib/sky130_fd_sc_hd__ss_100C_1v60.lib'…      
[21:08:30] WARNING  [STA-1140]                                   openroad.py:314
                    /home/runner/.ciel/ciel/sky130/versions/8afc                
                    8346a57fe1ab7934ba5a6056ea8b43078e71/sky130A                
                    /libs.ref/sky130_fd_sc_hd/lib/sky130_fd_sc_h                
                    d__ss_100C_1v60.lib line 1, library                         
                    sky130_fd_sc_hd__ss_100C_1v60 already                       
                    exists.                                                     
Reading timing models for corner min_ff_n40C_1v95…                              
Reading timing library for the 'min_ff_n40C_1v95' corner at                     
'/home/runner/.ciel/ciel/sky130/versions/8afc8346a57fe1ab7934ba5a6056ea8b43078e7
1/sky130A/libs.ref/sky130_fd_sc_hd/lib/sky130_fd_sc_hd__ff_n40C_1v95.lib'…      
[21:08:30] WARNING  [STA-1140]                                   openroad.py:314
                    /home/runner/.ciel/ciel/sky130/versions/8afc                
                    8346a57fe1ab7934ba5a6056ea8b43078e71/sky130A                
                    /libs.ref/sky130_fd_sc_hd/lib/sky130_fd_sc_h                
                    d__ff_n40C_1v95.lib line 1, library                         
                    sky130_fd_sc_hd__ff_n40C_1v95 already                       
                    exists.                                                     
Reading OpenROAD database at                                                    
'/home/runner/work/ASIC_101/ASIC_101/files/alu/pd/runs/csel-4ns/28-openroad-glob
alplacement/alu_top.odb'…                                                       
Reading design constraints file at                                              
'/nix/store/8y4m6wgn5kqlbig1qwnwbxijqqp0jwib-python3-3.13.9-env/lib/python3.13/s
ite-packages/librelane/scripts/base.sdc'…                                       
[INFO] Using clock clk…                                                         
[INFO] Setting output delay to: 0.8                                             
[INFO] Setting input delay to: 0.8                                              
[INFO] Setting load to: 0.033442                                                
[INFO] Setting clock uncertainty to: 0.25                                       
[INFO] Setting clock transition to:                                             
0.1499999999999999944488848768742172978818416595458984375                       
[INFO] Setting timing derate to: 5.0%                                           
[INFO RSZ-0027] Inserted 20 sky130_fd_sc_hd__clkdlybuf4s25_1 input buffers.     
[INFO RSZ-0028] Inserted 12 sky130_fd_sc_hd__clkdlybuf4s25_1 output buffers.    
+ repair_design -verbose -max_wire_length 0.0 -slew_margin 20.0 -cap_margin 20.0
Iteration |   Area    | Resized | Buffers | Nets repaired | Remaining           
---------------------------------------------------------------------           
        0 |     +0.0% |       0 |       0 |             0 |       233           
       10 |     +0.0% |       0 |       0 |             0 |       223           
       20 |     +0.0% |       0 |       0 |             0 |       213           
       30 |     +0.0% |       0 |       0 |             0 |       203           
       40 |     +0.0% |       0 |       0 |             0 |       193           
       50 |     +0.0% |       0 |       0 |             0 |       183           
       60 |     +0.0% |       0 |       0 |             0 |       173           
       70 |     +0.0% |       0 |       0 |             0 |       163           
       80 |     +0.0% |       0 |       0 |             0 |       153           
       90 |     +0.0% |       0 |       0 |             0 |       143           
      100 |     +0.0% |       0 |       0 |             0 |       133           
      110 |     +0.0% |       0 |       0 |             0 |       123           
      120 |     +0.0% |       0 |       0 |             0 |       113           
      130 |     +0.5% |       0 |       1 |             1 |       103           
      140 |     +0.5% |       0 |       1 |             1 |        93           
      150 |     +0.5% |       0 |       1 |             1 |        83           
      160 |     +1.4% |       0 |       3 |             2 |        73           
      170 |     +1.4% |       0 |       3 |             2 |        63           
      180 |     +1.4% |       0 |       3 |             2 |        53           
      190 |     +1.4% |       0 |       3 |             2 |        43           
      200 |     +1.4% |       0 |       3 |             2 |        33           
      210 |     +2.7% |       0 |       6 |             3 |        23           
      220 |     +2.7% |       0 |       6 |             3 |        13           
      230 |     +2.7% |       0 |       6 |             3 |         3           
    final |     +2.7% |       0 |       6 |             3 |         0           
---------------------------------------------------------------------           
[INFO RSZ-0034] Found 2 slew violations.                                        
[INFO RSZ-0035] Found 2 fanout violations.                                      
[INFO RSZ-0038] Inserted 6 buffers in 3 nets.                                   
[21:08:31] WARNING  [RSZ-0020] found 2 floating nets.            openroad.py:314
 VGND                                                                           
 VPWR                                                                           
+ detailed_placement -max_displacement  500 100                                 
Placement Analysis                                                              
---------------------------------                                               
total displacement        765.4 u                                               
average displacement        2.0 u                                               
max displacement           18.6 u                                               
original HPWL            3844.4 u                                               
legalized HPWL           4097.0 u                                               
delta HPWL                    7 %                                               
                                                                                
[INFO DPL-0020] Mirrored 53 instances                                           
[INFO DPL-0021] HPWL before            4097.0 u                                 
[INFO DPL-0022] HPWL after             3976.8 u                                 
[INFO DPL-0023] HPWL delta               -2.9 %                                 
Setting global connections for newly added cells…                               
[INFO] Setting global connections...                                            
[INFO ODB-0403] 152 connections made, 0 conflicts skipped.                      
Updating metrics…                                                               
Cell type report:                       Count       Area                        
  Fill cell                                64     240.23                        
  Tap cell                                102     127.62                        
  Buffer                                    1       5.00                        
  Timing Repair Buffer                     38     381.62                        
  Inverter                                  7      26.28                        
  Sequential cell                          30     638.11                        
  Multi-Input combinational cell          142    1269.97                        
  Total                                   384    2688.83                        
Writing OpenROAD database to                                                    
'/home/runner/work/ASIC_101/ASIC_101/files/alu/pd/runs/csel-4ns/32-openroad-repa
irdesignpostgpl/alu_top.odb'…                                                   
Writing netlist to                                                              
'/home/runner/work/ASIC_101/ASIC_101/files/alu/pd/runs/csel-4ns/32-openroad-repa
irdesignpostgpl/alu_top.nl.v'…                                                  
Writing powered netlist to                                                      
'/home/runner/work/ASIC_101/ASIC_101/files/alu/pd/runs/csel-4ns/32-openroad-repa
irdesignpostgpl/alu_top.pnl.v'…                                                 
Writing layout to                                                               
'/home/runner/work/ASIC_101/ASIC_101/files/alu/pd/runs/csel-4ns/32-openroad-repa
irdesignpostgpl/alu_top.def'…                                                   
Writing timing constraints to                                                   
'/home/runner/work/ASIC_101/ASIC_101/files/alu/pd/runs/csel-4ns/32-openroad-repa
irdesignpostgpl/alu_top.sdc'…                                                   
─────────────────────────── Manual Global Placement ────────────────────────────
[21:08:32] VERBOSE  Running 'Odb.ManualGlobalPlacement' at          step.py:1138
                    'runs/csel-4ns/33-odb-manualglobalplacement'…               
[21:08:32] INFO     'MANUAL_GLOBAL_PLACEMENTS' not set. Skipping     odb.py:1033
                    'Odb.ManualGlobalPlacement'…                                
────────────────────────────── Detailed Placement ──────────────────────────────
[21:08:32] VERBOSE  Running 'OpenROAD.DetailedPlacement' at         step.py:1138
                    'runs/csel-4ns/34-openroad-detailedplacement'…              
[21:08:32] VERBOSE  Logging subprocess to                           step.py:1338
                    'runs/csel-4ns/34-openroad-detailedplacement/op             
                    enroad-detailedplacement.log'…                              
Reading timing models for corner nom_tt_025C_1v80…                              
Reading timing library for the 'nom_tt_025C_1v80' corner at                     
'/home/runner/.ciel/ciel/sky130/versions/8afc8346a57fe1ab7934ba5a6056ea8b43078e7
1/sky130A/libs.ref/sky130_fd_sc_hd/lib/sky130_fd_sc_hd__tt_025C_1v80.lib'…      
Reading OpenROAD database at                                                    
'/home/runner/work/ASIC_101/ASIC_101/files/alu/pd/runs/csel-4ns/32-openroad-repa
irdesignpostgpl/alu_top.odb'…                                                   
Reading design constraints file at                                              
'/nix/store/8y4m6wgn5kqlbig1qwnwbxijqqp0jwib-python3-3.13.9-env/lib/python3.13/s
ite-packages/librelane/scripts/base.sdc'…                                       
[INFO] Using clock clk…                                                         
[INFO] Setting output delay to: 0.8                                             
[INFO] Setting input delay to: 0.8                                              
[INFO] Setting load to: 0.033442                                                
[INFO] Setting clock uncertainty to: 0.25                                       
[INFO] Setting clock transition to:                                             
0.1499999999999999944488848768742172978818416595458984375                       
[INFO] Setting timing derate to: 5.0%                                           
+ detailed_placement -max_displacement  500 100                                 
Placement Analysis                                                              
---------------------------------                                               
total displacement          0.0 u                                               
average displacement        0.0 u                                               
max displacement            0.0 u                                               
original HPWL            3976.8 u                                               
legalized HPWL           4097.0 u                                               
delta HPWL                    3 %                                               
                                                                                
[INFO DPL-0020] Mirrored 53 instances                                           
[INFO DPL-0021] HPWL before            4097.0 u                                 
[INFO DPL-0022] HPWL after             3976.8 u                                 
[INFO DPL-0023] HPWL delta               -2.9 %                                 
Setting global connections for newly added cells…                               
[INFO] Setting global connections...                                            
[INFO ODB-0403] 0 connections made, 0 conflicts skipped.                        
Updating metrics…                                                               
Cell type report:                       Count       Area                        
  Fill cell                                64     240.23                        
  Tap cell                                102     127.62                        
  Buffer                                    1       5.00                        
  Timing Repair Buffer                     38     381.62                        
  Inverter                                  7      26.28                        
  Sequential cell                          30     638.11                        
  Multi-Input combinational cell          142    1269.97                        
  Total                                   384    2688.83                        
Writing OpenROAD database to                                                    
'/home/runner/work/ASIC_101/ASIC_101/files/alu/pd/runs/csel-4ns/34-openroad-deta
iledplacement/alu_top.odb'…                                                     
Writing netlist to                                                              
'/home/runner/work/ASIC_101/ASIC_101/files/alu/pd/runs/csel-4ns/34-openroad-deta
iledplacement/alu_top.nl.v'…                                                    
Writing powered netlist to                                                      
'/home/runner/work/ASIC_101/ASIC_101/files/alu/pd/runs/csel-4ns/34-openroad-deta
iledplacement/alu_top.pnl.v'…                                                   
Writing layout to                                                               
'/home/runner/work/ASIC_101/ASIC_101/files/alu/pd/runs/csel-4ns/34-openroad-deta
iledplacement/alu_top.def'…                                                     
Writing timing constraints to                                                   
'/home/runner/work/ASIC_101/ASIC_101/files/alu/pd/runs/csel-4ns/34-openroad-deta
iledplacement/alu_top.sdc'…                                                     
───────────────────────────── Clock Tree Synthesis ─────────────────────────────
[21:08:32] VERBOSE  Running 'OpenROAD.CTS' at                       step.py:1138
                    'runs/csel-4ns/35-openroad-cts'…                            
[21:08:32] VERBOSE  Logging subprocess to                           step.py:1338
                    'runs/csel-4ns/35-openroad-cts/openroad-cts.log             
                    '…                                                          
Reading timing models for corner max_tt_025C_1v80…                              
Reading timing library for the 'max_tt_025C_1v80' corner at                     
'/home/runner/.ciel/ciel/sky130/versions/8afc8346a57fe1ab7934ba5a6056ea8b43078e7
1/sky130A/libs.ref/sky130_fd_sc_hd/lib/sky130_fd_sc_hd__tt_025C_1v80.lib'…      
Reading timing models for corner min_ss_100C_1v60…                              
Reading timing library for the 'min_ss_100C_1v60' corner at                     
'/home/runner/.ciel/ciel/sky130/versions/8afc8346a57fe1ab7934ba5a6056ea8b43078e7
1/sky130A/libs.ref/sky130_fd_sc_hd/lib/sky130_fd_sc_hd__ss_100C_1v60.lib'…      
Reading timing models for corner nom_tt_025C_1v80…                              
Reading timing library for the 'nom_tt_025C_1v80' corner at                     
'/home/runner/.ciel/ciel/sky130/versions/8afc8346a57fe1ab7934ba5a6056ea8b43078e7
1/sky130A/libs.ref/sky130_fd_sc_hd/lib/sky130_fd_sc_hd__tt_025C_1v80.lib'…      
[21:08:33] WARNING  [STA-1140]                                   openroad.py:314
                    /home/runner/.ciel/ciel/sky130/versions/8afc                
                    8346a57fe1ab7934ba5a6056ea8b43078e71/sky130A                
                    /libs.ref/sky130_fd_sc_hd/lib/sky130_fd_sc_h                
                    d__tt_025C_1v80.lib line 1, library                         
                    sky130_fd_sc_hd__tt_025C_1v80 already                       
                    exists.                                                     
Reading timing models for corner max_ff_n40C_1v95…                              
Reading timing library for the 'max_ff_n40C_1v95' corner at                     
'/home/runner/.ciel/ciel/sky130/versions/8afc8346a57fe1ab7934ba5a6056ea8b43078e7
1/sky130A/libs.ref/sky130_fd_sc_hd/lib/sky130_fd_sc_hd__ff_n40C_1v95.lib'…      
Reading timing models for corner nom_ff_n40C_1v95…                              
Reading timing library for the 'nom_ff_n40C_1v95' corner at                     
'/home/runner/.ciel/ciel/sky130/versions/8afc8346a57fe1ab7934ba5a6056ea8b43078e7
1/sky130A/libs.ref/sky130_fd_sc_hd/lib/sky130_fd_sc_hd__ff_n40C_1v95.lib'…      
[21:08:33] WARNING  [STA-1140]                                   openroad.py:314
                    /home/runner/.ciel/ciel/sky130/versions/8afc                
                    8346a57fe1ab7934ba5a6056ea8b43078e71/sky130A                
                    /libs.ref/sky130_fd_sc_hd/lib/sky130_fd_sc_h                
                    d__ff_n40C_1v95.lib line 1, library                         
                    sky130_fd_sc_hd__ff_n40C_1v95 already                       
                    exists.                                                     
Reading timing models for corner max_ss_100C_1v60…                              
Reading timing library for the 'max_ss_100C_1v60' corner at                     
'/home/runner/.ciel/ciel/sky130/versions/8afc8346a57fe1ab7934ba5a6056ea8b43078e7
1/sky130A/libs.ref/sky130_fd_sc_hd/lib/sky130_fd_sc_hd__ss_100C_1v60.lib'…      
[21:08:34] WARNING  [STA-1140]                                   openroad.py:314
                    /home/runner/.ciel/ciel/sky130/versions/8afc                
                    8346a57fe1ab7934ba5a6056ea8b43078e71/sky130A                
                    /libs.ref/sky130_fd_sc_hd/lib/sky130_fd_sc_h                
                    d__ss_100C_1v60.lib line 1, library                         
                    sky130_fd_sc_hd__ss_100C_1v60 already                       
                    exists.                                                     
Reading timing models for corner min_tt_025C_1v80…                              
Reading timing library for the 'min_tt_025C_1v80' corner at                     
'/home/runner/.ciel/ciel/sky130/versions/8afc8346a57fe1ab7934ba5a6056ea8b43078e7
1/sky130A/libs.ref/sky130_fd_sc_hd/lib/sky130_fd_sc_hd__tt_025C_1v80.lib'…      
[21:08:34] WARNING  [STA-1140]                                   openroad.py:314
                    /home/runner/.ciel/ciel/sky130/versions/8afc                
                    8346a57fe1ab7934ba5a6056ea8b43078e71/sky130A                
                    /libs.ref/sky130_fd_sc_hd/lib/sky130_fd_sc_h                
                    d__tt_025C_1v80.lib line 1, library                         
                    sky130_fd_sc_hd__tt_025C_1v80 already                       
                    exists.                                                     
Reading timing models for corner nom_ss_100C_1v60…                              
Reading timing library for the 'nom_ss_100C_1v60' corner at                     
'/home/runner/.ciel/ciel/sky130/versions/8afc8346a57fe1ab7934ba5a6056ea8b43078e7
1/sky130A/libs.ref/sky130_fd_sc_hd/lib/sky130_fd_sc_hd__ss_100C_1v60.lib'…      
[21:08:34] WARNING  [STA-1140]                                   openroad.py:314
                    /home/runner/.ciel/ciel/sky130/versions/8afc                
                    8346a57fe1ab7934ba5a6056ea8b43078e71/sky130A                
                    /libs.ref/sky130_fd_sc_hd/lib/sky130_fd_sc_h                
                    d__ss_100C_1v60.lib line 1, library                         
                    sky130_fd_sc_hd__ss_100C_1v60 already                       
                    exists.                                                     
Reading timing models for corner min_ff_n40C_1v95…                              
Reading timing library for the 'min_ff_n40C_1v95' corner at                     
'/home/runner/.ciel/ciel/sky130/versions/8afc8346a57fe1ab7934ba5a6056ea8b43078e7
1/sky130A/libs.ref/sky130_fd_sc_hd/lib/sky130_fd_sc_hd__ff_n40C_1v95.lib'…      
[21:08:35] WARNING  [STA-1140]                                   openroad.py:314
                    /home/runner/.ciel/ciel/sky130/versions/8afc                
                    8346a57fe1ab7934ba5a6056ea8b43078e71/sky130A                
                    /libs.ref/sky130_fd_sc_hd/lib/sky130_fd_sc_h                
                    d__ff_n40C_1v95.lib line 1, library                         
                    sky130_fd_sc_hd__ff_n40C_1v95 already                       
                    exists.                                                     
Reading OpenROAD database at                                                    
'/home/runner/work/ASIC_101/ASIC_101/files/alu/pd/runs/csel-4ns/34-openroad-deta
iledplacement/alu_top.odb'…                                                     
Reading design constraints file at                                              
'/nix/store/8y4m6wgn5kqlbig1qwnwbxijqqp0jwib-python3-3.13.9-env/lib/python3.13/s
ite-packages/librelane/scripts/base.sdc'…                                       
[INFO] Using clock clk…                                                         
[INFO] Setting output delay to: 0.8                                             
[INFO] Setting input delay to: 0.8                                              
[INFO] Setting load to: 0.033442                                                
[INFO] Setting clock uncertainty to: 0.25                                       
[INFO] Setting clock transition to:                                             
0.1499999999999999944488848768742172978818416595458984375                       
[INFO] Setting timing derate to: 5.0%                                           
[INFO] Configuring cts characterization…                                        
+ configure_cts_characterization                                                
[INFO] Performing clock tree synthesis…                                         
[INFO] Looking for the following net(s): clk                                    
[INFO] Running Clock Tree Synthesis…                                            
+ clock_tree_synthesis -buf_list sky130_fd_sc_hd__clkbuf_8                      
sky130_fd_sc_hd__clkbuf_4 sky130_fd_sc_hd__clkbuf_2 -root_buf                   
sky130_fd_sc_hd__clkbuf_16 -sink_clustering_enable -apply_ndr half              
[INFO CTS-0050] Root buffer is sky130_fd_sc_hd__clkbuf_16.                      
[INFO CTS-0051] Sink buffer is sky130_fd_sc_hd__clkbuf_8.                       
[INFO CTS-0052] The following clock buffers will be used for CTS:               
                    sky130_fd_sc_hd__clkbuf_2                                   
                    sky130_fd_sc_hd__clkbuf_4                                   
                    sky130_fd_sc_hd__clkbuf_8                                   
[INFO CTS-0049] Characterization buffer is sky130_fd_sc_hd__clkbuf_8.           
[INFO CTS-0007] Net "clk" found for clock "clk".                                
[INFO CTS-0010]  Clock net "clk" has 30 sinks.                                  
[INFO CTS-0008] TritonCTS found 1 clock nets.                                   
[INFO CTS-0097] Characterization used 3 buffer(s) types.                        
[INFO CTS-0201] 0 blockages from hard placement blockages and placed macros will
be used.                                                                        
[INFO CTS-0027] Generating H-Tree topology for net clk.                         
[INFO CTS-0028]  Total number of sinks: 30.                                     
[INFO CTS-0090]  Sinks will be clustered based on buffer max cap.               
[INFO CTS-0030]  Number of static layers: 0.                                    
[INFO CTS-0020]  Wire segment unit: 13600  dbu (13 um).                         
[INFO CTS-0023]  Original sink region: [(15445, 20460), (83985, 93780)].        
[INFO CTS-0024]  Normalized sink region: [(1.13566, 1.50441), (6.17537,         
6.89559)].                                                                      
[INFO CTS-0025]     Width:  5.0397.                                             
[INFO CTS-0026]     Height: 5.3912.                                             
 Level 1                                                                        
    Direction: Vertical                                                         
    Sinks per sub-region: 15                                                    
    Sub-region size: 5.0397 X 2.6956                                            
[INFO CTS-0034]     Segment length (rounded): 1.                                
 Level 2                                                                        
    Direction: Horizontal                                                       
    Sinks per sub-region: 8                                                     
    Sub-region size: 2.5199 X 2.6956                                            
[INFO CTS-0034]     Segment length (rounded): 1.                                
[INFO CTS-0032]  Stop criterion found. Max number of sinks is 10.               
[INFO CTS-0035]  Number of sinks covered: 30.                                   
[INFO CTS-0018]     Created 5 clock buffers.                                    
[INFO CTS-0012]     Minimum number of buffers in the clock path: 2.             
[INFO CTS-0013]     Maximum number of buffers in the clock path: 2.             
[INFO CTS-0015]     Created 5 clock nets.                                       
[INFO CTS-0016]     Fanout distribution for the current clock = 7:2, 8:2..      
[INFO CTS-0017]     Max level of the clock tree: 2.                             
[INFO CTS-0098] Clock net "clk"                                                 
[INFO CTS-0099]  Sinks 32                                                       
[INFO CTS-0100]  Leaf buffers 0                                                 
[INFO CTS-0101]  Average sink wire length 137.17 um                             
[INFO CTS-0102]  Path depth 2 - 2                                               
[INFO CTS-0207]  Dummy loads inserted 2                                         
[INFO] Repairing long wires on clock nets…                                      
[INFO RSZ-0058] Using max wire length 6884um.                                   
Setting global connections for newly added cells…                               
[INFO] Setting global connections...                                            
[INFO ODB-0403] 28 connections made, 0 conflicts skipped.                       
Updating metrics…                                                               
Cell type report:                       Count       Area                        
  Fill cell                                64     240.23                        
  Tap cell                                102     127.62                        
  Buffer                                    1       5.00                        
  Clock buffer                              7     140.13                        
  Timing Repair Buffer                     38     381.62                        
  Inverter                                  7      26.28                        
  Sequential cell                          30     638.11                        
  Multi-Input combinational cell          142    1269.97                        
  Total                                   391    2828.96                        
Writing OpenROAD database to                                                    
'/home/runner/work/ASIC_101/ASIC_101/files/alu/pd/runs/csel-4ns/35-openroad-cts/
alu_top.odb'…                                                                   
Writing netlist to                                                              
'/home/runner/work/ASIC_101/ASIC_101/files/alu/pd/runs/csel-4ns/35-openroad-cts/
alu_top.nl.v'…                                                                  
Writing powered netlist to                                                      
'/home/runner/work/ASIC_101/ASIC_101/files/alu/pd/runs/csel-4ns/35-openroad-cts/
alu_top.pnl.v'…                                                                 
Writing layout to                                                               
'/home/runner/work/ASIC_101/ASIC_101/files/alu/pd/runs/csel-4ns/35-openroad-cts/
alu_top.def'…                                                                   
Writing timing constraints to                                                   
'/home/runner/work/ASIC_101/ASIC_101/files/alu/pd/runs/csel-4ns/35-openroad-cts/
alu_top.sdc'…                                                                   
[INFO] Legalizing…                                                              
+ detailed_placement -max_displacement  500 100                                 
Placement Analysis                                                              
---------------------------------                                               
total displacement         42.2 u                                               
average displacement        0.1 u                                               
max displacement            5.4 u                                               
original HPWL            4228.8 u                                               
legalized HPWL           4365.0 u                                               
delta HPWL                    3 %                                               
                                                                                
[INFO DPL-0020] Mirrored 55 instances                                           
[INFO DPL-0021] HPWL before            4365.0 u                                 
[INFO DPL-0022] HPWL after             4229.2 u                                 
[INFO DPL-0023] HPWL delta               -3.1 %                                 
Setting global connections for newly added cells…                               
[INFO] Setting global connections...                                            
[INFO ODB-0403] 0 connections made, 0 conflicts skipped.                        
Updating metrics…                                                               
Cell type report:                       Count       Area                        
  Fill cell                                64     240.23                        
  Tap cell                                102     127.62                        
  Buffer                                    1       5.00                        
  Clock buffer                              7     140.13                        
  Timing Repair Buffer                     38     381.62                        
  Inverter                                  7      26.28                        
  Sequential cell                          30     638.11                        
  Multi-Input combinational cell          142    1269.97                        
  Total                                   391    2828.96                        
Writing OpenROAD database to                                                    
'/home/runner/work/ASIC_101/ASIC_101/files/alu/pd/runs/csel-4ns/35-openroad-cts/
alu_top.odb'…                                                                   
Writing netlist to                                                              
'/home/runner/work/ASIC_101/ASIC_101/files/alu/pd/runs/csel-4ns/35-openroad-cts/
alu_top.nl.v'…                                                                  
Writing powered netlist to                                                      
'/home/runner/work/ASIC_101/ASIC_101/files/alu/pd/runs/csel-4ns/35-openroad-cts/
alu_top.pnl.v'…                                                                 
Writing layout to                                                               
'/home/runner/work/ASIC_101/ASIC_101/files/alu/pd/runs/csel-4ns/35-openroad-cts/
alu_top.def'…                                                                   
Writing timing constraints to                                                   
'/home/runner/work/ASIC_101/ASIC_101/files/alu/pd/runs/csel-4ns/35-openroad-cts/
alu_top.sdc'…                                                                   
─────────────────────── Static Timing Analysis (Mid-PnR) ───────────────────────
[21:08:41] VERBOSE  Running 'OpenROAD.STAMidPNR-1' at               step.py:1138
                    'runs/csel-4ns/36-openroad-stamidpnr-1'…                    
[21:08:41] VERBOSE  Logging subprocess to                           step.py:1338
                    'runs/csel-4ns/36-openroad-stamidpnr-1/openroad             
                    -stamidpnr-1.log'…                                          
Reading timing models for corner nom_tt_025C_1v80…                              
Reading timing library for the 'nom_tt_025C_1v80' corner at                     
'/home/runner/.ciel/ciel/sky130/versions/8afc8346a57fe1ab7934ba5a6056ea8b43078e7
1/sky130A/libs.ref/sky130_fd_sc_hd/lib/sky130_fd_sc_hd__tt_025C_1v80.lib'…      
Reading OpenROAD database at                                                    
'/home/runner/work/ASIC_101/ASIC_101/files/alu/pd/runs/csel-4ns/35-openroad-cts/
alu_top.odb'…                                                                   
Reading design constraints file at                                              
'/nix/store/8y4m6wgn5kqlbig1qwnwbxijqqp0jwib-python3-3.13.9-env/lib/python3.13/s
ite-packages/librelane/scripts/base.sdc'…                                       
[INFO] Using clock clk…                                                         
[INFO] Setting output delay to: 0.8                                             
[INFO] Setting input delay to: 0.8                                              
[INFO] Setting load to: 0.033442                                                
[INFO] Setting clock uncertainty to: 0.25                                       
[INFO] Setting clock transition to:                                             
0.1499999999999999944488848768742172978818416595458984375                       
[INFO] Setting timing derate to: 5.0%                                           
─────────── Resizer Timing Optimizations (Post-Clock Tree Synthesis) ───────────
[21:08:42] VERBOSE  Running 'OpenROAD.ResizerTimingPostCTS' at      step.py:1138
                    'runs/csel-4ns/37-openroad-resizertimingpostcts             
                    '…                                                          
[21:08:42] VERBOSE  Logging subprocess to                           step.py:1338
                    'runs/csel-4ns/37-openroad-resizertimingpostcts             
                    /openroad-resizertimingpostcts.log'…                        
Reading timing models for corner max_tt_025C_1v80…                              
Reading timing library for the 'max_tt_025C_1v80' corner at                     
'/home/runner/.ciel/ciel/sky130/versions/8afc8346a57fe1ab7934ba5a6056ea8b43078e7
1/sky130A/libs.ref/sky130_fd_sc_hd/lib/sky130_fd_sc_hd__tt_025C_1v80.lib'…      
Reading timing models for corner min_ss_100C_1v60…                              
Reading timing library for the 'min_ss_100C_1v60' corner at                     
'/home/runner/.ciel/ciel/sky130/versions/8afc8346a57fe1ab7934ba5a6056ea8b43078e7
1/sky130A/libs.ref/sky130_fd_sc_hd/lib/sky130_fd_sc_hd__ss_100C_1v60.lib'…      
Reading timing models for corner nom_tt_025C_1v80…                              
Reading timing library for the 'nom_tt_025C_1v80' corner at                     
'/home/runner/.ciel/ciel/sky130/versions/8afc8346a57fe1ab7934ba5a6056ea8b43078e7
1/sky130A/libs.ref/sky130_fd_sc_hd/lib/sky130_fd_sc_hd__tt_025C_1v80.lib'…      
[21:08:42] WARNING  [STA-1140]                                   openroad.py:314
                    /home/runner/.ciel/ciel/sky130/versions/8afc                
                    8346a57fe1ab7934ba5a6056ea8b43078e71/sky130A                
                    /libs.ref/sky130_fd_sc_hd/lib/sky130_fd_sc_h                
                    d__tt_025C_1v80.lib line 1, library                         
                    sky130_fd_sc_hd__tt_025C_1v80 already                       
                    exists.                                                     
Reading timing models for corner max_ff_n40C_1v95…                              
Reading timing library for the 'max_ff_n40C_1v95' corner at                     
'/home/runner/.ciel/ciel/sky130/versions/8afc8346a57fe1ab7934ba5a6056ea8b43078e7
1/sky130A/libs.ref/sky130_fd_sc_hd/lib/sky130_fd_sc_hd__ff_n40C_1v95.lib'…      
Reading timing models for corner nom_ff_n40C_1v95…                              
Reading timing library for the 'nom_ff_n40C_1v95' corner at                     
'/home/runner/.ciel/ciel/sky130/versions/8afc8346a57fe1ab7934ba5a6056ea8b43078e7
1/sky130A/libs.ref/sky130_fd_sc_hd/lib/sky130_fd_sc_hd__ff_n40C_1v95.lib'…      
[21:08:43] WARNING  [STA-1140]                                   openroad.py:314
                    /home/runner/.ciel/ciel/sky130/versions/8afc                
                    8346a57fe1ab7934ba5a6056ea8b43078e71/sky130A                
                    /libs.ref/sky130_fd_sc_hd/lib/sky130_fd_sc_h                
                    d__ff_n40C_1v95.lib line 1, library                         
                    sky130_fd_sc_hd__ff_n40C_1v95 already                       
                    exists.                                                     
Reading timing models for corner max_ss_100C_1v60…                              
Reading timing library for the 'max_ss_100C_1v60' corner at                     
'/home/runner/.ciel/ciel/sky130/versions/8afc8346a57fe1ab7934ba5a6056ea8b43078e7
1/sky130A/libs.ref/sky130_fd_sc_hd/lib/sky130_fd_sc_hd__ss_100C_1v60.lib'…      
[21:08:43] WARNING  [STA-1140]                                   openroad.py:314
                    /home/runner/.ciel/ciel/sky130/versions/8afc                
                    8346a57fe1ab7934ba5a6056ea8b43078e71/sky130A                
                    /libs.ref/sky130_fd_sc_hd/lib/sky130_fd_sc_h                
                    d__ss_100C_1v60.lib line 1, library                         
                    sky130_fd_sc_hd__ss_100C_1v60 already                       
                    exists.                                                     
Reading timing models for corner min_tt_025C_1v80…                              
Reading timing library for the 'min_tt_025C_1v80' corner at                     
'/home/runner/.ciel/ciel/sky130/versions/8afc8346a57fe1ab7934ba5a6056ea8b43078e7
1/sky130A/libs.ref/sky130_fd_sc_hd/lib/sky130_fd_sc_hd__tt_025C_1v80.lib'…      
[21:08:43] WARNING  [STA-1140]                                   openroad.py:314
                    /home/runner/.ciel/ciel/sky130/versions/8afc                
                    8346a57fe1ab7934ba5a6056ea8b43078e71/sky130A                
                    /libs.ref/sky130_fd_sc_hd/lib/sky130_fd_sc_h                
                    d__tt_025C_1v80.lib line 1, library                         
                    sky130_fd_sc_hd__tt_025C_1v80 already                       
                    exists.                                                     
Reading timing models for corner nom_ss_100C_1v60…                              
Reading timing library for the 'nom_ss_100C_1v60' corner at                     
'/home/runner/.ciel/ciel/sky130/versions/8afc8346a57fe1ab7934ba5a6056ea8b43078e7
1/sky130A/libs.ref/sky130_fd_sc_hd/lib/sky130_fd_sc_hd__ss_100C_1v60.lib'…      
[21:08:44] WARNING  [STA-1140]                                   openroad.py:314
                    /home/runner/.ciel/ciel/sky130/versions/8afc                
                    8346a57fe1ab7934ba5a6056ea8b43078e71/sky130A                
                    /libs.ref/sky130_fd_sc_hd/lib/sky130_fd_sc_h                
                    d__ss_100C_1v60.lib line 1, library                         
                    sky130_fd_sc_hd__ss_100C_1v60 already                       
                    exists.                                                     
Reading timing models for corner min_ff_n40C_1v95…                              
Reading timing library for the 'min_ff_n40C_1v95' corner at                     
'/home/runner/.ciel/ciel/sky130/versions/8afc8346a57fe1ab7934ba5a6056ea8b43078e7
1/sky130A/libs.ref/sky130_fd_sc_hd/lib/sky130_fd_sc_hd__ff_n40C_1v95.lib'…      
[21:08:44] WARNING  [STA-1140]                                   openroad.py:314
                    /home/runner/.ciel/ciel/sky130/versions/8afc                
                    8346a57fe1ab7934ba5a6056ea8b43078e71/sky130A                
                    /libs.ref/sky130_fd_sc_hd/lib/sky130_fd_sc_h                
                    d__ff_n40C_1v95.lib line 1, library                         
                    sky130_fd_sc_hd__ff_n40C_1v95 already                       
                    exists.                                                     
Reading OpenROAD database at                                                    
'/home/runner/work/ASIC_101/ASIC_101/files/alu/pd/runs/csel-4ns/35-openroad-cts/
alu_top.odb'…                                                                   
Reading design constraints file at                                              
'/nix/store/8y4m6wgn5kqlbig1qwnwbxijqqp0jwib-python3-3.13.9-env/lib/python3.13/s
ite-packages/librelane/scripts/base.sdc'…                                       
[INFO] Using clock clk…                                                         
[INFO] Setting output delay to: 0.8                                             
[INFO] Setting input delay to: 0.8                                              
[INFO] Setting load to: 0.033442                                                
[INFO] Setting clock uncertainty to: 0.25                                       
[INFO] Setting clock transition to:                                             
0.1499999999999999944488848768742172978818416595458984375                       
[INFO] Setting timing derate to: 5.0%                                           
+ repair_timing -verbose -setup -setup_margin                                   
0.05000000000000000277555756156289135105907917022705078125 -max_buffer_percent  
50.0                                                                            
[INFO RSZ-0100] Repair move sequence: UnbufferMove SizeUpMove SwapPinsMove      
BufferMove CloneMove SplitLoadMove                                              
[INFO RSZ-0094] Found 11 endpoints with setup violations.                       
[INFO RSZ-0099] Repairing 11 out of 11 (100.00%) violating endpoints...         
   Iter   | Removed | Resized | Inserted | Cloned |  Pin  |   Area   |    WNS   
|   TNS      |  Viol  | Worst                                                   
          | Buffers |  Gates  | Buffers  |  Gates | Swaps |          |          
|            | Endpts | Endpt                                                   
--------------------------------------------------------------------------------
------------------------------                                                  
        0 |       0 |       0 |        0 |      0 |     0 |    +0.0% |   -4.758 
|      -33.0 |     11 | _300_/D                                                 
       10 |       0 |       5 |        2 |      0 |     2 |    +0.3% |   -3.523 
|      -21.6 |     11 | _300_/D                                                 
       20 |       0 |      14 |        3 |      0 |     2 |    +2.3% |   -3.211 
|      -19.3 |     11 | _300_/D                                                 
       30 |       0 |      21 |        5 |      0 |     3 |    +4.0% |   -2.635 
|      -17.3 |     11 | _300_/D                                                 
       40 |       0 |      23 |        9 |      0 |     7 |    +5.2% |   -2.519 
|      -16.5 |     11 | _300_/D                                                 
       44 |       0 |      24 |        9 |      0 |    10 |    +5.3% |   -2.359 
|      -16.2 |     11 | _300_/D                                                 
       50 |       0 |      27 |       10 |      0 |    11 |    +6.3% |   -2.364 
|      -16.2 |     11 | _300_/D                                                 
       50 |       0 |      25 |        9 |      0 |    10 |    +5.7% |   -2.359 
|      -16.2 |     11 | _300_/D                                                 
       59 |       0 |      25 |        9 |      0 |    10 |    +5.7% |   -2.359 
|      -16.2 |     11 | _300_/D                                                 
       60 |       0 |      25 |        9 |      0 |    10 |    +5.7% |   -2.359 
|      -16.2 |     11 | _300_/D                                                 
       70 |       0 |      32 |       10 |      0 |    12 |    +6.9% |   -2.377 
|      -16.1 |     11 | _300_/D                                                 
       71 |       0 |      26 |        9 |      0 |    11 |    +6.0% |   -2.359 
|      -16.0 |     11 | _300_/D                                                 
       79 |       0 |      26 |       11 |      0 |    12 |    +6.5% |   -2.359 
|      -16.6 |     11 | _300_/D                                                 
       80 |       0 |      26 |       11 |      0 |    12 |    +6.5% |   -2.359 
|      -16.6 |     11 | _300_/D                                                 
       87 |       0 |      26 |       11 |      0 |    12 |    +6.5% |   -2.359 
|      -16.6 |     11 | _300_/D                                                 
       90 |       0 |      28 |       11 |      0 |    12 |    +6.7% |   -2.377 
|      -16.6 |     11 | _300_/D                                                 
       96 |       0 |      26 |       11 |      0 |    12 |    +6.5% |   -2.359 
|      -16.6 |     11 | _300_/D                                                 
      100 |       0 |      28 |       11 |      0 |    13 |    +6.9% |   -2.363 
|      -16.5 |     11 | _300_/D                                                 
      110 |       0 |      33 |       14 |      0 |    15 |    +8.7% |   -2.374 
|      -16.9 |     11 | _300_/D                                                 
      113 |       0 |      32 |       14 |      0 |    15 |    +8.4% |   -2.357 
|      -16.8 |     11 | _300_/D                                                 
      120 |       0 |      35 |       15 |      0 |    17 |    +9.3% |   -2.384 
|      -17.0 |     11 | _300_/D                                                 
      130 |       0 |      40 |       18 |      0 |    19 |   +11.0% |   -2.358 
|      -17.2 |     11 | _300_/D                                                 
      132 |       0 |      35 |       14 |      0 |    16 |    +9.0% |   -2.357 
|      -16.6 |     11 | _300_/D                                                 
      140 |       0 |      38 |       16 |      0 |    18 |   +10.2% |   -2.358 
|      -17.1 |     11 | _300_/D                                                 
      150 |       0 |      45 |       19 |      0 |    18 |   +12.6% |   -2.374 
|      -17.7 |     11 | _300_/D                                                 
      151 |       0 |      35 |       14 |      0 |    16 |    +9.0% |   -2.357 
|      -16.6 |     11 | _300_/D                                                 
      152 |       0 |      35 |       14 |      0 |    16 |    +9.0% |   -2.357 
|      -16.6 |     10 | _300_/D                                                 
     154* |       0 |      36 |       14 |      0 |    16 |    +9.5% |   -2.357 
|      -16.6 |     10 | _300_/D                                                 
     155* |       0 |      36 |       14 |      0 |    16 |    +9.5% |   -2.357 
|      -16.6 |     10 | _300_/D                                                 
     157* |       0 |      37 |       14 |      0 |    16 |    +9.5% |   -2.357 
|      -16.5 |     10 | _300_/D                                                 
     158* |       0 |      37 |       14 |      0 |    16 |    +9.5% |   -2.357 
|      -16.5 |     10 | _300_/D                                                 
     159* |       0 |      37 |       14 |      0 |    16 |    +9.5% |   -2.357 
|      -16.5 |     10 | _300_/D                                                 
     160* |       0 |      37 |       14 |      0 |    16 |    +9.5% |   -2.357 
|      -16.5 |     10 | _300_/D                                                 
     160* |       0 |      37 |       14 |      0 |    16 |    +9.5% |   -2.357 
|      -16.5 |     10 | _300_/D                                                 
     161* |       0 |      37 |       14 |      0 |    16 |    +9.5% |   -2.357 
|      -16.5 |     10 | _300_/D                                                 
     162* |       0 |      37 |       14 |      0 |    16 |    +9.5% |   -2.357 
|      -16.5 |     10 | _300_/D                                                 
     163* |       0 |      37 |       14 |      0 |    16 |    +9.5% |   -2.357 
|      -16.5 |     10 | _300_/D                                                 
     165* |       0 |      38 |       14 |      0 |    16 |    +9.7% |   -2.357 
|      -16.4 |     10 | _300_/D                                                 
    final |       0 |      38 |       14 |      0 |    16 |    +9.7% |   -2.357 
|      -16.4 |     10 | _300_/D                                                 
--------------------------------------------------------------------------------
------------------------------                                                  
[INFO RSZ-0040] Inserted 14 buffers.                                            
[INFO RSZ-0051] Resized 38 instances: 38 up, 0 up match, 0 down, 0 VT           
[INFO RSZ-0043] Swapped pins on 16 instances.                                   
[21:08:49] WARNING  [RSZ-0062] Unable to repair all setup        openroad.py:314
                    violations.                                                 
+ repair_timing -verbose -hold -setup_margin                                    
0.05000000000000000277555756156289135105907917022705078125 -hold_margin         
0.1000000000000000055511151231257827021181583404541015625 -max_buffer_percent   
50.0                                                                            
[INFO RSZ-0033] No hold violations found.                                       
+ detailed_placement -max_displacement  500 100                                 
Placement Analysis                                                              
---------------------------------                                               
total displacement         98.6 u                                               
average displacement        0.2 u                                               
max displacement            6.2 u                                               
original HPWL            4341.9 u                                               
legalized HPWL           4539.5 u                                               
delta HPWL                    5 %                                               
                                                                                
[INFO DPL-0020] Mirrored 60 instances                                           
[INFO DPL-0021] HPWL before            4539.5 u                                 
[INFO DPL-0022] HPWL after             4397.7 u                                 
[INFO DPL-0023] HPWL delta               -3.1 %                                 
Setting global connections for newly added cells…                               
[INFO] Setting global connections...                                            
[INFO ODB-0403] 56 connections made, 0 conflicts skipped.                       
Updating metrics…                                                               
Cell type report:                       Count       Area                        
  Fill cell                                64     240.23                        
  Tap cell                                102     127.62                        
  Buffer                                    1       5.00                        
  Clock buffer                              7     140.13                        
  Timing Repair Buffer                     52     474.20                        
  Inverter                                  7      26.28                        
  Sequential cell                          30     640.61                        
  Multi-Input combinational cell          142    1412.60                        
  Total                                   405    3066.69                        
Writing OpenROAD database to                                                    
'/home/runner/work/ASIC_101/ASIC_101/files/alu/pd/runs/csel-4ns/37-openroad-resi
zertimingpostcts/alu_top.odb'…                                                  
Writing netlist to                                                              
'/home/runner/work/ASIC_101/ASIC_101/files/alu/pd/runs/csel-4ns/37-openroad-resi
zertimingpostcts/alu_top.nl.v'…                                                 
Writing powered netlist to                                                      
'/home/runner/work/ASIC_101/ASIC_101/files/alu/pd/runs/csel-4ns/37-openroad-resi
zertimingpostcts/alu_top.pnl.v'…                                                
Writing layout to                                                               
'/home/runner/work/ASIC_101/ASIC_101/files/alu/pd/runs/csel-4ns/37-openroad-resi
zertimingpostcts/alu_top.def'…                                                  
Writing timing constraints to                                                   
'/home/runner/work/ASIC_101/ASIC_101/files/alu/pd/runs/csel-4ns/37-openroad-resi
zertimingpostcts/alu_top.sdc'…                                                  
─────────────────────── Static Timing Analysis (Mid-PnR) ───────────────────────
[21:08:49] VERBOSE  Running 'OpenROAD.STAMidPNR-2' at               step.py:1138
                    'runs/csel-4ns/38-openroad-stamidpnr-2'…                    
[21:08:49] VERBOSE  Logging subprocess to                           step.py:1338
                    'runs/csel-4ns/38-openroad-stamidpnr-2/openroad             
                    -stamidpnr-2.log'…                                          
Reading timing models for corner nom_tt_025C_1v80…                              
Reading timing library for the 'nom_tt_025C_1v80' corner at                     
'/home/runner/.ciel/ciel/sky130/versions/8afc8346a57fe1ab7934ba5a6056ea8b43078e7
1/sky130A/libs.ref/sky130_fd_sc_hd/lib/sky130_fd_sc_hd__tt_025C_1v80.lib'…      
Reading OpenROAD database at                                                    
'/home/runner/work/ASIC_101/ASIC_101/files/alu/pd/runs/csel-4ns/37-openroad-resi
zertimingpostcts/alu_top.odb'…                                                  
Reading design constraints file at                                              
'/nix/store/8y4m6wgn5kqlbig1qwnwbxijqqp0jwib-python3-3.13.9-env/lib/python3.13/s
ite-packages/librelane/scripts/base.sdc'…                                       
[INFO] Using clock clk…                                                         
[INFO] Setting output delay to: 0.8                                             
[INFO] Setting input delay to: 0.8                                              
[INFO] Setting load to: 0.033442                                                
[INFO] Setting clock uncertainty to: 0.25                                       
[INFO] Setting clock transition to:                                             
0.1499999999999999944488848768742172978818416595458984375                       
[INFO] Setting timing derate to: 5.0%                                           
──────────────────────────────── Global Routing ────────────────────────────────
[21:08:50] VERBOSE  Running 'OpenROAD.GlobalRouting' at             step.py:1138
                    'runs/csel-4ns/39-openroad-globalrouting'…                  
[21:08:50] VERBOSE  Logging subprocess to                           step.py:1338
                    'runs/csel-4ns/39-openroad-globalrouting/openro             
                    ad-globalrouting.log'…                                      
Reading timing models for corner nom_tt_025C_1v80…                              
Reading timing library for the 'nom_tt_025C_1v80' corner at                     
'/home/runner/.ciel/ciel/sky130/versions/8afc8346a57fe1ab7934ba5a6056ea8b43078e7
1/sky130A/libs.ref/sky130_fd_sc_hd/lib/sky130_fd_sc_hd__tt_025C_1v80.lib'…      
Reading OpenROAD database at                                                    
'/home/runner/work/ASIC_101/ASIC_101/files/alu/pd/runs/csel-4ns/37-openroad-resi
zertimingpostcts/alu_top.odb'…                                                  
Reading design constraints file at                                              
'/nix/store/8y4m6wgn5kqlbig1qwnwbxijqqp0jwib-python3-3.13.9-env/lib/python3.13/s
ite-packages/librelane/scripts/base.sdc'…                                       
[INFO] Using clock clk…                                                         
[INFO] Setting output delay to: 0.8                                             
[INFO] Setting input delay to: 0.8                                              
[INFO] Setting load to: 0.033442                                                
[INFO] Setting clock uncertainty to: 0.25                                       
[INFO] Setting clock transition to:                                             
0.1499999999999999944488848768742172978818416595458984375                       
[INFO] Setting timing derate to: 5.0%                                           
[INFO] Setting signal min routing layer to: met1 and clock min routing layer to 
met1.                                                                           
[INFO] Setting signal max routing layer to: met5 and clock max routing layer to 
met5.                                                                           
+ global_route -congestion_iterations 50 -verbose                               
[INFO GRT-0020] Min routing layer: met1                                         
[INFO GRT-0021] Max routing layer: met5                                         
[INFO GRT-0022] Global adjustment: 30%                                          
[INFO GRT-0023] Grid origin: (0, 0)                                             
[INFO GRT-0088] Layer li1     Track-Pitch = 0.4600  line-2-Via Pitch: 0.3400    
[INFO GRT-0088] Layer met1    Track-Pitch = 0.3400  line-2-Via Pitch: 0.3400    
[INFO GRT-0088] Layer met2    Track-Pitch = 0.4600  line-2-Via Pitch: 0.3500    
[INFO GRT-0088] Layer met3    Track-Pitch = 0.6800  line-2-Via Pitch: 0.6150    
[INFO GRT-0088] Layer met4    Track-Pitch = 0.9200  line-2-Via Pitch: 1.0400    
[INFO GRT-0088] Layer met5    Track-Pitch = 3.4000  line-2-Via Pitch: 3.1100    
[INFO GRT-0003] Macros: 0                                                       
[INFO GRT-0004] Blockages: 490                                                  
[INFO GRT-0019] Found 6 clock nets.                                             
[INFO GRT-0001] Minimum degree: 2                                               
[INFO GRT-0002] Maximum degree: 11                                              
                                                                                
[INFO GRT-0053] Routing resources analysis:                                     
          Routing      Original      Derated      Resource                      
Layer     Direction    Resources     Resources    Reduction (%)                 
---------------------------------------------------------------                 
li1        Vertical            0             0          0.00%                   
met1       Horizontal       3519          2357          33.02%                  
met2       Vertical         2956          1967          33.46%                  
met3       Horizontal       2166          1474          31.95%                  
met4       Vertical         1432           878          38.69%                  
met5       Horizontal        357           198          44.54%                  
---------------------------------------------------------------                 
                                                                                
[INFO GRT-0197] Via related to pin nodes: 1234                                  
[INFO GRT-0198] Via related Steiner nodes: 16                                   
[INFO GRT-0199] Via filling finished.                                           
[INFO GRT-0111] Final number of vias: 1540                                      
[INFO GRT-0112] Final usage 3D: 5330                                            
                                                                                
[INFO GRT-0096] Final congestion report:                                        
Layer         Resource        Demand        Usage (%)    Max H / Max V / Total  
Overflow                                                                        
--------------------------------------------------------------------------------
-------                                                                         
li1                  0             0            0.00%             0 /  0 /  0   
met1              2357           373           15.83%             0 /  0 /  0   
met2              1967           335           17.03%             0 /  0 /  0   
met3              1474             2            0.14%             0 /  0 /  0   
met4               878             0            0.00%             0 /  0 /  0   
met5               198             0            0.00%             0 /  0 /  0   
--------------------------------------------------------------------------------
-------                                                                         
Total             6874           710           10.33%             0 /  0 /  0   
                                                                                
[INFO GRT-0018] Total wirelength: 8335 um                                       
[INFO GRT-0014] Routed nets: 258                                                
[INFO GRT-0303] Global routing runtime = 00:00:00                               
Setting global connections for newly added cells…                               
[INFO] Setting global connections...                                            
[INFO ODB-0403] 0 connections made, 0 conflicts skipped.                        
Updating metrics…                                                               
Cell type report:                       Count       Area                        
  Fill cell                                64     240.23                        
  Tap cell                                102     127.62                        
  Buffer                                    1       5.00                        
  Clock buffer                              7     140.13                        
  Timing Repair Buffer                     52     474.20                        
  Inverter                                  7      26.28                        
  Sequential cell                          30     640.61                        
  Multi-Input combinational cell          142    1412.60                        
  Total                                   405    3066.69                        
Writing OpenROAD database to                                                    
'/home/runner/work/ASIC_101/ASIC_101/files/alu/pd/runs/csel-4ns/39-openroad-glob
alrouting/alu_top.odb'…                                                         
Writing layout to                                                               
'/home/runner/work/ASIC_101/ASIC_101/files/alu/pd/runs/csel-4ns/39-openroad-glob
alrouting/alu_top.def'…                                                         
──────────────────────────────── Check Antennas ────────────────────────────────
[21:08:50] VERBOSE  Running 'OpenROAD.CheckAntennas' at             step.py:1138
                    'runs/csel-4ns/40-openroad-checkantennas'…                  
[21:08:50] VERBOSE  Logging subprocess to                           step.py:1338
                    'runs/csel-4ns/40-openroad-checkantennas/openro             
                    ad-checkantennas.log'…                                      
Reading timing models for corner nom_tt_025C_1v80…                              
Reading timing library for the 'nom_tt_025C_1v80' corner at                     
'/home/runner/.ciel/ciel/sky130/versions/8afc8346a57fe1ab7934ba5a6056ea8b43078e7
1/sky130A/libs.ref/sky130_fd_sc_hd/lib/sky130_fd_sc_hd__tt_025C_1v80.lib'…      
Reading OpenROAD database at                                                    
'/home/runner/work/ASIC_101/ASIC_101/files/alu/pd/runs/csel-4ns/39-openroad-glob
alrouting/alu_top.odb'…                                                         
Reading design constraints file at                                              
'/nix/store/8y4m6wgn5kqlbig1qwnwbxijqqp0jwib-python3-3.13.9-env/lib/python3.13/s
ite-packages/librelane/scripts/base.sdc'…                                       
[INFO] Using clock clk…                                                         
[INFO] Setting output delay to: 0.8                                             
[INFO] Setting input delay to: 0.8                                              
[INFO] Setting load to: 0.033442                                                
[INFO] Setting clock uncertainty to: 0.25                                       
[INFO] Setting clock transition to:                                             
0.1499999999999999944488848768742172978818416595458984375                       
[INFO] Setting timing derate to: 5.0%                                           
[21:08:51] INFO     Gating variable for step                   sequential.py:362
                    'OpenROAD.RepairDesignPostGRT' set to                       
                    'False'- the step will be skipped.                          
[21:08:51] INFO     Skipping step 'Repair Design (Post-Global  sequential.py:370
                    Routing)'…                                                  
────────────────────── Diodes on Ports Protection Routine ──────────────────────
[21:08:51] VERBOSE  Running 'Odb.DiodesOnPorts' at                  step.py:1138
                    'runs/csel-4ns/41-odb-diodesonports'…                       
[21:08:51] INFO     'DIODE_ON_PORTS' is set to 'none': skipping       odb.py:820
                    'Odb.DiodesOnPorts'…                                        
[21:08:51] INFO     Gating variable for step                   sequential.py:362
                    'Odb.HeuristicDiodeInsertion' set to                        
                    'False'- the step will be skipped.                          
[21:08:51] INFO     Skipping step 'Heuristic Diode Insertion'… sequential.py:370
──────────────────────────────── Antenna Repair ────────────────────────────────
[21:08:51] VERBOSE  Running 'OpenROAD.RepairAntennas' at            step.py:1138
                    'runs/csel-4ns/42-openroad-repairantennas'…                 
─────────────────────────────── Diode Insertion ────────────────────────────────
[21:08:51] VERBOSE  Running 'OpenROAD.DiodeInsertion' at            step.py:1138
                    'runs/csel-4ns/42-openroad-repairantennas/1-ope             
                    nroad-diodeinsertion'…                                      
[21:08:51] VERBOSE  Logging subprocess to                           step.py:1338
                    'runs/csel-4ns/42-openroad-repairantennas/1-ope             
                    nroad-diodeinsertion/openroad-diodeinsertion.lo             
                    g'…                                                         
Reading timing models for corner nom_tt_025C_1v80…                              
Reading timing library for the 'nom_tt_025C_1v80' corner at                     
'/home/runner/.ciel/ciel/sky130/versions/8afc8346a57fe1ab7934ba5a6056ea8b43078e7
1/sky130A/libs.ref/sky130_fd_sc_hd/lib/sky130_fd_sc_hd__tt_025C_1v80.lib'…      
Reading OpenROAD database at                                                    
'/home/runner/work/ASIC_101/ASIC_101/files/alu/pd/runs/csel-4ns/39-openroad-glob
alrouting/alu_top.odb'…                                                         
Reading design constraints file at                                              
'/nix/store/8y4m6wgn5kqlbig1qwnwbxijqqp0jwib-python3-3.13.9-env/lib/python3.13/s
ite-packages/librelane/scripts/base.sdc'…                                       
[INFO] Using clock clk…                                                         
[INFO] Setting output delay to: 0.8                                             
[INFO] Setting input delay to: 0.8                                              
[INFO] Setting load to: 0.033442                                                
[INFO] Setting clock uncertainty to: 0.25                                       
[INFO] Setting clock transition to:                                             
0.1499999999999999944488848768742172978818416595458984375                       
[INFO] Setting timing derate to: 5.0%                                           
+ repair_antennas sky130_fd_sc_hd__diode_2 -iterations 3 -ratio_margin 10       
[INFO GRT-0012] Found 0 antenna violations.                                     
Setting global connections for newly added cells…                               
[INFO] Setting global connections...                                            
[INFO ODB-0403] 0 connections made, 0 conflicts skipped.                        
Updating metrics…                                                               
Cell type report:                       Count       Area                        
  Fill cell                                64     240.23                        
  Tap cell                                102     127.62                        
  Buffer                                    1       5.00                        
  Clock buffer                              7     140.13                        
  Timing Repair Buffer                     52     474.20                        
  Inverter                                  7      26.28                        
  Sequential cell                          30     640.61                        
  Multi-Input combinational cell          142    1412.60                        
  Total                                   405    3066.69                        
Writing OpenROAD database to                                                    
'/home/runner/work/ASIC_101/ASIC_101/files/alu/pd/runs/csel-4ns/42-openroad-repa
irantennas/1-openroad-diodeinsertion/alu_top.odb'…                              
Writing layout to                                                               
'/home/runner/work/ASIC_101/ASIC_101/files/alu/pd/runs/csel-4ns/42-openroad-repa
irantennas/1-openroad-diodeinsertion/alu_top.def'…                              
──────────────────────────────── Check Antennas ────────────────────────────────
[21:08:52] VERBOSE  Running 'OpenROAD.CheckAntennas' at             step.py:1138
                    'runs/csel-4ns/42-openroad-repairantennas/2-ope             
                    nroad-checkantennas'…                                       
[21:08:52] VERBOSE  Logging subprocess to                           step.py:1338
                    'runs/csel-4ns/42-openroad-repairantennas/2-ope             
                    nroad-checkantennas/openroad-checkantennas.log'             
                    …                                                           
Reading timing models for corner nom_tt_025C_1v80…                              
Reading timing library for the 'nom_tt_025C_1v80' corner at                     
'/home/runner/.ciel/ciel/sky130/versions/8afc8346a57fe1ab7934ba5a6056ea8b43078e7
1/sky130A/libs.ref/sky130_fd_sc_hd/lib/sky130_fd_sc_hd__tt_025C_1v80.lib'…      
Reading OpenROAD database at                                                    
'/home/runner/work/ASIC_101/ASIC_101/files/alu/pd/runs/csel-4ns/42-openroad-repa
irantennas/1-openroad-diodeinsertion/alu_top.odb'…                              
Reading design constraints file at                                              
'/nix/store/8y4m6wgn5kqlbig1qwnwbxijqqp0jwib-python3-3.13.9-env/lib/python3.13/s
ite-packages/librelane/scripts/base.sdc'…                                       
[INFO] Using clock clk…                                                         
[INFO] Setting output delay to: 0.8                                             
[INFO] Setting input delay to: 0.8                                              
[INFO] Setting load to: 0.033442                                                
[INFO] Setting clock uncertainty to: 0.25                                       
[INFO] Setting clock transition to:                                             
0.1499999999999999944488848768742172978818416595458984375                       
[INFO] Setting timing derate to: 5.0%                                           
[21:08:53] INFO     Gating variable for step                   sequential.py:362
                    'OpenROAD.ResizerTimingPostGRT' set to                      
                    'False'- the step will be skipped.                          
[21:08:53] INFO     Skipping step 'Resizer Timing              sequential.py:370
                    Optimizations (Post-Global Routing)'…                       
─────────────────────── Static Timing Analysis (Mid-PnR) ───────────────────────
[21:08:53] VERBOSE  Running 'OpenROAD.STAMidPNR-3' at               step.py:1138
                    'runs/csel-4ns/43-openroad-stamidpnr-3'…                    
[21:08:53] VERBOSE  Logging subprocess to                           step.py:1338
                    'runs/csel-4ns/43-openroad-stamidpnr-3/openroad             
                    -stamidpnr-3.log'…                                          
Reading timing models for corner nom_tt_025C_1v80…                              
Reading timing library for the 'nom_tt_025C_1v80' corner at                     
'/home/runner/.ciel/ciel/sky130/versions/8afc8346a57fe1ab7934ba5a6056ea8b43078e7
1/sky130A/libs.ref/sky130_fd_sc_hd/lib/sky130_fd_sc_hd__tt_025C_1v80.lib'…      
Reading OpenROAD database at                                                    
'/home/runner/work/ASIC_101/ASIC_101/files/alu/pd/runs/csel-4ns/42-openroad-repa
irantennas/1-openroad-diodeinsertion/alu_top.odb'…                              
Reading design constraints file at                                              
'/nix/store/8y4m6wgn5kqlbig1qwnwbxijqqp0jwib-python3-3.13.9-env/lib/python3.13/s
ite-packages/librelane/scripts/base.sdc'…                                       
[INFO] Using clock clk…                                                         
[INFO] Setting output delay to: 0.8                                             
[INFO] Setting input delay to: 0.8                                              
[INFO] Setting load to: 0.033442                                                
[INFO] Setting clock uncertainty to: 0.25                                       
[INFO] Setting clock transition to:                                             
0.1499999999999999944488848768742172978818416595458984375                       
[INFO] Setting timing derate to: 5.0%                                           
─────────────────────────────── Detailed Routing ───────────────────────────────
[21:08:53] VERBOSE  Running 'OpenROAD.DetailedRouting' at           step.py:1138
                    'runs/csel-4ns/44-openroad-detailedrouting'…                
[21:08:53] INFO     Running TritonRoute with 4 threads…         openroad.py:2004
[21:08:53] VERBOSE  Logging subprocess to                           step.py:1338
                    'runs/csel-4ns/44-openroad-detailedrouting/open             
                    road-detailedrouting.log'…                                  
Reading timing models for corner nom_tt_025C_1v80…                              
Reading timing library for the 'nom_tt_025C_1v80' corner at                     
'/home/runner/.ciel/ciel/sky130/versions/8afc8346a57fe1ab7934ba5a6056ea8b43078e7
1/sky130A/libs.ref/sky130_fd_sc_hd/lib/sky130_fd_sc_hd__tt_025C_1v80.lib'…      
Reading OpenROAD database at                                                    
'/home/runner/work/ASIC_101/ASIC_101/files/alu/pd/runs/csel-4ns/42-openroad-repa
irantennas/1-openroad-diodeinsertion/alu_top.odb'…                              
Reading design constraints file at                                              
'/nix/store/8y4m6wgn5kqlbig1qwnwbxijqqp0jwib-python3-3.13.9-env/lib/python3.13/s
ite-packages/librelane/scripts/base.sdc'…                                       
[INFO] Using clock clk…                                                         
[INFO] Setting output delay to: 0.8                                             
[INFO] Setting input delay to: 0.8                                              
[INFO] Setting load to: 0.033442                                                
[INFO] Setting clock uncertainty to: 0.25                                       
[INFO] Setting clock transition to:                                             
0.1499999999999999944488848768742172978818416595458984375                       
[INFO] Setting timing derate to: 5.0%                                           
[INFO ORD-0030] Using 4 thread(s).                                              
+ detailed_route -droute_end_iter 64 -or_seed 42 -verbose 1 -output_drc         
/home/runner/work/ASIC_101/ASIC_101/files/alu/pd/runs/csel-4ns/44-openroad-detai
ledrouting/drt-run-0/alu_top.drc                                                
[INFO DRT-0149] Reading tech and libs.                                          
[21:08:54] WARNING  [DRT-0349] LEF58_ENCLOSURE with no CUTCLASS  openroad.py:314
                    is not supported. Skipping for layer mcon                   
[21:08:54] WARNING  [DRT-0349] LEF58_ENCLOSURE with no CUTCLASS  openroad.py:314
                    is not supported. Skipping for layer mcon                   
[21:08:54] WARNING  [DRT-0349] LEF58_ENCLOSURE with no CUTCLASS  openroad.py:314
                    is not supported. Skipping for layer via                    
[21:08:54] WARNING  [DRT-0349] LEF58_ENCLOSURE with no CUTCLASS  openroad.py:314
                    is not supported. Skipping for layer via                    
[21:08:54] WARNING  [DRT-0349] LEF58_ENCLOSURE with no CUTCLASS  openroad.py:314
                    is not supported. Skipping for layer via2                   
[21:08:54] WARNING  [DRT-0349] LEF58_ENCLOSURE with no CUTCLASS  openroad.py:314
                    is not supported. Skipping for layer via2                   
[21:08:54] WARNING  [DRT-0349] LEF58_ENCLOSURE with no CUTCLASS  openroad.py:314
                    is not supported. Skipping for layer via3                   
[21:08:54] WARNING  [DRT-0349] LEF58_ENCLOSURE with no CUTCLASS  openroad.py:314
                    is not supported. Skipping for layer via3                   
[21:08:54] WARNING  [DRT-0349] LEF58_ENCLOSURE with no CUTCLASS  openroad.py:314
                    is not supported. Skipping for layer via4                   
[21:08:54] WARNING  [DRT-0349] LEF58_ENCLOSURE with no CUTCLASS  openroad.py:314
                    is not supported. Skipping for layer via4                   
                                                                                
Units:                1000                                                      
Number of layers:     13                                                        
Number of macros:     445                                                       
Number of vias:       29                                                        
Number of viarulegen: 25                                                        
                                                                                
[INFO DRT-0150] Reading design.                                                 
                                                                                
Design:                   alu_top                                               
Die area:                 ( 0 0 ) ( 110000 110000 )                             
Number of track patterns: 12                                                    
Number of DEF vias:       0                                                     
Number of components:     405                                                   
Number of terminals:      35                                                    
Number of snets:          2                                                     
Number of nets:           258                                                   
                                                                                
[INFO DRT-0167] List of default vias:                                           
  Layer via                                                                     
    default via: M1M2_PR                                                        
  Layer via2                                                                    
    default via: M2M3_PR                                                        
  Layer via3                                                                    
    default via: M3M4_PR                                                        
  Layer via4                                                                    
    default via: M4M5_PR                                                        
[INFO DRT-0162] Library cell analysis.                                          
[INFO DRT-0163] Instance analysis.                                              
[INFO DRT-0164] Number of unique instances = 109.                               
[INFO DRT-0168] Init region query.                                              
[INFO DRT-0024]   Complete FR_MASTERSLICE.                                      
[INFO DRT-0024]   Complete licon.                                               
[INFO DRT-0024]   Complete li1.                                                 
[INFO DRT-0024]   Complete mcon.                                                
[INFO DRT-0024]   Complete met1.                                                
[INFO DRT-0024]   Complete via.                                                 
[INFO DRT-0024]   Complete met2.                                                
[INFO DRT-0024]   Complete via2.                                                
[INFO DRT-0024]   Complete met3.                                                
[INFO DRT-0024]   Complete via3.                                                
[INFO DRT-0024]   Complete met4.                                                
[INFO DRT-0024]   Complete via4.                                                
[INFO DRT-0024]   Complete met5.                                                
[INFO DRT-0033] FR_MASTERSLICE shape region query size = 0.                     
[INFO DRT-0033] licon shape region query size = 0.                              
[INFO DRT-0033] li1 shape region query size = 8343.                             
[INFO DRT-0033] mcon shape region query size = 0.                               
[INFO DRT-0033] met1 shape region query size = 1249.                            
[INFO DRT-0033] via shape region query size = 594.                              
[INFO DRT-0033] met2 shape region query size = 218.                             
[INFO DRT-0033] via2 shape region query size = 495.                             
[INFO DRT-0033] met3 shape region query size = 310.                             
[INFO DRT-0033] via3 shape region query size = 495.                             
[INFO DRT-0033] met4 shape region query size = 129.                             
[INFO DRT-0033] via4 shape region query size = 18.                              
[INFO DRT-0033] met5 shape region query size = 30.                              
[INFO DRT-0165] Start pin access.                                               
[INFO DRT-0078]   Complete 801 pins.                                            
[INFO DRT-0079]   Complete 100 unique inst patterns.                            
[INFO DRT-0081]   Complete 109 unique inst patterns.                            
[INFO DRT-0084]   Complete 176 groups.                                          
#scanned instances     = 405                                                    
#unique  instances     = 109                                                    
#stdCellGenAp          = 2853                                                   
#stdCellValidPlanarAp  = 14                                                     
#stdCellValidViaAp     = 2111                                                   
#stdCellPinNoAp        = 0                                                      
#stdCellPinCnt         = 756                                                    
#instTermValidViaApCnt = 0                                                      
#macroGenAp            = 0                                                      
#macroValidPlanarAp    = 0                                                      
#macroValidViaAp       = 0                                                      
#macroNoAp             = 0                                                      
[INFO DRT-0166] Complete pin access.                                            
[INFO DRT-0267] cpu time = 00:00:41, elapsed time = 00:00:10, memory = 131.24   
(MB), peak = 184.26 (MB)                                                        
                                                                                
[INFO DRT-0157] Number of guides:     1674                                      
                                                                                
[INFO DRT-0169] Post process guides.                                            
[INFO DRT-0176] GCELLGRID X 0 DO 15 STEP 6900 ;                                 
[INFO DRT-0177] GCELLGRID Y 0 DO 15 STEP 6900 ;                                 
[INFO DRT-0028]   Complete FR_MASTERSLICE.                                      
[INFO DRT-0028]   Complete licon.                                               
[INFO DRT-0028]   Complete li1.                                                 
[INFO DRT-0028]   Complete mcon.                                                
[INFO DRT-0028]   Complete met1.                                                
[INFO DRT-0028]   Complete via.                                                 
[INFO DRT-0028]   Complete met2.                                                
[INFO DRT-0028]   Complete via2.                                                
[INFO DRT-0028]   Complete met3.                                                
[INFO DRT-0028]   Complete via3.                                                
[INFO DRT-0028]   Complete met4.                                                
[INFO DRT-0028]   Complete via4.                                                
[INFO DRT-0028]   Complete met5.                                                
[INFO DRT-0178] Init guide query.                                               
[INFO DRT-0035]   Complete FR_MASTERSLICE (guide).                              
[INFO DRT-0035]   Complete licon (guide).                                       
[INFO DRT-0035]   Complete li1 (guide).                                         
[INFO DRT-0035]   Complete mcon (guide).                                        
[INFO DRT-0035]   Complete met1 (guide).                                        
[INFO DRT-0035]   Complete via (guide).                                         
[INFO DRT-0035]   Complete met2 (guide).                                        
[INFO DRT-0035]   Complete via2 (guide).                                        
[INFO DRT-0035]   Complete met3 (guide).                                        
[INFO DRT-0035]   Complete via3 (guide).                                        
[INFO DRT-0035]   Complete met4 (guide).                                        
[INFO DRT-0035]   Complete via4 (guide).                                        
[INFO DRT-0035]   Complete met5 (guide).                                        
[INFO DRT-0036] FR_MASTERSLICE guide region query size = 0.                     
[INFO DRT-0036] licon guide region query size = 0.                              
[INFO DRT-0036] li1 guide region query size = 619.                              
[INFO DRT-0036] mcon guide region query size = 0.                               
[INFO DRT-0036] met1 guide region query size = 516.                             
[INFO DRT-0036] via guide region query size = 0.                                
[INFO DRT-0036] met2 guide region query size = 250.                             
[INFO DRT-0036] via2 guide region query size = 0.                               
[INFO DRT-0036] met3 guide region query size = 13.                              
[INFO DRT-0036] via3 guide region query size = 0.                               
[INFO DRT-0036] met4 guide region query size = 0.                               
[INFO DRT-0036] via4 guide region query size = 0.                               
[INFO DRT-0036] met5 guide region query size = 0.                               
[INFO DRT-0179] Init gr pin query.                                              
[INFO DRT-0267] cpu time = 00:00:00, elapsed time = 00:00:00, memory = 131.97   
(MB), peak = 184.26 (MB)                                                        
[INFO DRT-0245] skipped writing guide updates to database.                      
[INFO DRT-0185] Post process initialize RPin region query.                      
[INFO DRT-0181] Start track assignment.                                         
[INFO DRT-0184] Done with 869 vertical wires in 1 frboxes and 529 horizontal    
wires in 1 frboxes.                                                             
[INFO DRT-0186] Done with 83 vertical wires in 1 frboxes and 131 horizontal     
wires in 1 frboxes.                                                             
[INFO DRT-0182] Complete track assignment.                                      
[INFO DRT-0267] cpu time = 00:00:00, elapsed time = 00:00:00, memory = 137.54   
(MB), peak = 184.26 (MB)                                                        
[INFO DRT-0187] Start routing data preparation.                                 
[INFO DRT-0267] cpu time = 00:00:00, elapsed time = 00:00:00, memory = 137.60   
(MB), peak = 184.26 (MB)                                                        
[INFO DRT-0194] Start detail routing.                                           
[INFO DRT-0195] Start 0th optimization iteration.                               
    Completing 10% with 0 violations.                                           
    elapsed time = 00:00:00, memory = 137.91 (MB).                              
    Completing 20% with 0 violations.                                           
    elapsed time = 00:00:00, memory = 146.53 (MB).                              
    Completing 30% with 0 violations.                                           
    elapsed time = 00:00:00, memory = 146.53 (MB).                              
    Completing 40% with 0 violations.                                           
    elapsed time = 00:00:00, memory = 142.04 (MB).                              
    Completing 50% with 6 violations.                                           
    elapsed time = 00:00:00, memory = 153.63 (MB).                              
    Completing 60% with 6 violations.                                           
    elapsed time = 00:00:00, memory = 145.37 (MB).                              
    Completing 70% with 10 violations.                                          
    elapsed time = 00:00:01, memory = 154.83 (MB).                              
    Completing 80% with 10 violations.                                          
    elapsed time = 00:00:01, memory = 154.83 (MB).                              
    Completing 100% with 22 violations.                                         
    elapsed time = 00:00:02, memory = 155.00 (MB).                              
[INFO DRT-0199]   Number of violations = 23.                                    
Viol/Layer        met1   met2                                                   
Metal Spacing        5      1                                                   
Recheck              1      0                                                   
Short               10      6                                                   
[INFO DRT-0267] cpu time = 00:00:05, elapsed time = 00:00:02, memory = 501.67   
(MB), peak = 501.18 (MB)                                                        
Total wire length = 5139 um.                                                    
Total wire length on LAYER li1 = 0 um.                                          
Total wire length on LAYER met1 = 2560 um.                                      
Total wire length on LAYER met2 = 2485 um.                                      
Total wire length on LAYER met3 = 93 um.                                        
Total wire length on LAYER met4 = 0 um.                                         
Total wire length on LAYER met5 = 0 um.                                         
Total number of vias = 1522.                                                    
Up-via summary (total 1522):                                                    
                                                                                
-----------------------                                                         
 FR_MASTERSLICE       0                                                         
            li1     764                                                         
           met1     745                                                         
           met2      13                                                         
           met3       0                                                         
           met4       0                                                         
-----------------------                                                         
               1522                                                             
                                                                                
                                                                                
[INFO DRT-0195] Start 1st optimization iteration.                               
    Completing 10% with 23 violations.                                          
    elapsed time = 00:00:00, memory = 505.51 (MB).                              
    Completing 20% with 23 violations.                                          
    elapsed time = 00:00:00, memory = 505.51 (MB).                              
    Completing 30% with 23 violations.                                          
    elapsed time = 00:00:00, memory = 505.88 (MB).                              
    Completing 40% with 23 violations.                                          
    elapsed time = 00:00:00, memory = 505.88 (MB).                              
    Completing 50% with 23 violations.                                          
    elapsed time = 00:00:00, memory = 235.95 (MB).                              
    Completing 60% with 23 violations.                                          
    elapsed time = 00:00:00, memory = 235.95 (MB).                              
    Completing 70% with 22 violations.                                          
    elapsed time = 00:00:00, memory = 242.70 (MB).                              
    Completing 80% with 22 violations.                                          
    elapsed time = 00:00:00, memory = 242.70 (MB).                              
    Completing 100% with 3 violations.                                          
    elapsed time = 00:00:02, memory = 250.94 (MB).                              
[INFO DRT-0199]   Number of violations = 3.                                     
Viol/Layer        met1                                                          
Metal Spacing        1                                                          
Short                2                                                          
[INFO DRT-0267] cpu time = 00:00:04, elapsed time = 00:00:02, memory = 523.47   
(MB), peak = 523.11 (MB)                                                        
Total wire length = 5087 um.                                                    
Total wire length on LAYER li1 = 0 um.                                          
Total wire length on LAYER met1 = 2512 um.                                      
Total wire length on LAYER met2 = 2486 um.                                      
Total wire length on LAYER met3 = 88 um.                                        
Total wire length on LAYER met4 = 0 um.                                         
Total wire length on LAYER met5 = 0 um.                                         
Total number of vias = 1502.                                                    
Up-via summary (total 1502):                                                    
                                                                                
-----------------------                                                         
 FR_MASTERSLICE       0                                                         
            li1     762                                                         
           met1     727                                                         
           met2      13                                                         
           met3       0                                                         
           met4       0                                                         
-----------------------                                                         
               1502                                                             
                                                                                
                                                                                
[INFO DRT-0195] Start 2nd optimization iteration.                               
    Completing 10% with 3 violations.                                           
    elapsed time = 00:00:00, memory = 523.47 (MB).                              
    Completing 20% with 3 violations.                                           
    elapsed time = 00:00:00, memory = 523.47 (MB).                              
    Completing 30% with 3 violations.                                           
    elapsed time = 00:00:00, memory = 523.47 (MB).                              
    Completing 40% with 3 violations.                                           
    elapsed time = 00:00:00, memory = 523.47 (MB).                              
    Completing 50% with 3 violations.                                           
    elapsed time = 00:00:00, memory = 523.47 (MB).                              
    Completing 60% with 3 violations.                                           
    elapsed time = 00:00:00, memory = 523.47 (MB).                              
    Completing 70% with 3 violations.                                           
    elapsed time = 00:00:00, memory = 523.47 (MB).                              
    Completing 80% with 3 violations.                                           
    elapsed time = 00:00:00, memory = 523.47 (MB).                              
    Completing 100% with 0 violations.                                          
    elapsed time = 00:00:00, memory = 544.70 (MB).                              
[INFO DRT-0199]   Number of violations = 0.                                     
[INFO DRT-0267] cpu time = 00:00:01, elapsed time = 00:00:00, memory = 544.70   
(MB), peak = 544.32 (MB)                                                        
Total wire length = 5080 um.                                                    
Total wire length on LAYER li1 = 0 um.                                          
Total wire length on LAYER met1 = 2505 um.                                      
Total wire length on LAYER met2 = 2486 um.                                      
Total wire length on LAYER met3 = 88 um.                                        
Total wire length on LAYER met4 = 0 um.                                         
Total wire length on LAYER met5 = 0 um.                                         
Total number of vias = 1506.                                                    
Up-via summary (total 1506):                                                    
                                                                                
-----------------------                                                         
 FR_MASTERSLICE       0                                                         
            li1     761                                                         
           met1     732                                                         
           met2      13                                                         
           met3       0                                                         
           met4       0                                                         
-----------------------                                                         
               1506                                                             
                                                                                
                                                                                
[INFO DRT-0198] Complete detail routing.                                        
Total wire length = 5080 um.                                                    
Total wire length on LAYER li1 = 0 um.                                          
Total wire length on LAYER met1 = 2505 um.                                      
Total wire length on LAYER met2 = 2486 um.                                      
Total wire length on LAYER met3 = 88 um.                                        
Total wire length on LAYER met4 = 0 um.                                         
Total wire length on LAYER met5 = 0 um.                                         
Total number of vias = 1506.                                                    
Up-via summary (total 1506):                                                    
                                                                                
-----------------------                                                         
 FR_MASTERSLICE       0                                                         
            li1     761                                                         
           met1     732                                                         
           met2      13                                                         
           met3       0                                                         
           met4       0                                                         
-----------------------                                                         
               1506                                                             
                                                                                
                                                                                
[INFO DRT-0267] cpu time = 00:00:11, elapsed time = 00:00:05, memory = 544.83   
(MB), peak = 544.46 (MB)                                                        
                                                                                
[INFO DRT-0180] Post processing.                                                
+ check_antennas                                                                
[INFO ANT-0002] Found 0 net violations.                                         
[INFO ANT-0001] Found 0 pin violations.                                         
Setting global connections for newly added cells…                               
[INFO] Setting global connections...                                            
[INFO ODB-0403] 0 connections made, 0 conflicts skipped.                        
Updating metrics…                                                               
Cell type report:                       Count       Area                        
  Fill cell                                64     240.23                        
  Tap cell                                102     127.62                        
  Buffer                                    1       5.00                        
  Clock buffer                              7     140.13                        
  Timing Repair Buffer                     52     474.20                        
  Inverter                                  7      26.28                        
  Sequential cell                          30     640.61                        
  Multi-Input combinational cell          142    1412.60                        
  Total                                   405    3066.69                        
Writing OpenROAD database to                                                    
'/home/runner/work/ASIC_101/ASIC_101/files/alu/pd/runs/csel-4ns/44-openroad-deta
iledrouting/alu_top.odb'…                                                       
Writing netlist to                                                              
'/home/runner/work/ASIC_101/ASIC_101/files/alu/pd/runs/csel-4ns/44-openroad-deta
iledrouting/alu_top.nl.v'…                                                      
Writing powered netlist to                                                      
'/home/runner/work/ASIC_101/ASIC_101/files/alu/pd/runs/csel-4ns/44-openroad-deta
iledrouting/alu_top.pnl.v'…                                                     
Writing layout to                                                               
'/home/runner/work/ASIC_101/ASIC_101/files/alu/pd/runs/csel-4ns/44-openroad-deta
iledrouting/alu_top.def'…                                                       
Writing timing constraints to                                                   
'/home/runner/work/ASIC_101/ASIC_101/files/alu/pd/runs/csel-4ns/44-openroad-deta
iledrouting/alu_top.sdc'…                                                       
───────────────────────────── Remove Obstructions ──────────────────────────────
[21:09:11] VERBOSE  Running 'Odb.RemoveRoutingObstructions' at      step.py:1138
                    'runs/csel-4ns/45-odb-removeroutingobstructions             
                    '…                                                          
[21:09:11] INFO     'ROUTING_OBSTRUCTIONS' is not defined. Skipping   odb.py:589
                    'Odb.RemoveRoutingObstructions'…                            
──────────────────────────────── Check Antennas ────────────────────────────────
[21:09:11] VERBOSE  Running 'OpenROAD.CheckAntennas-1' at           step.py:1138
                    'runs/csel-4ns/46-openroad-checkantennas-1'…                
[21:09:11] VERBOSE  Logging subprocess to                           step.py:1338
                    'runs/csel-4ns/46-openroad-checkantennas-1/open             
                    road-checkantennas-1.log'…                                  
Reading timing models for corner nom_tt_025C_1v80…                              
Reading timing library for the 'nom_tt_025C_1v80' corner at                     
'/home/runner/.ciel/ciel/sky130/versions/8afc8346a57fe1ab7934ba5a6056ea8b43078e7
1/sky130A/libs.ref/sky130_fd_sc_hd/lib/sky130_fd_sc_hd__tt_025C_1v80.lib'…      
Reading OpenROAD database at                                                    
'/home/runner/work/ASIC_101/ASIC_101/files/alu/pd/runs/csel-4ns/44-openroad-deta
iledrouting/alu_top.odb'…                                                       
Reading design constraints file at                                              
'/nix/store/8y4m6wgn5kqlbig1qwnwbxijqqp0jwib-python3-3.13.9-env/lib/python3.13/s
ite-packages/librelane/scripts/base.sdc'…                                       
[INFO] Using clock clk…                                                         
[INFO] Setting output delay to: 0.8                                             
[INFO] Setting input delay to: 0.8                                              
[INFO] Setting load to: 0.033442                                                
[INFO] Setting clock uncertainty to: 0.25                                       
[INFO] Setting clock transition to:                                             
0.1499999999999999944488848768742172978818416595458984375                       
[INFO] Setting timing derate to: 5.0%                                           
───────────────────────── Routing Design Rule Checker ──────────────────────────
[21:09:11] VERBOSE  Running 'Checker.TrDRC' at                      step.py:1138
                    'runs/csel-4ns/47-checker-trdrc'…                           
[21:09:11] INFO     Check for Routing DRC errors clear.           checker.py:131
─────────────────────────── Report Disconnected Pins ───────────────────────────
[21:09:11] VERBOSE  Running 'Odb.ReportDisconnectedPins' at         step.py:1138
                    'runs/csel-4ns/48-odb-reportdisconnectedpins'…              
[21:09:11] VERBOSE  Logging subprocess to                           step.py:1338
                    'runs/csel-4ns/48-odb-reportdisconnectedpins/od             
                    b-reportdisconnectedpins.log'…                              
Found 0 disconnected pin(s), of which 0 are critical.                           
────────────────────────── Disconnected Pins Checker ───────────────────────────
[21:09:12] VERBOSE  Running 'Checker.DisconnectedPins' at           step.py:1138
                    'runs/csel-4ns/49-checker-disconnectedpins'…                
[21:09:12] INFO     Check for critical disconnected pins clear.   checker.py:131
────────────────────────────── Report Wire Length ──────────────────────────────
[21:09:12] VERBOSE  Running 'Odb.ReportWireLength' at               step.py:1138
                    'runs/csel-4ns/50-odb-reportwirelength'…                    
[21:09:12] VERBOSE  Logging subprocess to                           step.py:1338
                    'runs/csel-4ns/50-odb-reportwirelength/odb-repo             
                    rtwirelength.log'…                                          
──────────────────────── Wire Length Threshold Checker ─────────────────────────
[21:09:13] VERBOSE  Running 'Checker.WireLength' at                 step.py:1138
                    'runs/csel-4ns/51-checker-wirelength'…                      
[21:09:13] WARNING  Threshold for Threshold-surpassing long wires checker.py:108
                    is not set. The checker will be skipped.                    
──────────────────────────────── Fill Insertion ────────────────────────────────
[21:09:13] VERBOSE  Running 'OpenROAD.FillInsertion' at             step.py:1138
                    'runs/csel-4ns/52-openroad-fillinsertion'…                  
[21:09:13] VERBOSE  Logging subprocess to                           step.py:1338
                    'runs/csel-4ns/52-openroad-fillinsertion/openro             
                    ad-fillinsertion.log'…                                      
Reading timing models for corner nom_tt_025C_1v80…                              
Reading timing library for the 'nom_tt_025C_1v80' corner at                     
'/home/runner/.ciel/ciel/sky130/versions/8afc8346a57fe1ab7934ba5a6056ea8b43078e7
1/sky130A/libs.ref/sky130_fd_sc_hd/lib/sky130_fd_sc_hd__tt_025C_1v80.lib'…      
Reading OpenROAD database at                                                    
'/home/runner/work/ASIC_101/ASIC_101/files/alu/pd/runs/csel-4ns/48-odb-reportdis
connectedpins/alu_top.odb'…                                                     
Reading design constraints file at                                              
'/nix/store/8y4m6wgn5kqlbig1qwnwbxijqqp0jwib-python3-3.13.9-env/lib/python3.13/s
ite-packages/librelane/scripts/base.sdc'…                                       
[INFO] Using clock clk…                                                         
[INFO] Setting output delay to: 0.8                                             
[INFO] Setting input delay to: 0.8                                              
[INFO] Setting load to: 0.033442                                                
[INFO] Setting clock uncertainty to: 0.25                                       
[INFO] Setting clock transition to:                                             
0.1499999999999999944488848768742172978818416595458984375                       
[INFO] Setting timing derate to: 5.0%                                           
sky130_fd_sc_hd__decap_3 sky130_fd_sc_hd__fill_2 sky130_fd_sc_hd__fill_1        
[INFO DPL-0001] Placed 1354 filler instances.                                   
Setting global connections for newly added cells…                               
[INFO] Setting global connections...                                            
[INFO ODB-0403] 5416 connections made, 0 conflicts skipped.                     
Updating metrics…                                                               
Cell type report:                       Count       Area                        
  Fill cell                              1418    4981.03                        
  Tap cell                                102     127.62                        
  Buffer                                    1       5.00                        
  Clock buffer                              7     140.13                        
  Timing Repair Buffer                     52     474.20                        
  Inverter                                  7      26.28                        
  Sequential cell                          30     640.61                        
  Multi-Input combinational cell          142    1412.60                        
  Total                                  1759    7807.49                        
Writing OpenROAD database to                                                    
'/home/runner/work/ASIC_101/ASIC_101/files/alu/pd/runs/csel-4ns/52-openroad-fill
insertion/alu_top.odb'…                                                         
Writing netlist to                                                              
'/home/runner/work/ASIC_101/ASIC_101/files/alu/pd/runs/csel-4ns/52-openroad-fill
insertion/alu_top.nl.v'…                                                        
Writing powered netlist to                                                      
'/home/runner/work/ASIC_101/ASIC_101/files/alu/pd/runs/csel-4ns/52-openroad-fill
insertion/alu_top.pnl.v'…                                                       
Writing layout to                                                               
'/home/runner/work/ASIC_101/ASIC_101/files/alu/pd/runs/csel-4ns/52-openroad-fill
insertion/alu_top.def'…                                                         
Writing timing constraints to                                                   
'/home/runner/work/ASIC_101/ASIC_101/files/alu/pd/runs/csel-4ns/52-openroad-fill
insertion/alu_top.sdc'…                                                         
──────────────────────── Generate Cell Frequency Tables ────────────────────────
[21:09:13] VERBOSE  Running 'Odb.CellFrequencyTables' at            step.py:1138
                    'runs/csel-4ns/53-odb-cellfrequencytables'…                 
[21:09:13] VERBOSE  Logging subprocess to                           step.py:1338
                    'runs/csel-4ns/53-odb-cellfrequencytables/buffe             
                    r_list.txt'…                                                
sky130_fd_sc_hd__buf_1                                                          
sky130_fd_sc_hd__buf_12                                                         
sky130_fd_sc_hd__buf_16                                                         
sky130_fd_sc_hd__buf_2                                                          
sky130_fd_sc_hd__buf_4                                                          
sky130_fd_sc_hd__buf_6                                                          
sky130_fd_sc_hd__buf_8                                                          
sky130_fd_sc_hd__bufbuf_16                                                      
sky130_fd_sc_hd__bufbuf_8                                                       
sky130_fd_sc_hd__clkbuf_1                                                       
sky130_fd_sc_hd__clkbuf_16                                                      
sky130_fd_sc_hd__clkbuf_2                                                       
sky130_fd_sc_hd__clkbuf_4                                                       
sky130_fd_sc_hd__clkbuf_8                                                       
sky130_fd_sc_hd__clkdlybuf4s15_1                                                
sky130_fd_sc_hd__clkdlybuf4s15_2                                                
sky130_fd_sc_hd__clkdlybuf4s18_1                                                
sky130_fd_sc_hd__clkdlybuf4s18_2                                                
sky130_fd_sc_hd__clkdlybuf4s25_1                                                
sky130_fd_sc_hd__clkdlybuf4s25_2                                                
sky130_fd_sc_hd__clkdlybuf4s50_1                                                
sky130_fd_sc_hd__clkdlybuf4s50_2                                                
sky130_fd_sc_hd__dlygate4sd1_1                                                  
sky130_fd_sc_hd__dlygate4sd2_1                                                  
sky130_fd_sc_hd__dlygate4sd3_1                                                  
sky130_fd_sc_hd__dlymetal6s2s_1                                                 
sky130_fd_sc_hd__dlymetal6s4s_1                                                 
sky130_fd_sc_hd__dlymetal6s6s_1                                                 
sky130_fd_sc_hd__lpflow_clkbufkapwr_1                                           
sky130_fd_sc_hd__lpflow_clkbufkapwr_16                                          
sky130_fd_sc_hd__lpflow_clkbufkapwr_2                                           
sky130_fd_sc_hd__lpflow_clkbufkapwr_4                                           
sky130_fd_sc_hd__lpflow_clkbufkapwr_8                                           
sky130_fd_sc_hd__probe_p_8                                                      
sky130_fd_sc_hd__probec_p_8                                                     
[21:09:14] VERBOSE  Logging subprocess to                           step.py:1338
                    'runs/csel-4ns/53-odb-cellfrequencytables/odb-c             
                    ellfrequencytables.log'…                                    
                                Cells by Master                                 
┏━━━━━━━━━━━━━━━━━━━━━━━━━━━━━━━━━━━━━━━━━━━━━━━━━━━━━━━━━━━━━━━━┳━━━━━━━━━━━━━┓
┃ Cell                                                           ┃ Count       ┃
┡━━━━━━━━━━━━━━━━━━━━━━━━━━━━━━━━━━━━━━━━━━━━━━━━━━━━━━━━━━━━━━━━╇━━━━━━━━━━━━━┩
│ sky130_fd_sc_hd__a211o_2                                       │ 2           │
│ sky130_fd_sc_hd__a211o_4                                       │ 1           │
│ sky130_fd_sc_hd__a21o_4                                        │ 1           │
│ sky130_fd_sc_hd__a21oi_2                                       │ 8           │
│ sky130_fd_sc_hd__a22o_2                                        │ 1           │
│ sky130_fd_sc_hd__a2bb2o_2                                      │ 2           │
│ sky130_fd_sc_hd__a2bb2o_4                                      │ 1           │
│ sky130_fd_sc_hd__a311o_2                                       │ 2           │
│ sky130_fd_sc_hd__a31o_2                                        │ 2           │
│ sky130_fd_sc_hd__a31o_4                                        │ 2           │
│ sky130_fd_sc_hd__a41o_2                                        │ 1           │
│ sky130_fd_sc_hd__and2_2                                        │ 24          │
│ sky130_fd_sc_hd__and2_4                                        │ 1           │
│ sky130_fd_sc_hd__and2b_2                                       │ 3           │
│ sky130_fd_sc_hd__and3_4                                        │ 3           │
│ sky130_fd_sc_hd__and3b_2                                       │ 1           │
│ sky130_fd_sc_hd__and4_2                                        │ 1           │
│ sky130_fd_sc_hd__and4bb_2                                      │ 1           │
│ sky130_fd_sc_hd__buf_12                                        │ 1           │
│ sky130_fd_sc_hd__buf_2                                         │ 13          │
│ sky130_fd_sc_hd__buf_6                                         │ 3           │
│ sky130_fd_sc_hd__clkbuf_16                                     │ 5           │
│ sky130_fd_sc_hd__clkbuf_4                                      │ 2           │
│ sky130_fd_sc_hd__clkdlybuf4s25_1                               │ 36          │
│ sky130_fd_sc_hd__decap_3                                       │ 1230        │
│ sky130_fd_sc_hd__dfxtp_2                                       │ 29          │
│ sky130_fd_sc_hd__dfxtp_4                                       │ 1           │
│ sky130_fd_sc_hd__fill_1                                        │ 85          │
│ sky130_fd_sc_hd__fill_2                                        │ 103         │
│ sky130_fd_sc_hd__inv_2                                         │ 7           │
│ sky130_fd_sc_hd__mux2_2                                        │ 1           │
│ sky130_fd_sc_hd__nand2_2                                       │ 14          │
│ sky130_fd_sc_hd__nand2_4                                       │ 2           │
│ sky130_fd_sc_hd__nand2b_2                                      │ 3           │
│ sky130_fd_sc_hd__nor2_2                                        │ 13          │
│ sky130_fd_sc_hd__nor3_2                                        │ 1           │
│ sky130_fd_sc_hd__o211a_2                                       │ 3           │
│ sky130_fd_sc_hd__o211ai_4                                      │ 1           │
│ sky130_fd_sc_hd__o21a_2                                        │ 3           │
│ sky130_fd_sc_hd__o21a_4                                        │ 1           │
│ sky130_fd_sc_hd__o21ba_2                                       │ 1           │
│ sky130_fd_sc_hd__o21bai_4                                      │ 1           │
│ sky130_fd_sc_hd__o221a_2                                       │ 4           │
│ sky130_fd_sc_hd__o22a_2                                        │ 1           │
│ sky130_fd_sc_hd__o22ai_2                                       │ 3           │
│ sky130_fd_sc_hd__o2bb2a_4                                      │ 1           │
│ sky130_fd_sc_hd__o31a_2                                        │ 5           │
│ sky130_fd_sc_hd__o32a_4                                        │ 1           │
│ sky130_fd_sc_hd__or2_2                                         │ 5           │
│ sky130_fd_sc_hd__or2_4                                         │ 2           │
│ sky130_fd_sc_hd__or3_2                                         │ 3           │
│ sky130_fd_sc_hd__or3_4                                         │ 2           │
│ sky130_fd_sc_hd__or3b_2                                        │ 1           │
│ sky130_fd_sc_hd__or3b_4                                        │ 1           │
│ sky130_fd_sc_hd__or4_2                                         │ 1           │
│ sky130_fd_sc_hd__tapvpwrvgnd_1                                 │ 102         │
│ sky130_fd_sc_hd__xnor2_2                                       │ 4           │
│ sky130_fd_sc_hd__xnor2_4                                       │ 2           │
│ sky130_fd_sc_hd__xor2_2                                        │ 5           │
└────────────────────────────────────────────────────────────────┴─────────────┘
                               Cells by Function                                
┏━━━━━━━━━━━━━━━━━━━━━━━━━━━━━━━━━━━━━━━━━━━━━━━━━━━━━━━━━━━━━━━━┳━━━━━━━━━━━━━┓
┃ Cell Function                                                  ┃ Count       ┃
┡━━━━━━━━━━━━━━━━━━━━━━━━━━━━━━━━━━━━━━━━━━━━━━━━━━━━━━━━━━━━━━━━╇━━━━━━━━━━━━━┩
│ sky130_fd_sc_hd__a211o                                         │ 3           │
│ sky130_fd_sc_hd__a21o                                          │ 1           │
│ sky130_fd_sc_hd__a21oi                                         │ 8           │
│ sky130_fd_sc_hd__a22o                                          │ 1           │
│ sky130_fd_sc_hd__a2bb2o                                        │ 3           │
│ sky130_fd_sc_hd__a311o                                         │ 2           │
│ sky130_fd_sc_hd__a31o                                          │ 4           │
│ sky130_fd_sc_hd__a41o                                          │ 1           │
│ sky130_fd_sc_hd__and2                                          │ 25          │
│ sky130_fd_sc_hd__and2b                                         │ 3           │
│ sky130_fd_sc_hd__and3                                          │ 3           │
│ sky130_fd_sc_hd__and3b                                         │ 1           │
│ sky130_fd_sc_hd__and4                                          │ 1           │
│ sky130_fd_sc_hd__and4bb                                        │ 1           │
│ sky130_fd_sc_hd__buf                                           │ 17          │
│ sky130_fd_sc_hd__clkbuf                                        │ 7           │
│ sky130_fd_sc_hd__clkdlybuf4s25                                 │ 36          │
│ sky130_fd_sc_hd__decap                                         │ 1230        │
│ sky130_fd_sc_hd__dfxtp                                         │ 30          │
│ sky130_fd_sc_hd__fill                                          │ 188         │
│ sky130_fd_sc_hd__inv                                           │ 7           │
│ sky130_fd_sc_hd__mux2                                          │ 1           │
│ sky130_fd_sc_hd__nand2                                         │ 16          │
│ sky130_fd_sc_hd__nand2b                                        │ 3           │
│ sky130_fd_sc_hd__nor2                                          │ 13          │
│ sky130_fd_sc_hd__nor3                                          │ 1           │
│ sky130_fd_sc_hd__o211a                                         │ 3           │
│ sky130_fd_sc_hd__o211ai                                        │ 1           │
│ sky130_fd_sc_hd__o21a                                          │ 4           │
│ sky130_fd_sc_hd__o21ba                                         │ 1           │
│ sky130_fd_sc_hd__o21bai                                        │ 1           │
│ sky130_fd_sc_hd__o221a                                         │ 4           │
│ sky130_fd_sc_hd__o22a                                          │ 1           │
│ sky130_fd_sc_hd__o22ai                                         │ 3           │
│ sky130_fd_sc_hd__o2bb2a                                        │ 1           │
│ sky130_fd_sc_hd__o31a                                          │ 5           │
│ sky130_fd_sc_hd__o32a                                          │ 1           │
│ sky130_fd_sc_hd__or2                                           │ 7           │
│ sky130_fd_sc_hd__or3                                           │ 5           │
│ sky130_fd_sc_hd__or3b                                          │ 2           │
│ sky130_fd_sc_hd__or4                                           │ 1           │
│ sky130_fd_sc_hd__tapvpwrvgnd                                   │ 102         │
│ sky130_fd_sc_hd__xnor2                                         │ 6           │
│ sky130_fd_sc_hd__xor2                                          │ 5           │
└────────────────────────────────────────────────────────────────┴─────────────┘
                                  Cells by SCL                                  
┏━━━━━━━━━━━━━━━━━━━━━━━━━━━━━━━━━━━━━━━━━━━━━━━━━━━━━━━┳━━━━━━━━━━━━━━━━━━━━━━┓
┃ SCL                                                   ┃ Count                ┃
┡━━━━━━━━━━━━━━━━━━━━━━━━━━━━━━━━━━━━━━━━━━━━━━━━━━━━━━━╇━━━━━━━━━━━━━━━━━━━━━━┩
│ sky130_fd_sc_hd                                       │ 1759                 │
└───────────────────────────────────────────────────────┴──────────────────────┘
                             Buffers by Cell Master                             
┏━━━━━━━━━━━━━━━━━━━━━━━━━━━━━━━━━━━━━━━━━━━━━━━━━━━━━━━━━━━━━━━━┳━━━━━━━━━━━━━┓
┃ Buffer                                                         ┃ Count       ┃
┡━━━━━━━━━━━━━━━━━━━━━━━━━━━━━━━━━━━━━━━━━━━━━━━━━━━━━━━━━━━━━━━━╇━━━━━━━━━━━━━┩
│ sky130_fd_sc_hd__buf_12                                        │ 1           │
│ sky130_fd_sc_hd__buf_2                                         │ 13          │
│ sky130_fd_sc_hd__buf_6                                         │ 3           │
│ sky130_fd_sc_hd__clkbuf_16                                     │ 5           │
│ sky130_fd_sc_hd__clkbuf_4                                      │ 2           │
│ sky130_fd_sc_hd__clkdlybuf4s25_1                               │ 36          │
└────────────────────────────────────────────────────────────────┴─────────────┘
───────────────── Parasitic Resistance/Capacitance Extraction ──────────────────
[21:09:15] VERBOSE  Running 'OpenROAD.RCX' at                       step.py:1138
                    'runs/csel-4ns/54-openroad-rcx'…                            
[21:09:15] INFO     Running RCX for corners matching nom_*      openroad.py:2147
                    (/home/runner/work/ASIC_101/ASIC_101/files/                 
                    alu/pd/runs/csel-4ns/54-openroad-rcx/nom/rc                 
                    x.log)…                                                     
[21:09:15] INFO     Running RCX for corners matching min_*      openroad.py:2147
                    (/home/runner/work/ASIC_101/ASIC_101/files/                 
                    alu/pd/runs/csel-4ns/54-openroad-rcx/min/rc                 
                    x.log)…                                                     
[21:09:15] INFO     Running RCX for corners matching max_*      openroad.py:2147
                    (/home/runner/work/ASIC_101/ASIC_101/files/                 
                    alu/pd/runs/csel-4ns/54-openroad-rcx/max/rc                 
                    x.log)…                                                     
[21:09:15] VERBOSE  Logging subprocess to                           step.py:1338
                    'runs/csel-4ns/54-openroad-rcx/min/rcx.log'…                
[21:09:15] VERBOSE  Logging subprocess to                           step.py:1338
                    'runs/csel-4ns/54-openroad-rcx/nom/rcx.log'…                
[21:09:15] VERBOSE  Logging subprocess to                           step.py:1338
                    'runs/csel-4ns/54-openroad-rcx/max/rcx.log'…                
[21:09:15] INFO     Finished RCX for corners matching nom_*.    openroad.py:2156
[21:09:15] INFO     Finished RCX for corners matching max_*.    openroad.py:2156
[21:09:15] INFO     Finished RCX for corners matching min_*.    openroad.py:2156
────────────────────── Static Timing Analysis (Post-PnR) ───────────────────────
[21:09:15] VERBOSE  Running 'OpenROAD.STAPostPNR' at                step.py:1138
                    'runs/csel-4ns/55-openroad-stapostpnr'…                     
[21:09:15] INFO     Starting STA for the nom_tt_025C_1v80 timing openroad.py:749
                    corner…                                                     
[21:09:15] INFO     Starting STA for the nom_ss_100C_1v60 timing openroad.py:749
                    corner…                                                     
[21:09:15] INFO     Starting STA for the nom_ff_n40C_1v95 timing openroad.py:749
                    corner…                                                     
[21:09:15] INFO     Starting STA for the min_tt_025C_1v80 timing openroad.py:749
                    corner…                                                     
[21:09:15] VERBOSE  Logging subprocess to                           step.py:1338
                    'runs/csel-4ns/55-openroad-stapostpnr/nom_tt_02             
                    5C_1v80/sta.log'…                                           
[21:09:15] VERBOSE  Logging subprocess to                           step.py:1338
                    'runs/csel-4ns/55-openroad-stapostpnr/nom_ss_10             
                    0C_1v60/sta.log'…                                           
[21:09:15] VERBOSE  Logging subprocess to                           step.py:1338
                    'runs/csel-4ns/55-openroad-stapostpnr/nom_ff_n4             
                    0C_1v95/sta.log'…                                           
[21:09:15] VERBOSE  Logging subprocess to                           step.py:1338
                    'runs/csel-4ns/55-openroad-stapostpnr/min_tt_02             
                    5C_1v80/sta.log'…                                           
[21:09:16] INFO     Finished STA for the nom_tt_025C_1v80 timing openroad.py:764
                    corner.                                                     
[21:09:16] VERBOSE  Logging subprocess to                           step.py:1338
                    'runs/csel-4ns/55-openroad-stapostpnr/nom_tt_02             
                    5C_1v80/filter_unannotated.log'…                            
[21:09:16] INFO     Finished STA for the nom_ff_n40C_1v95 timing openroad.py:764
                    corner.                                                     
[21:09:16] INFO     Finished STA for the nom_ss_100C_1v60 timing openroad.py:764
                    corner.                                                     
[21:09:16] INFO     Finished STA for the min_tt_025C_1v80 timing openroad.py:764
                    corner.                                                     
[21:09:16] VERBOSE  Logging subprocess to                           step.py:1338
                    'runs/csel-4ns/55-openroad-stapostpnr/nom_ff_n4             
                    0C_1v95/filter_unannotated.log'…                            
[21:09:16] VERBOSE  Logging subprocess to                           step.py:1338
                    'runs/csel-4ns/55-openroad-stapostpnr/nom_ss_10             
                    0C_1v60/filter_unannotated.log'…                            
[21:09:16] VERBOSE  Logging subprocess to                           step.py:1338
                    'runs/csel-4ns/55-openroad-stapostpnr/min_tt_02             
                    5C_1v80/filter_unannotated.log'…                            
[21:09:17] INFO     Starting STA for the min_ss_100C_1v60 timing openroad.py:749
                    corner…                                                     
[21:09:17] VERBOSE  Logging subprocess to                           step.py:1338
                    'runs/csel-4ns/55-openroad-stapostpnr/min_ss_10             
                    0C_1v60/sta.log'…                                           
[21:09:17] INFO     Starting STA for the min_ff_n40C_1v95 timing openroad.py:749
                    corner…                                                     
[21:09:17] VERBOSE  Logging subprocess to                           step.py:1338
                    'runs/csel-4ns/55-openroad-stapostpnr/min_ff_n4             
                    0C_1v95/sta.log'…                                           
[21:09:17] INFO     Starting STA for the max_tt_025C_1v80 timing openroad.py:749
                    corner…                                                     
[21:09:17] INFO     Starting STA for the max_ss_100C_1v60 timing openroad.py:749
                    corner…                                                     
[21:09:17] VERBOSE  Logging subprocess to                           step.py:1338
                    'runs/csel-4ns/55-openroad-stapostpnr/max_ss_10             
                    0C_1v60/sta.log'…                                           
[21:09:17] VERBOSE  Logging subprocess to                           step.py:1338
                    'runs/csel-4ns/55-openroad-stapostpnr/max_tt_02             
                    5C_1v80/sta.log'…                                           
[21:09:18] INFO     Finished STA for the min_ss_100C_1v60 timing openroad.py:764
                    corner.                                                     
[21:09:18] VERBOSE  Logging subprocess to                           step.py:1338
                    'runs/csel-4ns/55-openroad-stapostpnr/min_ss_10             
                    0C_1v60/filter_unannotated.log'…                            
[21:09:18] INFO     Finished STA for the min_ff_n40C_1v95 timing openroad.py:764
                    corner.                                                     
[21:09:18] VERBOSE  Logging subprocess to                           step.py:1338
                    'runs/csel-4ns/55-openroad-stapostpnr/min_ff_n4             
                    0C_1v95/filter_unannotated.log'…                            
[21:09:18] INFO     Finished STA for the max_ss_100C_1v60 timing openroad.py:764
                    corner.                                                     
[21:09:18] INFO     Finished STA for the max_tt_025C_1v80 timing openroad.py:764
                    corner.                                                     
[21:09:18] VERBOSE  Logging subprocess to                           step.py:1338
                    'runs/csel-4ns/55-openroad-stapostpnr/max_ss_10             
                    0C_1v60/filter_unannotated.log'…                            
[21:09:18] VERBOSE  Logging subprocess to                           step.py:1338
                    'runs/csel-4ns/55-openroad-stapostpnr/max_tt_02             
                    5C_1v80/filter_unannotated.log'…                            
[21:09:19] INFO     Starting STA for the max_ff_n40C_1v95 timing openroad.py:749
                    corner…                                                     
[21:09:19] VERBOSE  Logging subprocess to                           step.py:1338
                    'runs/csel-4ns/55-openroad-stapostpnr/max_ff_n4             
                    0C_1v95/sta.log'…                                           
[21:09:19] INFO     Finished STA for the max_ff_n40C_1v95 timing openroad.py:764
                    corner.                                                     
[21:09:19] VERBOSE  Logging subprocess to                           step.py:1338
                    'runs/csel-4ns/55-openroad-stapostpnr/max_ff_n4             
                    0C_1v95/filter_unannotated.log'…                            
┏━━━━━━━━━━━━━━━━━━━━━━┳━━━━┳━━━━┳━━━━┳━━━━┳━━━━┳━━━┳━━━━┳━━━┳━━━━┳━━━┳━━━━┳━━━┓
┃                      ┃    ┃    ┃    ┃    ┃ of ┃   ┃    ┃   ┃    ┃ … ┃    ┃   ┃
┃                      ┃    ┃ R… ┃    ┃    ┃ w… ┃   ┃ R… ┃   ┃    ┃ … ┃    ┃   ┃
┃                      ┃ H… ┃ to ┃    ┃ H… ┃ r… ┃ … ┃ to ┃   ┃ S… ┃ … ┃ M… ┃ … ┃
┃                      ┃ W… ┃ R… ┃ H… ┃ V… ┃ to ┃ … ┃ R… ┃ … ┃ V… ┃ … ┃ C… ┃ … ┃
┃ Corner/Group         ┃ S… ┃ P… ┃ T… ┃ C… ┃ r… ┃ … ┃ P… ┃ … ┃ C… ┃ … ┃ V… ┃ … ┃
┡━━━━━━━━━━━━━━━━━━━━━━╇━━━━╇━━━━╇━━━━╇━━━━╇━━━━╇━━━╇━━━━╇━━━╇━━━━╇━━━╇━━━━╇━━━┩
│ Overall              │ 0… │ 0… │ 0… │ 0  │ 0  │ … │ -… │ … │ 30 │ … │ 0  │ 0 │
│ nom_tt_025C_1v80     │ 0… │ 0… │ 0… │ 0  │ 0  │ … │ 0… │ … │ 0  │ 0 │ 0  │ 0 │
│ nom_ss_100C_1v60     │ 0… │ 0… │ 0… │ 0  │ 0  │ … │ -… │ … │ 10 │ … │ 0  │ 0 │
│ nom_ff_n40C_1v95     │ 0… │ 0… │ 0… │ 0  │ 0  │ … │ 1… │ … │ 0  │ 0 │ 0  │ 0 │
│ min_tt_025C_1v80     │ 0… │ 0… │ 0… │ 0  │ 0  │ … │ 0… │ … │ 0  │ 0 │ 0  │ 0 │
│ min_ss_100C_1v60     │ 0… │ 0… │ 0… │ 0  │ 0  │ … │ -… │ … │ 10 │ … │ 0  │ 0 │
│ min_ff_n40C_1v95     │ 0… │ 0… │ 0… │ 0  │ 0  │ … │ 1… │ … │ 0  │ 0 │ 0  │ 0 │
│ max_tt_025C_1v80     │ 0… │ 0… │ 0… │ 0  │ 0  │ … │ 0… │ … │ 0  │ 0 │ 0  │ 0 │
│ max_ss_100C_1v60     │ 0… │ 0… │ 0… │ 0  │ 0  │ … │ -… │ … │ 10 │ … │ 0  │ 0 │
│ max_ff_n40C_1v95     │ 0… │ 0… │ 0… │ 0  │ 0  │ … │ 1… │ … │ 0  │ 0 │ 0  │ 0 │
└──────────────────────┴────┴────┴────┴────┴────┴───┴────┴───┴────┴───┴────┴───┘
─────────────────────────── Generate IR Drop Report ────────────────────────────
[21:09:20] VERBOSE  Running 'OpenROAD.IRDropReport' at              step.py:1138
                    'runs/csel-4ns/56-openroad-irdropreport'…                   
[21:09:20] WARNING  'VSRC_LOC_FILES' was not given a value,     openroad.py:2249
                    which may make the results of IR drop                       
                    analysis inaccurate. If you are not                         
                    integrating a top-level chip for                            
                    manufacture, you may ignore this warning,                   
                    otherwise, see the documentation for                        
                    'VSRC_LOC_FILES'.                                           
[21:09:20] VERBOSE  Logging subprocess to                           step.py:1338
                    'runs/csel-4ns/56-openroad-irdropreport/openroa             
                    d-irdropreport.log'…                                        
Reading timing models for corner nom_tt_025C_1v80…                              
Reading timing library for the 'nom_tt_025C_1v80' corner at                     
'/home/runner/.ciel/ciel/sky130/versions/8afc8346a57fe1ab7934ba5a6056ea8b43078e7
1/sky130A/libs.ref/sky130_fd_sc_hd/lib/sky130_fd_sc_hd__tt_025C_1v80.lib'…      
Reading OpenROAD database at                                                    
'/home/runner/work/ASIC_101/ASIC_101/files/alu/pd/runs/csel-4ns/53-odb-cellfrequ
encytables/alu_top.odb'…                                                        
Reading design constraints file at                                              
'/nix/store/8y4m6wgn5kqlbig1qwnwbxijqqp0jwib-python3-3.13.9-env/lib/python3.13/s
ite-packages/librelane/scripts/base.sdc'…                                       
[INFO] Using clock clk…                                                         
[INFO] Setting output delay to: 0.8                                             
[INFO] Setting input delay to: 0.8                                              
[INFO] Setting load to: 0.033442                                                
[INFO] Setting clock uncertainty to: 0.25                                       
[INFO] Setting clock transition to:                                             
0.1499999999999999944488848768742172978818416595458984375                       
[INFO] Setting timing derate to: 5.0%                                           
[INFO] Using voltage extracted from lib (1.8000000000V) for power nets and 0V   
for ground nets…                                                                
[21:09:21] VERBOSE  + analyze_power_grid -net VPWR              openroad.py:2261
                    -voltage_file                                               
                    /home/runner/work/ASIC_101/ASIC_101/files/a                 
                    lu/pd/runs/csel-4ns/56-openroad-irdroprepor                 
                    t/net-VPWR.csv                                              
                    [INFO PSM-0040] All shapes on net VPWR are                  
                    connected.                                                  
                    ########## IR report #################                      
                    Net              : VPWR                                     
                    Corner           : nom_tt_025C_1v80                         
                    Total power      : 9.78e-04 W                               
                    Supply voltage   : 1.80e+00 V                               
                    Worstcase voltage: 1.80e+00 V                               
                    Average voltage  : 1.80e+00 V                               
                    Average IR drop  : 2.67e-05 V                               
                    Worstcase IR drop: 1.44e-04 V                               
                    Percentage drop  : 0.01 %                                   
                    ######################################                      
                    + analyze_power_grid -net VGND                              
                    -voltage_file                                               
                    /home/runner/work/ASIC_101/ASIC_101/files/a                 
                    lu/pd/runs/csel-4ns/56-openroad-irdroprepor                 
                    t/net-VGND.csv                                              
                    [INFO PSM-0040] All shapes on net VGND are                  
                    connected.                                                  
                    ########## IR report #################                      
                    Net              : VGND                                     
                    Corner           : nom_tt_025C_1v80                         
                    Total power      : 9.78e-04 W                               
                    Supply voltage   : 0.00e+00 V                               
                    Worstcase voltage: 1.48e-04 V                               
                    Average voltage  : 2.39e-05 V                               
                    Average IR drop  : 2.39e-05 V                               
                    Worstcase IR drop: 1.48e-04 V                               
                    Percentage drop  : 0.01 %                                   
                    ######################################                      
                                                                                
─────────────────────────── GDSII Stream Out (Magic) ───────────────────────────
[21:09:21] VERBOSE  Running 'Magic.StreamOut' at                    step.py:1138
                    'runs/csel-4ns/57-magic-streamout'…                         
[21:09:21] VERBOSE  Logging subprocess to                           step.py:1338
                    'runs/csel-4ns/57-magic-streamout/magic-streamo             
                    ut.log'…                                                    
                                                                                
Magic 8.3 revision 623 - Compiled on Tue Mar 17 08:19:38 UTC 2026.              
Starting magic under Tcl interpreter                                            
Using the terminal as the console.                                              
WARNING: RLIMIT_NOFILE is above 1024 and Tcl_Version<9 this may cause runtime   
issues [rlim_cur=65536]                                                         
Using NULL graphics device.                                                     
Processing system .magicrc file                                                 
Switching to WIRING tool.                                                       
Switching to NETLIST tool.                                                      
Switching to PICK tool.                                                         
Switching to BOX tool.                                                          
Sourcing design .magicrc for technology sky130A ...                             
2 Magic internal units = 1 Lambda                                               
Input style sky130(): scaleFactor=2, multiplier=2                               
The following types are not handled by extraction and will be treated as        
non-electrical types:                                                           
    ubm                                                                         
Scaled tech values by 2 / 1 to match internal grid scaling                      
Loading sky130A Device Generator Menu ...                                       
Loading                                                                         
"/nix/store/8y4m6wgn5kqlbig1qwnwbxijqqp0jwib-python3-3.13.9-env/lib/python3.13/s
ite-packages/librelane/scripts/magic/wrapper.tcl" from command line.            
> gds read                                                                      
/home/runner/.ciel/ciel/sky130/versions/8afc8346a57fe1ab7934ba5a6056ea8b43078e71
/sky130A/libs.ref/sky130_fd_sc_hd/gds/sky130_fd_sc_hd.gds                       
Warning: Calma reading is not undoable!  I hope that's OK.                      
Library written using GDS-II Release 3.0                                        
Library name: sky130_fd_sc_hd                                                   
Reading "sky130_fd_sc_hd__or4bb_4".                                             
Reading "sky130_fd_sc_hd__probe_p_8".                                           
Reading "sky130_fd_sc_hd__probec_p_8".                                          
Reading "sky130_fd_sc_hd__sdfbbn_1".                                            
Reading "sky130_fd_sc_hd__sdfbbn_2".                                            
Reading "sky130_fd_sc_hd__sdfbbp_1".                                            
Reading "sky130_fd_sc_hd__sdfrbp_1".                                            
Reading "sky130_fd_sc_hd__sdfrbp_2".                                            
Reading "sky130_fd_sc_hd__sdfrtn_1".                                            
Reading "sky130_fd_sc_hd__sdfrtp_1".                                            
Reading "sky130_fd_sc_hd__sdfrtp_2".                                            
Reading "sky130_fd_sc_hd__sdfrtp_4".                                            
Reading "sky130_fd_sc_hd__sdfsbp_1".                                            
Reading "sky130_fd_sc_hd__sdfsbp_2".                                            
Reading "sky130_fd_sc_hd__sdfstp_1".                                            
Reading "sky130_fd_sc_hd__sdfstp_2".                                            
Reading "sky130_fd_sc_hd__sdfstp_4".                                            
Reading "sky130_fd_sc_hd__sdfxbp_1".                                            
Reading "sky130_fd_sc_hd__sdfxbp_2".                                            
Reading "sky130_fd_sc_hd__sdfxtp_1".                                            
Reading "sky130_fd_sc_hd__sdfxtp_2".                                            
Reading "sky130_fd_sc_hd__sdfxtp_4".                                            
Reading "sky130_fd_sc_hd__sdlclkp_1".                                           
Reading "sky130_fd_sc_hd__sdlclkp_2".                                           
Reading "sky130_fd_sc_hd__sdlclkp_4".                                           
Reading "sky130_fd_sc_hd__sedfxbp_1".                                           
Reading "sky130_fd_sc_hd__sedfxbp_2".                                           
Reading "sky130_fd_sc_hd__xnor2_2".                                             
Reading "sky130_fd_sc_hd__xnor2_1".                                             
Reading "sky130_fd_sc_hd__tapvpwrvgnd_1".                                       
Reading "sky130_fd_sc_hd__tapvgnd_1".                                           
Reading "sky130_fd_sc_hd__tapvgnd2_1".                                          
Reading "sky130_fd_sc_hd__tap_2".                                               
Reading "sky130_fd_sc_hd__tap_1".                                               
Reading "sky130_fd_sc_hd__sedfxtp_4".                                           
Reading "sky130_fd_sc_hd__sedfxtp_2".                                           
Reading "sky130_fd_sc_hd__sedfxtp_1".                                           
Reading "sky130_fd_sc_hd__xnor2_4".                                             
Reading "sky130_fd_sc_hd__xnor3_1".                                             
Reading "sky130_fd_sc_hd__xnor3_2".                                             
Reading "sky130_fd_sc_hd__xnor3_4".                                             
Reading "sky130_fd_sc_hd__xor2_1".                                              
Reading "sky130_fd_sc_hd__xor2_2".                                              
Reading "sky130_fd_sc_hd__xor2_4".                                              
Reading "sky130_fd_sc_hd__xor3_1".                                              
Reading "sky130_fd_sc_hd__xor3_2".                                              
Reading "sky130_fd_sc_hd__xor3_4".                                              
Reading "sky130_fd_sc_hd__o41a_2".                                              
Reading "sky130_fd_sc_hd__o41a_4".                                              
Reading "sky130_fd_sc_hd__o41ai_1".                                             
Reading "sky130_fd_sc_hd__o41ai_2".                                             
Reading "sky130_fd_sc_hd__o41ai_4".                                             
Reading "sky130_fd_sc_hd__o211a_1".                                             
Reading "sky130_fd_sc_hd__o211a_2".                                             
Reading "sky130_fd_sc_hd__o211a_4".                                             
Reading "sky130_fd_sc_hd__o211ai_1".                                            
Reading "sky130_fd_sc_hd__o211ai_2".                                            
Reading "sky130_fd_sc_hd__o211ai_4".                                            
Reading "sky130_fd_sc_hd__o221a_1".                                             
Reading "sky130_fd_sc_hd__o221a_2".                                             
Reading "sky130_fd_sc_hd__o221a_4".                                             
Reading "sky130_fd_sc_hd__o221ai_1".                                            
Reading "sky130_fd_sc_hd__o221ai_2".                                            
Reading "sky130_fd_sc_hd__o311a_1".                                             
Reading "sky130_fd_sc_hd__o311a_2".                                             
Reading "sky130_fd_sc_hd__o311a_4".                                             
Reading "sky130_fd_sc_hd__o311ai_0".                                            
Reading "sky130_fd_sc_hd__o311ai_1".                                            
Reading "sky130_fd_sc_hd__o221ai_4".                                            
Reading "sky130_fd_sc_hd__o311ai_2".                                            
Reading "sky130_fd_sc_hd__o311ai_4".                                            
Reading "sky130_fd_sc_hd__o2111a_1".                                            
Reading "sky130_fd_sc_hd__o2111a_2".                                            
Reading "sky130_fd_sc_hd__o2111a_4".                                            
Reading "sky130_fd_sc_hd__o2111ai_1".                                           
Reading "sky130_fd_sc_hd__o2111ai_2".                                           
Reading "sky130_fd_sc_hd__o2111ai_4".                                           
Reading "sky130_fd_sc_hd__or2_0".                                               
Reading "sky130_fd_sc_hd__or2_1".                                               
Reading "sky130_fd_sc_hd__or2_2".                                               
Reading "sky130_fd_sc_hd__or2_4".                                               
Reading "sky130_fd_sc_hd__or2b_1".                                              
Reading "sky130_fd_sc_hd__or2b_2".                                              
Reading "sky130_fd_sc_hd__or2b_4".                                              
Reading "sky130_fd_sc_hd__or3_1".                                               
Reading "sky130_fd_sc_hd__or3_2".                                               
Reading "sky130_fd_sc_hd__or3_4".                                               
Reading "sky130_fd_sc_hd__or3b_4".                                              
Reading "sky130_fd_sc_hd__or3b_2".                                              
Reading "sky130_fd_sc_hd__or3b_1".                                              
Reading "sky130_fd_sc_hd__or4_4".                                               
Reading "sky130_fd_sc_hd__or4_2".                                               
Reading "sky130_fd_sc_hd__or4_1".                                               
Reading "sky130_fd_sc_hd__or4b_4".                                              
Reading "sky130_fd_sc_hd__or4b_2".                                              
Reading "sky130_fd_sc_hd__or4b_1".                                              
Reading "sky130_fd_sc_hd__or4bb_1".                                             
Reading "sky130_fd_sc_hd__or4bb_2".                                             
Reading "sky130_fd_sc_hd__nor3_4".                                              
Reading "sky130_fd_sc_hd__nor3b_1".                                             
Reading "sky130_fd_sc_hd__nor3b_2".                                             
Reading "sky130_fd_sc_hd__nor3b_4".                                             
Reading "sky130_fd_sc_hd__nor4_1".                                              
Reading "sky130_fd_sc_hd__nor4_2".                                              
Reading "sky130_fd_sc_hd__nor4_4".                                              
Reading "sky130_fd_sc_hd__nor4b_1".                                             
Reading "sky130_fd_sc_hd__nor4b_2".                                             
Reading "sky130_fd_sc_hd__nor4b_4".                                             
Reading "sky130_fd_sc_hd__nor4bb_1".                                            
Reading "sky130_fd_sc_hd__nor4bb_2".                                            
Reading "sky130_fd_sc_hd__nor4bb_4".                                            
Moving label "k" from mvpsubdiff to ndiff in cell sky130_fd_sc_hd__nor4bb_4.    
Reading "sky130_fd_sc_hd__o2bb2a_1".                                            
Reading "sky130_fd_sc_hd__o2bb2a_2".                                            
Reading "sky130_fd_sc_hd__o2bb2a_4".                                            
Reading "sky130_fd_sc_hd__o21ai_4".                                             
Reading "sky130_fd_sc_hd__o21ai_2".                                             
Reading "sky130_fd_sc_hd__o21ai_1".                                             
Reading "sky130_fd_sc_hd__o21ai_0".                                             
Reading "sky130_fd_sc_hd__o21a_4".                                              
Reading "sky130_fd_sc_hd__o21a_2".                                              
Reading "sky130_fd_sc_hd__o21a_1".                                              
Reading "sky130_fd_sc_hd__o2bb2ai_4".                                           
Reading "sky130_fd_sc_hd__o2bb2ai_2".                                           
Reading "sky130_fd_sc_hd__o2bb2ai_1".                                           
Reading "sky130_fd_sc_hd__o21ba_1".                                             
Reading "sky130_fd_sc_hd__o21ba_2".                                             
Reading "sky130_fd_sc_hd__o21ba_4".                                             
Reading "sky130_fd_sc_hd__o21bai_1".                                            
Reading "sky130_fd_sc_hd__o21bai_2".                                            
Reading "sky130_fd_sc_hd__o21bai_4".                                            
Reading "sky130_fd_sc_hd__o22a_1".                                              
Reading "sky130_fd_sc_hd__o22a_2".                                              
Reading "sky130_fd_sc_hd__o22a_4".                                              
Reading "sky130_fd_sc_hd__o22ai_1".                                             
Reading "sky130_fd_sc_hd__o22ai_2".                                             
Reading "sky130_fd_sc_hd__o22ai_4".                                             
Reading "sky130_fd_sc_hd__o31a_1".                                              
Reading "sky130_fd_sc_hd__o31a_2".                                              
Reading "sky130_fd_sc_hd__o31a_4".                                              
Reading "sky130_fd_sc_hd__o31ai_1".                                             
Reading "sky130_fd_sc_hd__o31ai_2".                                             
Reading "sky130_fd_sc_hd__o31ai_4".                                             
Reading "sky130_fd_sc_hd__o32a_1".                                              
Reading "sky130_fd_sc_hd__o32a_2".                                              
Reading "sky130_fd_sc_hd__o32a_4".                                              
Reading "sky130_fd_sc_hd__o32ai_1".                                             
Reading "sky130_fd_sc_hd__o32ai_2".                                             
Reading "sky130_fd_sc_hd__o32ai_4".                                             
Reading "sky130_fd_sc_hd__o41a_1".                                              
Reading "sky130_fd_sc_hd__lpflow_isobufsrc_16".                                 
Reading "sky130_fd_sc_hd__lpflow_isobufsrckapwr_16".                            
Reading "sky130_fd_sc_hd__lpflow_lsbuf_lh_hl_isowell_tap_1".                    
CIF file read warning: CIF style sky130(): units rescaled by factor of 5 / 1    
Reading "sky130_fd_sc_hd__lpflow_lsbuf_lh_hl_isowell_tap_2".                    
Reading "sky130_fd_sc_hd__lpflow_lsbuf_lh_hl_isowell_tap_4".                    
Reading "sky130_fd_sc_hd__lpflow_lsbuf_lh_isowell_4".                           
Reading "sky130_fd_sc_hd__lpflow_lsbuf_lh_isowell_tap_1".                       
Reading "sky130_fd_sc_hd__lpflow_lsbuf_lh_isowell_tap_2".                       
Reading "sky130_fd_sc_hd__lpflow_lsbuf_lh_isowell_tap_4".                       
Reading "sky130_fd_sc_hd__nor2_2".                                              
Reading "sky130_fd_sc_hd__nand2_2".                                             
Reading "sky130_fd_sc_hd__inv_2".                                               
Reading "sky130_fd_sc_hd__conb_1".                                              
Reading "sky130_fd_sc_hd__macro_sparecell".                                     
Reading "sky130_fd_sc_hd__maj3_1".                                              
Reading "sky130_fd_sc_hd__maj3_2".                                              
Reading "sky130_fd_sc_hd__maj3_4".                                              
Reading "sky130_fd_sc_hd__mux2_1".                                              
Reading "sky130_fd_sc_hd__mux2_2".                                              
Reading "sky130_fd_sc_hd__mux2_4".                                              
Reading "sky130_fd_sc_hd__mux2i_1".                                             
Reading "sky130_fd_sc_hd__mux2i_2".                                             
Reading "sky130_fd_sc_hd__mux2_8".                                              
Reading "sky130_fd_sc_hd__mux2i_4".                                             
Reading "sky130_fd_sc_hd__mux4_1".                                              
Reading "sky130_fd_sc_hd__mux4_2".                                              
Reading "sky130_fd_sc_hd__mux4_4".                                              
Reading "sky130_fd_sc_hd__nand2_1".                                             
Reading "sky130_fd_sc_hd__nand2_4".                                             
Reading "sky130_fd_sc_hd__nand2_8".                                             
Reading "sky130_fd_sc_hd__nand2b_1".                                            
Reading "sky130_fd_sc_hd__nand2b_2".                                            
Reading "sky130_fd_sc_hd__nand2b_4".                                            
Reading "sky130_fd_sc_hd__nand3_1".                                             
Reading "sky130_fd_sc_hd__nand3_2".                                             
Reading "sky130_fd_sc_hd__nand3_4".                                             
Reading "sky130_fd_sc_hd__nand3b_1".                                            
Reading "sky130_fd_sc_hd__nand3b_2".                                            
Reading "sky130_fd_sc_hd__nand3b_4".                                            
Reading "sky130_fd_sc_hd__nand4_1".                                             
Reading "sky130_fd_sc_hd__nand4_2".                                             
Reading "sky130_fd_sc_hd__nand4_4".                                             
Reading "sky130_fd_sc_hd__nand4b_1".                                            
Reading "sky130_fd_sc_hd__nand4b_2".                                            
Reading "sky130_fd_sc_hd__nand4bb_1".                                           
Reading "sky130_fd_sc_hd__nand4bb_2".                                           
Reading "sky130_fd_sc_hd__nor2_1".                                              
Reading "sky130_fd_sc_hd__nor2_4".                                              
Reading "sky130_fd_sc_hd__nor2_8".                                              
Reading "sky130_fd_sc_hd__nor2b_1".                                             
Reading "sky130_fd_sc_hd__nor2b_2".                                             
Reading "sky130_fd_sc_hd__nor2b_4".                                             
Reading "sky130_fd_sc_hd__nand4b_4".                                            
Reading "sky130_fd_sc_hd__nand4bb_4".                                           
Reading "sky130_fd_sc_hd__nor3_1".                                              
Reading "sky130_fd_sc_hd__nor3_2".                                              
Reading "sky130_fd_sc_hd__einvn_2".                                             
Reading "sky130_fd_sc_hd__einvn_4".                                             
Reading "sky130_fd_sc_hd__einvn_8".                                             
Reading "sky130_fd_sc_hd__einvp_1".                                             
Reading "sky130_fd_sc_hd__einvp_2".                                             
Reading "sky130_fd_sc_hd__einvp_4".                                             
Reading "sky130_fd_sc_hd__einvp_8".                                             
Reading "sky130_fd_sc_hd__fa_1".                                                
Reading "sky130_fd_sc_hd__fa_2".                                                
Reading "sky130_fd_sc_hd__fa_4".                                                
Reading "sky130_fd_sc_hd__fah_1".                                               
Reading "sky130_fd_sc_hd__fahcin_1".                                            
Reading "sky130_fd_sc_hd__fahcon_1".                                            
Reading "sky130_fd_sc_hd__fill_1".                                              
Reading "sky130_fd_sc_hd__fill_2".                                              
Reading "sky130_fd_sc_hd__fill_4".                                              
Reading "sky130_fd_sc_hd__inv_16".                                              
Reading "sky130_fd_sc_hd__inv_12".                                              
Reading "sky130_fd_sc_hd__inv_8".                                               
Reading "sky130_fd_sc_hd__inv_6".                                               
Reading "sky130_fd_sc_hd__inv_4".                                               
Reading "sky130_fd_sc_hd__inv_1".                                               
Reading "sky130_fd_sc_hd__ha_4".                                                
Reading "sky130_fd_sc_hd__ha_2".                                                
Reading "sky130_fd_sc_hd__ha_1".                                                
Reading "sky130_fd_sc_hd__fill_8".                                              
Reading "sky130_fd_sc_hd__lpflow_bleeder_1".                                    
Reading "sky130_fd_sc_hd__lpflow_clkbufkapwr_1".                                
Reading "sky130_fd_sc_hd__lpflow_clkbufkapwr_2".                                
Reading "sky130_fd_sc_hd__lpflow_clkbufkapwr_4".                                
Reading "sky130_fd_sc_hd__lpflow_clkbufkapwr_8".                                
Reading "sky130_fd_sc_hd__lpflow_clkbufkapwr_16".                               
Reading "sky130_fd_sc_hd__lpflow_clkinvkapwr_1".                                
Reading "sky130_fd_sc_hd__lpflow_clkinvkapwr_2".                                
Reading "sky130_fd_sc_hd__lpflow_clkinvkapwr_4".                                
Reading "sky130_fd_sc_hd__lpflow_inputiso1n_1".                                 
Reading "sky130_fd_sc_hd__lpflow_inputiso0p_1".                                 
Reading "sky130_fd_sc_hd__lpflow_inputiso0n_1".                                 
Reading "sky130_fd_sc_hd__lpflow_decapkapwr_12".                                
Reading "sky130_fd_sc_hd__lpflow_decapkapwr_8".                                 
Reading "sky130_fd_sc_hd__lpflow_decapkapwr_6".                                 
Reading "sky130_fd_sc_hd__lpflow_decapkapwr_4".                                 
Reading "sky130_fd_sc_hd__lpflow_decapkapwr_3".                                 
Reading "sky130_fd_sc_hd__lpflow_clkinvkapwr_16".                               
Reading "sky130_fd_sc_hd__lpflow_clkinvkapwr_8".                                
Reading "sky130_fd_sc_hd__lpflow_inputiso1p_1".                                 
Reading "sky130_fd_sc_hd__lpflow_inputisolatch_1".                              
Reading "sky130_fd_sc_hd__lpflow_isobufsrc_1".                                  
Reading "sky130_fd_sc_hd__lpflow_isobufsrc_2".                                  
Reading "sky130_fd_sc_hd__lpflow_isobufsrc_4".                                  
Reading "sky130_fd_sc_hd__lpflow_isobufsrc_8".                                  
Reading "sky130_fd_sc_hd__dfrbp_2".                                             
Reading "sky130_fd_sc_hd__dfrtn_1".                                             
Reading "sky130_fd_sc_hd__dfrtp_1".                                             
Reading "sky130_fd_sc_hd__dfrtp_2".                                             
Reading "sky130_fd_sc_hd__dfrtp_4".                                             
Reading "sky130_fd_sc_hd__dfsbp_1".                                             
Reading "sky130_fd_sc_hd__dfsbp_2".                                             
Reading "sky130_fd_sc_hd__dfstp_1".                                             
Reading "sky130_fd_sc_hd__dfstp_2".                                             
Reading "sky130_fd_sc_hd__dfstp_4".                                             
Reading "sky130_fd_sc_hd__dfxtp_1".                                             
Reading "sky130_fd_sc_hd__dfxtp_2".                                             
Reading "sky130_fd_sc_hd__diode_2".                                             
Reading "sky130_fd_sc_hd__dlclkp_1".                                            
Reading "sky130_fd_sc_hd__dlclkp_2".                                            
Reading "sky130_fd_sc_hd__dlclkp_4".                                            
Reading "sky130_fd_sc_hd__dlrbn_1".                                             
Reading "sky130_fd_sc_hd__dfxbp_1".                                             
Reading "sky130_fd_sc_hd__dfxbp_2".                                             
Reading "sky130_fd_sc_hd__dfxtp_4".                                             
Reading "sky130_fd_sc_hd__dlrbn_2".                                             
Reading "sky130_fd_sc_hd__dlrbp_1".                                             
Reading "sky130_fd_sc_hd__dlrbp_2".                                             
Reading "sky130_fd_sc_hd__dlrtn_1".                                             
Reading "sky130_fd_sc_hd__dlrtn_2".                                             
Reading "sky130_fd_sc_hd__dlrtn_4".                                             
Reading "sky130_fd_sc_hd__dlrtp_1".                                             
Reading "sky130_fd_sc_hd__dlrtp_2".                                             
Reading "sky130_fd_sc_hd__dlrtp_4".                                             
Reading "sky130_fd_sc_hd__dlxbn_1".                                             
Reading "sky130_fd_sc_hd__dlxbn_2".                                             
Reading "sky130_fd_sc_hd__dlxbp_1".                                             
Reading "sky130_fd_sc_hd__dlxtn_1".                                             
Reading "sky130_fd_sc_hd__dlxtn_2".                                             
Reading "sky130_fd_sc_hd__dlxtn_4".                                             
Reading "sky130_fd_sc_hd__dlxtp_1".                                             
Reading "sky130_fd_sc_hd__dlygate4sd1_1".                                       
Reading "sky130_fd_sc_hd__dlygate4sd2_1".                                       
Reading "sky130_fd_sc_hd__dlygate4sd3_1".                                       
Reading "sky130_fd_sc_hd__dlymetal6s2s_1".                                      
Reading "sky130_fd_sc_hd__dlymetal6s4s_1".                                      
Reading "sky130_fd_sc_hd__dlymetal6s6s_1".                                      
Reading "sky130_fd_sc_hd__ebufn_1".                                             
Reading "sky130_fd_sc_hd__ebufn_2".                                             
Reading "sky130_fd_sc_hd__ebufn_4".                                             
Reading "sky130_fd_sc_hd__ebufn_8".                                             
Reading "sky130_fd_sc_hd__edfxbp_1".                                            
Reading "sky130_fd_sc_hd__edfxtp_1".                                            
Reading "sky130_fd_sc_hd__einvn_0".                                             
Reading "sky130_fd_sc_hd__einvn_1".                                             
Reading "sky130_fd_sc_hd__and3b_2".                                             
Reading "sky130_fd_sc_hd__and3b_4".                                             
Reading "sky130_fd_sc_hd__and4_1".                                              
Reading "sky130_fd_sc_hd__and4_2".                                              
Reading "sky130_fd_sc_hd__and4_4".                                              
Reading "sky130_fd_sc_hd__and4b_1".                                             
Reading "sky130_fd_sc_hd__and4b_2".                                             
Reading "sky130_fd_sc_hd__and4b_4".                                             
Reading "sky130_fd_sc_hd__and4bb_1".                                            
Reading "sky130_fd_sc_hd__and4bb_2".                                            
Reading "sky130_fd_sc_hd__and4bb_4".                                            
Reading "sky130_fd_sc_hd__buf_1".                                               
Reading "sky130_fd_sc_hd__buf_2".                                               
Reading "sky130_fd_sc_hd__buf_4".                                               
Reading "sky130_fd_sc_hd__buf_6".                                               
Reading "sky130_fd_sc_hd__buf_8".                                               
Reading "sky130_fd_sc_hd__buf_12".                                              
Reading "sky130_fd_sc_hd__bufbuf_8".                                            
Reading "sky130_fd_sc_hd__bufinv_8".                                            
Reading "sky130_fd_sc_hd__clkbuf_1".                                            
Reading "sky130_fd_sc_hd__clkbuf_2".                                            
Reading "sky130_fd_sc_hd__buf_16".                                              
Reading "sky130_fd_sc_hd__bufbuf_16".                                           
Reading "sky130_fd_sc_hd__bufinv_16".                                           
Reading "sky130_fd_sc_hd__clkbuf_4".                                            
Reading "sky130_fd_sc_hd__clkbuf_8".                                            
Reading "sky130_fd_sc_hd__clkbuf_16".                                           
Reading "sky130_fd_sc_hd__clkdlybuf4s15_1".                                     
Reading "sky130_fd_sc_hd__clkdlybuf4s15_2".                                     
Reading "sky130_fd_sc_hd__clkdlybuf4s18_1".                                     
Reading "sky130_fd_sc_hd__clkdlybuf4s18_2".                                     
Reading "sky130_fd_sc_hd__clkdlybuf4s25_1".                                     
Reading "sky130_fd_sc_hd__clkdlybuf4s25_2".                                     
Reading "sky130_fd_sc_hd__decap_3".                                             
Reading "sky130_fd_sc_hd__clkinvlp_4".                                          
Reading "sky130_fd_sc_hd__clkinvlp_2".                                          
Reading "sky130_fd_sc_hd__clkinv_16".                                           
Reading "sky130_fd_sc_hd__clkinv_8".                                            
Reading "sky130_fd_sc_hd__clkinv_4".                                            
Reading "sky130_fd_sc_hd__clkinv_2".                                            
Reading "sky130_fd_sc_hd__clkinv_1".                                            
Reading "sky130_fd_sc_hd__clkdlybuf4s50_2".                                     
Reading "sky130_fd_sc_hd__clkdlybuf4s50_1".                                     
Reading "sky130_fd_sc_hd__decap_4".                                             
Reading "sky130_fd_sc_hd__decap_6".                                             
Reading "sky130_fd_sc_hd__decap_8".                                             
Reading "sky130_fd_sc_hd__decap_12".                                            
Reading "sky130_fd_sc_hd__dfbbn_1".                                             
Reading "sky130_fd_sc_hd__dfbbn_2".                                             
Reading "sky130_fd_sc_hd__dfbbp_1".                                             
Reading "sky130_fd_sc_hd__dfrbp_1".                                             
Reading "sky130_fd_sc_hd__a31oi_2".                                             
Reading "sky130_fd_sc_hd__a31oi_4".                                             
Reading "sky130_fd_sc_hd__a32o_1".                                              
Reading "sky130_fd_sc_hd__a32o_2".                                              
Reading "sky130_fd_sc_hd__a32o_4".                                              
Reading "sky130_fd_sc_hd__a32oi_1".                                             
Reading "sky130_fd_sc_hd__a32oi_2".                                             
Reading "sky130_fd_sc_hd__a32oi_4".                                             
Reading "sky130_fd_sc_hd__a41o_1".                                              
Reading "sky130_fd_sc_hd__a211oi_2".                                            
Reading "sky130_fd_sc_hd__a211oi_1".                                            
Reading "sky130_fd_sc_hd__a211o_4".                                             
Reading "sky130_fd_sc_hd__a211o_2".                                             
Reading "sky130_fd_sc_hd__a211o_1".                                             
Reading "sky130_fd_sc_hd__a41oi_4".                                             
Reading "sky130_fd_sc_hd__a41oi_2".                                             
Reading "sky130_fd_sc_hd__a41oi_1".                                             
Reading "sky130_fd_sc_hd__a41o_4".                                              
Reading "sky130_fd_sc_hd__a41o_2".                                              
Reading "sky130_fd_sc_hd__a211oi_4".                                            
Reading "sky130_fd_sc_hd__a221o_1".                                             
Reading "sky130_fd_sc_hd__a221o_2".                                             
Reading "sky130_fd_sc_hd__a221o_4".                                             
Reading "sky130_fd_sc_hd__a221oi_1".                                            
Reading "sky130_fd_sc_hd__a221oi_2".                                            
Reading "sky130_fd_sc_hd__a221oi_4".                                            
Reading "sky130_fd_sc_hd__a222oi_1".                                            
Reading "sky130_fd_sc_hd__a311o_1".                                             
Reading "sky130_fd_sc_hd__a311o_2".                                             
Reading "sky130_fd_sc_hd__a311o_4".                                             
Reading "sky130_fd_sc_hd__a311oi_1".                                            
Reading "sky130_fd_sc_hd__a311oi_2".                                            
Reading "sky130_fd_sc_hd__a311oi_4".                                            
Reading "sky130_fd_sc_hd__a2111o_1".                                            
Reading "sky130_fd_sc_hd__a2111o_2".                                            
Reading "sky130_fd_sc_hd__a2111o_4".                                            
Reading "sky130_fd_sc_hd__a2111oi_0".                                           
Reading "sky130_fd_sc_hd__a2111oi_1".                                           
CIF file read warning: Input off lambda grid by 2/5; snapped to grid.           
Reading "sky130_fd_sc_hd__a2111oi_2".                                           
Reading "sky130_fd_sc_hd__and2_0".                                              
Reading "sky130_fd_sc_hd__and2_1".                                              
Reading "sky130_fd_sc_hd__and2_2".                                              
Reading "sky130_fd_sc_hd__and2_4".                                              
Reading "sky130_fd_sc_hd__and2b_1".                                             
Reading "sky130_fd_sc_hd__and2b_2".                                             
Reading "sky130_fd_sc_hd__and2b_4".                                             
Reading "sky130_fd_sc_hd__a2111oi_4".                                           
Reading "sky130_fd_sc_hd__and3_1".                                              
Reading "sky130_fd_sc_hd__and3_2".                                              
Reading "sky130_fd_sc_hd__and3_4".                                              
Reading "sky130_fd_sc_hd__and3b_1".                                             
Reading "sky130_ef_sc_hd__fill_4".                                              
Reading "sky130_ef_sc_hd__fill_2".                                              
Reading "sky130_ef_sc_hd__decap_80_12".                                         
Reading "sky130_fd_sc_hd__a2bb2o_1".                                            
Reading "sky130_ef_sc_hd__fill_12".                                             
Reading "sky130_ef_sc_hd__fill_8".                                              
Reading "sky130_ef_sc_hd__decap_60_12".                                         
Reading "sky130_ef_sc_hd__decap_40_12".                                         
Reading "sky130_ef_sc_hd__decap_20_12".                                         
Reading "sky130_ef_sc_hd__decap_12".                                            
Reading "sky130_fd_sc_hd__a2bb2o_2".                                            
Reading "sky130_fd_sc_hd__a2bb2o_4".                                            
Reading "sky130_fd_sc_hd__a2bb2oi_1".                                           
Reading "sky130_fd_sc_hd__a2bb2oi_2".                                           
Reading "sky130_fd_sc_hd__a2bb2oi_4".                                           
Reading "sky130_fd_sc_hd__a21bo_1".                                             
Reading "sky130_fd_sc_hd__a21bo_2".                                             
Reading "sky130_fd_sc_hd__a21bo_4".                                             
Reading "sky130_fd_sc_hd__a21boi_0".                                            
Reading "sky130_fd_sc_hd__a21o_1".                                              
Reading "sky130_fd_sc_hd__a21boi_4".                                            
Reading "sky130_fd_sc_hd__a21oi_2".                                             
Reading "sky130_fd_sc_hd__a21oi_1".                                             
Reading "sky130_fd_sc_hd__a21o_4".                                              
Reading "sky130_fd_sc_hd__a21o_2".                                              
Reading "sky130_fd_sc_hd__a22o_1".                                              
Reading "sky130_fd_sc_hd__a21oi_4".                                             
Reading "sky130_fd_sc_hd__a21boi_2".                                            
Reading "sky130_fd_sc_hd__a21boi_1".                                            
Reading "sky130_fd_sc_hd__a22o_2".                                              
Reading "sky130_fd_sc_hd__a22o_4".                                              
Reading "sky130_fd_sc_hd__a22oi_1".                                             
Reading "sky130_fd_sc_hd__a22oi_2".                                             
Reading "sky130_fd_sc_hd__a22oi_4".                                             
Reading "sky130_fd_sc_hd__a31o_1".                                              
Reading "sky130_fd_sc_hd__a31o_2".                                              
Reading "sky130_fd_sc_hd__a31o_4".                                              
Reading "sky130_fd_sc_hd__a31oi_1".                                             
> lef read                                                                      
/home/runner/.ciel/ciel/sky130/versions/8afc8346a57fe1ab7934ba5a6056ea8b43078e71
/sky130A/libs.ref/sky130_fd_sc_hd/lef/sky130_ef_sc_hd.lef                       
Reading LEF data from file                                                      
/home/runner/.ciel/ciel/sky130/versions/8afc8346a57fe1ab7934ba5a6056ea8b43078e71
/sky130A/libs.ref/sky130_fd_sc_hd/lef/sky130_ef_sc_hd.lef.                      
This action cannot be undone.                                                   
LEF read: Processed 582 lines.                                                  
> lef read                                                                      
/home/runner/.ciel/ciel/sky130/versions/8afc8346a57fe1ab7934ba5a6056ea8b43078e71
/sky130A/libs.ref/sky130_fd_sc_hd/lef/sky130_fd_sc_hd.lef                       
Reading LEF data from file                                                      
/home/runner/.ciel/ciel/sky130/versions/8afc8346a57fe1ab7934ba5a6056ea8b43078e71
/sky130A/libs.ref/sky130_fd_sc_hd/lef/sky130_fd_sc_hd.lef.                      
This action cannot be undone.                                                   
LEF read: Processed 56536 lines.                                                
Cell (NEWCELL) couldn't be read                                                 
No such file or directory                                                       
Creating new cell                                                               
> lef read                                                                      
/home/runner/.ciel/ciel/sky130/versions/8afc8346a57fe1ab7934ba5a6056ea8b43078e71
/sky130A/libs.ref/sky130_fd_sc_hd/techlef/sky130_fd_sc_hd__nom.tlef             
Reading LEF data from file                                                      
/home/runner/.ciel/ciel/sky130/versions/8afc8346a57fe1ab7934ba5a6056ea8b43078e71
/sky130A/libs.ref/sky130_fd_sc_hd/techlef/sky130_fd_sc_hd__nom.tlef.            
This action cannot be undone.                                                   
LEF read, Line 82 (Message): Unknown keyword "ANTENNAMODEL" in LEF file;        
ignoring.                                                                       
LEF read, Line 83 (Message): Unknown keyword "ANTENNADIFFSIDEAREARATIO" in LEF  
file; ignoring.                                                                 
LEF read, Line 116 (Message): Unknown keyword "MINENCLOSEDAREA" in LEF file;    
ignoring.                                                                       
LEF read, Line 118 (Message): Unknown keyword "ANTENNAMODEL" in LEF file;       
ignoring.                                                                       
LEF read, Line 119 (Message): Unknown keyword "ANTENNADIFFSIDEAREARATIO" in LEF 
file; ignoring.                                                                 
LEF read, Line 125 (Message): Unknown keyword "MAXIMUMDENSITY" in LEF file;     
ignoring.                                                                       
LEF read, Line 126 (Message): Unknown keyword "DENSITYCHECKWINDOW" in LEF file; 
ignoring.                                                                       
LEF read, Line 127 (Message): Unknown keyword "DENSITYCHECKSTEP" in LEF file;   
ignoring.                                                                       
LEF read, Line 160 (Message): Unknown keyword "MINENCLOSEDAREA" in LEF file;    
ignoring.                                                                       
LEF read, Line 168 (Message): Unknown keyword "ANTENNAMODEL" in LEF file;       
ignoring.                                                                       
LEF read, Line 169 (Message): Unknown keyword "ANTENNADIFFSIDEAREARATIO" in LEF 
file; ignoring.                                                                 
LEF read, Line 171 (Message): Unknown keyword "MAXIMUMDENSITY" in LEF file;     
ignoring.                                                                       
LEF read, Line 172 (Message): Unknown keyword "DENSITYCHECKWINDOW" in LEF file; 
ignoring.                                                                       
LEF read, Line 173 (Message): Unknown keyword "DENSITYCHECKSTEP" in LEF file;   
ignoring.                                                                       
LEF read, Line 210 (Message): Unknown keyword "ANTENNAMODEL" in LEF file;       
ignoring.                                                                       
LEF read, Line 211 (Message): Unknown keyword "ANTENNADIFFSIDEAREARATIO" in LEF 
file; ignoring.                                                                 
LEF read, Line 213 (Message): Unknown keyword "MAXIMUMDENSITY" in LEF file;     
ignoring.                                                                       
LEF read, Line 214 (Message): Unknown keyword "DENSITYCHECKWINDOW" in LEF file; 
ignoring.                                                                       
LEF read, Line 215 (Message): Unknown keyword "DENSITYCHECKSTEP" in LEF file;   
ignoring.                                                                       
LEF read, Line 252 (Message): Unknown keyword "ANTENNAMODEL" in LEF file;       
ignoring.                                                                       
LEF read, Line 253 (Message): Unknown keyword "ANTENNADIFFSIDEAREARATIO" in LEF 
file; ignoring.                                                                 
LEF read, Line 255 (Message): Unknown keyword "MAXIMUMDENSITY" in LEF file;     
ignoring.                                                                       
LEF read, Line 256 (Message): Unknown keyword "DENSITYCHECKWINDOW" in LEF file; 
ignoring.                                                                       
LEF read, Line 257 (Message): Unknown keyword "DENSITYCHECKSTEP" in LEF file;   
ignoring.                                                                       
LEF read, Line 294 (Message): Unknown keyword "ANTENNAMODEL" in LEF file;       
ignoring.                                                                       
LEF read, Line 295 (Message): Unknown keyword "ANTENNADIFFSIDEAREARATIO" in LEF 
file; ignoring.                                                                 
LEF read: Processed 801 lines.                                                  
> def read                                                                      
/home/runner/work/ASIC_101/ASIC_101/files/alu/pd/runs/csel-4ns/53-odb-cellfreque
ncytables/alu_top.def -noblockage                                               
Reading DEF data from file                                                      
/home/runner/work/ASIC_101/ASIC_101/files/alu/pd/runs/csel-4ns/53-odb-cellfreque
ncytables/alu_top.def.                                                          
This action cannot be undone.                                                   
  Processed 4 vias total.                                                       
  Processed 1 non-default rules total.                                          
  Processed 1759 subcell instances total.                                       
  Processed 35 pins total.                                                      
  Processed 2 special nets total.                                               
  Processed 258 nets total.                                                     
DEF read: Processed 5538 lines.                                                 
   Copying output for cell sky130_fd_sc_hd__decap_3 from                        
$PDKPATH/libs.ref/sky130_fd_sc_hd/gds/sky130_fd_sc_hd.gds                       
   Copying output for cell sky130_fd_sc_hd__tapvpwrvgnd_1 from                  
$PDKPATH/libs.ref/sky130_fd_sc_hd/gds/sky130_fd_sc_hd.gds                       
   Copying output for cell sky130_fd_sc_hd__fill_1 from                         
$PDKPATH/libs.ref/sky130_fd_sc_hd/gds/sky130_fd_sc_hd.gds                       
   Copying output for cell sky130_fd_sc_hd__clkdlybuf4s25_1 from                
$PDKPATH/libs.ref/sky130_fd_sc_hd/gds/sky130_fd_sc_hd.gds                       
   Copying output for cell sky130_fd_sc_hd__fill_2 from                         
$PDKPATH/libs.ref/sky130_fd_sc_hd/gds/sky130_fd_sc_hd.gds                       
   Copying output for cell sky130_fd_sc_hd__and2_2 from                         
$PDKPATH/libs.ref/sky130_fd_sc_hd/gds/sky130_fd_sc_hd.gds                       
   Copying output for cell sky130_fd_sc_hd__dfxtp_2 from                        
$PDKPATH/libs.ref/sky130_fd_sc_hd/gds/sky130_fd_sc_hd.gds                       
   Copying output for cell sky130_fd_sc_hd__and2_4 from                         
$PDKPATH/libs.ref/sky130_fd_sc_hd/gds/sky130_fd_sc_hd.gds                       
   Copying output for cell sky130_fd_sc_hd__nand2_2 from                        
$PDKPATH/libs.ref/sky130_fd_sc_hd/gds/sky130_fd_sc_hd.gds                       
   Copying output for cell sky130_fd_sc_hd__o31a_2 from                         
$PDKPATH/libs.ref/sky130_fd_sc_hd/gds/sky130_fd_sc_hd.gds                       
   Copying output for cell sky130_fd_sc_hd__nor2_2 from                         
$PDKPATH/libs.ref/sky130_fd_sc_hd/gds/sky130_fd_sc_hd.gds                       
   Copying output for cell sky130_fd_sc_hd__xnor2_2 from                        
$PDKPATH/libs.ref/sky130_fd_sc_hd/gds/sky130_fd_sc_hd.gds                       
   Copying output for cell sky130_fd_sc_hd__xnor2_4 from                        
$PDKPATH/libs.ref/sky130_fd_sc_hd/gds/sky130_fd_sc_hd.gds                       
   Copying output for cell sky130_fd_sc_hd__buf_2 from                          
$PDKPATH/libs.ref/sky130_fd_sc_hd/gds/sky130_fd_sc_hd.gds                       
   Copying output for cell sky130_fd_sc_hd__a311o_2 from                        
$PDKPATH/libs.ref/sky130_fd_sc_hd/gds/sky130_fd_sc_hd.gds                       
   Copying output for cell sky130_fd_sc_hd__nand2b_2 from                       
$PDKPATH/libs.ref/sky130_fd_sc_hd/gds/sky130_fd_sc_hd.gds                       
   Copying output for cell sky130_fd_sc_hd__xor2_2 from                         
$PDKPATH/libs.ref/sky130_fd_sc_hd/gds/sky130_fd_sc_hd.gds                       
   Copying output for cell sky130_fd_sc_hd__nand2_4 from                        
$PDKPATH/libs.ref/sky130_fd_sc_hd/gds/sky130_fd_sc_hd.gds                       
   Copying output for cell sky130_fd_sc_hd__or2_4 from                          
$PDKPATH/libs.ref/sky130_fd_sc_hd/gds/sky130_fd_sc_hd.gds                       
   Copying output for cell sky130_fd_sc_hd__a21oi_2 from                        
$PDKPATH/libs.ref/sky130_fd_sc_hd/gds/sky130_fd_sc_hd.gds                       
   Copying output for cell sky130_fd_sc_hd__inv_2 from                          
$PDKPATH/libs.ref/sky130_fd_sc_hd/gds/sky130_fd_sc_hd.gds                       
   Copying output for cell sky130_fd_sc_hd__o21bai_4 from                       
$PDKPATH/libs.ref/sky130_fd_sc_hd/gds/sky130_fd_sc_hd.gds                       
   Copying output for cell sky130_fd_sc_hd__or2_2 from                          
$PDKPATH/libs.ref/sky130_fd_sc_hd/gds/sky130_fd_sc_hd.gds                       
   Copying output for cell sky130_fd_sc_hd__a31o_4 from                         
$PDKPATH/libs.ref/sky130_fd_sc_hd/gds/sky130_fd_sc_hd.gds                       
   Copying output for cell sky130_fd_sc_hd__a211o_2 from                        
$PDKPATH/libs.ref/sky130_fd_sc_hd/gds/sky130_fd_sc_hd.gds                       
   Copying output for cell sky130_fd_sc_hd__o32a_4 from                         
$PDKPATH/libs.ref/sky130_fd_sc_hd/gds/sky130_fd_sc_hd.gds                       
   Copying output for cell sky130_fd_sc_hd__buf_6 from                          
$PDKPATH/libs.ref/sky130_fd_sc_hd/gds/sky130_fd_sc_hd.gds                       
   Copying output for cell sky130_fd_sc_hd__and3_4 from                         
$PDKPATH/libs.ref/sky130_fd_sc_hd/gds/sky130_fd_sc_hd.gds                       
   Copying output for cell sky130_fd_sc_hd__a31o_2 from                         
$PDKPATH/libs.ref/sky130_fd_sc_hd/gds/sky130_fd_sc_hd.gds                       
   Copying output for cell sky130_fd_sc_hd__o221a_2 from                        
$PDKPATH/libs.ref/sky130_fd_sc_hd/gds/sky130_fd_sc_hd.gds                       
   Copying output for cell sky130_fd_sc_hd__clkbuf_4 from                       
$PDKPATH/libs.ref/sky130_fd_sc_hd/gds/sky130_fd_sc_hd.gds                       
   Copying output for cell sky130_fd_sc_hd__o22ai_2 from                        
$PDKPATH/libs.ref/sky130_fd_sc_hd/gds/sky130_fd_sc_hd.gds                       
   Copying output for cell sky130_fd_sc_hd__clkbuf_16 from                      
$PDKPATH/libs.ref/sky130_fd_sc_hd/gds/sky130_fd_sc_hd.gds                       
   Copying output for cell sky130_fd_sc_hd__o22a_2 from                         
$PDKPATH/libs.ref/sky130_fd_sc_hd/gds/sky130_fd_sc_hd.gds                       
   Copying output for cell sky130_fd_sc_hd__a2bb2o_2 from                       
$PDKPATH/libs.ref/sky130_fd_sc_hd/gds/sky130_fd_sc_hd.gds                       
   Copying output for cell sky130_fd_sc_hd__a211o_4 from                        
$PDKPATH/libs.ref/sky130_fd_sc_hd/gds/sky130_fd_sc_hd.gds                       
   Copying output for cell sky130_fd_sc_hd__o211a_2 from                        
$PDKPATH/libs.ref/sky130_fd_sc_hd/gds/sky130_fd_sc_hd.gds                       
   Copying output for cell sky130_fd_sc_hd__and4bb_2 from                       
$PDKPATH/libs.ref/sky130_fd_sc_hd/gds/sky130_fd_sc_hd.gds                       
   Copying output for cell sky130_fd_sc_hd__o21a_2 from                         
$PDKPATH/libs.ref/sky130_fd_sc_hd/gds/sky130_fd_sc_hd.gds                       
   Copying output for cell sky130_fd_sc_hd__o2bb2a_4 from                       
$PDKPATH/libs.ref/sky130_fd_sc_hd/gds/sky130_fd_sc_hd.gds                       
   Copying output for cell sky130_fd_sc_hd__or3_4 from                          
$PDKPATH/libs.ref/sky130_fd_sc_hd/gds/sky130_fd_sc_hd.gds                       
   Copying output for cell sky130_fd_sc_hd__o21a_4 from                         
$PDKPATH/libs.ref/sky130_fd_sc_hd/gds/sky130_fd_sc_hd.gds                       
   Copying output for cell sky130_fd_sc_hd__and2b_2 from                        
$PDKPATH/libs.ref/sky130_fd_sc_hd/gds/sky130_fd_sc_hd.gds                       
   Copying output for cell sky130_fd_sc_hd__a21o_4 from                         
$PDKPATH/libs.ref/sky130_fd_sc_hd/gds/sky130_fd_sc_hd.gds                       
   Copying output for cell sky130_fd_sc_hd__o211ai_4 from                       
$PDKPATH/libs.ref/sky130_fd_sc_hd/gds/sky130_fd_sc_hd.gds                       
   Copying output for cell sky130_fd_sc_hd__or3_2 from                          
$PDKPATH/libs.ref/sky130_fd_sc_hd/gds/sky130_fd_sc_hd.gds                       
   Copying output for cell sky130_fd_sc_hd__or4_2 from                          
$PDKPATH/libs.ref/sky130_fd_sc_hd/gds/sky130_fd_sc_hd.gds                       
   Copying output for cell sky130_fd_sc_hd__dfxtp_4 from                        
$PDKPATH/libs.ref/sky130_fd_sc_hd/gds/sky130_fd_sc_hd.gds                       
   Copying output for cell sky130_fd_sc_hd__and3b_2 from                        
$PDKPATH/libs.ref/sky130_fd_sc_hd/gds/sky130_fd_sc_hd.gds                       
   Copying output for cell sky130_fd_sc_hd__a22o_2 from                         
$PDKPATH/libs.ref/sky130_fd_sc_hd/gds/sky130_fd_sc_hd.gds                       
   Copying output for cell sky130_fd_sc_hd__o21ba_2 from                        
$PDKPATH/libs.ref/sky130_fd_sc_hd/gds/sky130_fd_sc_hd.gds                       
   Copying output for cell sky130_fd_sc_hd__a2bb2o_4 from                       
$PDKPATH/libs.ref/sky130_fd_sc_hd/gds/sky130_fd_sc_hd.gds                       
   Copying output for cell sky130_fd_sc_hd__or3b_4 from                         
$PDKPATH/libs.ref/sky130_fd_sc_hd/gds/sky130_fd_sc_hd.gds                       
   Copying output for cell sky130_fd_sc_hd__or3b_2 from                         
$PDKPATH/libs.ref/sky130_fd_sc_hd/gds/sky130_fd_sc_hd.gds                       
   Copying output for cell sky130_fd_sc_hd__buf_12 from                         
$PDKPATH/libs.ref/sky130_fd_sc_hd/gds/sky130_fd_sc_hd.gds                       
   Copying output for cell sky130_fd_sc_hd__and4_2 from                         
$PDKPATH/libs.ref/sky130_fd_sc_hd/gds/sky130_fd_sc_hd.gds                       
   Copying output for cell sky130_fd_sc_hd__mux2_2 from                         
$PDKPATH/libs.ref/sky130_fd_sc_hd/gds/sky130_fd_sc_hd.gds                       
   Copying output for cell sky130_fd_sc_hd__a41o_2 from                         
$PDKPATH/libs.ref/sky130_fd_sc_hd/gds/sky130_fd_sc_hd.gds                       
   Copying output for cell sky130_fd_sc_hd__nor3_2 from                         
$PDKPATH/libs.ref/sky130_fd_sc_hd/gds/sky130_fd_sc_hd.gds                       
   Generating output for cell alu_top                                           
[INFO] GDS Write Complete                                                       
────────────────────────── GDSII Stream Out (KLayout) ──────────────────────────
[21:09:22] VERBOSE  Running 'KLayout.StreamOut' at                  step.py:1138
                    'runs/csel-4ns/58-klayout-streamout'…                       
[21:09:22] VERBOSE  Logging subprocess to                           step.py:1338
                    'runs/csel-4ns/58-klayout-streamout/klayout-str             
                    eamout.log'…                                                
[INFO] Clearing cells…                                                          
[INFO] Merging GDS files…                                                       
[INFO] Copying top level cell 'alu_top'…                                        
[INFO] Checking for missing GDS…                                                
[INFO] All LEF cells have matching GDS cells.                                   
[INFO] Writing out GDS                                                          
'/home/runner/work/ASIC_101/ASIC_101/files/alu/pd/runs/csel-4ns/58-klayout-strea
mout/alu_top.klayout.gds'…                                                      
[INFO] Done.                                                                    
────────────────────────── Render Image (w/ KLayout) ───────────────────────────
[21:09:23] VERBOSE  Running 'KLayout.Render' at                     step.py:1138
                    'runs/csel-4ns/59-klayout-render'…                          
[21:09:23] VERBOSE  Logging subprocess to                           step.py:1338
                    'runs/csel-4ns/59-klayout-render/klayout-render             
                    .log'…                                                      
────────────────────────────── Write LEF (Magic) ───────────────────────────────
[21:09:25] VERBOSE  Running 'Magic.WriteLEF' at                     step.py:1138
                    'runs/csel-4ns/60-magic-writelef'…                          
[21:09:25] VERBOSE  Logging subprocess to                           step.py:1338
                    'runs/csel-4ns/60-magic-writelef/magic-writelef             
                    .log'…                                                      
                                                                                
Magic 8.3 revision 623 - Compiled on Tue Mar 17 08:19:38 UTC 2026.              
Starting magic under Tcl interpreter                                            
Using the terminal as the console.                                              
WARNING: RLIMIT_NOFILE is above 1024 and Tcl_Version<9 this may cause runtime   
issues [rlim_cur=65536]                                                         
Using NULL graphics device.                                                     
Processing system .magicrc file                                                 
Switching to WIRING tool.                                                       
Switching to NETLIST tool.                                                      
Switching to PICK tool.                                                         
Switching to BOX tool.                                                          
Sourcing design .magicrc for technology sky130A ...                             
2 Magic internal units = 1 Lambda                                               
Input style sky130(): scaleFactor=2, multiplier=2                               
The following types are not handled by extraction and will be treated as        
non-electrical types:                                                           
    ubm                                                                         
Scaled tech values by 2 / 1 to match internal grid scaling                      
Loading sky130A Device Generator Menu ...                                       
Loading                                                                         
"/nix/store/8y4m6wgn5kqlbig1qwnwbxijqqp0jwib-python3-3.13.9-env/lib/python3.13/s
ite-packages/librelane/scripts/magic/wrapper.tcl" from command line.            
> lef read                                                                      
/home/runner/.ciel/ciel/sky130/versions/8afc8346a57fe1ab7934ba5a6056ea8b43078e71
/sky130A/libs.ref/sky130_fd_sc_hd/techlef/sky130_fd_sc_hd__nom.tlef             
Reading LEF data from file                                                      
/home/runner/.ciel/ciel/sky130/versions/8afc8346a57fe1ab7934ba5a6056ea8b43078e71
/sky130A/libs.ref/sky130_fd_sc_hd/techlef/sky130_fd_sc_hd__nom.tlef.            
This action cannot be undone.                                                   
LEF read, Line 82 (Message): Unknown keyword "ANTENNAMODEL" in LEF file;        
ignoring.                                                                       
LEF read, Line 83 (Message): Unknown keyword "ANTENNADIFFSIDEAREARATIO" in LEF  
file; ignoring.                                                                 
LEF read, Line 116 (Message): Unknown keyword "MINENCLOSEDAREA" in LEF file;    
ignoring.                                                                       
LEF read, Line 118 (Message): Unknown keyword "ANTENNAMODEL" in LEF file;       
ignoring.                                                                       
LEF read, Line 119 (Message): Unknown keyword "ANTENNADIFFSIDEAREARATIO" in LEF 
file; ignoring.                                                                 
LEF read, Line 125 (Message): Unknown keyword "MAXIMUMDENSITY" in LEF file;     
ignoring.                                                                       
LEF read, Line 126 (Message): Unknown keyword "DENSITYCHECKWINDOW" in LEF file; 
ignoring.                                                                       
LEF read, Line 127 (Message): Unknown keyword "DENSITYCHECKSTEP" in LEF file;   
ignoring.                                                                       
LEF read, Line 160 (Message): Unknown keyword "MINENCLOSEDAREA" in LEF file;    
ignoring.                                                                       
LEF read, Line 168 (Message): Unknown keyword "ANTENNAMODEL" in LEF file;       
ignoring.                                                                       
LEF read, Line 169 (Message): Unknown keyword "ANTENNADIFFSIDEAREARATIO" in LEF 
file; ignoring.                                                                 
LEF read, Line 171 (Message): Unknown keyword "MAXIMUMDENSITY" in LEF file;     
ignoring.                                                                       
LEF read, Line 172 (Message): Unknown keyword "DENSITYCHECKWINDOW" in LEF file; 
ignoring.                                                                       
LEF read, Line 173 (Message): Unknown keyword "DENSITYCHECKSTEP" in LEF file;   
ignoring.                                                                       
LEF read, Line 210 (Message): Unknown keyword "ANTENNAMODEL" in LEF file;       
ignoring.                                                                       
LEF read, Line 211 (Message): Unknown keyword "ANTENNADIFFSIDEAREARATIO" in LEF 
file; ignoring.                                                                 
LEF read, Line 213 (Message): Unknown keyword "MAXIMUMDENSITY" in LEF file;     
ignoring.                                                                       
LEF read, Line 214 (Message): Unknown keyword "DENSITYCHECKWINDOW" in LEF file; 
ignoring.                                                                       
LEF read, Line 215 (Message): Unknown keyword "DENSITYCHECKSTEP" in LEF file;   
ignoring.                                                                       
LEF read, Line 252 (Message): Unknown keyword "ANTENNAMODEL" in LEF file;       
ignoring.                                                                       
LEF read, Line 253 (Message): Unknown keyword "ANTENNADIFFSIDEAREARATIO" in LEF 
file; ignoring.                                                                 
LEF read, Line 255 (Message): Unknown keyword "MAXIMUMDENSITY" in LEF file;     
ignoring.                                                                       
LEF read, Line 256 (Message): Unknown keyword "DENSITYCHECKWINDOW" in LEF file; 
ignoring.                                                                       
LEF read, Line 257 (Message): Unknown keyword "DENSITYCHECKSTEP" in LEF file;   
ignoring.                                                                       
LEF read, Line 294 (Message): Unknown keyword "ANTENNAMODEL" in LEF file;       
ignoring.                                                                       
LEF read, Line 295 (Message): Unknown keyword "ANTENNADIFFSIDEAREARATIO" in LEF 
file; ignoring.                                                                 
LEF read: Processed 801 lines.                                                  
> gds read                                                                      
/home/runner/.ciel/ciel/sky130/versions/8afc8346a57fe1ab7934ba5a6056ea8b43078e71
/sky130A/libs.ref/sky130_fd_sc_hd/gds/sky130_fd_sc_hd.gds                       
Warning: Calma reading is not undoable!  I hope that's OK.                      
Library written using GDS-II Release 3.0                                        
Library name: sky130_fd_sc_hd                                                   
Reading "sky130_fd_sc_hd__or4bb_4".                                             
Reading "sky130_fd_sc_hd__probe_p_8".                                           
Reading "sky130_fd_sc_hd__probec_p_8".                                          
Reading "sky130_fd_sc_hd__sdfbbn_1".                                            
Reading "sky130_fd_sc_hd__sdfbbn_2".                                            
Reading "sky130_fd_sc_hd__sdfbbp_1".                                            
Reading "sky130_fd_sc_hd__sdfrbp_1".                                            
Reading "sky130_fd_sc_hd__sdfrbp_2".                                            
Reading "sky130_fd_sc_hd__sdfrtn_1".                                            
Reading "sky130_fd_sc_hd__sdfrtp_1".                                            
Reading "sky130_fd_sc_hd__sdfrtp_2".                                            
Reading "sky130_fd_sc_hd__sdfrtp_4".                                            
Reading "sky130_fd_sc_hd__sdfsbp_1".                                            
Reading "sky130_fd_sc_hd__sdfsbp_2".                                            
Reading "sky130_fd_sc_hd__sdfstp_1".                                            
Reading "sky130_fd_sc_hd__sdfstp_2".                                            
Reading "sky130_fd_sc_hd__sdfstp_4".                                            
Reading "sky130_fd_sc_hd__sdfxbp_1".                                            
Reading "sky130_fd_sc_hd__sdfxbp_2".                                            
Reading "sky130_fd_sc_hd__sdfxtp_1".                                            
Reading "sky130_fd_sc_hd__sdfxtp_2".                                            
Reading "sky130_fd_sc_hd__sdfxtp_4".                                            
Reading "sky130_fd_sc_hd__sdlclkp_1".                                           
Reading "sky130_fd_sc_hd__sdlclkp_2".                                           
Reading "sky130_fd_sc_hd__sdlclkp_4".                                           
Reading "sky130_fd_sc_hd__sedfxbp_1".                                           
Reading "sky130_fd_sc_hd__sedfxbp_2".                                           
Reading "sky130_fd_sc_hd__xnor2_2".                                             
Reading "sky130_fd_sc_hd__xnor2_1".                                             
Reading "sky130_fd_sc_hd__tapvpwrvgnd_1".                                       
Reading "sky130_fd_sc_hd__tapvgnd_1".                                           
Reading "sky130_fd_sc_hd__tapvgnd2_1".                                          
Reading "sky130_fd_sc_hd__tap_2".                                               
Reading "sky130_fd_sc_hd__tap_1".                                               
Reading "sky130_fd_sc_hd__sedfxtp_4".                                           
Reading "sky130_fd_sc_hd__sedfxtp_2".                                           
Reading "sky130_fd_sc_hd__sedfxtp_1".                                           
Reading "sky130_fd_sc_hd__xnor2_4".                                             
Reading "sky130_fd_sc_hd__xnor3_1".                                             
Reading "sky130_fd_sc_hd__xnor3_2".                                             
Reading "sky130_fd_sc_hd__xnor3_4".                                             
Reading "sky130_fd_sc_hd__xor2_1".                                              
Reading "sky130_fd_sc_hd__xor2_2".                                              
Reading "sky130_fd_sc_hd__xor2_4".                                              
Reading "sky130_fd_sc_hd__xor3_1".                                              
Reading "sky130_fd_sc_hd__xor3_2".                                              
Reading "sky130_fd_sc_hd__xor3_4".                                              
Reading "sky130_fd_sc_hd__o41a_2".                                              
Reading "sky130_fd_sc_hd__o41a_4".                                              
Reading "sky130_fd_sc_hd__o41ai_1".                                             
Reading "sky130_fd_sc_hd__o41ai_2".                                             
Reading "sky130_fd_sc_hd__o41ai_4".                                             
Reading "sky130_fd_sc_hd__o211a_1".                                             
Reading "sky130_fd_sc_hd__o211a_2".                                             
Reading "sky130_fd_sc_hd__o211a_4".                                             
Reading "sky130_fd_sc_hd__o211ai_1".                                            
Reading "sky130_fd_sc_hd__o211ai_2".                                            
Reading "sky130_fd_sc_hd__o211ai_4".                                            
Reading "sky130_fd_sc_hd__o221a_1".                                             
Reading "sky130_fd_sc_hd__o221a_2".                                             
Reading "sky130_fd_sc_hd__o221a_4".                                             
Reading "sky130_fd_sc_hd__o221ai_1".                                            
Reading "sky130_fd_sc_hd__o221ai_2".                                            
Reading "sky130_fd_sc_hd__o311a_1".                                             
Reading "sky130_fd_sc_hd__o311a_2".                                             
Reading "sky130_fd_sc_hd__o311a_4".                                             
Reading "sky130_fd_sc_hd__o311ai_0".                                            
Reading "sky130_fd_sc_hd__o311ai_1".                                            
Reading "sky130_fd_sc_hd__o221ai_4".                                            
Reading "sky130_fd_sc_hd__o311ai_2".                                            
Reading "sky130_fd_sc_hd__o311ai_4".                                            
Reading "sky130_fd_sc_hd__o2111a_1".                                            
Reading "sky130_fd_sc_hd__o2111a_2".                                            
Reading "sky130_fd_sc_hd__o2111a_4".                                            
Reading "sky130_fd_sc_hd__o2111ai_1".                                           
Reading "sky130_fd_sc_hd__o2111ai_2".                                           
Reading "sky130_fd_sc_hd__o2111ai_4".                                           
Reading "sky130_fd_sc_hd__or2_0".                                               
Reading "sky130_fd_sc_hd__or2_1".                                               
Reading "sky130_fd_sc_hd__or2_2".                                               
Reading "sky130_fd_sc_hd__or2_4".                                               
Reading "sky130_fd_sc_hd__or2b_1".                                              
Reading "sky130_fd_sc_hd__or2b_2".                                              
Reading "sky130_fd_sc_hd__or2b_4".                                              
Reading "sky130_fd_sc_hd__or3_1".                                               
Reading "sky130_fd_sc_hd__or3_2".                                               
Reading "sky130_fd_sc_hd__or3_4".                                               
Reading "sky130_fd_sc_hd__or3b_4".                                              
Reading "sky130_fd_sc_hd__or3b_2".                                              
Reading "sky130_fd_sc_hd__or3b_1".                                              
Reading "sky130_fd_sc_hd__or4_4".                                               
Reading "sky130_fd_sc_hd__or4_2".                                               
Reading "sky130_fd_sc_hd__or4_1".                                               
Reading "sky130_fd_sc_hd__or4b_4".                                              
Reading "sky130_fd_sc_hd__or4b_2".                                              
Reading "sky130_fd_sc_hd__or4b_1".                                              
Reading "sky130_fd_sc_hd__or4bb_1".                                             
Reading "sky130_fd_sc_hd__or4bb_2".                                             
Reading "sky130_fd_sc_hd__nor3_4".                                              
Reading "sky130_fd_sc_hd__nor3b_1".                                             
Reading "sky130_fd_sc_hd__nor3b_2".                                             
Reading "sky130_fd_sc_hd__nor3b_4".                                             
Reading "sky130_fd_sc_hd__nor4_1".                                              
Reading "sky130_fd_sc_hd__nor4_2".                                              
Reading "sky130_fd_sc_hd__nor4_4".                                              
Reading "sky130_fd_sc_hd__nor4b_1".                                             
Reading "sky130_fd_sc_hd__nor4b_2".                                             
Reading "sky130_fd_sc_hd__nor4b_4".                                             
Reading "sky130_fd_sc_hd__nor4bb_1".                                            
Reading "sky130_fd_sc_hd__nor4bb_2".                                            
Reading "sky130_fd_sc_hd__nor4bb_4".                                            
Moving label "k" from mvpsubdiff to ndiff in cell sky130_fd_sc_hd__nor4bb_4.    
Reading "sky130_fd_sc_hd__o2bb2a_1".                                            
Reading "sky130_fd_sc_hd__o2bb2a_2".                                            
Reading "sky130_fd_sc_hd__o2bb2a_4".                                            
Reading "sky130_fd_sc_hd__o21ai_4".                                             
Reading "sky130_fd_sc_hd__o21ai_2".                                             
Reading "sky130_fd_sc_hd__o21ai_1".                                             
Reading "sky130_fd_sc_hd__o21ai_0".                                             
Reading "sky130_fd_sc_hd__o21a_4".                                              
Reading "sky130_fd_sc_hd__o21a_2".                                              
Reading "sky130_fd_sc_hd__o21a_1".                                              
Reading "sky130_fd_sc_hd__o2bb2ai_4".                                           
Reading "sky130_fd_sc_hd__o2bb2ai_2".                                           
Reading "sky130_fd_sc_hd__o2bb2ai_1".                                           
Reading "sky130_fd_sc_hd__o21ba_1".                                             
Reading "sky130_fd_sc_hd__o21ba_2".                                             
Reading "sky130_fd_sc_hd__o21ba_4".                                             
Reading "sky130_fd_sc_hd__o21bai_1".                                            
Reading "sky130_fd_sc_hd__o21bai_2".                                            
Reading "sky130_fd_sc_hd__o21bai_4".                                            
Reading "sky130_fd_sc_hd__o22a_1".                                              
Reading "sky130_fd_sc_hd__o22a_2".                                              
Reading "sky130_fd_sc_hd__o22a_4".                                              
Reading "sky130_fd_sc_hd__o22ai_1".                                             
Reading "sky130_fd_sc_hd__o22ai_2".                                             
Reading "sky130_fd_sc_hd__o22ai_4".                                             
Reading "sky130_fd_sc_hd__o31a_1".                                              
Reading "sky130_fd_sc_hd__o31a_2".                                              
Reading "sky130_fd_sc_hd__o31a_4".                                              
Reading "sky130_fd_sc_hd__o31ai_1".                                             
Reading "sky130_fd_sc_hd__o31ai_2".                                             
Reading "sky130_fd_sc_hd__o31ai_4".                                             
Reading "sky130_fd_sc_hd__o32a_1".                                              
Reading "sky130_fd_sc_hd__o32a_2".                                              
Reading "sky130_fd_sc_hd__o32a_4".                                              
Reading "sky130_fd_sc_hd__o32ai_1".                                             
Reading "sky130_fd_sc_hd__o32ai_2".                                             
Reading "sky130_fd_sc_hd__o32ai_4".                                             
Reading "sky130_fd_sc_hd__o41a_1".                                              
Reading "sky130_fd_sc_hd__lpflow_isobufsrc_16".                                 
Reading "sky130_fd_sc_hd__lpflow_isobufsrckapwr_16".                            
Reading "sky130_fd_sc_hd__lpflow_lsbuf_lh_hl_isowell_tap_1".                    
CIF file read warning: CIF style sky130(): units rescaled by factor of 5 / 1    
Reading "sky130_fd_sc_hd__lpflow_lsbuf_lh_hl_isowell_tap_2".                    
Reading "sky130_fd_sc_hd__lpflow_lsbuf_lh_hl_isowell_tap_4".                    
Reading "sky130_fd_sc_hd__lpflow_lsbuf_lh_isowell_4".                           
Reading "sky130_fd_sc_hd__lpflow_lsbuf_lh_isowell_tap_1".                       
Reading "sky130_fd_sc_hd__lpflow_lsbuf_lh_isowell_tap_2".                       
Reading "sky130_fd_sc_hd__lpflow_lsbuf_lh_isowell_tap_4".                       
Reading "sky130_fd_sc_hd__nor2_2".                                              
Reading "sky130_fd_sc_hd__nand2_2".                                             
Reading "sky130_fd_sc_hd__inv_2".                                               
Reading "sky130_fd_sc_hd__conb_1".                                              
Reading "sky130_fd_sc_hd__macro_sparecell".                                     
Reading "sky130_fd_sc_hd__maj3_1".                                              
Reading "sky130_fd_sc_hd__maj3_2".                                              
Reading "sky130_fd_sc_hd__maj3_4".                                              
Reading "sky130_fd_sc_hd__mux2_1".                                              
Reading "sky130_fd_sc_hd__mux2_2".                                              
Reading "sky130_fd_sc_hd__mux2_4".                                              
Reading "sky130_fd_sc_hd__mux2i_1".                                             
Reading "sky130_fd_sc_hd__mux2i_2".                                             
Reading "sky130_fd_sc_hd__mux2_8".                                              
Reading "sky130_fd_sc_hd__mux2i_4".                                             
Reading "sky130_fd_sc_hd__mux4_1".                                              
Reading "sky130_fd_sc_hd__mux4_2".                                              
Reading "sky130_fd_sc_hd__mux4_4".                                              
Reading "sky130_fd_sc_hd__nand2_1".                                             
Reading "sky130_fd_sc_hd__nand2_4".                                             
Reading "sky130_fd_sc_hd__nand2_8".                                             
Reading "sky130_fd_sc_hd__nand2b_1".                                            
Reading "sky130_fd_sc_hd__nand2b_2".                                            
Reading "sky130_fd_sc_hd__nand2b_4".                                            
Reading "sky130_fd_sc_hd__nand3_1".                                             
Reading "sky130_fd_sc_hd__nand3_2".                                             
Reading "sky130_fd_sc_hd__nand3_4".                                             
Reading "sky130_fd_sc_hd__nand3b_1".                                            
Reading "sky130_fd_sc_hd__nand3b_2".                                            
Reading "sky130_fd_sc_hd__nand3b_4".                                            
Reading "sky130_fd_sc_hd__nand4_1".                                             
Reading "sky130_fd_sc_hd__nand4_2".                                             
Reading "sky130_fd_sc_hd__nand4_4".                                             
Reading "sky130_fd_sc_hd__nand4b_1".                                            
Reading "sky130_fd_sc_hd__nand4b_2".                                            
Reading "sky130_fd_sc_hd__nand4bb_1".                                           
Reading "sky130_fd_sc_hd__nand4bb_2".                                           
Reading "sky130_fd_sc_hd__nor2_1".                                              
Reading "sky130_fd_sc_hd__nor2_4".                                              
Reading "sky130_fd_sc_hd__nor2_8".                                              
Reading "sky130_fd_sc_hd__nor2b_1".                                             
Reading "sky130_fd_sc_hd__nor2b_2".                                             
Reading "sky130_fd_sc_hd__nor2b_4".                                             
Reading "sky130_fd_sc_hd__nand4b_4".                                            
Reading "sky130_fd_sc_hd__nand4bb_4".                                           
Reading "sky130_fd_sc_hd__nor3_1".                                              
Reading "sky130_fd_sc_hd__nor3_2".                                              
Reading "sky130_fd_sc_hd__einvn_2".                                             
Reading "sky130_fd_sc_hd__einvn_4".                                             
Reading "sky130_fd_sc_hd__einvn_8".                                             
Reading "sky130_fd_sc_hd__einvp_1".                                             
Reading "sky130_fd_sc_hd__einvp_2".                                             
Reading "sky130_fd_sc_hd__einvp_4".                                             
Reading "sky130_fd_sc_hd__einvp_8".                                             
Reading "sky130_fd_sc_hd__fa_1".                                                
Reading "sky130_fd_sc_hd__fa_2".                                                
Reading "sky130_fd_sc_hd__fa_4".                                                
Reading "sky130_fd_sc_hd__fah_1".                                               
Reading "sky130_fd_sc_hd__fahcin_1".                                            
Reading "sky130_fd_sc_hd__fahcon_1".                                            
Reading "sky130_fd_sc_hd__fill_1".                                              
Reading "sky130_fd_sc_hd__fill_2".                                              
Reading "sky130_fd_sc_hd__fill_4".                                              
Reading "sky130_fd_sc_hd__inv_16".                                              
Reading "sky130_fd_sc_hd__inv_12".                                              
Reading "sky130_fd_sc_hd__inv_8".                                               
Reading "sky130_fd_sc_hd__inv_6".                                               
Reading "sky130_fd_sc_hd__inv_4".                                               
Reading "sky130_fd_sc_hd__inv_1".                                               
Reading "sky130_fd_sc_hd__ha_4".                                                
Reading "sky130_fd_sc_hd__ha_2".                                                
Reading "sky130_fd_sc_hd__ha_1".                                                
Reading "sky130_fd_sc_hd__fill_8".                                              
Reading "sky130_fd_sc_hd__lpflow_bleeder_1".                                    
Reading "sky130_fd_sc_hd__lpflow_clkbufkapwr_1".                                
Reading "sky130_fd_sc_hd__lpflow_clkbufkapwr_2".                                
Reading "sky130_fd_sc_hd__lpflow_clkbufkapwr_4".                                
Reading "sky130_fd_sc_hd__lpflow_clkbufkapwr_8".                                
Reading "sky130_fd_sc_hd__lpflow_clkbufkapwr_16".                               
Reading "sky130_fd_sc_hd__lpflow_clkinvkapwr_1".                                
Reading "sky130_fd_sc_hd__lpflow_clkinvkapwr_2".                                
Reading "sky130_fd_sc_hd__lpflow_clkinvkapwr_4".                                
Reading "sky130_fd_sc_hd__lpflow_inputiso1n_1".                                 
Reading "sky130_fd_sc_hd__lpflow_inputiso0p_1".                                 
Reading "sky130_fd_sc_hd__lpflow_inputiso0n_1".                                 
Reading "sky130_fd_sc_hd__lpflow_decapkapwr_12".                                
Reading "sky130_fd_sc_hd__lpflow_decapkapwr_8".                                 
Reading "sky130_fd_sc_hd__lpflow_decapkapwr_6".                                 
Reading "sky130_fd_sc_hd__lpflow_decapkapwr_4".                                 
Reading "sky130_fd_sc_hd__lpflow_decapkapwr_3".                                 
Reading "sky130_fd_sc_hd__lpflow_clkinvkapwr_16".                               
Reading "sky130_fd_sc_hd__lpflow_clkinvkapwr_8".                                
Reading "sky130_fd_sc_hd__lpflow_inputiso1p_1".                                 
Reading "sky130_fd_sc_hd__lpflow_inputisolatch_1".                              
Reading "sky130_fd_sc_hd__lpflow_isobufsrc_1".                                  
Reading "sky130_fd_sc_hd__lpflow_isobufsrc_2".                                  
Reading "sky130_fd_sc_hd__lpflow_isobufsrc_4".                                  
Reading "sky130_fd_sc_hd__lpflow_isobufsrc_8".                                  
Reading "sky130_fd_sc_hd__dfrbp_2".                                             
Reading "sky130_fd_sc_hd__dfrtn_1".                                             
Reading "sky130_fd_sc_hd__dfrtp_1".                                             
Reading "sky130_fd_sc_hd__dfrtp_2".                                             
Reading "sky130_fd_sc_hd__dfrtp_4".                                             
Reading "sky130_fd_sc_hd__dfsbp_1".                                             
Reading "sky130_fd_sc_hd__dfsbp_2".                                             
Reading "sky130_fd_sc_hd__dfstp_1".                                             
Reading "sky130_fd_sc_hd__dfstp_2".                                             
Reading "sky130_fd_sc_hd__dfstp_4".                                             
Reading "sky130_fd_sc_hd__dfxtp_1".                                             
Reading "sky130_fd_sc_hd__dfxtp_2".                                             
Reading "sky130_fd_sc_hd__diode_2".                                             
Reading "sky130_fd_sc_hd__dlclkp_1".                                            
Reading "sky130_fd_sc_hd__dlclkp_2".                                            
Reading "sky130_fd_sc_hd__dlclkp_4".                                            
Reading "sky130_fd_sc_hd__dlrbn_1".                                             
Reading "sky130_fd_sc_hd__dfxbp_1".                                             
Reading "sky130_fd_sc_hd__dfxbp_2".                                             
Reading "sky130_fd_sc_hd__dfxtp_4".                                             
Reading "sky130_fd_sc_hd__dlrbn_2".                                             
Reading "sky130_fd_sc_hd__dlrbp_1".                                             
Reading "sky130_fd_sc_hd__dlrbp_2".                                             
Reading "sky130_fd_sc_hd__dlrtn_1".                                             
Reading "sky130_fd_sc_hd__dlrtn_2".                                             
Reading "sky130_fd_sc_hd__dlrtn_4".                                             
Reading "sky130_fd_sc_hd__dlrtp_1".                                             
Reading "sky130_fd_sc_hd__dlrtp_2".                                             
Reading "sky130_fd_sc_hd__dlrtp_4".                                             
Reading "sky130_fd_sc_hd__dlxbn_1".                                             
Reading "sky130_fd_sc_hd__dlxbn_2".                                             
Reading "sky130_fd_sc_hd__dlxbp_1".                                             
Reading "sky130_fd_sc_hd__dlxtn_1".                                             
Reading "sky130_fd_sc_hd__dlxtn_2".                                             
Reading "sky130_fd_sc_hd__dlxtn_4".                                             
Reading "sky130_fd_sc_hd__dlxtp_1".                                             
Reading "sky130_fd_sc_hd__dlygate4sd1_1".                                       
Reading "sky130_fd_sc_hd__dlygate4sd2_1".                                       
Reading "sky130_fd_sc_hd__dlygate4sd3_1".                                       
Reading "sky130_fd_sc_hd__dlymetal6s2s_1".                                      
Reading "sky130_fd_sc_hd__dlymetal6s4s_1".                                      
Reading "sky130_fd_sc_hd__dlymetal6s6s_1".                                      
Reading "sky130_fd_sc_hd__ebufn_1".                                             
Reading "sky130_fd_sc_hd__ebufn_2".                                             
Reading "sky130_fd_sc_hd__ebufn_4".                                             
Reading "sky130_fd_sc_hd__ebufn_8".                                             
Reading "sky130_fd_sc_hd__edfxbp_1".                                            
Reading "sky130_fd_sc_hd__edfxtp_1".                                            
Reading "sky130_fd_sc_hd__einvn_0".                                             
Reading "sky130_fd_sc_hd__einvn_1".                                             
Reading "sky130_fd_sc_hd__and3b_2".                                             
Reading "sky130_fd_sc_hd__and3b_4".                                             
Reading "sky130_fd_sc_hd__and4_1".                                              
Reading "sky130_fd_sc_hd__and4_2".                                              
Reading "sky130_fd_sc_hd__and4_4".                                              
Reading "sky130_fd_sc_hd__and4b_1".                                             
Reading "sky130_fd_sc_hd__and4b_2".                                             
Reading "sky130_fd_sc_hd__and4b_4".                                             
Reading "sky130_fd_sc_hd__and4bb_1".                                            
Reading "sky130_fd_sc_hd__and4bb_2".                                            
Reading "sky130_fd_sc_hd__and4bb_4".                                            
Reading "sky130_fd_sc_hd__buf_1".                                               
Reading "sky130_fd_sc_hd__buf_2".                                               
Reading "sky130_fd_sc_hd__buf_4".                                               
Reading "sky130_fd_sc_hd__buf_6".                                               
Reading "sky130_fd_sc_hd__buf_8".                                               
Reading "sky130_fd_sc_hd__buf_12".                                              
Reading "sky130_fd_sc_hd__bufbuf_8".                                            
Reading "sky130_fd_sc_hd__bufinv_8".                                            
Reading "sky130_fd_sc_hd__clkbuf_1".                                            
Reading "sky130_fd_sc_hd__clkbuf_2".                                            
Reading "sky130_fd_sc_hd__buf_16".                                              
Reading "sky130_fd_sc_hd__bufbuf_16".                                           
Reading "sky130_fd_sc_hd__bufinv_16".                                           
Reading "sky130_fd_sc_hd__clkbuf_4".                                            
Reading "sky130_fd_sc_hd__clkbuf_8".                                            
Reading "sky130_fd_sc_hd__clkbuf_16".                                           
Reading "sky130_fd_sc_hd__clkdlybuf4s15_1".                                     
Reading "sky130_fd_sc_hd__clkdlybuf4s15_2".                                     
Reading "sky130_fd_sc_hd__clkdlybuf4s18_1".                                     
Reading "sky130_fd_sc_hd__clkdlybuf4s18_2".                                     
Reading "sky130_fd_sc_hd__clkdlybuf4s25_1".                                     
Reading "sky130_fd_sc_hd__clkdlybuf4s25_2".                                     
Reading "sky130_fd_sc_hd__decap_3".                                             
Reading "sky130_fd_sc_hd__clkinvlp_4".                                          
Reading "sky130_fd_sc_hd__clkinvlp_2".                                          
Reading "sky130_fd_sc_hd__clkinv_16".                                           
Reading "sky130_fd_sc_hd__clkinv_8".                                            
Reading "sky130_fd_sc_hd__clkinv_4".                                            
Reading "sky130_fd_sc_hd__clkinv_2".                                            
Reading "sky130_fd_sc_hd__clkinv_1".                                            
Reading "sky130_fd_sc_hd__clkdlybuf4s50_2".                                     
Reading "sky130_fd_sc_hd__clkdlybuf4s50_1".                                     
Reading "sky130_fd_sc_hd__decap_4".                                             
Reading "sky130_fd_sc_hd__decap_6".                                             
Reading "sky130_fd_sc_hd__decap_8".                                             
Reading "sky130_fd_sc_hd__decap_12".                                            
Reading "sky130_fd_sc_hd__dfbbn_1".                                             
Reading "sky130_fd_sc_hd__dfbbn_2".                                             
Reading "sky130_fd_sc_hd__dfbbp_1".                                             
Reading "sky130_fd_sc_hd__dfrbp_1".                                             
Reading "sky130_fd_sc_hd__a31oi_2".                                             
Reading "sky130_fd_sc_hd__a31oi_4".                                             
Reading "sky130_fd_sc_hd__a32o_1".                                              
Reading "sky130_fd_sc_hd__a32o_2".                                              
Reading "sky130_fd_sc_hd__a32o_4".                                              
Reading "sky130_fd_sc_hd__a32oi_1".                                             
Reading "sky130_fd_sc_hd__a32oi_2".                                             
Reading "sky130_fd_sc_hd__a32oi_4".                                             
Reading "sky130_fd_sc_hd__a41o_1".                                              
Reading "sky130_fd_sc_hd__a211oi_2".                                            
Reading "sky130_fd_sc_hd__a211oi_1".                                            
Reading "sky130_fd_sc_hd__a211o_4".                                             
Reading "sky130_fd_sc_hd__a211o_2".                                             
Reading "sky130_fd_sc_hd__a211o_1".                                             
Reading "sky130_fd_sc_hd__a41oi_4".                                             
Reading "sky130_fd_sc_hd__a41oi_2".                                             
Reading "sky130_fd_sc_hd__a41oi_1".                                             
Reading "sky130_fd_sc_hd__a41o_4".                                              
Reading "sky130_fd_sc_hd__a41o_2".                                              
Reading "sky130_fd_sc_hd__a211oi_4".                                            
Reading "sky130_fd_sc_hd__a221o_1".                                             
Reading "sky130_fd_sc_hd__a221o_2".                                             
Reading "sky130_fd_sc_hd__a221o_4".                                             
Reading "sky130_fd_sc_hd__a221oi_1".                                            
Reading "sky130_fd_sc_hd__a221oi_2".                                            
Reading "sky130_fd_sc_hd__a221oi_4".                                            
Reading "sky130_fd_sc_hd__a222oi_1".                                            
Reading "sky130_fd_sc_hd__a311o_1".                                             
Reading "sky130_fd_sc_hd__a311o_2".                                             
Reading "sky130_fd_sc_hd__a311o_4".                                             
Reading "sky130_fd_sc_hd__a311oi_1".                                            
Reading "sky130_fd_sc_hd__a311oi_2".                                            
Reading "sky130_fd_sc_hd__a311oi_4".                                            
Reading "sky130_fd_sc_hd__a2111o_1".                                            
Reading "sky130_fd_sc_hd__a2111o_2".                                            
Reading "sky130_fd_sc_hd__a2111o_4".                                            
Reading "sky130_fd_sc_hd__a2111oi_0".                                           
Reading "sky130_fd_sc_hd__a2111oi_1".                                           
CIF file read warning: Input off lambda grid by 2/5; snapped to grid.           
Reading "sky130_fd_sc_hd__a2111oi_2".                                           
Reading "sky130_fd_sc_hd__and2_0".                                              
Reading "sky130_fd_sc_hd__and2_1".                                              
Reading "sky130_fd_sc_hd__and2_2".                                              
Reading "sky130_fd_sc_hd__and2_4".                                              
Reading "sky130_fd_sc_hd__and2b_1".                                             
Reading "sky130_fd_sc_hd__and2b_2".                                             
Reading "sky130_fd_sc_hd__and2b_4".                                             
Reading "sky130_fd_sc_hd__a2111oi_4".                                           
Reading "sky130_fd_sc_hd__and3_1".                                              
Reading "sky130_fd_sc_hd__and3_2".                                              
Reading "sky130_fd_sc_hd__and3_4".                                              
Reading "sky130_fd_sc_hd__and3b_1".                                             
Reading "sky130_ef_sc_hd__fill_4".                                              
Reading "sky130_ef_sc_hd__fill_2".                                              
Reading "sky130_ef_sc_hd__decap_80_12".                                         
Reading "sky130_fd_sc_hd__a2bb2o_1".                                            
Reading "sky130_ef_sc_hd__fill_12".                                             
Reading "sky130_ef_sc_hd__fill_8".                                              
Reading "sky130_ef_sc_hd__decap_60_12".                                         
Reading "sky130_ef_sc_hd__decap_40_12".                                         
Reading "sky130_ef_sc_hd__decap_20_12".                                         
Reading "sky130_ef_sc_hd__decap_12".                                            
Reading "sky130_fd_sc_hd__a2bb2o_2".                                            
Reading "sky130_fd_sc_hd__a2bb2o_4".                                            
Reading "sky130_fd_sc_hd__a2bb2oi_1".                                           
Reading "sky130_fd_sc_hd__a2bb2oi_2".                                           
Reading "sky130_fd_sc_hd__a2bb2oi_4".                                           
Reading "sky130_fd_sc_hd__a21bo_1".                                             
Reading "sky130_fd_sc_hd__a21bo_2".                                             
Reading "sky130_fd_sc_hd__a21bo_4".                                             
Reading "sky130_fd_sc_hd__a21boi_0".                                            
Reading "sky130_fd_sc_hd__a21o_1".                                              
Reading "sky130_fd_sc_hd__a21boi_4".                                            
Reading "sky130_fd_sc_hd__a21oi_2".                                             
Reading "sky130_fd_sc_hd__a21oi_1".                                             
Reading "sky130_fd_sc_hd__a21o_4".                                              
Reading "sky130_fd_sc_hd__a21o_2".                                              
Reading "sky130_fd_sc_hd__a22o_1".                                              
Reading "sky130_fd_sc_hd__a21oi_4".                                             
Reading "sky130_fd_sc_hd__a21boi_2".                                            
Reading "sky130_fd_sc_hd__a21boi_1".                                            
Reading "sky130_fd_sc_hd__a22o_2".                                              
Reading "sky130_fd_sc_hd__a22o_4".                                              
Reading "sky130_fd_sc_hd__a22oi_1".                                             
Reading "sky130_fd_sc_hd__a22oi_2".                                             
Reading "sky130_fd_sc_hd__a22oi_4".                                             
Reading "sky130_fd_sc_hd__a31o_1".                                              
Reading "sky130_fd_sc_hd__a31o_2".                                              
Reading "sky130_fd_sc_hd__a31o_4".                                              
Reading "sky130_fd_sc_hd__a31oi_1".                                             
Cell (REFRESHLAYOUT?) couldn't be read                                          
No such file or directory                                                       
Creating new cell                                                               
> def read                                                                      
/home/runner/work/ASIC_101/ASIC_101/files/alu/pd/runs/csel-4ns/53-odb-cellfreque
ncytables/alu_top.def -noblockage                                               
Reading DEF data from file                                                      
/home/runner/work/ASIC_101/ASIC_101/files/alu/pd/runs/csel-4ns/53-odb-cellfreque
ncytables/alu_top.def.                                                          
This action cannot be undone.                                                   
  Processed 4 vias total.                                                       
  Processed 1 non-default rules total.                                          
  Processed 1759 subcell instances total.                                       
  Processed 35 pins total.                                                      
  Processed 2 special nets total.                                               
  Processed 258 nets total.                                                     
DEF read: Processed 5538 lines.                                                 
[INFO] Ignoring 'VPWR VGND'                                                     
[INFO] Writing abstract LEF…                                                    
[INFO] Not specifiying -pinonly (nets connected to pins on the same layer are   
declared as part of the pin)…                                                   
Generating LEF output                                                           
/home/runner/work/ASIC_101/ASIC_101/files/alu/pd/runs/csel-4ns/60-magic-writelef
/alu_top.lef for cell alu_top:                                                  
Diagnostic:  Write LEF header for cell alu_top                                  
Diagnostic:  Writing LEF output for cell alu_top                                
Diagnostic:  Scale value is 0.005000                                            
[INFO] LEF Write Complete.                                                      
────── Check Antenna Properties of Pins in The Generated Design LEF view ───────
[21:09:26] VERBOSE  Running 'Odb.CheckDesignAntennaProperties' at   step.py:1138
                    'runs/csel-4ns/61-odb-checkdesignantennapropert             
                    ies'…                                                       
[21:09:26] VERBOSE  Logging subprocess to                           step.py:1338
                    'runs/csel-4ns/61-odb-checkdesignantennapropert             
                    ies/odb-checkdesignantennaproperties.log'…                  
[INFO ODB-0227] LEF file:                                                       
/home/runner/.ciel/ciel/sky130/versions/8afc8346a57fe1ab7934ba5a6056ea8b43078e71
/sky130A/libs.ref/sky130_fd_sc_hd/techlef/sky130_fd_sc_hd__nom.tlef, created 14 
layers, 25 vias                                                                 
The NOWIREEXTENSIONATPIN statement will be ignored. See file                    
/home/runner/.ciel/ciel/sky130/versions/8afc8346a57fe1ab7934ba5a6056ea8b43078e71
/sky130A/libs.ref/sky130_fd_sc_hd/lef/sky130_ef_sc_hd.lef at line 2.            
                                                                                
[INFO ODB-0227] LEF file:                                                       
/home/runner/.ciel/ciel/sky130/versions/8afc8346a57fe1ab7934ba5a6056ea8b43078e71
/sky130A/libs.ref/sky130_fd_sc_hd/lef/sky130_ef_sc_hd.lef, created 8 library    
cells                                                                           
The NOWIREEXTENSIONATPIN statement will be ignored. See file                    
/home/runner/.ciel/ciel/sky130/versions/8afc8346a57fe1ab7934ba5a6056ea8b43078e71
/sky130A/libs.ref/sky130_fd_sc_hd/lef/sky130_fd_sc_hd.lef at line 2.            
                                                                                
[INFO ODB-0227] LEF file:                                                       
/home/runner/.ciel/ciel/sky130/versions/8afc8346a57fe1ab7934ba5a6056ea8b43078e71
/sky130A/libs.ref/sky130_fd_sc_hd/lef/sky130_fd_sc_hd.lef, created 437 library  
cells                                                                           
The NOWIREEXTENSIONATPIN statement will be ignored. See file                    
/home/runner/work/ASIC_101/ASIC_101/files/alu/pd/runs/csel-4ns/60-magic-writelef
/alu_top.lef at line 2.                                                         
                                                                                
[INFO ODB-0227] LEF file:                                                       
/home/runner/work/ASIC_101/ASIC_101/files/alu/pd/runs/csel-4ns/60-magic-writelef
/alu_top.lef, created 1 library cells                                           
[INFO ODB-0127] Reading DEF file: /tmp/tmpe53vxttc                              
[INFO ODB-0128] Design: empty                                                   
[INFO ODB-0134] Finished DEF file: /tmp/tmpe53vxttc                             
──────────────────────────── KLayout vs. Magic XOR ─────────────────────────────
[21:09:27] VERBOSE  Running 'KLayout.XOR' at                        step.py:1138
                    'runs/csel-4ns/62-klayout-xor'…                             
[21:09:27] INFO     Running XOR with 4 threads…                   klayout.py:401
[21:09:27] VERBOSE  Logging subprocess to                           step.py:1338
                    'runs/csel-4ns/62-klayout-xor/klayout-xor.log'…             
Using 4 threads…                                                                
Using a tile size of (500 µm)²…                                                 
Reading                                                                         
/home/runner/work/ASIC_101/ASIC_101/files/alu/pd/runs/csel-4ns/57-magic-streamou
t/alu_top.magic.gds ..                                                          
Reading                                                                         
/home/runner/work/ASIC_101/ASIC_101/files/alu/pd/runs/csel-4ns/58-klayout-stream
out/alu_top.klayout.gds ..                                                      
--- Running XOR for layer 122/16 ---                                            
"input" in: xor.drc:109                                                         
    Polygons (raw): 1692 (flat)  61 (hierarchical)                              
    Elapsed: 0.000s  Memory: 424.00M                                            
"input" in: xor.drc:109                                                         
    Polygons (raw): 1692 (flat)  61 (hierarchical)                              
    Elapsed: 0.000s  Memory: 425.00M                                            
"^" in: xor.drc:109                                                             
    Polygons (raw): 0 (flat)  0 (hierarchical)                                  
    Elapsed: 0.010s  Memory: 426.00M                                            
XOR differences: 0                                                              
"output" in: xor.drc:86                                                         
    Polygons (raw): 0 (flat)  0 (hierarchical)                                  
    Elapsed: 0.000s  Memory: 427.00M                                            
--- Running XOR for layer 235/4 ---                                             
"input" in: xor.drc:109                                                         
    Polygons (raw): 1 (flat)  1 (hierarchical)                                  
    Elapsed: 0.000s  Memory: 427.00M                                            
"input" in: xor.drc:109                                                         
    Polygons (raw): 1 (flat)  1 (hierarchical)                                  
    Elapsed: 0.000s  Memory: 427.00M                                            
"^" in: xor.drc:109                                                             
    Polygons (raw): 0 (flat)  0 (hierarchical)                                  
    Elapsed: 0.020s  Memory: 427.00M                                            
XOR differences: 0                                                              
"output" in: xor.drc:86                                                         
    Polygons (raw): 0 (flat)  0 (hierarchical)                                  
    Elapsed: 0.000s  Memory: 427.00M                                            
--- Running XOR for layer 236/0 ---                                             
"input" in: xor.drc:109                                                         
    Polygons (raw): 1469 (flat)  56 (hierarchical)                              
    Elapsed: 0.000s  Memory: 427.00M                                            
"input" in: xor.drc:109                                                         
    Polygons (raw): 1469 (flat)  56 (hierarchical)                              
    Elapsed: 0.000s  Memory: 427.00M                                            
"^" in: xor.drc:109                                                             
    Polygons (raw): 0 (flat)  0 (hierarchical)                                  
    Elapsed: 0.020s  Memory: 428.00M                                            
XOR differences: 0                                                              
"output" in: xor.drc:86                                                         
    Polygons (raw): 0 (flat)  0 (hierarchical)                                  
    Elapsed: 0.000s  Memory: 428.00M                                            
--- Running XOR for layer 64/16 ---                                             
"input" in: xor.drc:109                                                         
    Polygons (raw): 1692 (flat)  61 (hierarchical)                              
    Elapsed: 0.000s  Memory: 428.00M                                            
"input" in: xor.drc:109                                                         
    Polygons (raw): 1692 (flat)  61 (hierarchical)                              
    Elapsed: 0.000s  Memory: 428.00M                                            
"^" in: xor.drc:109                                                             
    Polygons (raw): 0 (flat)  0 (hierarchical)                                  
    Elapsed: 0.020s  Memory: 428.00M                                            
XOR differences: 0                                                              
"output" in: xor.drc:86                                                         
    Polygons (raw): 0 (flat)  0 (hierarchical)                                  
    Elapsed: 0.000s  Memory: 429.00M                                            
--- Running XOR for layer 64/20 ---                                             
"input" in: xor.drc:109                                                         
    Polygons (raw): 1759 (flat)  59 (hierarchical)                              
    Elapsed: 0.000s  Memory: 429.00M                                            
"input" in: xor.drc:109                                                         
    Polygons (raw): 1759 (flat)  59 (hierarchical)                              
    Elapsed: 0.000s  Memory: 429.00M                                            
"^" in: xor.drc:109                                                             
    Polygons (raw): 0 (flat)  0 (hierarchical)                                  
    Elapsed: 0.030s  Memory: 431.00M                                            
XOR differences: 0                                                              
"output" in: xor.drc:86                                                         
    Polygons (raw): 0 (flat)  0 (hierarchical)                                  
    Elapsed: 0.000s  Memory: 431.00M                                            
--- Running XOR for layer 64/5 ---                                              
"input" in: xor.drc:109                                                         
    Polygons (raw): 0 (flat)  0 (hierarchical)                                  
    Elapsed: 0.000s  Memory: 431.00M                                            
"input" in: xor.drc:109                                                         
    Polygons (raw): 0 (flat)  0 (hierarchical)                                  
    Elapsed: 0.000s  Memory: 431.00M                                            
"^" in: xor.drc:109                                                             
    Polygons (raw): 0 (flat)  0 (hierarchical)                                  
    Elapsed: 0.010s  Memory: 431.00M                                            
XOR differences: 0                                                              
"output" in: xor.drc:86                                                         
    Polygons (raw): 0 (flat)  0 (hierarchical)                                  
    Elapsed: 0.000s  Memory: 431.00M                                            
--- Running XOR for layer 64/59 ---                                             
"input" in: xor.drc:109                                                         
    Polygons (raw): 0 (flat)  0 (hierarchical)                                  
    Elapsed: 0.000s  Memory: 431.00M                                            
"input" in: xor.drc:109                                                         
    Polygons (raw): 0 (flat)  0 (hierarchical)                                  
    Elapsed: 0.000s  Memory: 432.00M                                            
"^" in: xor.drc:109                                                             
    Polygons (raw): 0 (flat)  0 (hierarchical)                                  
    Elapsed: 0.010s  Memory: 432.00M                                            
XOR differences: 0                                                              
"output" in: xor.drc:86                                                         
    Polygons (raw): 0 (flat)  0 (hierarchical)                                  
    Elapsed: 0.000s  Memory: 432.00M                                            
--- Running XOR for layer 65/20 ---                                             
"input" in: xor.drc:109                                                         
    Polygons (raw): 3222 (flat)  166 (hierarchical)                             
    Elapsed: 0.000s  Memory: 432.00M                                            
"input" in: xor.drc:109                                                         
    Polygons (raw): 3222 (flat)  166 (hierarchical)                             
    Elapsed: 0.000s  Memory: 432.00M                                            
"^" in: xor.drc:109                                                             
    Polygons (raw): 0 (flat)  0 (hierarchical)                                  
    Elapsed: 0.020s  Memory: 433.00M                                            
XOR differences: 0                                                              
"output" in: xor.drc:86                                                         
    Polygons (raw): 0 (flat)  0 (hierarchical)                                  
    Elapsed: 0.000s  Memory: 433.00M                                            
--- Running XOR for layer 65/44 ---                                             
"input" in: xor.drc:109                                                         
    Polygons (raw): 204 (flat)  2 (hierarchical)                                
    Elapsed: 0.000s  Memory: 433.00M                                            
"input" in: xor.drc:109                                                         
    Polygons (raw): 204 (flat)  2 (hierarchical)                                
    Elapsed: 0.000s  Memory: 433.00M                                            
"^" in: xor.drc:109                                                             
    Polygons (raw): 0 (flat)  0 (hierarchical)                                  
    Elapsed: 0.000s  Memory: 433.00M                                            
XOR differences: 0                                                              
"output" in: xor.drc:86                                                         
    Polygons (raw): 0 (flat)  0 (hierarchical)                                  
    Elapsed: 0.000s  Memory: 434.00M                                            
--- Running XOR for layer 66/20 ---                                             
"input" in: xor.drc:109                                                         
    Polygons (raw): 3664 (flat)  279 (hierarchical)                             
    Elapsed: 0.000s  Memory: 434.00M                                            
"input" in: xor.drc:109                                                         
    Polygons (raw): 3664 (flat)  279 (hierarchical)                             
    Elapsed: 0.000s  Memory: 434.00M                                            
"^" in: xor.drc:109                                                             
    Polygons (raw): 0 (flat)  0 (hierarchical)                                  
    Elapsed: 0.040s  Memory: 434.00M                                            
XOR differences: 0                                                              
"output" in: xor.drc:86                                                         
    Polygons (raw): 0 (flat)  0 (hierarchical)                                  
    Elapsed: 0.000s  Memory: 434.00M                                            
--- Running XOR for layer 66/44 ---                                             
"input" in: xor.drc:109                                                         
    Polygons (raw): 17451 (flat)  1936 (hierarchical)                           
    Elapsed: 0.000s  Memory: 434.00M                                            
"input" in: xor.drc:109                                                         
    Polygons (raw): 17451 (flat)  1936 (hierarchical)                           
    Elapsed: 0.000s  Memory: 434.00M                                            
"^" in: xor.drc:109                                                             
    Polygons (raw): 0 (flat)  0 (hierarchical)                                  
    Elapsed: 0.090s  Memory: 434.00M                                            
XOR differences: 0                                                              
"output" in: xor.drc:86                                                         
    Polygons (raw): 0 (flat)  0 (hierarchical)                                  
    Elapsed: 0.000s  Memory: 434.00M                                            
--- Running XOR for layer 67/16 ---                                             
"input" in: xor.drc:109                                                         
    Polygons (raw): 1556 (flat)  393 (hierarchical)                             
    Elapsed: 0.000s  Memory: 435.00M                                            
"input" in: xor.drc:109                                                         
    Polygons (raw): 1556 (flat)  393 (hierarchical)                             
    Elapsed: 0.000s  Memory: 435.00M                                            
"^" in: xor.drc:109                                                             
    Polygons (raw): 0 (flat)  0 (hierarchical)                                  
    Elapsed: 0.010s  Memory: 435.00M                                            
XOR differences: 0                                                              
"output" in: xor.drc:86                                                         
    Polygons (raw): 0 (flat)  0 (hierarchical)                                  
    Elapsed: 0.000s  Memory: 435.00M                                            
--- Running XOR for layer 67/20 ---                                             
"input" in: xor.drc:109                                                         
    Polygons (raw): 5972 (flat)  1236 (hierarchical)                            
    Elapsed: 0.000s  Memory: 435.00M                                            
"input" in: xor.drc:109                                                         
    Polygons (raw): 5972 (flat)  476 (hierarchical)                             
    Elapsed: 0.000s  Memory: 435.00M                                            
"^" in: xor.drc:109                                                             
    Polygons (raw): 0 (flat)  0 (hierarchical)                                  
    Elapsed: 0.080s  Memory: 441.00M                                            
XOR differences: 0                                                              
"output" in: xor.drc:86                                                         
    Polygons (raw): 0 (flat)  0 (hierarchical)                                  
    Elapsed: 0.000s  Memory: 441.00M                                            
--- Running XOR for layer 67/44 ---                                             
"input" in: xor.drc:109                                                         
    Polygons (raw): 13459 (flat)  1895 (hierarchical)                           
    Elapsed: 0.000s  Memory: 441.00M                                            
"input" in: xor.drc:109                                                         
    Polygons (raw): 13459 (flat)  1135 (hierarchical)                           
    Elapsed: 0.000s  Memory: 441.00M                                            
"^" in: xor.drc:109                                                             
    Polygons (raw): 0 (flat)  0 (hierarchical)                                  
    Elapsed: 0.060s  Memory: 441.00M                                            
XOR differences: 0                                                              
"output" in: xor.drc:86                                                         
    Polygons (raw): 0 (flat)  0 (hierarchical)                                  
    Elapsed: 0.020s  Memory: 441.00M                                            
--- Running XOR for layer 67/5 ---                                              
"input" in: xor.drc:109                                                         
    Polygons (raw): 0 (flat)  0 (hierarchical)                                  
    Elapsed: 0.000s  Memory: 441.00M                                            
"input" in: xor.drc:109                                                         
    Polygons (raw): 0 (flat)  0 (hierarchical)                                  
    Elapsed: 0.000s  Memory: 441.00M                                            
"^" in: xor.drc:109                                                             
    Polygons (raw): 0 (flat)  0 (hierarchical)                                  
    Elapsed: 0.000s  Memory: 441.00M                                            
XOR differences: 0                                                              
"output" in: xor.drc:86                                                         
    Polygons (raw): 0 (flat)  0 (hierarchical)                                  
    Elapsed: 0.000s  Memory: 441.00M                                            
--- Running XOR for layer 68/16 ---                                             
"input" in: xor.drc:109                                                         
    Polygons (raw): 3518 (flat)  118 (hierarchical)                             
    Elapsed: 0.000s  Memory: 441.00M                                            
"input" in: xor.drc:109                                                         
    Polygons (raw): 3518 (flat)  118 (hierarchical)                             
    Elapsed: 0.000s  Memory: 441.00M                                            
"^" in: xor.drc:109                                                             
    Polygons (raw): 0 (flat)  0 (hierarchical)                                  
    Elapsed: 0.020s  Memory: 441.00M                                            
XOR differences: 0                                                              
"output" in: xor.drc:86                                                         
    Polygons (raw): 0 (flat)  0 (hierarchical)                                  
    Elapsed: 0.000s  Memory: 441.00M                                            
--- Running XOR for layer 68/20 ---                                             
"input" in: xor.drc:109                                                         
    Polygons (raw): 4310 (flat)  842 (hierarchical)                             
    Elapsed: 0.000s  Memory: 441.00M                                            
"input" in: xor.drc:109                                                         
    Polygons (raw): 6033 (flat)  977 (hierarchical)                             
    Elapsed: 0.000s  Memory: 441.00M                                            
"^" in: xor.drc:109                                                             
    Polygons (raw): 0 (flat)  0 (hierarchical)                                  
    Elapsed: 0.050s  Memory: 443.00M                                            
XOR differences: 0                                                              
"output" in: xor.drc:86                                                         
    Polygons (raw): 0 (flat)  0 (hierarchical)                                  
    Elapsed: 0.000s  Memory: 443.00M                                            
--- Running XOR for layer 68/44 ---                                             
"input" in: xor.drc:109                                                         
    Polygons (raw): 1326 (flat)  1326 (hierarchical)                            
    Elapsed: 0.000s  Memory: 443.00M                                            
"input" in: xor.drc:109                                                         
    Polygons (raw): 1326 (flat)  8 (hierarchical)                               
    Elapsed: 0.000s  Memory: 443.00M                                            
"^" in: xor.drc:109                                                             
    Polygons (raw): 0 (flat)  0 (hierarchical)                                  
    Elapsed: 0.000s  Memory: 443.00M                                            
XOR differences: 0                                                              
"output" in: xor.drc:86                                                         
    Polygons (raw): 0 (flat)  0 (hierarchical)                                  
    Elapsed: 0.010s  Memory: 443.00M                                            
--- Running XOR for layer 68/5 ---                                              
"input" in: xor.drc:109                                                         
    Polygons (raw): 0 (flat)  0 (hierarchical)                                  
    Elapsed: 0.000s  Memory: 443.00M                                            
"input" in: xor.drc:109                                                         
    Polygons (raw): 0 (flat)  0 (hierarchical)                                  
    Elapsed: 0.000s  Memory: 443.00M                                            
"^" in: xor.drc:109                                                             
    Polygons (raw): 0 (flat)  0 (hierarchical)                                  
    Elapsed: 0.010s  Memory: 443.00M                                            
XOR differences: 0                                                              
"output" in: xor.drc:86                                                         
    Polygons (raw): 0 (flat)  0 (hierarchical)                                  
    Elapsed: 0.000s  Memory: 443.00M                                            
--- Running XOR for layer 69/16 ---                                             
"input" in: xor.drc:109                                                         
    Polygons (raw): 20 (flat)  20 (hierarchical)                                
    Elapsed: 0.000s  Memory: 443.00M                                            
"input" in: xor.drc:109                                                         
    Polygons (raw): 20 (flat)  20 (hierarchical)                                
    Elapsed: 0.000s  Memory: 443.00M                                            
"^" in: xor.drc:109                                                             
    Polygons (raw): 0 (flat)  0 (hierarchical)                                  
    Elapsed: 0.010s  Memory: 443.00M                                            
XOR differences: 0                                                              
"output" in: xor.drc:86                                                         
    Polygons (raw): 0 (flat)  0 (hierarchical)                                  
    Elapsed: 0.000s  Memory: 443.00M                                            
--- Running XOR for layer 69/20 ---                                             
"input" in: xor.drc:109                                                         
    Polygons (raw): 420 (flat)  420 (hierarchical)                              
    Elapsed: 0.000s  Memory: 443.00M                                            
"input" in: xor.drc:109                                                         
    Polygons (raw): 1448 (flat)  510 (hierarchical)                             
    Elapsed: 0.000s  Memory: 443.00M                                            
"^" in: xor.drc:109                                                             
    Polygons (raw): 0 (flat)  0 (hierarchical)                                  
    Elapsed: 0.010s  Memory: 444.00M                                            
XOR differences: 0                                                              
"output" in: xor.drc:86                                                         
    Polygons (raw): 0 (flat)  0 (hierarchical)                                  
    Elapsed: 0.000s  Memory: 444.00M                                            
--- Running XOR for layer 69/44 ---                                             
"input" in: xor.drc:109                                                         
    Polygons (raw): 508 (flat)  508 (hierarchical)                              
    Elapsed: 0.000s  Memory: 444.00M                                            
"input" in: xor.drc:109                                                         
    Polygons (raw): 508 (flat)  6 (hierarchical)                                
    Elapsed: 0.000s  Memory: 444.00M                                            
"^" in: xor.drc:109                                                             
    Polygons (raw): 0 (flat)  0 (hierarchical)                                  
    Elapsed: 0.010s  Memory: 444.00M                                            
XOR differences: 0                                                              
"output" in: xor.drc:86                                                         
    Polygons (raw): 0 (flat)  0 (hierarchical)                                  
    Elapsed: 0.000s  Memory: 444.00M                                            
--- Running XOR for layer 69/5 ---                                              
"input" in: xor.drc:109                                                         
    Polygons (raw): 0 (flat)  0 (hierarchical)                                  
    Elapsed: 0.000s  Memory: 444.00M                                            
"input" in: xor.drc:109                                                         
    Polygons (raw): 0 (flat)  0 (hierarchical)                                  
    Elapsed: 0.000s  Memory: 444.00M                                            
"^" in: xor.drc:109                                                             
    Polygons (raw): 0 (flat)  0 (hierarchical)                                  
    Elapsed: 0.000s  Memory: 444.00M                                            
XOR differences: 0                                                              
"output" in: xor.drc:86                                                         
    Polygons (raw): 0 (flat)  0 (hierarchical)                                  
    Elapsed: 0.000s  Memory: 444.00M                                            
--- Running XOR for layer 70/16 ---                                             
"input" in: xor.drc:109                                                         
    Polygons (raw): 13 (flat)  13 (hierarchical)                                
    Elapsed: 0.000s  Memory: 444.00M                                            
"input" in: xor.drc:109                                                         
    Polygons (raw): 13 (flat)  13 (hierarchical)                                
    Elapsed: 0.000s  Memory: 444.00M                                            
"^" in: xor.drc:109                                                             
    Polygons (raw): 0 (flat)  0 (hierarchical)                                  
    Elapsed: 0.000s  Memory: 444.00M                                            
XOR differences: 0                                                              
"output" in: xor.drc:86                                                         
    Polygons (raw): 0 (flat)  0 (hierarchical)                                  
    Elapsed: 0.000s  Memory: 444.00M                                            
--- Running XOR for layer 70/20 ---                                             
"input" in: xor.drc:109                                                         
    Polygons (raw): 112 (flat)  112 (hierarchical)                              
    Elapsed: 0.000s  Memory: 444.00M                                            
"input" in: xor.drc:109                                                         
    Polygons (raw): 336 (flat)  128 (hierarchical)                              
    Elapsed: 0.000s  Memory: 444.00M                                            
"^" in: xor.drc:109                                                             
    Polygons (raw): 0 (flat)  0 (hierarchical)                                  
    Elapsed: 0.000s  Memory: 444.00M                                            
XOR differences: 0                                                              
"output" in: xor.drc:86                                                         
    Polygons (raw): 0 (flat)  0 (hierarchical)                                  
    Elapsed: 0.000s  Memory: 444.00M                                            
--- Running XOR for layer 70/44 ---                                             
"input" in: xor.drc:109                                                         
    Polygons (raw): 495 (flat)  495 (hierarchical)                              
    Elapsed: 0.000s  Memory: 444.00M                                            
"input" in: xor.drc:109                                                         
    Polygons (raw): 495 (flat)  5 (hierarchical)                                
    Elapsed: 0.000s  Memory: 444.00M                                            
"^" in: xor.drc:109                                                             
    Polygons (raw): 0 (flat)  0 (hierarchical)                                  
    Elapsed: 0.000s  Memory: 444.00M                                            
XOR differences: 0                                                              
"output" in: xor.drc:86                                                         
    Polygons (raw): 0 (flat)  0 (hierarchical)                                  
    Elapsed: 0.000s  Memory: 444.00M                                            
--- Running XOR for layer 70/5 ---                                              
"input" in: xor.drc:109                                                         
    Polygons (raw): 0 (flat)  0 (hierarchical)                                  
    Elapsed: 0.000s  Memory: 444.00M                                            
"input" in: xor.drc:109                                                         
    Polygons (raw): 0 (flat)  0 (hierarchical)                                  
    Elapsed: 0.000s  Memory: 444.00M                                            
"^" in: xor.drc:109                                                             
    Polygons (raw): 0 (flat)  0 (hierarchical)                                  
    Elapsed: 0.000s  Memory: 444.00M                                            
XOR differences: 0                                                              
"output" in: xor.drc:86                                                         
    Polygons (raw): 0 (flat)  0 (hierarchical)                                  
    Elapsed: 0.000s  Memory: 444.00M                                            
--- Running XOR for layer 71/16 ---                                             
"input" in: xor.drc:109                                                         
    Polygons (raw): 6 (flat)  6 (hierarchical)                                  
    Elapsed: 0.000s  Memory: 444.00M                                            
"input" in: xor.drc:109                                                         
    Polygons (raw): 6 (flat)  6 (hierarchical)                                  
    Elapsed: 0.000s  Memory: 444.00M                                            
"^" in: xor.drc:109                                                             
    Polygons (raw): 0 (flat)  0 (hierarchical)                                  
    Elapsed: 0.000s  Memory: 444.00M                                            
XOR differences: 0                                                              
"output" in: xor.drc:86                                                         
    Polygons (raw): 0 (flat)  0 (hierarchical)                                  
    Elapsed: 0.000s  Memory: 444.00M                                            
--- Running XOR for layer 71/20 ---                                             
"input" in: xor.drc:109                                                         
    Polygons (raw): 6 (flat)  6 (hierarchical)                                  
    Elapsed: 0.000s  Memory: 444.00M                                            
"input" in: xor.drc:109                                                         
    Polygons (raw): 129 (flat)  14 (hierarchical)                               
    Elapsed: 0.010s  Memory: 444.00M                                            
"^" in: xor.drc:109                                                             
    Polygons (raw): 0 (flat)  0 (hierarchical)                                  
    Elapsed: 0.000s  Memory: 444.00M                                            
XOR differences: 0                                                              
"output" in: xor.drc:86                                                         
    Polygons (raw): 0 (flat)  0 (hierarchical)                                  
    Elapsed: 0.000s  Memory: 444.00M                                            
--- Running XOR for layer 71/44 ---                                             
"input" in: xor.drc:109                                                         
    Polygons (raw): 18 (flat)  18 (hierarchical)                                
    Elapsed: 0.000s  Memory: 444.00M                                            
"input" in: xor.drc:109                                                         
    Polygons (raw): 18 (flat)  1 (hierarchical)                                 
    Elapsed: 0.000s  Memory: 445.00M                                            
"^" in: xor.drc:109                                                             
    Polygons (raw): 0 (flat)  0 (hierarchical)                                  
    Elapsed: 0.000s  Memory: 445.00M                                            
XOR differences: 0                                                              
"output" in: xor.drc:86                                                         
    Polygons (raw): 0 (flat)  0 (hierarchical)                                  
    Elapsed: 0.000s  Memory: 445.00M                                            
--- Running XOR for layer 71/5 ---                                              
"input" in: xor.drc:109                                                         
    Polygons (raw): 0 (flat)  0 (hierarchical)                                  
    Elapsed: 0.000s  Memory: 445.00M                                            
"input" in: xor.drc:109                                                         
    Polygons (raw): 0 (flat)  0 (hierarchical)                                  
    Elapsed: 0.000s  Memory: 445.00M                                            
"^" in: xor.drc:109                                                             
    Polygons (raw): 0 (flat)  0 (hierarchical)                                  
    Elapsed: 0.010s  Memory: 445.00M                                            
XOR differences: 0                                                              
"output" in: xor.drc:86                                                         
    Polygons (raw): 0 (flat)  0 (hierarchical)                                  
    Elapsed: 0.000s  Memory: 445.00M                                            
--- Running XOR for layer 72/16 ---                                             
"input" in: xor.drc:109                                                         
    Polygons (raw): 6 (flat)  6 (hierarchical)                                  
    Elapsed: 0.000s  Memory: 445.00M                                            
"input" in: xor.drc:109                                                         
    Polygons (raw): 6 (flat)  6 (hierarchical)                                  
    Elapsed: 0.000s  Memory: 445.00M                                            
"^" in: xor.drc:109                                                             
    Polygons (raw): 0 (flat)  0 (hierarchical)                                  
    Elapsed: 0.000s  Memory: 445.00M                                            
XOR differences: 0                                                              
"output" in: xor.drc:86                                                         
    Polygons (raw): 0 (flat)  0 (hierarchical)                                  
    Elapsed: 0.000s  Memory: 446.00M                                            
--- Running XOR for layer 72/20 ---                                             
"input" in: xor.drc:109                                                         
    Polygons (raw): 6 (flat)  6 (hierarchical)                                  
    Elapsed: 0.000s  Memory: 446.00M                                            
"input" in: xor.drc:109                                                         
    Polygons (raw): 30 (flat)  13 (hierarchical)                                
    Elapsed: 0.000s  Memory: 446.00M                                            
"^" in: xor.drc:109                                                             
    Polygons (raw): 0 (flat)  0 (hierarchical)                                  
    Elapsed: 0.000s  Memory: 446.00M                                            
XOR differences: 0                                                              
"output" in: xor.drc:86                                                         
    Polygons (raw): 0 (flat)  0 (hierarchical)                                  
    Elapsed: 0.000s  Memory: 446.00M                                            
--- Running XOR for layer 72/5 ---                                              
"input" in: xor.drc:109                                                         
    Polygons (raw): 0 (flat)  0 (hierarchical)                                  
    Elapsed: 0.000s  Memory: 446.00M                                            
"input" in: xor.drc:109                                                         
    Polygons (raw): 0 (flat)  0 (hierarchical)                                  
    Elapsed: 0.000s  Memory: 446.00M                                            
"^" in: xor.drc:109                                                             
    Polygons (raw): 0 (flat)  0 (hierarchical)                                  
    Elapsed: 0.000s  Memory: 446.00M                                            
XOR differences: 0                                                              
"output" in: xor.drc:86                                                         
    Polygons (raw): 0 (flat)  0 (hierarchical)                                  
    Elapsed: 0.000s  Memory: 446.00M                                            
--- Running XOR for layer 78/44 ---                                             
"input" in: xor.drc:109                                                         
    Polygons (raw): 1759 (flat)  59 (hierarchical)                              
    Elapsed: 0.000s  Memory: 446.00M                                            
"input" in: xor.drc:109                                                         
    Polygons (raw): 1759 (flat)  59 (hierarchical)                              
    Elapsed: 0.000s  Memory: 446.00M                                            
"^" in: xor.drc:109                                                             
    Polygons (raw): 0 (flat)  0 (hierarchical)                                  
    Elapsed: 0.020s  Memory: 447.00M                                            
XOR differences: 0                                                              
"output" in: xor.drc:86                                                         
    Polygons (raw): 0 (flat)  0 (hierarchical)                                  
    Elapsed: 0.000s  Memory: 447.00M                                            
--- Running XOR for layer 81/4 ---                                              
"input" in: xor.drc:109                                                         
    Polygons (raw): 1759 (flat)  59 (hierarchical)                              
    Elapsed: 0.000s  Memory: 447.00M                                            
"input" in: xor.drc:109                                                         
    Polygons (raw): 1759 (flat)  59 (hierarchical)                              
    Elapsed: 0.000s  Memory: 447.00M                                            
"^" in: xor.drc:109                                                             
    Polygons (raw): 0 (flat)  0 (hierarchical)                                  
    Elapsed: 0.010s  Memory: 447.00M                                            
XOR differences: 0                                                              
"output" in: xor.drc:86                                                         
    Polygons (raw): 0 (flat)  0 (hierarchical)                                  
    Elapsed: 0.010s  Memory: 447.00M                                            
--- Running XOR for layer 83/44 ---                                             
"input" in: xor.drc:109                                                         
    Polygons (raw): 0 (flat)  0 (hierarchical)                                  
    Elapsed: 0.000s  Memory: 447.00M                                            
"input" in: xor.drc:109                                                         
    Polygons (raw): 0 (flat)  0 (hierarchical)                                  
    Elapsed: 0.000s  Memory: 447.00M                                            
"^" in: xor.drc:109                                                             
    Polygons (raw): 0 (flat)  0 (hierarchical)                                  
    Elapsed: 0.010s  Memory: 447.00M                                            
XOR differences: 0                                                              
"output" in: xor.drc:86                                                         
    Polygons (raw): 0 (flat)  0 (hierarchical)                                  
    Elapsed: 0.000s  Memory: 447.00M                                            
--- Running XOR for layer 93/44 ---                                             
"input" in: xor.drc:109                                                         
    Polygons (raw): 1861 (flat)  60 (hierarchical)                              
    Elapsed: 0.000s  Memory: 448.00M                                            
"input" in: xor.drc:109                                                         
    Polygons (raw): 1861 (flat)  60 (hierarchical)                              
    Elapsed: 0.000s  Memory: 448.00M                                            
"^" in: xor.drc:109                                                             
    Polygons (raw): 0 (flat)  0 (hierarchical)                                  
    Elapsed: 0.020s  Memory: 448.00M                                            
XOR differences: 0                                                              
"output" in: xor.drc:86                                                         
    Polygons (raw): 0 (flat)  0 (hierarchical)                                  
    Elapsed: 0.000s  Memory: 448.00M                                            
--- Running XOR for layer 94/20 ---                                             
"input" in: xor.drc:109                                                         
    Polygons (raw): 1861 (flat)  60 (hierarchical)                              
    Elapsed: 0.000s  Memory: 449.00M                                            
"input" in: xor.drc:109                                                         
    Polygons (raw): 1861 (flat)  60 (hierarchical)                              
    Elapsed: 0.000s  Memory: 449.00M                                            
"^" in: xor.drc:109                                                             
    Polygons (raw): 0 (flat)  0 (hierarchical)                                  
    Elapsed: 0.020s  Memory: 449.00M                                            
XOR differences: 0                                                              
"output" in: xor.drc:86                                                         
    Polygons (raw): 0 (flat)  0 (hierarchical)                                  
    Elapsed: 0.010s  Memory: 449.00M                                            
--- Running XOR for layer 95/20 ---                                             
"input" in: xor.drc:109                                                         
    Polygons (raw): 1475 (flat)  60 (hierarchical)                              
    Elapsed: 0.000s  Memory: 449.00M                                            
"input" in: xor.drc:109                                                         
    Polygons (raw): 1475 (flat)  60 (hierarchical)                              
    Elapsed: 0.000s  Memory: 449.00M                                            
"^" in: xor.drc:109                                                             
    Polygons (raw): 0 (flat)  0 (hierarchical)                                  
    Elapsed: 0.020s  Memory: 449.00M                                            
XOR differences: 0                                                              
"output" in: xor.drc:86                                                         
    Polygons (raw): 0 (flat)  0 (hierarchical)                                  
    Elapsed: 0.000s  Memory: 449.00M                                            
---                                                                             
Total XOR differences: 0                                                        
Writing report database:                                                        
/home/runner/work/ASIC_101/ASIC_101/files/alu/pd/runs/csel-4ns/62-klayout-xor/xo
r.xml ..                                                                        
Total elapsed: 0.990s  Memory: 449.00M                                          
/home/runner/work/ASIC_101/ASIC_101/files/alu/pd/runs/csel-4ns/57-magic-streamou
t/alu_top.magic.gds                                                             
/home/runner/work/ASIC_101/ASIC_101/files/alu/pd/runs/csel-4ns/58-klayout-stream
out/alu_top.klayout.gds                                                         
─────────────────── Magic vs. KLayout XOR Difference Checker ───────────────────
[21:09:30] VERBOSE  Running 'Checker.XOR' at                        step.py:1138
                    'runs/csel-4ns/63-checker-xor'…                             
[21:09:30] INFO     Check for XOR differences clear.              checker.py:131
────────────────────────────── Design Rule Checks ──────────────────────────────
[21:09:30] VERBOSE  Running 'Magic.DRC' at                          step.py:1138
                    'runs/csel-4ns/64-magic-drc'…                               
[21:09:30] VERBOSE  Logging subprocess to                           step.py:1338
                    'runs/csel-4ns/64-magic-drc/magic-drc.log'…                 
                                                                                
Magic 8.3 revision 623 - Compiled on Tue Mar 17 08:19:38 UTC 2026.              
Starting magic under Tcl interpreter                                            
Using the terminal as the console.                                              
WARNING: RLIMIT_NOFILE is above 1024 and Tcl_Version<9 this may cause runtime   
issues [rlim_cur=65536]                                                         
Using NULL graphics device.                                                     
Processing system .magicrc file                                                 
Switching to WIRING tool.                                                       
Switching to NETLIST tool.                                                      
Switching to PICK tool.                                                         
Switching to BOX tool.                                                          
Sourcing design .magicrc for technology sky130A ...                             
2 Magic internal units = 1 Lambda                                               
Input style sky130(): scaleFactor=2, multiplier=2                               
The following types are not handled by extraction and will be treated as        
non-electrical types:                                                           
    ubm                                                                         
Scaled tech values by 2 / 1 to match internal grid scaling                      
Loading sky130A Device Generator Menu ...                                       
Loading                                                                         
"/nix/store/8y4m6wgn5kqlbig1qwnwbxijqqp0jwib-python3-3.13.9-env/lib/python3.13/s
ite-packages/librelane/scripts/magic/wrapper.tcl" from command line.            
Warning: Calma reading is not undoable!  I hope that's OK.                      
Library written using GDS-II Release 3.0                                        
Library name: alu_top                                                           
Reading "sky130_fd_sc_hd__decap_3".                                             
Reading "sky130_fd_sc_hd__tapvpwrvgnd_1".                                       
Reading "sky130_fd_sc_hd__fill_1".                                              
Reading "sky130_fd_sc_hd__clkdlybuf4s25_1".                                     
Reading "sky130_fd_sc_hd__fill_2".                                              
Reading "sky130_fd_sc_hd__and2_2".                                              
Reading "sky130_fd_sc_hd__dfxtp_2".                                             
Reading "sky130_fd_sc_hd__and2_4".                                              
Reading "sky130_fd_sc_hd__nand2_2".                                             
Reading "sky130_fd_sc_hd__o31a_2".                                              
Reading "sky130_fd_sc_hd__nor2_2".                                              
Reading "sky130_fd_sc_hd__xnor2_2".                                             
Reading "sky130_fd_sc_hd__xnor2_4".                                             
Reading "sky130_fd_sc_hd__buf_2".                                               
Reading "sky130_fd_sc_hd__a311o_2".                                             
Reading "sky130_fd_sc_hd__nand2b_2".                                            
Reading "sky130_fd_sc_hd__xor2_2".                                              
Reading "sky130_fd_sc_hd__nand2_4".                                             
Reading "sky130_fd_sc_hd__or2_4".                                               
Reading "sky130_fd_sc_hd__a21oi_2".                                             
Reading "sky130_fd_sc_hd__inv_2".                                               
Reading "sky130_fd_sc_hd__o21bai_4".                                            
Reading "sky130_fd_sc_hd__or2_2".                                               
Reading "sky130_fd_sc_hd__a31o_4".                                              
Reading "sky130_fd_sc_hd__a211o_2".                                             
Reading "sky130_fd_sc_hd__o32a_4".                                              
Reading "sky130_fd_sc_hd__buf_6".                                               
Reading "sky130_fd_sc_hd__and3_4".                                              
Reading "sky130_fd_sc_hd__a31o_2".                                              
Reading "sky130_fd_sc_hd__o221a_2".                                             
Reading "sky130_fd_sc_hd__clkbuf_4".                                            
Reading "sky130_fd_sc_hd__o22ai_2".                                             
Reading "sky130_fd_sc_hd__clkbuf_16".                                           
Reading "sky130_fd_sc_hd__o22a_2".                                              
Reading "sky130_fd_sc_hd__a2bb2o_2".                                            
Reading "sky130_fd_sc_hd__a211o_4".                                             
Reading "sky130_fd_sc_hd__o211a_2".                                             
Reading "sky130_fd_sc_hd__and4bb_2".                                            
Reading "sky130_fd_sc_hd__o21a_2".                                              
Reading "sky130_fd_sc_hd__o2bb2a_4".                                            
Reading "sky130_fd_sc_hd__or3_4".                                               
Reading "sky130_fd_sc_hd__o21a_4".                                              
Reading "sky130_fd_sc_hd__and2b_2".                                             
Reading "sky130_fd_sc_hd__a21o_4".                                              
Reading "sky130_fd_sc_hd__o211ai_4".                                            
Reading "sky130_fd_sc_hd__or3_2".                                               
Reading "sky130_fd_sc_hd__or4_2".                                               
Reading "sky130_fd_sc_hd__dfxtp_4".                                             
Reading "sky130_fd_sc_hd__and3b_2".                                             
Reading "sky130_fd_sc_hd__a22o_2".                                              
Reading "sky130_fd_sc_hd__o21ba_2".                                             
Reading "sky130_fd_sc_hd__a2bb2o_4".                                            
Reading "sky130_fd_sc_hd__or3b_4".                                              
Reading "sky130_fd_sc_hd__or3b_2".                                              
Reading "sky130_fd_sc_hd__buf_12".                                              
Reading "sky130_fd_sc_hd__and4_2".                                              
Reading "sky130_fd_sc_hd__mux2_2".                                              
Reading "sky130_fd_sc_hd__a41o_2".                                              
Reading "sky130_fd_sc_hd__nor3_2".                                              
Reading "alu_top".                                                              
CIF file read error: Warning:  Cell alu_top boundary was redefined.             
[INFO] Loading alu_top                                                          
                                                                                
DRC style is now "drc(full)"                                                    
Loading DRC CIF style.                                                          
No errors found.                                                                
[INFO] COUNT: 0                                                                 
[INFO] Should be divided by 3 or 4                                              
[INFO] DRC Checking DONE                                                        
(/home/runner/work/ASIC_101/ASIC_101/files/alu/pd/runs/csel-4ns/64-magic-drc/rep
orts/drc.magic.rpt)                                                             
[INFO] Saving mag view with DRC errors                                          
(/home/runner/work/ASIC_101/ASIC_101/files/alu/pd/runs/csel-4ns/64-magic-drc/vie
ws/alu_top.drc.mag)                                                             
[INFO] Saved                                                                    
───────────────────────── Design Rule Check (KLayout) ──────────────────────────
[21:09:31] VERBOSE  Running 'KLayout.DRC' at                        step.py:1138
                    'runs/csel-4ns/65-klayout-drc'…                             
[21:09:31] INFO     Running KLayout DRC with 4 threads…           klayout.py:578
[21:09:31] VERBOSE  Logging subprocess to                           step.py:1338
                    'runs/csel-4ns/65-klayout-drc/klayout-drc.log'…             
"input" in: sky130A_mr.drc:169                                                  
    Polygons (raw): 3222 (flat)  166 (hierarchical)                             
    Elapsed: 0.010s  Memory: 425.00M                                            
"polygons" in: sky130A_mr.drc:170                                               
    Polygons (raw): 204 (flat)  2 (hierarchical)                                
    Elapsed: 0.000s  Memory: 425.00M                                            
"polygons" in: sky130A_mr.drc:171                                               
    Polygons (raw): 1759 (flat)  59 (hierarchical)                              
    Elapsed: 0.000s  Memory: 425.00M                                            
"polygons" in: sky130A_mr.drc:172                                               
    Polygons (raw): 0 (flat)  0 (hierarchical)                                  
    Elapsed: 0.000s  Memory: 425.00M                                            
"polygons" in: sky130A_mr.drc:173                                               
    Polygons (raw): 0 (flat)  0 (hierarchical)                                  
    Elapsed: 0.000s  Memory: 425.00M                                            
"polygons" in: sky130A_mr.drc:174                                               
    Polygons (raw): 0 (flat)  0 (hierarchical)                                  
    Elapsed: 0.000s  Memory: 425.00M                                            
"polygons" in: sky130A_mr.drc:175                                               
    Polygons (raw): 0 (flat)  0 (hierarchical)                                  
    Elapsed: 0.000s  Memory: 425.00M                                            
"polygons" in: sky130A_mr.drc:176                                               
    Polygons (raw): 0 (flat)  0 (hierarchical)                                  
    Elapsed: 0.000s  Memory: 426.00M                                            
"polygons" in: sky130A_mr.drc:177                                               
    Polygons (raw): 1759 (flat)  59 (hierarchical)                              
    Elapsed: 0.000s  Memory: 426.00M                                            
"polygons" in: sky130A_mr.drc:178                                               
    Polygons (raw): 0 (flat)  0 (hierarchical)                                  
    Elapsed: 0.000s  Memory: 426.00M                                            
"polygons" in: sky130A_mr.drc:179                                               
    Polygons (raw): 0 (flat)  0 (hierarchical)                                  
    Elapsed: 0.000s  Memory: 426.00M                                            
"polygons" in: sky130A_mr.drc:180                                               
    Polygons (raw): 0 (flat)  0 (hierarchical)                                  
    Elapsed: 0.000s  Memory: 426.00M                                            
"polygons" in: sky130A_mr.drc:181                                               
    Polygons (raw): 0 (flat)  0 (hierarchical)                                  
    Elapsed: 0.000s  Memory: 426.00M                                            
"polygons" in: sky130A_mr.drc:182                                               
    Polygons (raw): 4046 (flat)  383 (hierarchical)                             
    Elapsed: 0.000s  Memory: 426.00M                                            
"polygons" in: sky130A_mr.drc:183                                               
    Polygons (raw): 0 (flat)  0 (hierarchical)                                  
    Elapsed: 0.000s  Memory: 426.00M                                            
"polygons" in: sky130A_mr.drc:184                                               
    Polygons (raw): 1861 (flat)  60 (hierarchical)                              
    Elapsed: 0.000s  Memory: 426.00M                                            
"polygons" in: sky130A_mr.drc:185                                               
    Polygons (raw): 1861 (flat)  60 (hierarchical)                              
    Elapsed: 0.000s  Memory: 426.00M                                            
"polygons" in: sky130A_mr.drc:186                                               
    Polygons (raw): 0 (flat)  0 (hierarchical)                                  
    Elapsed: 0.000s  Memory: 426.00M                                            
"polygons" in: sky130A_mr.drc:187                                               
    Polygons (raw): 0 (flat)  0 (hierarchical)                                  
    Elapsed: 0.000s  Memory: 426.00M                                            
"polygons" in: sky130A_mr.drc:188                                               
    Polygons (raw): 1507 (flat)  64 (hierarchical)                              
    Elapsed: 0.010s  Memory: 426.00M                                            
"polygons" in: sky130A_mr.drc:189                                               
    Polygons (raw): 17451 (flat)  1936 (hierarchical)                           
    Elapsed: 0.000s  Memory: 427.00M                                            
"polygons" in: sky130A_mr.drc:191                                               
    Polygons (raw): 7200 (flat)  1575 (hierarchical)                            
    Elapsed: 0.000s  Memory: 427.00M                                            
"polygons" in: sky130A_mr.drc:192                                               
    Polygons (raw): 0 (flat)  0 (hierarchical)                                  
    Elapsed: 0.000s  Memory: 427.00M                                            
"polygons" in: sky130A_mr.drc:193                                               
    Polygons (raw): 13459 (flat)  1895 (hierarchical)                           
    Elapsed: 0.000s  Memory: 427.00M                                            
"polygons" in: sky130A_mr.drc:195                                               
    Polygons (raw): 4741 (flat)  1217 (hierarchical)                            
    Elapsed: 0.000s  Memory: 427.00M                                            
"polygons" in: sky130A_mr.drc:196                                               
    Polygons (raw): 1326 (flat)  1326 (hierarchical)                            
    Elapsed: 0.000s  Memory: 427.00M                                            
"polygons" in: sky130A_mr.drc:198                                               
    Polygons (raw): 592 (flat)  592 (hierarchical)                              
    Elapsed: 0.000s  Memory: 427.00M                                            
"polygons" in: sky130A_mr.drc:199                                               
    Polygons (raw): 508 (flat)  508 (hierarchical)                              
    Elapsed: 0.000s  Memory: 427.00M                                            
"polygons" in: sky130A_mr.drc:201                                               
    Polygons (raw): 112 (flat)  112 (hierarchical)                              
    Elapsed: 0.000s  Memory: 427.00M                                            
"polygons" in: sky130A_mr.drc:202                                               
    Polygons (raw): 495 (flat)  495 (hierarchical)                              
    Elapsed: 0.000s  Memory: 427.00M                                            
"polygons" in: sky130A_mr.drc:204                                               
    Polygons (raw): 6 (flat)  6 (hierarchical)                                  
    Elapsed: 0.000s  Memory: 428.00M                                            
"polygons" in: sky130A_mr.drc:205                                               
    Polygons (raw): 18 (flat)  18 (hierarchical)                                
    Elapsed: 0.000s  Memory: 428.00M                                            
"polygons" in: sky130A_mr.drc:207                                               
    Polygons (raw): 6 (flat)  6 (hierarchical)                                  
    Elapsed: 0.000s  Memory: 428.00M                                            
"polygons" in: sky130A_mr.drc:209                                               
    Polygons (raw): 0 (flat)  0 (hierarchical)                                  
    Elapsed: 0.000s  Memory: 428.00M                                            
"polygons" in: sky130A_mr.drc:210                                               
    Polygons (raw): 0 (flat)  0 (hierarchical)                                  
    Elapsed: 0.000s  Memory: 428.00M                                            
"polygons" in: sky130A_mr.drc:211                                               
    Polygons (raw): 0 (flat)  0 (hierarchical)                                  
    Elapsed: 0.000s  Memory: 428.00M                                            
"polygons" in: sky130A_mr.drc:212                                               
    Polygons (raw): 0 (flat)  0 (hierarchical)                                  
    Elapsed: 0.000s  Memory: 428.00M                                            
"polygons" in: sky130A_mr.drc:213                                               
    Polygons (raw): 0 (flat)  0 (hierarchical)                                  
    Elapsed: 0.000s  Memory: 428.00M                                            
"polygons" in: sky130A_mr.drc:214                                               
    Polygons (raw): 0 (flat)  0 (hierarchical)                                  
    Elapsed: 0.000s  Memory: 428.00M                                            
"polygons" in: sky130A_mr.drc:215                                               
    Polygons (raw): 0 (flat)  0 (hierarchical)                                  
    Elapsed: 0.000s  Memory: 428.00M                                            
"polygons" in: sky130A_mr.drc:216                                               
    Polygons (raw): 0 (flat)  0 (hierarchical)                                  
    Elapsed: 0.000s  Memory: 428.00M                                            
"polygons" in: sky130A_mr.drc:217                                               
    Polygons (raw): 0 (flat)  0 (hierarchical)                                  
    Elapsed: 0.000s  Memory: 428.00M                                            
"polygons" in: sky130A_mr.drc:218                                               
    Polygons (raw): 0 (flat)  0 (hierarchical)                                  
    Elapsed: 0.000s  Memory: 429.00M                                            
"polygons" in: sky130A_mr.drc:219                                               
    Polygons (raw): 0 (flat)  0 (hierarchical)                                  
    Elapsed: 0.000s  Memory: 429.00M                                            
"polygons" in: sky130A_mr.drc:220                                               
    Polygons (raw): 0 (flat)  0 (hierarchical)                                  
    Elapsed: 0.000s  Memory: 429.00M                                            
"polygons" in: sky130A_mr.drc:221                                               
    Polygons (raw): 0 (flat)  0 (hierarchical)                                  
    Elapsed: 0.000s  Memory: 429.00M                                            
"polygons" in: sky130A_mr.drc:222                                               
    Polygons (raw): 0 (flat)  0 (hierarchical)                                  
    Elapsed: 0.000s  Memory: 429.00M                                            
"polygons" in: sky130A_mr.drc:223                                               
    Polygons (raw): 0 (flat)  0 (hierarchical)                                  
    Elapsed: 0.000s  Memory: 429.00M                                            
"polygons" in: sky130A_mr.drc:224                                               
    Polygons (raw): 0 (flat)  0 (hierarchical)                                  
    Elapsed: 0.000s  Memory: 429.00M                                            
"polygons" in: sky130A_mr.drc:225                                               
    Polygons (raw): 0 (flat)  0 (hierarchical)                                  
    Elapsed: 0.000s  Memory: 429.00M                                            
"polygons" in: sky130A_mr.drc:226                                               
    Polygons (raw): 0 (flat)  0 (hierarchical)                                  
    Elapsed: 0.000s  Memory: 429.00M                                            
"polygons" in: sky130A_mr.drc:227                                               
    Polygons (raw): 1759 (flat)  59 (hierarchical)                              
    Elapsed: 0.000s  Memory: 429.00M                                            
"polygons" in: sky130A_mr.drc:228                                               
    Polygons (raw): 0 (flat)  0 (hierarchical)                                  
    Elapsed: 0.000s  Memory: 429.00M                                            
"polygons" in: sky130A_mr.drc:229                                               
    Polygons (raw): 0 (flat)  0 (hierarchical)                                  
    Elapsed: 0.000s  Memory: 429.00M                                            
"polygons" in: sky130A_mr.drc:230                                               
    Polygons (raw): 0 (flat)  0 (hierarchical)                                  
    Elapsed: 0.000s  Memory: 430.00M                                            
"polygons" in: sky130A_mr.drc:231                                               
    Polygons (raw): 0 (flat)  0 (hierarchical)                                  
    Elapsed: 0.000s  Memory: 430.00M                                            
"polygons" in: sky130A_mr.drc:232                                               
    Polygons (raw): 0 (flat)  0 (hierarchical)                                  
    Elapsed: 0.000s  Memory: 430.00M                                            
"polygons" in: sky130A_mr.drc:233                                               
    Polygons (raw): 0 (flat)  0 (hierarchical)                                  
    Elapsed: 0.000s  Memory: 430.00M                                            
"polygons" in: sky130A_mr.drc:234                                               
    Polygons (raw): 0 (flat)  0 (hierarchical)                                  
    Elapsed: 0.000s  Memory: 430.00M                                            
"polygons" in: sky130A_mr.drc:235                                               
    Polygons (raw): 0 (flat)  0 (hierarchical)                                  
    Elapsed: 0.010s  Memory: 430.00M                                            
"polygons" in: sky130A_mr.drc:236                                               
    Polygons (raw): 0 (flat)  0 (hierarchical)                                  
    Elapsed: 0.000s  Memory: 430.00M                                            
"polygons" in: sky130A_mr.drc:237                                               
    Polygons (raw): 0 (flat)  0 (hierarchical)                                  
    Elapsed: 0.000s  Memory: 430.00M                                            
"polygons" in: sky130A_mr.drc:238                                               
    Polygons (raw): 0 (flat)  0 (hierarchical)                                  
    Elapsed: 0.000s  Memory: 430.00M                                            
"polygons" in: sky130A_mr.drc:239                                               
    Polygons (raw): 0 (flat)  0 (hierarchical)                                  
    Elapsed: 0.000s  Memory: 430.00M                                            
"polygons" in: sky130A_mr.drc:240                                               
    Polygons (raw): 0 (flat)  0 (hierarchical)                                  
    Elapsed: 0.000s  Memory: 430.00M                                            
"polygons" in: sky130A_mr.drc:241                                               
    Polygons (raw): 0 (flat)  0 (hierarchical)                                  
    Elapsed: 0.000s  Memory: 430.00M                                            
"polygons" in: sky130A_mr.drc:242                                               
    Polygons (raw): 0 (flat)  0 (hierarchical)                                  
    Elapsed: 0.000s  Memory: 430.00M                                            
"polygons" in: sky130A_mr.drc:243                                               
    Polygons (raw): 0 (flat)  0 (hierarchical)                                  
    Elapsed: 0.000s  Memory: 431.00M                                            
"polygons" in: sky130A_mr.drc:244                                               
    Polygons (raw): 0 (flat)  0 (hierarchical)                                  
    Elapsed: 0.000s  Memory: 431.00M                                            
"polygons" in: sky130A_mr.drc:245                                               
    Polygons (raw): 0 (flat)  0 (hierarchical)                                  
    Elapsed: 0.000s  Memory: 431.00M                                            
"polygons" in: sky130A_mr.drc:246                                               
    Polygons (raw): 0 (flat)  0 (hierarchical)                                  
    Elapsed: 0.000s  Memory: 431.00M                                            
"polygons" in: sky130A_mr.drc:247                                               
    Polygons (raw): 0 (flat)  0 (hierarchical)                                  
    Elapsed: 0.000s  Memory: 431.00M                                            
"polygons" in: sky130A_mr.drc:248                                               
    Polygons (raw): 0 (flat)  0 (hierarchical)                                  
    Elapsed: 0.000s  Memory: 431.00M                                            
"polygons" in: sky130A_mr.drc:249                                               
    Polygons (raw): 0 (flat)  0 (hierarchical)                                  
    Elapsed: 0.000s  Memory: 431.00M                                            
"polygons" in: sky130A_mr.drc:250                                               
    Polygons (raw): 0 (flat)  0 (hierarchical)                                  
    Elapsed: 0.000s  Memory: 431.00M                                            
"polygons" in: sky130A_mr.drc:251                                               
    Polygons (raw): 0 (flat)  0 (hierarchical)                                  
    Elapsed: 0.000s  Memory: 431.00M                                            
"polygons" in: sky130A_mr.drc:252                                               
    Polygons (raw): 0 (flat)  0 (hierarchical)                                  
    Elapsed: 0.000s  Memory: 431.00M                                            
"polygons" in: sky130A_mr.drc:253                                               
    Polygons (raw): 0 (flat)  0 (hierarchical)                                  
    Elapsed: 0.000s  Memory: 431.00M                                            
"polygons" in: sky130A_mr.drc:254                                               
    Polygons (raw): 0 (flat)  0 (hierarchical)                                  
    Elapsed: 0.000s  Memory: 431.00M                                            
"polygons" in: sky130A_mr.drc:255                                               
    Polygons (raw): 0 (flat)  0 (hierarchical)                                  
    Elapsed: 0.000s  Memory: 432.00M                                            
"polygons" in: sky130A_mr.drc:256                                               
    Polygons (raw): 0 (flat)  0 (hierarchical)                                  
    Elapsed: 0.000s  Memory: 432.00M                                            
"polygons" in: sky130A_mr.drc:257                                               
    Polygons (raw): 0 (flat)  0 (hierarchical)                                  
    Elapsed: 0.000s  Memory: 432.00M                                            
"polygons" in: sky130A_mr.drc:258                                               
    Polygons (raw): 0 (flat)  0 (hierarchical)                                  
    Elapsed: 0.000s  Memory: 432.00M                                            
"polygons" in: sky130A_mr.drc:259                                               
    Polygons (raw): 0 (flat)  0 (hierarchical)                                  
    Elapsed: 0.000s  Memory: 432.00M                                            
"polygons" in: sky130A_mr.drc:260                                               
    Polygons (raw): 0 (flat)  0 (hierarchical)                                  
    Elapsed: 0.000s  Memory: 432.00M                                            
"polygons" in: sky130A_mr.drc:261                                               
    Polygons (raw): 0 (flat)  0 (hierarchical)                                  
    Elapsed: 0.000s  Memory: 432.00M                                            
"polygons" in: sky130A_mr.drc:262                                               
    Polygons (raw): 0 (flat)  0 (hierarchical)                                  
    Elapsed: 0.000s  Memory: 432.00M                                            
"polygons" in: sky130A_mr.drc:263                                               
    Polygons (raw): 0 (flat)  0 (hierarchical)                                  
    Elapsed: 0.000s  Memory: 432.00M                                            
"polygons" in: sky130A_mr.drc:264                                               
    Polygons (raw): 0 (flat)  0 (hierarchical)                                  
    Elapsed: 0.000s  Memory: 432.00M                                            
"merged" in: sky130A_mr.drc:266                                                 
    Polygons (raw): 0 (flat)  0 (hierarchical)                                  
    Elapsed: 0.000s  Memory: 432.00M                                            
DRC section                                                                     
FEOL section                                                                    
START: 64/18 (dnwell)                                                           
"width" in: sky130A_mr.drc:289                                                  
    Edge pairs: 0 (flat)  0 (hierarchical)                                      
    Elapsed: 0.000s  Memory: 433.00M                                            
"output" in: sky130A_mr.drc:289                                                 
    Edge pairs: 0 (flat)  0 (hierarchical)                                      
    Elapsed: 0.000s  Memory: 433.00M                                            
"or" in: sky130A_mr.drc:294                                                     
    Polygons (raw): 0 (flat)  0 (hierarchical)                                  
    Elapsed: 0.000s  Memory: 433.00M                                            
"-" in: sky130A_mr.drc:294                                                      
    Polygons (raw): 0 (flat)  0 (hierarchical)                                  
    Elapsed: 0.000s  Memory: 433.00M                                            
"space" in: sky130A_mr.drc:295                                                  
    Edge pairs: 0 (flat)  0 (hierarchical)                                      
    Elapsed: 0.000s  Memory: 433.00M                                            
"output" in: sky130A_mr.drc:296                                                 
    Edge pairs: 0 (flat)  0 (hierarchical)                                      
    Elapsed: 0.000s  Memory: 433.00M                                            
END: 64/18 (dnwell)                                                             
"input" in: sky130A_mr.drc:300                                                  
    Polygons (raw): 1861 (flat)  60 (hierarchical)                              
    Elapsed: 0.000s  Memory: 433.00M                                            
"input" in: sky130A_mr.drc:301                                                  
    Polygons (raw): 1861 (flat)  60 (hierarchical)                              
    Elapsed: 0.000s  Memory: 433.00M                                            
"input" in: sky130A_mr.drc:302                                                  
    Polygons (raw): 1759 (flat)  59 (hierarchical)                              
    Elapsed: 0.000s  Memory: 433.00M                                            
"input" in: sky130A_mr.drc:311                                                  
    Polygons (raw): 1759 (flat)  59 (hierarchical)                              
    Elapsed: 0.000s  Memory: 433.00M                                            
START: 64/20 (nwell)                                                            
"width" in: sky130A_mr.drc:315                                                  
    Edge pairs: 0 (flat)  0 (hierarchical)                                      
    Elapsed: 0.020s  Memory: 435.00M                                            
"output" in: sky130A_mr.drc:315                                                 
    Edge pairs: 0 (flat)  0 (hierarchical)                                      
    Elapsed: 0.000s  Memory: 435.00M                                            
"space" in: sky130A_mr.drc:319                                                  
    Edge pairs: 0 (flat)  0 (hierarchical)                                      
    Elapsed: 0.090s  Memory: 439.00M                                            
"output" in: sky130A_mr.drc:319                                                 
    Edge pairs: 0 (flat)  0 (hierarchical)                                      
    Elapsed: 0.000s  Memory: 439.00M                                            
"&" in: sky130A_mr.drc:323                                                      
    Polygons (raw): 1759 (flat)  59 (hierarchical)                              
    Elapsed: 0.050s  Memory: 441.00M                                            
"merge" in: sky130A_mr.drc:323                                                  
    Polygons (raw): 16 (flat)  16 (hierarchical)                                
    Elapsed: 0.010s  Memory: 441.00M                                            
"holes" in: sky130A_mr.drc:324                                                  
    Polygons (raw): 0 (flat)  0 (hierarchical)                                  
    Elapsed: 0.000s  Memory: 441.00M                                            
"enclosing" in: sky130A_mr.drc:324                                              
    Edge pairs: 0 (flat)  0 (hierarchical)                                      
    Elapsed: 0.000s  Memory: 441.00M                                            
"output" in: sky130A_mr.drc:324                                                 
    Edge pairs: 0 (flat)  0 (hierarchical)                                      
    Elapsed: 0.000s  Memory: 441.00M                                            
"or" in: sky130A_mr.drc:328                                                     
    Polygons (raw): 0 (flat)  0 (hierarchical)                                  
    Elapsed: 0.000s  Memory: 441.00M                                            
"or" in: sky130A_mr.drc:328                                                     
    Polygons (raw): 0 (flat)  0 (hierarchical)                                  
    Elapsed: 0.000s  Memory: 441.00M                                            
"or" in: sky130A_mr.drc:328                                                     
    Polygons (raw): 0 (flat)  0 (hierarchical)                                  
    Elapsed: 0.000s  Memory: 441.00M                                            
"&" in: sky130A_mr.drc:330                                                      
    Polygons (raw): 0 (flat)  0 (hierarchical)                                  
    Elapsed: 0.000s  Memory: 441.00M                                            
"interacting" in: sky130A_mr.drc:330                                            
    Polygons (raw): 0 (flat)  0 (hierarchical)                                  
    Elapsed: 0.000s  Memory: 441.00M                                            
"-" in: sky130A_mr.drc:331                                                      
    Polygons (raw): 0 (flat)  0 (hierarchical)                                  
    Elapsed: 0.000s  Memory: 441.00M                                            
"output" in: sky130A_mr.drc:332                                                 
    Polygons (raw): 0 (flat)  0 (hierarchical)                                  
    Elapsed: 0.000s  Memory: 441.00M                                            
END: 64/20 (nwell)                                                              
START: 78/44 (hvtp)                                                             
"width" in: sky130A_mr.drc:337                                                  
    Edge pairs: 0 (flat)  0 (hierarchical)                                      
    Elapsed: 0.020s  Memory: 442.00M                                            
"output" in: sky130A_mr.drc:337                                                 
    Edge pairs: 0 (flat)  0 (hierarchical)                                      
    Elapsed: 0.000s  Memory: 442.00M                                            
"space" in: sky130A_mr.drc:341                                                  
    Edge pairs: 0 (flat)  0 (hierarchical)                                      
    Elapsed: 0.060s  Memory: 442.00M                                            
"output" in: sky130A_mr.drc:341                                                 
    Edge pairs: 0 (flat)  0 (hierarchical)                                      
    Elapsed: 0.000s  Memory: 442.00M                                            
END: 78/44 (hvtp)                                                               
START: 124/20 (pwde)                                                            
"width" in: sky130A_mr.drc:349                                                  
    Edge pairs: 0 (flat)  0 (hierarchical)                                      
    Elapsed: 0.000s  Memory: 442.00M                                            
"output" in: sky130A_mr.drc:349                                                 
    Edge pairs: 0 (flat)  0 (hierarchical)                                      
    Elapsed: 0.000s  Memory: 442.00M                                            
"or" in: sky130A_mr.drc:354                                                     
    Polygons (raw): 0 (flat)  0 (hierarchical)                                  
    Elapsed: 0.000s  Memory: 442.00M                                            
"&" in: sky130A_mr.drc:354                                                      
    Polygons (raw): 0 (flat)  0 (hierarchical)                                  
    Elapsed: 0.000s  Memory: 442.00M                                            
"space" in: sky130A_mr.drc:355                                                  
    Edge pairs: 0 (flat)  0 (hierarchical)                                      
    Elapsed: 0.000s  Memory: 442.00M                                            
"output" in: sky130A_mr.drc:356                                                 
    Edge pairs: 0 (flat)  0 (hierarchical)                                      
    Elapsed: 0.000s  Memory: 442.00M                                            
END: 124/20 (pwde)                                                              
START: 18/20 (htvr)                                                             
"width" in: sky130A_mr.drc:361                                                  
    Edge pairs: 0 (flat)  0 (hierarchical)                                      
    Elapsed: 0.000s  Memory: 442.00M                                            
"output" in: sky130A_mr.drc:361                                                 
    Edge pairs: 0 (flat)  0 (hierarchical)                                      
    Elapsed: 0.000s  Memory: 443.00M                                            
"separation" in: sky130A_mr.drc:365                                             
    Edge pairs: 0 (flat)  0 (hierarchical)                                      
    Elapsed: 0.000s  Memory: 443.00M                                            
"output" in: sky130A_mr.drc:365                                                 
    Edge pairs: 0 (flat)  0 (hierarchical)                                      
    Elapsed: 0.000s  Memory: 443.00M                                            
"&" in: sky130A_mr.drc:369                                                      
    Polygons (raw): 0 (flat)  0 (hierarchical)                                  
    Elapsed: 0.000s  Memory: 443.00M                                            
"output" in: sky130A_mr.drc:369                                                 
    Polygons (raw): 0 (flat)  0 (hierarchical)                                  
    Elapsed: 0.000s  Memory: 443.00M                                            
END: 18/20 (htvr)                                                               
START: 25/44 (lvtn)                                                             
"width" in: sky130A_mr.drc:374                                                  
    Edge pairs: 0 (flat)  0 (hierarchical)                                      
    Elapsed: 0.000s  Memory: 443.00M                                            
"output" in: sky130A_mr.drc:374                                                 
    Edge pairs: 0 (flat)  0 (hierarchical)                                      
    Elapsed: 0.000s  Memory: 443.00M                                            
"space" in: sky130A_mr.drc:378                                                  
    Edge pairs: 0 (flat)  0 (hierarchical)                                      
    Elapsed: 0.000s  Memory: 443.00M                                            
"output" in: sky130A_mr.drc:378                                                 
    Edge pairs: 0 (flat)  0 (hierarchical)                                      
    Elapsed: 0.000s  Memory: 443.00M                                            
"interacting" in: sky130A_mr.drc:383                                            
    Polygons (raw): 0 (flat)  0 (hierarchical)                                  
    Elapsed: 0.000s  Memory: 443.00M                                            
"not_inside" in: sky130A_mr.drc:384                                             
    Polygons (raw): 0 (flat)  0 (hierarchical)                                  
    Elapsed: 0.020s  Memory: 443.00M                                            
"edges" in: sky130A_mr.drc:385                                                  
    Edges: 0 (flat)  0 (hierarchical)                                           
    Elapsed: 0.000s  Memory: 443.00M                                            
"&" in: sky130A_mr.drc:386                                                      
    Edges: 0 (flat)  0 (hierarchical)                                           
    Elapsed: 0.000s  Memory: 443.00M                                            
"output" in: sky130A_mr.drc:387                                                 
    Edges: 0 (flat)  0 (hierarchical)                                           
    Elapsed: 0.000s  Memory: 443.00M                                            
END: 25/44 (lvtn)                                                               
START: 92/44 (ncm)                                                              
"width" in: sky130A_mr.drc:392                                                  
    Edge pairs: 0 (flat)  0 (hierarchical)                                      
    Elapsed: 0.010s  Memory: 443.00M                                            
"output" in: sky130A_mr.drc:392                                                 
    Edge pairs: 0 (flat)  0 (hierarchical)                                      
    Elapsed: 0.000s  Memory: 443.00M                                            
"space" in: sky130A_mr.drc:393                                                  
    Edge pairs: 0 (flat)  0 (hierarchical)                                      
    Elapsed: 0.000s  Memory: 443.00M                                            
"output" in: sky130A_mr.drc:393                                                 
    Edge pairs: 0 (flat)  0 (hierarchical)                                      
    Elapsed: 0.000s  Memory: 443.00M                                            
END: 92/44 (ncm)                                                                
START: 65/20 (diff)                                                             
"or" in: sky130A_mr.drc:401                                                     
    Polygons (raw): 3426 (flat)  168 (hierarchical)                             
    Elapsed: 0.010s  Memory: 443.00M                                            
"rectangles" in: sky130A_mr.drc:402                                             
    Polygons (raw): 2890 (flat)  126 (hierarchical)                             
    Elapsed: 0.000s  Memory: 443.00M                                            
"width" in: sky130A_mr.drc:402                                                  
    Edge pairs: 0 (flat)  0 (hierarchical)                                      
    Elapsed: 0.000s  Memory: 443.00M                                            
"polygons" in: sky130A_mr.drc:402                                               
    Polygons (raw): 0 (flat)  0 (hierarchical)                                  
    Elapsed: 0.000s  Memory: 443.00M                                            
"edges" in: sky130A_mr.drc:405                                                  
    Edges: 0 (flat)  0 (hierarchical)                                           
    Elapsed: 0.000s  Memory: 443.00M                                            
"outside_part" in: sky130A_mr.drc:406                                           
    Edges: 0 (flat)  0 (hierarchical)                                           
    Elapsed: 0.000s  Memory: 443.00M                                            
"outside" in: sky130A_mr.drc:407                                                
    Polygons (raw): 0 (flat)  0 (hierarchical)                                  
    Elapsed: 0.000s  Memory: 443.00M                                            
"edges" in: sky130A_mr.drc:407                                                  
    Edges: 0 (flat)  0 (hierarchical)                                           
    Elapsed: 0.000s  Memory: 443.00M                                            
"-" in: sky130A_mr.drc:407                                                      
    Edges: 0 (flat)  0 (hierarchical)                                           
    Elapsed: 0.010s  Memory: 443.00M                                            
"output" in: sky130A_mr.drc:408                                                 
    Edges: 0 (flat)  0 (hierarchical)                                           
    Elapsed: 0.000s  Memory: 443.00M                                            
"outside" in: sky130A_mr.drc:413                                                
    Polygons (raw): 3222 (flat)  166 (hierarchical)                             
    Elapsed: 0.000s  Memory: 443.00M                                            
"width" in: sky130A_mr.drc:414                                                  
    Edge pairs: 0 (flat)  0 (hierarchical)                                      
    Elapsed: 0.000s  Memory: 443.00M                                            
"output" in: sky130A_mr.drc:415                                                 
    Edge pairs: 0 (flat)  0 (hierarchical)                                      
    Elapsed: 0.000s  Memory: 443.00M                                            
"inside" in: sky130A_mr.drc:420                                                 
    Polygons (raw): 0 (flat)  0 (hierarchical)                                  
    Elapsed: 0.000s  Memory: 443.00M                                            
"width" in: sky130A_mr.drc:421                                                  
    Edge pairs: 0 (flat)  0 (hierarchical)                                      
    Elapsed: 0.000s  Memory: 443.00M                                            
"output" in: sky130A_mr.drc:422                                                 
    Edge pairs: 0 (flat)  0 (hierarchical)                                      
    Elapsed: 0.000s  Memory: 443.00M                                            
END: 65/20 (diff)                                                               
START: 65/44 (tap)                                                              
"rectangles" in: sky130A_mr.drc:429                                             
    Polygons (raw): 204 (flat)  2 (hierarchical)                                
    Elapsed: 0.000s  Memory: 443.00M                                            
"width" in: sky130A_mr.drc:429                                                  
    Edge pairs: 0 (flat)  0 (hierarchical)                                      
    Elapsed: 0.000s  Memory: 443.00M                                            
"polygons" in: sky130A_mr.drc:429                                               
    Polygons (raw): 0 (flat)  0 (hierarchical)                                  
    Elapsed: 0.000s  Memory: 443.00M                                            
"edges" in: sky130A_mr.drc:432                                                  
    Edges: 0 (flat)  0 (hierarchical)                                           
    Elapsed: 0.000s  Memory: 443.00M                                            
"outside_part" in: sky130A_mr.drc:433                                           
    Edges: 0 (flat)  0 (hierarchical)                                           
    Elapsed: 0.000s  Memory: 443.00M                                            
"outside" in: sky130A_mr.drc:434                                                
    Polygons (raw): 0 (flat)  0 (hierarchical)                                  
    Elapsed: 0.000s  Memory: 443.00M                                            
"edges" in: sky130A_mr.drc:434                                                  
    Edges: 0 (flat)  0 (hierarchical)                                           
    Elapsed: 0.000s  Memory: 443.00M                                            
"-" in: sky130A_mr.drc:434                                                      
    Edges: 0 (flat)  0 (hierarchical)                                           
    Elapsed: 0.000s  Memory: 443.00M                                            
"output" in: sky130A_mr.drc:435                                                 
    Edges: 0 (flat)  0 (hierarchical)                                           
    Elapsed: 0.000s  Memory: 443.00M                                            
"-" in: sky130A_mr.drc:440                                                      
    Polygons (raw): 204 (flat)  2 (hierarchical)                                
    Elapsed: 0.000s  Memory: 443.00M                                            
"width" in: sky130A_mr.drc:441                                                  
    Edge pairs: 0 (flat)  0 (hierarchical)                                      
    Elapsed: 0.000s  Memory: 443.00M                                            
"output" in: sky130A_mr.drc:442                                                 
    Edge pairs: 0 (flat)  0 (hierarchical)                                      
    Elapsed: 0.000s  Memory: 443.00M                                            
END: 65/44 (tap)                                                                
"space" in: sky130A_mr.drc:445                                                  
    Edge pairs: 0 (flat)  0 (hierarchical)                                      
    Elapsed: 0.010s  Memory: 443.00M                                            
"output" in: sky130A_mr.drc:445                                                 
    Edge pairs: 0 (flat)  0 (hierarchical)                                      
    Elapsed: 0.000s  Memory: 443.00M                                            
START: 80/20 (tunm)                                                             
"width" in: sky130A_mr.drc:452                                                  
    Edge pairs: 0 (flat)  0 (hierarchical)                                      
    Elapsed: 0.000s  Memory: 443.00M                                            
"output" in: sky130A_mr.drc:452                                                 
    Edge pairs: 0 (flat)  0 (hierarchical)                                      
    Elapsed: 0.000s  Memory: 443.00M                                            
"space" in: sky130A_mr.drc:456                                                  
    Edge pairs: 0 (flat)  0 (hierarchical)                                      
    Elapsed: 0.000s  Memory: 443.00M                                            
"output" in: sky130A_mr.drc:456                                                 
    Edge pairs: 0 (flat)  0 (hierarchical)                                      
    Elapsed: 0.000s  Memory: 443.00M                                            
"output" in: sky130A_mr.drc:460                                                 
    Polygons (raw): 0 (flat)  0 (hierarchical)                                  
    Elapsed: 0.000s  Memory: 443.00M                                            
END: 80/20 (tunm)                                                               
START: 80/20 (thkox)                                                            
"-" in: sky130A_mr.drc:468                                                      
    Polygons (raw): 0 (flat)  0 (hierarchical)                                  
    Elapsed: 0.000s  Memory: 443.00M                                            
"width" in: sky130A_mr.drc:469                                                  
    Edge pairs: 0 (flat)  0 (hierarchical)                                      
    Elapsed: 0.000s  Memory: 443.00M                                            
"output" in: sky130A_mr.drc:469                                                 
    Edge pairs: 0 (flat)  0 (hierarchical)                                      
    Elapsed: 0.010s  Memory: 443.00M                                            
"space" in: sky130A_mr.drc:473                                                  
    Edge pairs: 0 (flat)  0 (hierarchical)                                      
    Elapsed: 0.000s  Memory: 443.00M                                            
"output" in: sky130A_mr.drc:473                                                 
    Edge pairs: 0 (flat)  0 (hierarchical)                                      
    Elapsed: 0.000s  Memory: 443.00M                                            
"interacting" in: sky130A_mr.drc:478                                            
    Polygons (raw): 0 (flat)  0 (hierarchical)                                  
    Elapsed: 0.000s  Memory: 443.00M                                            
"not_inside" in: sky130A_mr.drc:479                                             
    Polygons (raw): 0 (flat)  0 (hierarchical)                                  
    Elapsed: 0.000s  Memory: 443.00M                                            
"edges" in: sky130A_mr.drc:480                                                  
    Edges: 0 (flat)  0 (hierarchical)                                           
    Elapsed: 0.000s  Memory: 443.00M                                            
"&" in: sky130A_mr.drc:481                                                      
    Edges: 0 (flat)  0 (hierarchical)                                           
    Elapsed: 0.000s  Memory: 443.00M                                            
"output" in: sky130A_mr.drc:482                                                 
    Edges: 0 (flat)  0 (hierarchical)                                           
    Elapsed: 0.000s  Memory: 443.00M                                            
END: 80/20 (thkox)                                                              
START: 66/20 (poly)                                                             
"width" in: sky130A_mr.drc:487                                                  
    Edge pairs: 0 (flat)  0 (hierarchical)                                      
    Elapsed: 0.010s  Memory: 443.00M                                            
"output" in: sky130A_mr.drc:487                                                 
    Edge pairs: 0 (flat)  0 (hierarchical)                                      
    Elapsed: 0.000s  Memory: 443.00M                                            
"-" in: sky130A_mr.drc:492                                                      
    Polygons (raw): 4046 (flat)  383 (hierarchical)                             
    Elapsed: 0.000s  Memory: 443.00M                                            
"space" in: sky130A_mr.drc:493                                                  
    Edge pairs: 0 (flat)  0 (hierarchical)                                      
    Elapsed: 0.020s  Memory: 443.00M                                            
"output" in: sky130A_mr.drc:494                                                 
    Edge pairs: 0 (flat)  0 (hierarchical)                                      
    Elapsed: 0.000s  Memory: 443.00M                                            
"inside" in: sky130A_mr.drc:495                                                 
    Polygons (raw): 0 (flat)  0 (hierarchical)                                  
    Elapsed: 0.000s  Memory: 443.00M                                            
"drc" in: sky130A_mr.drc:495                                                    
    Edge pairs: 0 (flat)  0 (hierarchical)                                      
    Elapsed: 0.010s  Memory: 444.00M                                            
"polygons" in: sky130A_mr.drc:495                                               
    Polygons (raw): 0 (flat)  0 (hierarchical)                                  
    Elapsed: 0.000s  Memory: 444.00M                                            
"interacting" in: sky130A_mr.drc:497                                            
    Polygons (raw): 0 (flat)  0 (hierarchical)                                  
    Elapsed: 0.000s  Memory: 444.00M                                            
"isolated" in: sky130A_mr.drc:498                                               
    Edge pairs: 0 (flat)  0 (hierarchical)                                      
    Elapsed: 0.010s  Memory: 444.00M                                            
"output" in: sky130A_mr.drc:499                                                 
    Edge pairs: 0 (flat)  0 (hierarchical)                                      
    Elapsed: 0.000s  Memory: 444.00M                                            
END: 66/20 (poly)                                                               
START: 80/20 (ldntm)                                                            
"&" in: sky130A_mr.drc:504                                                      
    Polygons (raw): 0 (flat)  0 (hierarchical)                                  
    Elapsed: 0.000s  Memory: 444.00M                                            
"width" in: sky130A_mr.drc:505                                                  
    Edge pairs: 0 (flat)  0 (hierarchical)                                      
    Elapsed: 0.000s  Memory: 444.00M                                            
"output" in: sky130A_mr.drc:505                                                 
    Edge pairs: 0 (flat)  0 (hierarchical)                                      
    Elapsed: 0.000s  Memory: 444.00M                                            
"space" in: sky130A_mr.drc:509                                                  
    Edge pairs: 0 (flat)  0 (hierarchical)                                      
    Elapsed: 0.000s  Memory: 444.00M                                            
"output" in: sky130A_mr.drc:509                                                 
    Edge pairs: 0 (flat)  0 (hierarchical)                                      
    Elapsed: 0.000s  Memory: 444.00M                                            
END: 80/20 (ldntm)                                                              
START: 86/20 (rpm)                                                              
"width" in: sky130A_mr.drc:517                                                  
    Edge pairs: 0 (flat)  0 (hierarchical)                                      
    Elapsed: 0.000s  Memory: 444.00M                                            
"output" in: sky130A_mr.drc:517                                                 
    Edge pairs: 0 (flat)  0 (hierarchical)                                      
    Elapsed: 0.000s  Memory: 444.00M                                            
"space" in: sky130A_mr.drc:521                                                  
    Edge pairs: 0 (flat)  0 (hierarchical)                                      
    Elapsed: 0.000s  Memory: 444.00M                                            
"output" in: sky130A_mr.drc:521                                                 
    Edge pairs: 0 (flat)  0 (hierarchical)                                      
    Elapsed: 0.000s  Memory: 444.00M                                            
END: 86/20 (rpm)                                                                
START: 74/20 (rdl)                                                              
"width" in: sky130A_mr.drc:529                                                  
    Edge pairs: 0 (flat)  0 (hierarchical)                                      
    Elapsed: 0.000s  Memory: 444.00M                                            
"output" in: sky130A_mr.drc:529                                                 
    Edge pairs: 0 (flat)  0 (hierarchical)                                      
    Elapsed: 0.000s  Memory: 444.00M                                            
"space" in: sky130A_mr.drc:530                                                  
    Edge pairs: 0 (flat)  0 (hierarchical)                                      
    Elapsed: 0.000s  Memory: 444.00M                                            
"output" in: sky130A_mr.drc:530                                                 
    Edge pairs: 0 (flat)  0 (hierarchical)                                      
    Elapsed: 0.000s  Memory: 444.00M                                            
"output" in: sky130A_mr.drc:531                                                 
    Polygons (raw): 0 (flat)  0 (hierarchical)                                  
    Elapsed: 0.000s  Memory: 444.00M                                            
END: 74/20 (rdl)                                                                
START: 79/20 (urpm)                                                             
"width" in: sky130A_mr.drc:536                                                  
    Edge pairs: 0 (flat)  0 (hierarchical)                                      
    Elapsed: 0.000s  Memory: 444.00M                                            
"output" in: sky130A_mr.drc:536                                                 
    Edge pairs: 0 (flat)  0 (hierarchical)                                      
    Elapsed: 0.000s  Memory: 444.00M                                            
"space" in: sky130A_mr.drc:540                                                  
    Edge pairs: 0 (flat)  0 (hierarchical)                                      
    Elapsed: 0.000s  Memory: 444.00M                                            
"output" in: sky130A_mr.drc:540                                                 
    Edge pairs: 0 (flat)  0 (hierarchical)                                      
    Elapsed: 0.000s  Memory: 444.00M                                            
END: 79/20 (urpm)                                                               
START: 95/20 (npc)                                                              
"width" in: sky130A_mr.drc:548                                                  
    Edge pairs: 0 (flat)  0 (hierarchical)                                      
    Elapsed: 0.010s  Memory: 444.00M                                            
"output" in: sky130A_mr.drc:548                                                 
    Edge pairs: 0 (flat)  0 (hierarchical)                                      
    Elapsed: 0.010s  Memory: 444.00M                                            
"space" in: sky130A_mr.drc:549                                                  
    Edge pairs: 0 (flat)  0 (hierarchical)                                      
    Elapsed: 0.020s  Memory: 444.00M                                            
"output" in: sky130A_mr.drc:549                                                 
    Edge pairs: 0 (flat)  0 (hierarchical)                                      
    Elapsed: 0.000s  Memory: 444.00M                                            
END: 95/20 (npc)                                                                
START: 93/44 (nsdm)                                                             
"-" in: sky130A_mr.drc:600                                                      
    Polygons (raw): 1861 (flat)  60 (hierarchical)                              
    Elapsed: 0.000s  Memory: 444.00M                                            
"space" in: sky130A_mr.drc:601                                                  
    Edge pairs: 0 (flat)  0 (hierarchical)                                      
    Elapsed: 0.050s  Memory: 444.00M                                            
"output" in: sky130A_mr.drc:602                                                 
    Edge pairs: 0 (flat)  0 (hierarchical)                                      
    Elapsed: 0.000s  Memory: 444.00M                                            
"outside" in: sky130A_mr.drc:604                                                
    Polygons (raw): 1861 (flat)  60 (hierarchical)                              
    Elapsed: 0.000s  Memory: 444.00M                                            
"width" in: sky130A_mr.drc:605                                                  
    Edge pairs: 0 (flat)  0 (hierarchical)                                      
    Elapsed: 0.020s  Memory: 444.00M                                            
"output" in: sky130A_mr.drc:606                                                 
    Edge pairs: 0 (flat)  0 (hierarchical)                                      
    Elapsed: 0.000s  Memory: 444.00M                                            
"width" in: sky130A_mr.drc:608                                                  
    Edge pairs: 0 (flat)  0 (hierarchical)                                      
    Elapsed: 0.010s  Memory: 444.00M                                            
"polygons" in: sky130A_mr.drc:608                                               
    Polygons (raw): 0 (flat)  0 (hierarchical)                                  
    Elapsed: 0.000s  Memory: 444.00M                                            
"interacting" in: sky130A_mr.drc:608                                            
    Polygons (raw): 0 (flat)  0 (hierarchical)                                  
    Elapsed: 0.000s  Memory: 444.00M                                            
"edges" in: sky130A_mr.drc:610                                                  
    Edges: 0 (flat)  0 (hierarchical)                                           
    Elapsed: 0.000s  Memory: 444.00M                                            
"outside_part" in: sky130A_mr.drc:610                                           
    Edges: 0 (flat)  0 (hierarchical)                                           
    Elapsed: 0.000s  Memory: 444.00M                                            
"interacting" in: sky130A_mr.drc:609                                            
    Polygons (raw): 0 (flat)  0 (hierarchical)                                  
    Elapsed: 0.000s  Memory: 444.00M                                            
"output" in: sky130A_mr.drc:611                                                 
    Polygons (raw): 0 (flat)  0 (hierarchical)                                  
    Elapsed: 0.000s  Memory: 444.00M                                            
"space" in: sky130A_mr.drc:613                                                  
    Edge pairs: 0 (flat)  0 (hierarchical)                                      
    Elapsed: 0.050s  Memory: 445.00M                                            
"polygons" in: sky130A_mr.drc:613                                               
    Polygons (raw): 0 (flat)  0 (hierarchical)                                  
    Elapsed: 0.000s  Memory: 445.00M                                            
"interacting" in: sky130A_mr.drc:613                                            
    Polygons (raw): 0 (flat)  0 (hierarchical)                                  
    Elapsed: 0.000s  Memory: 445.00M                                            
"edges" in: sky130A_mr.drc:615                                                  
    Edges: 0 (flat)  0 (hierarchical)                                           
    Elapsed: 0.000s  Memory: 445.00M                                            
"outside_part" in: sky130A_mr.drc:615                                           
    Edges: 0 (flat)  0 (hierarchical)                                           
    Elapsed: 0.000s  Memory: 445.00M                                            
"interacting" in: sky130A_mr.drc:614                                            
    Polygons (raw): 0 (flat)  0 (hierarchical)                                  
    Elapsed: 0.000s  Memory: 445.00M                                            
"output" in: sky130A_mr.drc:616                                                 
    Polygons (raw): 0 (flat)  0 (hierarchical)                                  
    Elapsed: 0.000s  Memory: 445.00M                                            
"inside" in: sky130A_mr.drc:618                                                 
    Polygons (raw): 0 (flat)  0 (hierarchical)                                  
    Elapsed: 0.010s  Memory: 445.00M                                            
"width" in: sky130A_mr.drc:619                                                  
    Edge pairs: 0 (flat)  0 (hierarchical)                                      
    Elapsed: 0.000s  Memory: 445.00M                                            
"output" in: sky130A_mr.drc:620                                                 
    Edge pairs: 0 (flat)  0 (hierarchical)                                      
    Elapsed: 0.000s  Memory: 445.00M                                            
"inside" in: sky130A_mr.drc:622                                                 
    Polygons (raw): 0 (flat)  0 (hierarchical)                                  
    Elapsed: 0.000s  Memory: 445.00M                                            
"space" in: sky130A_mr.drc:623                                                  
    Edge pairs: 0 (flat)  0 (hierarchical)                                      
    Elapsed: 0.000s  Memory: 445.00M                                            
"output" in: sky130A_mr.drc:624                                                 
    Edge pairs: 0 (flat)  0 (hierarchical)                                      
    Elapsed: 0.000s  Memory: 445.00M                                            
"inside" in: sky130A_mr.drc:626                                                 
    Polygons (raw): 0 (flat)  0 (hierarchical)                                  
    Elapsed: 0.000s  Memory: 445.00M                                            
"space" in: sky130A_mr.drc:627                                                  
    Edge pairs: 0 (flat)  0 (hierarchical)                                      
    Elapsed: 0.000s  Memory: 445.00M                                            
"with_internal_angle" in: sky130A_mr.drc:628                                    
    Edge pairs: 0 (flat)  0 (hierarchical)                                      
    Elapsed: 0.000s  Memory: 445.00M                                            
"output" in: sky130A_mr.drc:629                                                 
    Edge pairs: 0 (flat)  0 (hierarchical)                                      
    Elapsed: 0.000s  Memory: 445.00M                                            
END: 93/44 (nsdm)                                                               
START: 94/20 (psdm)                                                             
"-" in: sky130A_mr.drc:689                                                      
    Polygons (raw): 1861 (flat)  60 (hierarchical)                              
    Elapsed: 0.000s  Memory: 445.00M                                            
"space" in: sky130A_mr.drc:690                                                  
    Edge pairs: 0 (flat)  0 (hierarchical)                                      
    Elapsed: 0.070s  Memory: 445.00M                                            
"output" in: sky130A_mr.drc:691                                                 
    Edge pairs: 0 (flat)  0 (hierarchical)                                      
    Elapsed: 0.000s  Memory: 445.00M                                            
"outside" in: sky130A_mr.drc:693                                                
    Polygons (raw): 1861 (flat)  60 (hierarchical)                              
    Elapsed: 0.000s  Memory: 445.00M                                            
"width" in: sky130A_mr.drc:694                                                  
    Edge pairs: 0 (flat)  0 (hierarchical)                                      
    Elapsed: 0.020s  Memory: 445.00M                                            
"output" in: sky130A_mr.drc:695                                                 
    Edge pairs: 0 (flat)  0 (hierarchical)                                      
    Elapsed: 0.020s  Memory: 445.00M                                            
"width" in: sky130A_mr.drc:697                                                  
    Edge pairs: 0 (flat)  0 (hierarchical)                                      
    Elapsed: 0.020s  Memory: 445.00M                                            
"polygons" in: sky130A_mr.drc:697                                               
    Polygons (raw): 0 (flat)  0 (hierarchical)                                  
    Elapsed: 0.000s  Memory: 445.00M                                            
"interacting" in: sky130A_mr.drc:697                                            
    Polygons (raw): 0 (flat)  0 (hierarchical)                                  
    Elapsed: 0.000s  Memory: 445.00M                                            
"edges" in: sky130A_mr.drc:699                                                  
    Edges: 0 (flat)  0 (hierarchical)                                           
    Elapsed: 0.000s  Memory: 445.00M                                            
"outside_part" in: sky130A_mr.drc:699                                           
    Edges: 0 (flat)  0 (hierarchical)                                           
    Elapsed: 0.000s  Memory: 445.00M                                            
"interacting" in: sky130A_mr.drc:698                                            
    Polygons (raw): 0 (flat)  0 (hierarchical)                                  
    Elapsed: 0.000s  Memory: 445.00M                                            
"output" in: sky130A_mr.drc:700                                                 
    Polygons (raw): 0 (flat)  0 (hierarchical)                                  
    Elapsed: 0.000s  Memory: 445.00M                                            
"space" in: sky130A_mr.drc:702                                                  
    Edge pairs: 0 (flat)  0 (hierarchical)                                      
    Elapsed: 0.060s  Memory: 445.00M                                            
"polygons" in: sky130A_mr.drc:702                                               
    Polygons (raw): 0 (flat)  0 (hierarchical)                                  
    Elapsed: 0.000s  Memory: 445.00M                                            
"interacting" in: sky130A_mr.drc:702                                            
    Polygons (raw): 0 (flat)  0 (hierarchical)                                  
    Elapsed: 0.000s  Memory: 445.00M                                            
"edges" in: sky130A_mr.drc:704                                                  
    Edges: 0 (flat)  0 (hierarchical)                                           
    Elapsed: 0.000s  Memory: 445.00M                                            
"outside_part" in: sky130A_mr.drc:704                                           
    Edges: 0 (flat)  0 (hierarchical)                                           
    Elapsed: 0.000s  Memory: 445.00M                                            
"interacting" in: sky130A_mr.drc:703                                            
    Polygons (raw): 0 (flat)  0 (hierarchical)                                  
    Elapsed: 0.000s  Memory: 445.00M                                            
"output" in: sky130A_mr.drc:705                                                 
    Polygons (raw): 0 (flat)  0 (hierarchical)                                  
    Elapsed: 0.000s  Memory: 445.00M                                            
"inside" in: sky130A_mr.drc:707                                                 
    Polygons (raw): 0 (flat)  0 (hierarchical)                                  
    Elapsed: 0.000s  Memory: 445.00M                                            
"width" in: sky130A_mr.drc:708                                                  
    Edge pairs: 0 (flat)  0 (hierarchical)                                      
    Elapsed: 0.000s  Memory: 445.00M                                            
"output" in: sky130A_mr.drc:709                                                 
    Edge pairs: 0 (flat)  0 (hierarchical)                                      
    Elapsed: 0.000s  Memory: 445.00M                                            
"inside" in: sky130A_mr.drc:711                                                 
    Polygons (raw): 0 (flat)  0 (hierarchical)                                  
    Elapsed: 0.000s  Memory: 445.00M                                            
"space" in: sky130A_mr.drc:712                                                  
    Edge pairs: 0 (flat)  0 (hierarchical)                                      
    Elapsed: 0.000s  Memory: 445.00M                                            
"output" in: sky130A_mr.drc:713                                                 
    Edge pairs: 0 (flat)  0 (hierarchical)                                      
    Elapsed: 0.000s  Memory: 445.00M                                            
"inside" in: sky130A_mr.drc:715                                                 
    Polygons (raw): 0 (flat)  0 (hierarchical)                                  
    Elapsed: 0.000s  Memory: 445.00M                                            
"space" in: sky130A_mr.drc:716                                                  
    Edge pairs: 0 (flat)  0 (hierarchical)                                      
    Elapsed: 0.000s  Memory: 445.00M                                            
"with_internal_angle" in: sky130A_mr.drc:717                                    
    Edge pairs: 0 (flat)  0 (hierarchical)                                      
    Elapsed: 0.000s  Memory: 445.00M                                            
"output" in: sky130A_mr.drc:718                                                 
    Edge pairs: 0 (flat)  0 (hierarchical)                                      
    Elapsed: 0.000s  Memory: 445.00M                                            
"&" in: sky130A_mr.drc:723                                                      
    Polygons (raw): 0 (flat)  0 (hierarchical)                                  
    Elapsed: 0.010s  Memory: 445.00M                                            
"&" in: sky130A_mr.drc:724                                                      
    Polygons (raw): 0 (flat)  0 (hierarchical)                                  
    Elapsed: 0.000s  Memory: 445.00M                                            
"output" in: sky130A_mr.drc:725                                                 
    Polygons (raw): 0 (flat)  0 (hierarchical)                                  
    Elapsed: 0.010s  Memory: 445.00M                                            
END: 94/20 (psdm)                                                               
START: 66/44 (licon)                                                            
"&" in: sky130A_mr.drc:735                                                      
    Polygons (raw): 0 (flat)  0 (hierarchical)                                  
    Elapsed: 0.000s  Memory: 445.00M                                            
"&" in: sky130A_mr.drc:736                                                      
    Polygons (raw): 0 (flat)  0 (hierarchical)                                  
    Elapsed: 0.000s  Memory: 445.00M                                            
"&" in: sky130A_mr.drc:736                                                      
    Polygons (raw): 0 (flat)  0 (hierarchical)                                  
    Elapsed: 0.000s  Memory: 445.00M                                            
"outside" in: sky130A_mr.drc:737                                                
    Polygons (raw): 17451 (flat)  1936 (hierarchical)                           
    Elapsed: 0.000s  Memory: 445.00M                                            
"drc" in: sky130A_mr.drc:739                                                    
    Polygons (raw): 0 (flat)  0 (hierarchical)                                  
    Elapsed: 0.020s  Memory: 446.00M                                            
"-" in: sky130A_mr.drc:740                                                      
    Polygons (raw): 17451 (flat)  1936 (hierarchical)                           
    Elapsed: 0.000s  Memory: 446.00M                                            
"non_rectangles" in: sky130A_mr.drc:744                                         
    Polygons (raw): 0 (flat)  0 (hierarchical)                                  
    Elapsed: 0.020s  Memory: 446.00M                                            
"output" in: sky130A_mr.drc:744                                                 
    Polygons (raw): 0 (flat)  0 (hierarchical)                                  
    Elapsed: 0.000s  Memory: 446.00M                                            
"|" in: sky130A_mr.drc:748                                                      
    Polygons (raw): 0 (flat)  0 (hierarchical)                                  
    Elapsed: 0.000s  Memory: 446.00M                                            
"&" in: sky130A_mr.drc:748                                                      
    Polygons (raw): 0 (flat)  0 (hierarchical)                                  
    Elapsed: 0.000s  Memory: 446.00M                                            
"interacting" in: sky130A_mr.drc:748                                            
    Polygons (raw): 0 (flat)  0 (hierarchical)                                  
    Elapsed: 0.000s  Memory: 446.00M                                            
"&" in: sky130A_mr.drc:748                                                      
    Polygons (raw): 0 (flat)  0 (hierarchical)                                  
    Elapsed: 0.000s  Memory: 446.00M                                            
"-" in: sky130A_mr.drc:749                                                      
    Polygons (raw): 17451 (flat)  1936 (hierarchical)                           
    Elapsed: 0.000s  Memory: 446.00M                                            
"space" in: sky130A_mr.drc:749                                                  
    Edge pairs: 0 (flat)  0 (hierarchical)                                      
    Elapsed: 0.010s  Memory: 446.00M                                            
"output" in: sky130A_mr.drc:749                                                 
    Edge pairs: 0 (flat)  0 (hierarchical)                                      
    Elapsed: 0.000s  Memory: 446.00M                                            
"-" in: sky130A_mr.drc:753                                                      
    Polygons (raw): 17451 (flat)  1936 (hierarchical)                           
    Elapsed: 0.000s  Memory: 446.00M                                            
"drc" in: sky130A_mr.drc:754                                                    
    Edges: 0 (flat)  0 (hierarchical)                                           
    Elapsed: 0.030s  Memory: 446.00M                                            
"output" in: sky130A_mr.drc:754                                                 
    Edges: 0 (flat)  0 (hierarchical)                                           
    Elapsed: 0.000s  Memory: 446.00M                                            
"&" in: sky130A_mr.drc:759                                                      
    Polygons (raw): 13540 (flat)  1556 (hierarchical)                           
    Elapsed: 0.020s  Memory: 446.00M                                            
"separation" in: sky130A_mr.drc:760                                             
    Edge pairs: 0 (flat)  0 (hierarchical)                                      
    Elapsed: 0.020s  Memory: 446.00M                                            
"output" in: sky130A_mr.drc:761                                                 
    Edge pairs: 0 (flat)  0 (hierarchical)                                      
    Elapsed: 0.000s  Memory: 446.00M                                            
"&" in: sky130A_mr.drc:766                                                      
    Polygons (raw): 13540 (flat)  1556 (hierarchical)                           
    Elapsed: 0.020s  Memory: 446.00M                                            
"&" in: sky130A_mr.drc:767                                                      
    Polygons (raw): 0 (flat)  0 (hierarchical)                                  
    Elapsed: 0.010s  Memory: 446.00M                                            
"output" in: sky130A_mr.drc:768                                                 
    Polygons (raw): 0 (flat)  0 (hierarchical)                                  
    Elapsed: 0.000s  Memory: 446.00M                                            
"&" in: sky130A_mr.drc:773                                                      
    Polygons (raw): 3911 (flat)  380 (hierarchical)                             
    Elapsed: 0.020s  Memory: 446.00M                                            
"&" in: sky130A_mr.drc:774                                                      
    Polygons (raw): 0 (flat)  0 (hierarchical)                                  
    Elapsed: 0.020s  Memory: 446.00M                                            
"output" in: sky130A_mr.drc:775                                                 
    Polygons (raw): 0 (flat)  0 (hierarchical)                                  
    Elapsed: 0.000s  Memory: 446.00M                                            
"-" in: sky130A_mr.drc:779                                                      
    Polygons (raw): 9140 (flat)  1066 (hierarchical)                            
    Elapsed: 0.020s  Memory: 446.00M                                            
"&" in: sky130A_mr.drc:780                                                      
    Polygons (raw): 13540 (flat)  1556 (hierarchical)                           
    Elapsed: 0.020s  Memory: 446.00M                                            
"interacting" in: sky130A_mr.drc:780                                            
    Polygons (raw): 13540 (flat)  1556 (hierarchical)                           
    Elapsed: 0.020s  Memory: 446.00M                                            
"-" in: sky130A_mr.drc:782                                                      
    Polygons (raw): 3911 (flat)  380 (hierarchical)                             
    Elapsed: 0.020s  Memory: 446.00M                                            
"-" in: sky130A_mr.drc:782                                                      
    Polygons (raw): 3911 (flat)  380 (hierarchical)                             
    Elapsed: 0.010s  Memory: 446.00M                                            
"&" in: sky130A_mr.drc:782                                                      
    Polygons (raw): 3911 (flat)  380 (hierarchical)                             
    Elapsed: 0.020s  Memory: 446.00M                                            
"interacting" in: sky130A_mr.drc:782                                            
    Polygons (raw): 3911 (flat)  380 (hierarchical)                             
    Elapsed: 0.020s  Memory: 446.00M                                            
"&" in: sky130A_mr.drc:783                                                      
    Polygons (raw): 0 (flat)  0 (hierarchical)                                  
    Elapsed: 0.000s  Memory: 446.00M                                            
"enclosing" in: sky130A_mr.drc:784                                              
    Edge pairs: 0 (flat)  0 (hierarchical)                                      
    Elapsed: 0.000s  Memory: 446.00M                                            
"output" in: sky130A_mr.drc:784                                                 
    Edge pairs: 0 (flat)  0 (hierarchical)                                      
    Elapsed: 0.000s  Memory: 446.00M                                            
"-" in: sky130A_mr.drc:788                                                      
    Polygons (raw): 0 (flat)  0 (hierarchical)                                  
    Elapsed: 0.000s  Memory: 446.00M                                            
"output" in: sky130A_mr.drc:788                                                 
    Polygons (raw): 0 (flat)  0 (hierarchical)                                  
    Elapsed: 0.000s  Memory: 446.00M                                            
END: 66/44 (licon)                                                              
START: 61/20 (nsm)                                                              
"space" in: sky130A_mr.drc:796                                                  
    Edge pairs: 0 (flat)  0 (hierarchical)                                      
    Elapsed: 0.000s  Memory: 446.00M                                            
"output" in: sky130A_mr.drc:796                                                 
    Edge pairs: 0 (flat)  0 (hierarchical)                                      
    Elapsed: 0.000s  Memory: 446.00M                                            
"width" in: sky130A_mr.drc:797                                                  
    Edge pairs: 0 (flat)  0 (hierarchical)                                      
    Elapsed: 0.000s  Memory: 446.00M                                            
"output" in: sky130A_mr.drc:797                                                 
    Edge pairs: 0 (flat)  0 (hierarchical)                                      
    Elapsed: 0.000s  Memory: 446.00M                                            
END: 61/20 (nsm)                                                                
START: 89/44 (capm)                                                             
"width" in: sky130A_mr.drc:802                                                  
    Edge pairs: 0 (flat)  0 (hierarchical)                                      
    Elapsed: 0.000s  Memory: 446.00M                                            
"output" in: sky130A_mr.drc:802                                                 
    Edge pairs: 0 (flat)  0 (hierarchical)                                      
    Elapsed: 0.000s  Memory: 446.00M                                            
"space" in: sky130A_mr.drc:806                                                  
    Edge pairs: 0 (flat)  0 (hierarchical)                                      
    Elapsed: 0.000s  Memory: 446.00M                                            
"output" in: sky130A_mr.drc:806                                                 
    Edge pairs: 0 (flat)  0 (hierarchical)                                      
    Elapsed: 0.000s  Memory: 446.00M                                            
"&" in: sky130A_mr.drc:810                                                      
    Polygons (raw): 0 (flat)  0 (hierarchical)                                  
    Elapsed: 0.000s  Memory: 446.00M                                            
"sized" in: sky130A_mr.drc:810                                                  
    Polygons (raw): 0 (flat)  0 (hierarchical)                                  
    Elapsed: 0.000s  Memory: 446.00M                                            
"isolated" in: sky130A_mr.drc:812                                               
    Edge pairs: 0 (flat)  0 (hierarchical)                                      
    Elapsed: 0.000s  Memory: 446.00M                                            
"polygons" in: sky130A_mr.drc:813                                               
    Polygons (raw): 0 (flat)  0 (hierarchical)                                  
    Elapsed: 0.000s  Memory: 446.00M                                            
"-" in: sky130A_mr.drc:814                                                      
    Polygons (raw): 0 (flat)  0 (hierarchical)                                  
    Elapsed: 0.000s  Memory: 446.00M                                            
"output" in: sky130A_mr.drc:815                                                 
    Polygons (raw): 0 (flat)  0 (hierarchical)                                  
    Elapsed: 0.000s  Memory: 446.00M                                            
"not_interacting" in: sky130A_mr.drc:816                                        
    Polygons (raw): 112 (flat)  112 (hierarchical)                              
    Elapsed: 0.000s  Memory: 446.00M                                            
"separation" in: sky130A_mr.drc:816                                             
    Edge pairs: 0 (flat)  0 (hierarchical)                                      
    Elapsed: 0.000s  Memory: 446.00M                                            
"output" in: sky130A_mr.drc:820                                                 
    Edge pairs: 0 (flat)  0 (hierarchical)                                      
    Elapsed: 0.000s  Memory: 446.00M                                            
"enclosing" in: sky130A_mr.drc:825                                              
    Edge pairs: 0 (flat)  0 (hierarchical)                                      
    Elapsed: 0.000s  Memory: 446.00M                                            
"output" in: sky130A_mr.drc:825                                                 
    Edge pairs: 0 (flat)  0 (hierarchical)                                      
    Elapsed: 0.000s  Memory: 446.00M                                            
"enclosing" in: sky130A_mr.drc:829                                              
    Edge pairs: 0 (flat)  0 (hierarchical)                                      
    Elapsed: 0.000s  Memory: 446.00M                                            
"output" in: sky130A_mr.drc:829                                                 
    Edge pairs: 0 (flat)  0 (hierarchical)                                      
    Elapsed: 0.000s  Memory: 446.00M                                            
"separation" in: sky130A_mr.drc:833                                             
    Edge pairs: 0 (flat)  0 (hierarchical)                                      
    Elapsed: 0.010s  Memory: 446.00M                                            
"output" in: sky130A_mr.drc:833                                                 
    Edge pairs: 0 (flat)  0 (hierarchical)                                      
    Elapsed: 0.000s  Memory: 446.00M                                            
"not_interacting" in: sky130A_mr.drc:837                                        
    Polygons (raw): 112 (flat)  112 (hierarchical)                              
    Elapsed: 0.000s  Memory: 446.00M                                            
"separation" in: sky130A_mr.drc:837                                             
    Edge pairs: 0 (flat)  0 (hierarchical)                                      
    Elapsed: 0.000s  Memory: 446.00M                                            
"output" in: sky130A_mr.drc:837                                                 
    Edge pairs: 0 (flat)  0 (hierarchical)                                      
    Elapsed: 0.000s  Memory: 446.00M                                            
END: 89/44 (capm)                                                               
START: 97/44 (cap2m)                                                            
"width" in: sky130A_mr.drc:845                                                  
    Edge pairs: 0 (flat)  0 (hierarchical)                                      
    Elapsed: 0.000s  Memory: 446.00M                                            
"output" in: sky130A_mr.drc:845                                                 
    Edge pairs: 0 (flat)  0 (hierarchical)                                      
    Elapsed: 0.000s  Memory: 446.00M                                            
"space" in: sky130A_mr.drc:849                                                  
    Edge pairs: 0 (flat)  0 (hierarchical)                                      
    Elapsed: 0.000s  Memory: 446.00M                                            
"output" in: sky130A_mr.drc:849                                                 
    Edge pairs: 0 (flat)  0 (hierarchical)                                      
    Elapsed: 0.000s  Memory: 446.00M                                            
"interacting" in: sky130A_mr.drc:854                                            
    Polygons (raw): 0 (flat)  0 (hierarchical)                                  
    Elapsed: 0.000s  Memory: 446.00M                                            
"isolated" in: sky130A_mr.drc:855                                               
    Edge pairs: 0 (flat)  0 (hierarchical)                                      
    Elapsed: 0.000s  Memory: 446.00M                                            
"output" in: sky130A_mr.drc:856                                                 
    Edge pairs: 0 (flat)  0 (hierarchical)                                      
    Elapsed: 0.010s  Memory: 446.00M                                            
"interacting" in: sky130A_mr.drc:857                                            
    Polygons (raw): 0 (flat)  0 (hierarchical)                                  
    Elapsed: 0.000s  Memory: 446.00M                                            
"isolated" in: sky130A_mr.drc:857                                               
    Edge pairs: 0 (flat)  0 (hierarchical)                                      
    Elapsed: 0.000s  Memory: 446.00M                                            
"output" in: sky130A_mr.drc:857                                                 
    Edge pairs: 0 (flat)  0 (hierarchical)                                      
    Elapsed: 0.000s  Memory: 446.00M                                            
"&" in: sky130A_mr.drc:862                                                      
    Polygons (raw): 0 (flat)  0 (hierarchical)                                  
    Elapsed: 0.000s  Memory: 446.00M                                            
"enclosing" in: sky130A_mr.drc:863                                              
    Edge pairs: 0 (flat)  0 (hierarchical)                                      
    Elapsed: 0.030s  Memory: 446.00M                                            
"output" in: sky130A_mr.drc:864                                                 
    Edge pairs: 0 (flat)  0 (hierarchical)                                      
    Elapsed: 0.000s  Memory: 446.00M                                            
"enclosing" in: sky130A_mr.drc:865                                              
    Edge pairs: 0 (flat)  0 (hierarchical)                                      
    Elapsed: 0.000s  Memory: 446.00M                                            
"output" in: sky130A_mr.drc:865                                                 
    Edge pairs: 0 (flat)  0 (hierarchical)                                      
    Elapsed: 0.000s  Memory: 446.00M                                            
"enclosing" in: sky130A_mr.drc:869                                              
    Edge pairs: 0 (flat)  0 (hierarchical)                                      
    Elapsed: 0.000s  Memory: 446.00M                                            
"output" in: sky130A_mr.drc:869                                                 
    Edge pairs: 0 (flat)  0 (hierarchical)                                      
    Elapsed: 0.010s  Memory: 446.00M                                            
"separation" in: sky130A_mr.drc:873                                             
    Edge pairs: 0 (flat)  0 (hierarchical)                                      
    Elapsed: 0.000s  Memory: 446.00M                                            
"output" in: sky130A_mr.drc:873                                                 
    Edge pairs: 0 (flat)  0 (hierarchical)                                      
    Elapsed: 0.000s  Memory: 446.00M                                            
"not_interacting" in: sky130A_mr.drc:877                                        
    Polygons (raw): 6 (flat)  6 (hierarchical)                                  
    Elapsed: 0.000s  Memory: 446.00M                                            
"separation" in: sky130A_mr.drc:877                                             
    Edge pairs: 0 (flat)  0 (hierarchical)                                      
    Elapsed: 0.000s  Memory: 446.00M                                            
"output" in: sky130A_mr.drc:877                                                 
    Edge pairs: 0 (flat)  0 (hierarchical)                                      
    Elapsed: 0.000s  Memory: 446.00M                                            
END: 97/44 (cap2m)                                                              
BEOL section                                                                    
START: 67/20 (li)                                                               
"outside" in: sky130A_mr.drc:890                                                
    Polygons (raw): 7200 (flat)  1575 (hierarchical)                            
    Elapsed: 0.000s  Memory: 446.00M                                            
"interacting" in: sky130A_mr.drc:891                                            
    Polygons (raw): 0 (flat)  0 (hierarchical)                                  
    Elapsed: 0.000s  Memory: 446.00M                                            
"inside" in: sky130A_mr.drc:891                                                 
    Polygons (raw): 0 (flat)  0 (hierarchical)                                  
    Elapsed: 0.000s  Memory: 446.00M                                            
"-" in: sky130A_mr.drc:891                                                      
    Polygons (raw): 0 (flat)  0 (hierarchical)                                  
    Elapsed: 0.000s  Memory: 446.00M                                            
"or" in: sky130A_mr.drc:890                                                     
    Polygons (raw): 1521 (flat)  924 (hierarchical)                             
    Elapsed: 0.060s  Memory: 446.00M                                            
"width" in: sky130A_mr.drc:893                                                  
    Edge pairs: 0 (flat)  0 (hierarchical)                                      
    Elapsed: 0.010s  Memory: 446.00M                                            
"output" in: sky130A_mr.drc:893                                                 
    Edge pairs: 0 (flat)  0 (hierarchical)                                      
    Elapsed: 0.000s  Memory: 446.00M                                            
"space" in: sky130A_mr.drc:897                                                  
    Edge pairs: 0 (flat)  0 (hierarchical)                                      
    Elapsed: 0.100s  Memory: 446.00M                                            
"output" in: sky130A_mr.drc:897                                                 
    Edge pairs: 0 (flat)  0 (hierarchical)                                      
    Elapsed: 0.000s  Memory: 446.00M                                            
"-" in: sky130A_mr.drc:901                                                      
    Polygons (raw): 17451 (flat)  1936 (hierarchical)                           
    Elapsed: 0.000s  Memory: 446.00M                                            
"enclosing" in: sky130A_mr.drc:903                                              
    Edge pairs: 12360 (flat)  9360 (hierarchical)                               
    Elapsed: 0.340s  Memory: 450.00M                                            
"second_edges" in: sky130A_mr.drc:903                                           
    Edges: 12360 (flat)  9360 (hierarchical)                                    
    Elapsed: 0.010s  Memory: 450.00M                                            
"width" in: sky130A_mr.drc:904                                                  
    Edge pairs: 0 (flat)  0 (hierarchical)                                      
    Elapsed: 0.030s  Memory: 450.00M                                            
"polygons" in: sky130A_mr.drc:905                                               
    Polygons (raw): 0 (flat)  0 (hierarchical)                                  
    Elapsed: 0.010s  Memory: 450.00M                                            
"interacting" in: sky130A_mr.drc:905                                            
    Polygons (raw): 0 (flat)  0 (hierarchical)                                  
    Elapsed: 0.000s  Memory: 450.00M                                            
"output" in: sky130A_mr.drc:906                                                 
    Polygons (raw): 0 (flat)  0 (hierarchical)                                  
    Elapsed: 0.000s  Memory: 450.00M                                            
"interacting" in: sky130A_mr.drc:910                                            
    Polygons (raw): 0 (flat)  0 (hierarchical)                                  
    Elapsed: 0.000s  Memory: 450.00M                                            
"-" in: sky130A_mr.drc:910                                                      
    Polygons (raw): 7200 (flat)  1575 (hierarchical)                            
    Elapsed: 0.000s  Memory: 450.00M                                            
"with_area" in: sky130A_mr.drc:911                                              
    Polygons (raw): 0 (flat)  0 (hierarchical)                                  
    Elapsed: 0.060s  Memory: 450.00M                                            
"output" in: sky130A_mr.drc:911                                                 
    Polygons (raw): 0 (flat)  0 (hierarchical)                                  
    Elapsed: 0.000s  Memory: 450.00M                                            
"&" in: sky130A_mr.drc:915                                                      
    Polygons (raw): 0 (flat)  0 (hierarchical)                                  
    Elapsed: 0.000s  Memory: 450.00M                                            
"space" in: sky130A_mr.drc:916                                                  
    Edge pairs: 0 (flat)  0 (hierarchical)                                      
    Elapsed: 0.000s  Memory: 450.00M                                            
"output" in: sky130A_mr.drc:916                                                 
    Edge pairs: 0 (flat)  0 (hierarchical)                                      
    Elapsed: 0.000s  Memory: 450.00M                                            
"width" in: sky130A_mr.drc:920                                                  
    Edge pairs: 0 (flat)  0 (hierarchical)                                      
    Elapsed: 0.000s  Memory: 450.00M                                            
"output" in: sky130A_mr.drc:920                                                 
    Edge pairs: 0 (flat)  0 (hierarchical)                                      
    Elapsed: 0.000s  Memory: 450.00M                                            
END: 67/20 (li)                                                                 
START: 67/13 (li_res)                                                           
"width" in: sky130A_mr.drc:928                                                  
    Edge pairs: 0 (flat)  0 (hierarchical)                                      
    Elapsed: 0.000s  Memory: 450.00M                                            
"output" in: sky130A_mr.drc:928                                                 
    Edge pairs: 0 (flat)  0 (hierarchical)                                      
    Elapsed: 0.000s  Memory: 450.00M                                            
END: 67/13 (li_res)                                                             
START: 67/44 (mcon)                                                             
"-" in: sky130A_mr.drc:936                                                      
    Polygons (raw): 13459 (flat)  1895 (hierarchical)                           
    Elapsed: 0.000s  Memory: 450.00M                                            
"drc" in: sky130A_mr.drc:938                                                    
    Polygons (raw): 0 (flat)  0 (hierarchical)                                  
    Elapsed: 0.080s  Memory: 451.00M                                            
"-" in: sky130A_mr.drc:939                                                      
    Polygons (raw): 13459 (flat)  1895 (hierarchical)                           
    Elapsed: 0.000s  Memory: 451.00M                                            
"outside" in: sky130A_mr.drc:943                                                
    Polygons (raw): 13459 (flat)  1895 (hierarchical)                           
    Elapsed: 0.000s  Memory: 451.00M                                            
"non_rectangles" in: sky130A_mr.drc:944                                         
    Polygons (raw): 0 (flat)  0 (hierarchical)                                  
    Elapsed: 0.070s  Memory: 451.00M                                            
"output" in: sky130A_mr.drc:944                                                 
    Polygons (raw): 0 (flat)  0 (hierarchical)                                  
    Elapsed: 0.000s  Memory: 451.00M                                            
"drc" in: sky130A_mr.drc:949                                                    
    Edge pairs: 0 (flat)  0 (hierarchical)                                      
    Elapsed: 0.090s  Memory: 451.00M                                            
"output" in: sky130A_mr.drc:949                                                 
    Edge pairs: 0 (flat)  0 (hierarchical)                                      
    Elapsed: 0.000s  Memory: 451.00M                                            
"drc" in: sky130A_mr.drc:953                                                    
    Edges: 0 (flat)  0 (hierarchical)                                           
    Elapsed: 0.030s  Memory: 452.00M                                            
"output" in: sky130A_mr.drc:953                                                 
    Edges: 0 (flat)  0 (hierarchical)                                           
    Elapsed: 0.000s  Memory: 452.00M                                            
"space" in: sky130A_mr.drc:957                                                  
    Edge pairs: 0 (flat)  0 (hierarchical)                                      
    Elapsed: 0.140s  Memory: 452.00M                                            
"output" in: sky130A_mr.drc:957                                                 
    Edge pairs: 0 (flat)  0 (hierarchical)                                      
    Elapsed: 0.010s  Memory: 452.00M                                            
"width" in: sky130A_mr.drc:962                                                  
    Edge pairs: 0 (flat)  0 (hierarchical)                                      
    Elapsed: 0.000s  Memory: 452.00M                                            
"output" in: sky130A_mr.drc:962                                                 
    Edge pairs: 0 (flat)  0 (hierarchical)                                      
    Elapsed: 0.000s  Memory: 452.00M                                            
"drc" in: sky130A_mr.drc:966                                                    
    Edge pairs: 0 (flat)  0 (hierarchical)                                      
    Elapsed: 0.000s  Memory: 452.00M                                            
"output" in: sky130A_mr.drc:966                                                 
    Edge pairs: 0 (flat)  0 (hierarchical)                                      
    Elapsed: 0.020s  Memory: 452.00M                                            
"-" in: sky130A_mr.drc:970                                                      
    Polygons (raw): 0 (flat)  0 (hierarchical)                                  
    Elapsed: 0.010s  Memory: 452.00M                                            
"output" in: sky130A_mr.drc:970                                                 
    Polygons (raw): 0 (flat)  0 (hierarchical)                                  
    Elapsed: 0.000s  Memory: 452.00M                                            
"-" in: sky130A_mr.drc:975                                                      
    Polygons (raw): 0 (flat)  0 (hierarchical)                                  
    Elapsed: 0.130s  Memory: 452.00M                                            
"output" in: sky130A_mr.drc:975                                                 
    Polygons (raw): 0 (flat)  0 (hierarchical)                                  
    Elapsed: 0.000s  Memory: 452.00M                                            
END: 67/44 (mcon)                                                               
START: 68/20 (m1)                                                               
"width" in: sky130A_mr.drc:980                                                  
    Edge pairs: 0 (flat)  0 (hierarchical)                                      
    Elapsed: 0.050s  Memory: 452.00M                                            
"output" in: sky130A_mr.drc:980                                                 
    Edge pairs: 0 (flat)  0 (hierarchical)                                      
    Elapsed: 0.000s  Memory: 452.00M                                            
"sized" in: sky130A_mr.drc:981                                                  
    Polygons (raw): 0 (flat)  0 (hierarchical)                                  
    Elapsed: 0.010s  Memory: 452.00M                                            
"sized" in: sky130A_mr.drc:981                                                  
    Polygons (raw): 0 (flat)  0 (hierarchical)                                  
    Elapsed: 0.000s  Memory: 452.00M                                            
"snap" in: sky130A_mr.drc:981                                                   
    Polygons (raw): 0 (flat)  0 (hierarchical)                                  
    Elapsed: 0.000s  Memory: 452.00M                                            
"&" in: sky130A_mr.drc:981                                                      
    Polygons (raw): 0 (flat)  0 (hierarchical)                                  
    Elapsed: 0.000s  Memory: 452.00M                                            
"edges" in: sky130A_mr.drc:982                                                  
    Edges: 9326 (flat)  8110 (hierarchical)                                     
    Elapsed: 0.000s  Memory: 452.00M                                            
"-" in: sky130A_mr.drc:982                                                      
    Edges: 9326 (flat)  8110 (hierarchical)                                     
    Elapsed: 0.000s  Memory: 452.00M                                            
"edges" in: sky130A_mr.drc:983                                                  
    Edges: 0 (flat)  0 (hierarchical)                                           
    Elapsed: 0.010s  Memory: 452.00M                                            
"merged" in: sky130A_mr.drc:983                                                 
    Polygons (raw): 786 (flat)  722 (hierarchical)                              
    Elapsed: 0.040s  Memory: 452.00M                                            
"outside_part" in: sky130A_mr.drc:983                                           
    Edges: 0 (flat)  0 (hierarchical)                                           
    Elapsed: 0.000s  Memory: 452.00M                                            
"space" in: sky130A_mr.drc:985                                                  
    Edge pairs: 0 (flat)  0 (hierarchical)                                      
    Elapsed: 0.020s  Memory: 453.00M                                            
"output" in: sky130A_mr.drc:985                                                 
    Edge pairs: 0 (flat)  0 (hierarchical)                                      
    Elapsed: 0.000s  Memory: 453.00M                                            
"separation" in: sky130A_mr.drc:991                                             
    Edge pairs: 0 (flat)  0 (hierarchical)                                      
    Elapsed: 0.000s  Memory: 453.00M                                            
"space" in: sky130A_mr.drc:992                                                  
    Edge pairs: 0 (flat)  0 (hierarchical)                                      
    Elapsed: 0.000s  Memory: 453.00M                                            
"+" in: sky130A_mr.drc:991                                                      
    Edge pairs: 0 (flat)  0 (hierarchical)                                      
    Elapsed: 0.000s  Memory: 453.00M                                            
"output" in: sky130A_mr.drc:993                                                 
    Edge pairs: 0 (flat)  0 (hierarchical)                                      
    Elapsed: 0.000s  Memory: 453.00M                                            
"input" in: sky130A_mr.drc:1004                                                 
    Polygons (raw): 4741 (flat)  1217 (hierarchical)                            
    Elapsed: 0.000s  Memory: 453.00M                                            
"enclosing" in: sky130A_mr.drc:1006                                             
    Edge pairs: 0 (flat)  0 (hierarchical)                                      
    Elapsed: 0.100s  Memory: 454.00M                                            
"output" in: sky130A_mr.drc:1006                                                
    Edge pairs: 0 (flat)  0 (hierarchical)                                      
    Elapsed: 0.000s  Memory: 454.00M                                            
"-" in: sky130A_mr.drc:1010                                                     
    Polygons (raw): 0 (flat)  0 (hierarchical)                                  
    Elapsed: 0.130s  Memory: 454.00M                                            
"output" in: sky130A_mr.drc:1010                                                
    Polygons (raw): 0 (flat)  0 (hierarchical)                                  
    Elapsed: 0.000s  Memory: 454.00M                                            
"input" in: sky130A_mr.drc:1024                                                 
    Polygons (raw): 0 (flat)  0 (hierarchical)                                  
    Elapsed: 0.000s  Memory: 454.00M                                            
"enclosing" in: sky130A_mr.drc:1025                                             
    Edge pairs: 0 (flat)  0 (hierarchical)                                      
    Elapsed: 0.000s  Memory: 454.00M                                            
"output" in: sky130A_mr.drc:1025                                                
    Edge pairs: 0 (flat)  0 (hierarchical)                                      
    Elapsed: 0.010s  Memory: 454.00M                                            
"-" in: sky130A_mr.drc:1030                                                     
    Polygons (raw): 0 (flat)  0 (hierarchical)                                  
    Elapsed: 0.000s  Memory: 454.00M                                            
"output" in: sky130A_mr.drc:1030                                                
    Polygons (raw): 0 (flat)  0 (hierarchical)                                  
    Elapsed: 0.000s  Memory: 454.00M                                            
"with_area" in: sky130A_mr.drc:1035                                             
    Polygons (raw): 0 (flat)  0 (hierarchical)                                  
    Elapsed: 0.000s  Memory: 454.00M                                            
"output" in: sky130A_mr.drc:1035                                                
    Polygons (raw): 0 (flat)  0 (hierarchical)                                  
    Elapsed: 0.000s  Memory: 454.00M                                            
"holes" in: sky130A_mr.drc:1038                                                 
    Polygons (raw): 0 (flat)  0 (hierarchical)                                  
    Elapsed: 0.000s  Memory: 454.00M                                            
"with_area" in: sky130A_mr.drc:1039                                             
    Polygons (raw): 0 (flat)  0 (hierarchical)                                  
    Elapsed: 0.000s  Memory: 454.00M                                            
"output" in: sky130A_mr.drc:1040                                                
    Polygons (raw): 0 (flat)  0 (hierarchical)                                  
    Elapsed: 0.000s  Memory: 454.00M                                            
"enclosing" in: sky130A_mr.drc:1051                                             
    Edge pairs: 2096 (flat)  1728 (hierarchical)                                
    Elapsed: 0.070s  Memory: 454.00M                                            
"second_edges" in: sky130A_mr.drc:1051                                          
    Edges: 2096 (flat)  1728 (hierarchical)                                     
    Elapsed: 0.020s  Memory: 454.00M                                            
"width" in: sky130A_mr.drc:1053                                                 
    Edge pairs: 0 (flat)  0 (hierarchical)                                      
    Elapsed: 0.010s  Memory: 455.00M                                            
"polygons" in: sky130A_mr.drc:1055                                              
    Polygons (raw): 0 (flat)  0 (hierarchical)                                  
    Elapsed: 0.000s  Memory: 455.00M                                            
"interacting" in: sky130A_mr.drc:1055                                           
    Polygons (raw): 0 (flat)  0 (hierarchical)                                  
    Elapsed: 0.000s  Memory: 455.00M                                            
"output" in: sky130A_mr.drc:1056                                                
    Polygons (raw): 0 (flat)  0 (hierarchical)                                  
    Elapsed: 0.010s  Memory: 455.00M                                            
END: 68/20 (m1)                                                                 
START: 68/44 (via)                                                              
"drc" in: sky130A_mr.drc:1067                                                   
    Polygons (raw): 0 (flat)  0 (hierarchical)                                  
    Elapsed: 0.010s  Memory: 455.00M                                            
"-" in: sky130A_mr.drc:1068                                                     
    Polygons (raw): 1326 (flat)  1326 (hierarchical)                            
    Elapsed: 0.000s  Memory: 455.00M                                            
"-" in: sky130A_mr.drc:1073                                                     
    Polygons (raw): 1326 (flat)  1326 (hierarchical)                            
    Elapsed: 0.000s  Memory: 455.00M                                            
"non_rectangles" in: sky130A_mr.drc:1075                                        
    Polygons (raw): 0 (flat)  0 (hierarchical)                                  
    Elapsed: 0.000s  Memory: 455.00M                                            
"output" in: sky130A_mr.drc:1075                                                
    Polygons (raw): 0 (flat)  0 (hierarchical)                                  
    Elapsed: 0.000s  Memory: 455.00M                                            
"width" in: sky130A_mr.drc:1079                                                 
    Edge pairs: 0 (flat)  0 (hierarchical)                                      
    Elapsed: 0.000s  Memory: 455.00M                                            
"output" in: sky130A_mr.drc:1079                                                
    Edge pairs: 0 (flat)  0 (hierarchical)                                      
    Elapsed: 0.000s  Memory: 455.00M                                            
"drc" in: sky130A_mr.drc:1084                                                   
    Edges: 0 (flat)  0 (hierarchical)                                           
    Elapsed: 0.010s  Memory: 455.00M                                            
"output" in: sky130A_mr.drc:1084                                                
    Edges: 0 (flat)  0 (hierarchical)                                           
    Elapsed: 0.000s  Memory: 455.00M                                            
"space" in: sky130A_mr.drc:1089                                                 
    Edge pairs: 0 (flat)  0 (hierarchical)                                      
    Elapsed: 0.010s  Memory: 455.00M                                            
"output" in: sky130A_mr.drc:1089                                                
    Edge pairs: 0 (flat)  0 (hierarchical)                                      
    Elapsed: 0.000s  Memory: 455.00M                                            
"width" in: sky130A_mr.drc:1095                                                 
    Edge pairs: 0 (flat)  0 (hierarchical)                                      
    Elapsed: 0.000s  Memory: 455.00M                                            
"output" in: sky130A_mr.drc:1095                                                
    Edge pairs: 0 (flat)  0 (hierarchical)                                      
    Elapsed: 0.000s  Memory: 455.00M                                            
"drc" in: sky130A_mr.drc:1099                                                   
    Edge pairs: 0 (flat)  0 (hierarchical)                                      
    Elapsed: 0.000s  Memory: 455.00M                                            
"output" in: sky130A_mr.drc:1099                                                
    Edge pairs: 0 (flat)  0 (hierarchical)                                      
    Elapsed: 0.010s  Memory: 455.00M                                            
"-" in: sky130A_mr.drc:1103                                                     
    Polygons (raw): 0 (flat)  0 (hierarchical)                                  
    Elapsed: 0.000s  Memory: 455.00M                                            
"output" in: sky130A_mr.drc:1103                                                
    Polygons (raw): 0 (flat)  0 (hierarchical)                                  
    Elapsed: 0.000s  Memory: 455.00M                                            
"edges" in: sky130A_mr.drc:1110                                                 
    Edges: 9326 (flat)  8110 (hierarchical)                                     
    Elapsed: 0.000s  Memory: 455.00M                                            
"drc" in: sky130A_mr.drc:1111                                                   
    Edges: 5304 (flat)  5304 (hierarchical)                                     
    Elapsed: 0.020s  Memory: 455.00M                                            
"enclosing" in: sky130A_mr.drc:1111                                             
    Edge pairs: 0 (flat)  0 (hierarchical)                                      
    Elapsed: 0.010s  Memory: 455.00M                                            
"output" in: sky130A_mr.drc:1112                                                
    Edge pairs: 0 (flat)  0 (hierarchical)                                      
    Elapsed: 0.000s  Memory: 455.00M                                            
"squares" in: sky130A_mr.drc:1114                                               
    Polygons (raw): 1326 (flat)  1326 (hierarchical)                            
    Elapsed: 0.000s  Memory: 455.00M                                            
"drc" in: sky130A_mr.drc:1115                                                   
    Edges: 5304 (flat)  5304 (hierarchical)                                     
    Elapsed: 0.020s  Memory: 455.00M                                            
"-" in: sky130A_mr.drc:1116                                                     
    Edges: 0 (flat)  0 (hierarchical)                                           
    Elapsed: 0.030s  Memory: 455.00M                                            
"output" in: sky130A_mr.drc:1117                                                
    Edges: 0 (flat)  0 (hierarchical)                                           
    Elapsed: 0.000s  Memory: 455.00M                                            
"edges" in: sky130A_mr.drc:1121                                                 
    Edges: 9326 (flat)  8110 (hierarchical)                                     
    Elapsed: 0.000s  Memory: 455.00M                                            
"drc" in: sky130A_mr.drc:1122                                                   
    Edges: 5304 (flat)  5304 (hierarchical)                                     
    Elapsed: 0.020s  Memory: 455.00M                                            
"enclosing" in: sky130A_mr.drc:1122                                             
    Edge pairs: 1494 (flat)  1494 (hierarchical)                                
    Elapsed: 0.020s  Memory: 455.00M                                            
"second_edges" in: sky130A_mr.drc:1123                                          
    Edges: 1494 (flat)  1494 (hierarchical)                                     
    Elapsed: 0.000s  Memory: 455.00M                                            
"width" in: sky130A_mr.drc:1125                                                 
    Edge pairs: 0 (flat)  0 (hierarchical)                                      
    Elapsed: 0.010s  Memory: 455.00M                                            
"polygons" in: sky130A_mr.drc:1126                                              
    Polygons (raw): 0 (flat)  0 (hierarchical)                                  
    Elapsed: 0.000s  Memory: 455.00M                                            
"interacting" in: sky130A_mr.drc:1126                                           
    Polygons (raw): 0 (flat)  0 (hierarchical)                                  
    Elapsed: 0.000s  Memory: 455.00M                                            
"output" in: sky130A_mr.drc:1127                                                
    Polygons (raw): 0 (flat)  0 (hierarchical)                                  
    Elapsed: 0.000s  Memory: 455.00M                                            
END: 68/44 (via)                                                                
START: 69/20 (m2)                                                               
"&" in: sky130A_mr.drc:1136                                                     
    Polygons (raw): 0 (flat)  0 (hierarchical)                                  
    Elapsed: 0.000s  Memory: 455.00M                                            
"width" in: sky130A_mr.drc:1137                                                 
    Edge pairs: 0 (flat)  0 (hierarchical)                                      
    Elapsed: 0.010s  Memory: 455.00M                                            
"output" in: sky130A_mr.drc:1137                                                
    Edge pairs: 0 (flat)  0 (hierarchical)                                      
    Elapsed: 0.000s  Memory: 455.00M                                            
"sized" in: sky130A_mr.drc:1139                                                 
    Polygons (raw): 0 (flat)  0 (hierarchical)                                  
    Elapsed: 0.010s  Memory: 455.00M                                            
"sized" in: sky130A_mr.drc:1139                                                 
    Polygons (raw): 0 (flat)  0 (hierarchical)                                  
    Elapsed: 0.000s  Memory: 455.00M                                            
"snap" in: sky130A_mr.drc:1139                                                  
    Polygons (raw): 0 (flat)  0 (hierarchical)                                  
    Elapsed: 0.000s  Memory: 455.00M                                            
"&" in: sky130A_mr.drc:1139                                                     
    Polygons (raw): 0 (flat)  0 (hierarchical)                                  
    Elapsed: 0.000s  Memory: 455.00M                                            
"edges" in: sky130A_mr.drc:1140                                                 
    Edges: 5342 (flat)  5342 (hierarchical)                                     
    Elapsed: 0.000s  Memory: 455.00M                                            
"-" in: sky130A_mr.drc:1140                                                     
    Edges: 5342 (flat)  5342 (hierarchical)                                     
    Elapsed: 0.000s  Memory: 455.00M                                            
"edges" in: sky130A_mr.drc:1141                                                 
    Edges: 0 (flat)  0 (hierarchical)                                           
    Elapsed: 0.000s  Memory: 455.00M                                            
"merged" in: sky130A_mr.drc:1141                                                
    Polygons (raw): 420 (flat)  420 (hierarchical)                              
    Elapsed: 0.000s  Memory: 455.00M                                            
"outside_part" in: sky130A_mr.drc:1141                                          
    Edges: 0 (flat)  0 (hierarchical)                                           
    Elapsed: 0.000s  Memory: 455.00M                                            
"-" in: sky130A_mr.drc:1142                                                     
    Polygons (raw): 1326 (flat)  1326 (hierarchical)                            
    Elapsed: 0.000s  Memory: 455.00M                                            
"space" in: sky130A_mr.drc:1144                                                 
    Edge pairs: 0 (flat)  0 (hierarchical)                                      
    Elapsed: 0.010s  Memory: 455.00M                                            
"output" in: sky130A_mr.drc:1144                                                
    Edge pairs: 0 (flat)  0 (hierarchical)                                      
    Elapsed: 0.000s  Memory: 455.00M                                            
"separation" in: sky130A_mr.drc:1150                                            
    Edge pairs: 0 (flat)  0 (hierarchical)                                      
    Elapsed: 0.010s  Memory: 455.00M                                            
"space" in: sky130A_mr.drc:1151                                                 
    Edge pairs: 0 (flat)  0 (hierarchical)                                      
    Elapsed: 0.000s  Memory: 455.00M                                            
"+" in: sky130A_mr.drc:1150                                                     
    Edge pairs: 0 (flat)  0 (hierarchical)                                      
    Elapsed: 0.000s  Memory: 455.00M                                            
"output" in: sky130A_mr.drc:1152                                                
    Edge pairs: 0 (flat)  0 (hierarchical)                                      
    Elapsed: 0.000s  Memory: 455.00M                                            
"with_area" in: sky130A_mr.drc:1154                                             
    Polygons (raw): 0 (flat)  0 (hierarchical)                                  
    Elapsed: 0.000s  Memory: 455.00M                                            
"output" in: sky130A_mr.drc:1154                                                
    Polygons (raw): 0 (flat)  0 (hierarchical)                                  
    Elapsed: 0.010s  Memory: 455.00M                                            
"holes" in: sky130A_mr.drc:1156                                                 
    Polygons (raw): 0 (flat)  0 (hierarchical)                                  
    Elapsed: 0.000s  Memory: 455.00M                                            
"with_area" in: sky130A_mr.drc:1157                                             
    Polygons (raw): 0 (flat)  0 (hierarchical)                                  
    Elapsed: 0.000s  Memory: 455.00M                                            
"output" in: sky130A_mr.drc:1158                                                
    Polygons (raw): 0 (flat)  0 (hierarchical)                                  
    Elapsed: 0.000s  Memory: 455.00M                                            
"enclosing" in: sky130A_mr.drc:1166                                             
    Edge pairs: 0 (flat)  0 (hierarchical)                                      
    Elapsed: 0.020s  Memory: 455.00M                                            
"output" in: sky130A_mr.drc:1166                                                
    Edge pairs: 0 (flat)  0 (hierarchical)                                      
    Elapsed: 0.000s  Memory: 455.00M                                            
"-" in: sky130A_mr.drc:1170                                                     
    Polygons (raw): 0 (flat)  0 (hierarchical)                                  
    Elapsed: 0.010s  Memory: 455.00M                                            
"output" in: sky130A_mr.drc:1170                                                
    Polygons (raw): 0 (flat)  0 (hierarchical)                                  
    Elapsed: 0.000s  Memory: 455.00M                                            
"enclosing" in: sky130A_mr.drc:1174                                             
    Edge pairs: 0 (flat)  0 (hierarchical)                                      
    Elapsed: 0.000s  Memory: 455.00M                                            
"output" in: sky130A_mr.drc:1174                                                
    Edge pairs: 0 (flat)  0 (hierarchical)                                      
    Elapsed: 0.000s  Memory: 455.00M                                            
"enclosing" in: sky130A_mr.drc:1179                                             
    Edge pairs: 1674 (flat)  1674 (hierarchical)                                
    Elapsed: 0.010s  Memory: 455.00M                                            
"second_edges" in: sky130A_mr.drc:1179                                          
    Edges: 1674 (flat)  1674 (hierarchical)                                     
    Elapsed: 0.000s  Memory: 455.00M                                            
"width" in: sky130A_mr.drc:1181                                                 
    Edge pairs: 0 (flat)  0 (hierarchical)                                      
    Elapsed: 0.010s  Memory: 455.00M                                            
"polygons" in: sky130A_mr.drc:1182                                              
    Polygons (raw): 0 (flat)  0 (hierarchical)                                  
    Elapsed: 0.000s  Memory: 455.00M                                            
"interacting" in: sky130A_mr.drc:1182                                           
    Polygons (raw): 0 (flat)  0 (hierarchical)                                  
    Elapsed: 0.000s  Memory: 455.00M                                            
"output" in: sky130A_mr.drc:1183                                                
    Polygons (raw): 0 (flat)  0 (hierarchical)                                  
    Elapsed: 0.010s  Memory: 455.00M                                            
END: 69/20 (m2)                                                                 
START: 69/44 (via2)                                                             
"drc" in: sky130A_mr.drc:1194                                                   
    Polygons (raw): 0 (flat)  0 (hierarchical)                                  
    Elapsed: 0.000s  Memory: 455.00M                                            
"-" in: sky130A_mr.drc:1195                                                     
    Polygons (raw): 508 (flat)  508 (hierarchical)                              
    Elapsed: 0.010s  Memory: 455.00M                                            
"-" in: sky130A_mr.drc:1200                                                     
    Polygons (raw): 508 (flat)  508 (hierarchical)                              
    Elapsed: 0.000s  Memory: 455.00M                                            
"non_rectangles" in: sky130A_mr.drc:1201                                        
    Polygons (raw): 0 (flat)  0 (hierarchical)                                  
    Elapsed: 0.000s  Memory: 455.00M                                            
"output" in: sky130A_mr.drc:1201                                                
    Polygons (raw): 0 (flat)  0 (hierarchical)                                  
    Elapsed: 0.000s  Memory: 455.00M                                            
"width" in: sky130A_mr.drc:1205                                                 
    Edge pairs: 0 (flat)  0 (hierarchical)                                      
    Elapsed: 0.000s  Memory: 455.00M                                            
"output" in: sky130A_mr.drc:1205                                                
    Edge pairs: 0 (flat)  0 (hierarchical)                                      
    Elapsed: 0.000s  Memory: 455.00M                                            
"edges" in: sky130A_mr.drc:1210                                                 
    Edges: 2032 (flat)  2032 (hierarchical)                                     
    Elapsed: 0.000s  Memory: 455.00M                                            
"without_length" in: sky130A_mr.drc:1211                                        
    Edges: 0 (flat)  0 (hierarchical)                                           
    Elapsed: 0.000s  Memory: 455.00M                                            
"output" in: sky130A_mr.drc:1212                                                
    Edges: 0 (flat)  0 (hierarchical)                                           
    Elapsed: 0.000s  Memory: 455.00M                                            
"space" in: sky130A_mr.drc:1213                                                 
    Edge pairs: 0 (flat)  0 (hierarchical)                                      
    Elapsed: 0.000s  Memory: 455.00M                                            
"output" in: sky130A_mr.drc:1213                                                
    Edge pairs: 0 (flat)  0 (hierarchical)                                      
    Elapsed: 0.010s  Memory: 455.00M                                            
"width" in: sky130A_mr.drc:1219                                                 
    Edge pairs: 0 (flat)  0 (hierarchical)                                      
    Elapsed: 0.000s  Memory: 456.00M                                            
"output" in: sky130A_mr.drc:1219                                                
    Edge pairs: 0 (flat)  0 (hierarchical)                                      
    Elapsed: 0.000s  Memory: 456.00M                                            
"drc" in: sky130A_mr.drc:1223                                                   
    Edge pairs: 0 (flat)  0 (hierarchical)                                      
    Elapsed: 0.000s  Memory: 456.00M                                            
"output" in: sky130A_mr.drc:1223                                                
    Edge pairs: 0 (flat)  0 (hierarchical)                                      
    Elapsed: 0.000s  Memory: 456.00M                                            
"-" in: sky130A_mr.drc:1227                                                     
    Polygons (raw): 0 (flat)  0 (hierarchical)                                  
    Elapsed: 0.000s  Memory: 456.00M                                            
"output" in: sky130A_mr.drc:1227                                                
    Polygons (raw): 0 (flat)  0 (hierarchical)                                  
    Elapsed: 0.000s  Memory: 456.00M                                            
"enclosing" in: sky130A_mr.drc:1233                                             
    Edge pairs: 0 (flat)  0 (hierarchical)                                      
    Elapsed: 0.010s  Memory: 456.00M                                            
"output" in: sky130A_mr.drc:1233                                                
    Edge pairs: 0 (flat)  0 (hierarchical)                                      
    Elapsed: 0.000s  Memory: 456.00M                                            
"-" in: sky130A_mr.drc:1237                                                     
    Polygons (raw): 0 (flat)  0 (hierarchical)                                  
    Elapsed: 0.000s  Memory: 456.00M                                            
"output" in: sky130A_mr.drc:1237                                                
    Polygons (raw): 0 (flat)  0 (hierarchical)                                  
    Elapsed: 0.000s  Memory: 456.00M                                            
"enclosing" in: sky130A_mr.drc:1240                                             
    Edge pairs: 224 (flat)  224 (hierarchical)                                  
    Elapsed: 0.000s  Memory: 456.00M                                            
"second_edges" in: sky130A_mr.drc:1240                                          
    Edges: 224 (flat)  224 (hierarchical)                                       
    Elapsed: 0.000s  Memory: 456.00M                                            
"width" in: sky130A_mr.drc:1242                                                 
    Edge pairs: 0 (flat)  0 (hierarchical)                                      
    Elapsed: 0.000s  Memory: 457.00M                                            
"polygons" in: sky130A_mr.drc:1243                                              
    Polygons (raw): 0 (flat)  0 (hierarchical)                                  
    Elapsed: 0.000s  Memory: 457.00M                                            
"interacting" in: sky130A_mr.drc:1243                                           
    Polygons (raw): 0 (flat)  0 (hierarchical)                                  
    Elapsed: 0.010s  Memory: 457.00M                                            
"output" in: sky130A_mr.drc:1244                                                
    Polygons (raw): 0 (flat)  0 (hierarchical)                                  
    Elapsed: 0.000s  Memory: 457.00M                                            
END: 69/44 (via2)                                                               
START: 70/20 (m3)                                                               
"width" in: sky130A_mr.drc:1253                                                 
    Edge pairs: 0 (flat)  0 (hierarchical)                                      
    Elapsed: 0.000s  Memory: 457.00M                                            
"output" in: sky130A_mr.drc:1253                                                
    Edge pairs: 0 (flat)  0 (hierarchical)                                      
    Elapsed: 0.010s  Memory: 457.00M                                            
"sized" in: sky130A_mr.drc:1255                                                 
    Polygons (raw): 0 (flat)  0 (hierarchical)                                  
    Elapsed: 0.000s  Memory: 457.00M                                            
"sized" in: sky130A_mr.drc:1255                                                 
    Polygons (raw): 0 (flat)  0 (hierarchical)                                  
    Elapsed: 0.000s  Memory: 457.00M                                            
"snap" in: sky130A_mr.drc:1255                                                  
    Polygons (raw): 0 (flat)  0 (hierarchical)                                  
    Elapsed: 0.000s  Memory: 457.00M                                            
"&" in: sky130A_mr.drc:1255                                                     
    Polygons (raw): 0 (flat)  0 (hierarchical)                                  
    Elapsed: 0.000s  Memory: 457.00M                                            
"edges" in: sky130A_mr.drc:1256                                                 
    Edges: 552 (flat)  552 (hierarchical)                                       
    Elapsed: 0.010s  Memory: 457.00M                                            
"-" in: sky130A_mr.drc:1256                                                     
    Edges: 552 (flat)  552 (hierarchical)                                       
    Elapsed: 0.000s  Memory: 457.00M                                            
"edges" in: sky130A_mr.drc:1257                                                 
    Edges: 0 (flat)  0 (hierarchical)                                           
    Elapsed: 0.000s  Memory: 457.00M                                            
"merged" in: sky130A_mr.drc:1257                                                
    Polygons (raw): 112 (flat)  112 (hierarchical)                              
    Elapsed: 0.000s  Memory: 458.00M                                            
"outside_part" in: sky130A_mr.drc:1257                                          
    Edges: 0 (flat)  0 (hierarchical)                                           
    Elapsed: 0.000s  Memory: 458.00M                                            
"space" in: sky130A_mr.drc:1259                                                 
    Edge pairs: 0 (flat)  0 (hierarchical)                                      
    Elapsed: 0.000s  Memory: 458.00M                                            
"output" in: sky130A_mr.drc:1259                                                
    Edge pairs: 0 (flat)  0 (hierarchical)                                      
    Elapsed: 0.000s  Memory: 458.00M                                            
"separation" in: sky130A_mr.drc:1265                                            
    Edge pairs: 0 (flat)  0 (hierarchical)                                      
    Elapsed: 0.010s  Memory: 458.00M                                            
"space" in: sky130A_mr.drc:1266                                                 
    Edge pairs: 0 (flat)  0 (hierarchical)                                      
    Elapsed: 0.000s  Memory: 458.00M                                            
"+" in: sky130A_mr.drc:1265                                                     
    Edge pairs: 0 (flat)  0 (hierarchical)                                      
    Elapsed: 0.000s  Memory: 458.00M                                            
"output" in: sky130A_mr.drc:1267                                                
    Edge pairs: 0 (flat)  0 (hierarchical)                                      
    Elapsed: 0.000s  Memory: 458.00M                                            
"enclosing" in: sky130A_mr.drc:1275                                             
    Edge pairs: 0 (flat)  0 (hierarchical)                                      
    Elapsed: 0.020s  Memory: 458.00M                                            
"output" in: sky130A_mr.drc:1275                                                
    Edge pairs: 0 (flat)  0 (hierarchical)                                      
    Elapsed: 0.000s  Memory: 458.00M                                            
"-" in: sky130A_mr.drc:1279                                                     
    Polygons (raw): 0 (flat)  0 (hierarchical)                                  
    Elapsed: 0.010s  Memory: 458.00M                                            
"output" in: sky130A_mr.drc:1279                                                
    Polygons (raw): 0 (flat)  0 (hierarchical)                                  
    Elapsed: 0.000s  Memory: 458.00M                                            
"with_area" in: sky130A_mr.drc:1281                                             
    Polygons (raw): 0 (flat)  0 (hierarchical)                                  
    Elapsed: 0.000s  Memory: 458.00M                                            
"output" in: sky130A_mr.drc:1281                                                
    Polygons (raw): 0 (flat)  0 (hierarchical)                                  
    Elapsed: 0.000s  Memory: 458.00M                                            
"holes" in: sky130A_mr.drc:1283                                                 
    Polygons (raw): 0 (flat)  0 (hierarchical)                                  
    Elapsed: 0.000s  Memory: 458.00M                                            
"with_area" in: sky130A_mr.drc:1284                                             
    Polygons (raw): 0 (flat)  0 (hierarchical)                                  
    Elapsed: 0.000s  Memory: 458.00M                                            
"output" in: sky130A_mr.drc:1285                                                
    Polygons (raw): 0 (flat)  0 (hierarchical)                                  
    Elapsed: 0.000s  Memory: 458.00M                                            
END: 70/20 (m3)                                                                 
START: 70/44 (via3)                                                             
"drc" in: sky130A_mr.drc:1292                                                   
    Polygons (raw): 0 (flat)  0 (hierarchical)                                  
    Elapsed: 0.010s  Memory: 458.00M                                            
"-" in: sky130A_mr.drc:1293                                                     
    Polygons (raw): 495 (flat)  495 (hierarchical)                              
    Elapsed: 0.000s  Memory: 458.00M                                            
"-" in: sky130A_mr.drc:1298                                                     
    Polygons (raw): 495 (flat)  495 (hierarchical)                              
    Elapsed: 0.000s  Memory: 458.00M                                            
"non_rectangles" in: sky130A_mr.drc:1299                                        
    Polygons (raw): 0 (flat)  0 (hierarchical)                                  
    Elapsed: 0.000s  Memory: 458.00M                                            
"output" in: sky130A_mr.drc:1299                                                
    Polygons (raw): 0 (flat)  0 (hierarchical)                                  
    Elapsed: 0.010s  Memory: 458.00M                                            
"width" in: sky130A_mr.drc:1303                                                 
    Edge pairs: 0 (flat)  0 (hierarchical)                                      
    Elapsed: 0.000s  Memory: 458.00M                                            
"output" in: sky130A_mr.drc:1303                                                
    Edge pairs: 0 (flat)  0 (hierarchical)                                      
    Elapsed: 0.000s  Memory: 458.00M                                            
"edges" in: sky130A_mr.drc:1308                                                 
    Edges: 1980 (flat)  1980 (hierarchical)                                     
    Elapsed: 0.000s  Memory: 458.00M                                            
"without_length" in: sky130A_mr.drc:1309                                        
    Edges: 0 (flat)  0 (hierarchical)                                           
    Elapsed: 0.000s  Memory: 458.00M                                            
"output" in: sky130A_mr.drc:1310                                                
    Edges: 0 (flat)  0 (hierarchical)                                           
    Elapsed: 0.000s  Memory: 458.00M                                            
"space" in: sky130A_mr.drc:1312                                                 
    Edge pairs: 0 (flat)  0 (hierarchical)                                      
    Elapsed: 0.000s  Memory: 458.00M                                            
"output" in: sky130A_mr.drc:1312                                                
    Edge pairs: 0 (flat)  0 (hierarchical)                                      
    Elapsed: 0.000s  Memory: 458.00M                                            
"enclosing" in: sky130A_mr.drc:1316                                             
    Edge pairs: 0 (flat)  0 (hierarchical)                                      
    Elapsed: 0.000s  Memory: 458.00M                                            
"output" in: sky130A_mr.drc:1316                                                
    Edge pairs: 0 (flat)  0 (hierarchical)                                      
    Elapsed: 0.000s  Memory: 458.00M                                            
"-" in: sky130A_mr.drc:1320                                                     
    Polygons (raw): 0 (flat)  0 (hierarchical)                                  
    Elapsed: 0.010s  Memory: 458.00M                                            
"output" in: sky130A_mr.drc:1320                                                
    Polygons (raw): 0 (flat)  0 (hierarchical)                                  
    Elapsed: 0.000s  Memory: 458.00M                                            
"enclosing" in: sky130A_mr.drc:1326                                             
    Edge pairs: 990 (flat)  990 (hierarchical)                                  
    Elapsed: 0.010s  Memory: 458.00M                                            
"second_edges" in: sky130A_mr.drc:1326                                          
    Edges: 990 (flat)  990 (hierarchical)                                       
    Elapsed: 0.000s  Memory: 458.00M                                            
"width" in: sky130A_mr.drc:1328                                                 
    Edge pairs: 0 (flat)  0 (hierarchical)                                      
    Elapsed: 0.010s  Memory: 458.00M                                            
"polygons" in: sky130A_mr.drc:1329                                              
    Polygons (raw): 0 (flat)  0 (hierarchical)                                  
    Elapsed: 0.000s  Memory: 458.00M                                            
"interacting" in: sky130A_mr.drc:1329                                           
    Polygons (raw): 0 (flat)  0 (hierarchical)                                  
    Elapsed: 0.000s  Memory: 458.00M                                            
"output" in: sky130A_mr.drc:1330                                                
    Polygons (raw): 0 (flat)  0 (hierarchical)                                  
    Elapsed: 0.000s  Memory: 458.00M                                            
END: 70/44 (via3)                                                               
START: 71/20 (m4)                                                               
"width" in: sky130A_mr.drc:1339                                                 
    Edge pairs: 0 (flat)  0 (hierarchical)                                      
    Elapsed: 0.000s  Memory: 458.00M                                            
"output" in: sky130A_mr.drc:1339                                                
    Edge pairs: 0 (flat)  0 (hierarchical)                                      
    Elapsed: 0.000s  Memory: 458.00M                                            
"sized" in: sky130A_mr.drc:1341                                                 
    Polygons (raw): 0 (flat)  0 (hierarchical)                                  
    Elapsed: 0.000s  Memory: 458.00M                                            
"sized" in: sky130A_mr.drc:1341                                                 
    Polygons (raw): 0 (flat)  0 (hierarchical)                                  
    Elapsed: 0.010s  Memory: 458.00M                                            
"snap" in: sky130A_mr.drc:1341                                                  
    Polygons (raw): 0 (flat)  0 (hierarchical)                                  
    Elapsed: 0.000s  Memory: 458.00M                                            
"&" in: sky130A_mr.drc:1341                                                     
    Polygons (raw): 0 (flat)  0 (hierarchical)                                  
    Elapsed: 0.000s  Memory: 458.00M                                            
"edges" in: sky130A_mr.drc:1342                                                 
    Edges: 24 (flat)  24 (hierarchical)                                         
    Elapsed: 0.000s  Memory: 458.00M                                            
"-" in: sky130A_mr.drc:1342                                                     
    Edges: 24 (flat)  24 (hierarchical)                                         
    Elapsed: 0.000s  Memory: 458.00M                                            
"edges" in: sky130A_mr.drc:1343                                                 
    Edges: 0 (flat)  0 (hierarchical)                                           
    Elapsed: 0.000s  Memory: 458.00M                                            
"merged" in: sky130A_mr.drc:1343                                                
    Polygons (raw): 6 (flat)  6 (hierarchical)                                  
    Elapsed: 0.000s  Memory: 458.00M                                            
"outside_part" in: sky130A_mr.drc:1343                                          
    Edges: 0 (flat)  0 (hierarchical)                                           
    Elapsed: 0.000s  Memory: 458.00M                                            
"space" in: sky130A_mr.drc:1345                                                 
    Edge pairs: 0 (flat)  0 (hierarchical)                                      
    Elapsed: 0.000s  Memory: 458.00M                                            
"output" in: sky130A_mr.drc:1345                                                
    Edge pairs: 0 (flat)  0 (hierarchical)                                      
    Elapsed: 0.000s  Memory: 458.00M                                            
"with_area" in: sky130A_mr.drc:1350                                             
    Polygons (raw): 0 (flat)  0 (hierarchical)                                  
    Elapsed: 0.000s  Memory: 458.00M                                            
"output" in: sky130A_mr.drc:1350                                                
    Polygons (raw): 0 (flat)  0 (hierarchical)                                  
    Elapsed: 0.000s  Memory: 458.00M                                            
"separation" in: sky130A_mr.drc:1353                                            
    Edge pairs: 0 (flat)  0 (hierarchical)                                      
    Elapsed: 0.000s  Memory: 458.00M                                            
"space" in: sky130A_mr.drc:1354                                                 
    Edge pairs: 0 (flat)  0 (hierarchical)                                      
    Elapsed: 0.010s  Memory: 458.00M                                            
"+" in: sky130A_mr.drc:1353                                                     
    Edge pairs: 0 (flat)  0 (hierarchical)                                      
    Elapsed: 0.000s  Memory: 458.00M                                            
"output" in: sky130A_mr.drc:1355                                                
    Edge pairs: 0 (flat)  0 (hierarchical)                                      
    Elapsed: 0.000s  Memory: 458.00M                                            
"enclosing" in: sky130A_mr.drc:1363                                             
    Edge pairs: 0 (flat)  0 (hierarchical)                                      
    Elapsed: 0.010s  Memory: 458.00M                                            
"output" in: sky130A_mr.drc:1363                                                
    Edge pairs: 0 (flat)  0 (hierarchical)                                      
    Elapsed: 0.000s  Memory: 458.00M                                            
"-" in: sky130A_mr.drc:1367                                                     
    Polygons (raw): 0 (flat)  0 (hierarchical)                                  
    Elapsed: 0.000s  Memory: 458.00M                                            
"output" in: sky130A_mr.drc:1367                                                
    Polygons (raw): 0 (flat)  0 (hierarchical)                                  
    Elapsed: 0.000s  Memory: 458.00M                                            
"holes" in: sky130A_mr.drc:1370                                                 
    Polygons (raw): 0 (flat)  0 (hierarchical)                                  
    Elapsed: 0.000s  Memory: 458.00M                                            
"with_area" in: sky130A_mr.drc:1371                                             
    Polygons (raw): 0 (flat)  0 (hierarchical)                                  
    Elapsed: 0.010s  Memory: 458.00M                                            
"output" in: sky130A_mr.drc:1372                                                
    Polygons (raw): 0 (flat)  0 (hierarchical)                                  
    Elapsed: 0.000s  Memory: 458.00M                                            
END: 71/20 (m4)                                                                 
START: 71/44 (via4)                                                             
"drc" in: sky130A_mr.drc:1378                                                   
    Polygons (raw): 0 (flat)  0 (hierarchical)                                  
    Elapsed: 0.000s  Memory: 458.00M                                            
"-" in: sky130A_mr.drc:1379                                                     
    Polygons (raw): 18 (flat)  18 (hierarchical)                                
    Elapsed: 0.010s  Memory: 458.00M                                            
"-" in: sky130A_mr.drc:1384                                                     
    Polygons (raw): 18 (flat)  18 (hierarchical)                                
    Elapsed: 0.000s  Memory: 458.00M                                            
"non_rectangles" in: sky130A_mr.drc:1385                                        
    Polygons (raw): 0 (flat)  0 (hierarchical)                                  
    Elapsed: 0.000s  Memory: 458.00M                                            
"output" in: sky130A_mr.drc:1385                                                
    Polygons (raw): 0 (flat)  0 (hierarchical)                                  
    Elapsed: 0.010s  Memory: 458.00M                                            
"width" in: sky130A_mr.drc:1389                                                 
    Edge pairs: 0 (flat)  0 (hierarchical)                                      
    Elapsed: 0.000s  Memory: 458.00M                                            
"output" in: sky130A_mr.drc:1389                                                
    Edge pairs: 0 (flat)  0 (hierarchical)                                      
    Elapsed: 0.000s  Memory: 458.00M                                            
"drc" in: sky130A_mr.drc:1393                                                   
    Edges: 0 (flat)  0 (hierarchical)                                           
    Elapsed: 0.000s  Memory: 458.00M                                            
"output" in: sky130A_mr.drc:1393                                                
    Edges: 0 (flat)  0 (hierarchical)                                           
    Elapsed: 0.000s  Memory: 458.00M                                            
"space" in: sky130A_mr.drc:1399                                                 
    Edge pairs: 0 (flat)  0 (hierarchical)                                      
    Elapsed: 0.000s  Memory: 458.00M                                            
"polygons" in: sky130A_mr.drc:1400                                              
    Polygons (raw): 0 (flat)  0 (hierarchical)                                  
    Elapsed: 0.000s  Memory: 458.00M                                            
"output" in: sky130A_mr.drc:1401                                                
    Polygons (raw): 0 (flat)  0 (hierarchical)                                  
    Elapsed: 0.000s  Memory: 458.00M                                            
"width" in: sky130A_mr.drc:1404                                                 
    Edge pairs: 0 (flat)  0 (hierarchical)                                      
    Elapsed: 0.000s  Memory: 458.00M                                            
"output" in: sky130A_mr.drc:1404                                                
    Edge pairs: 0 (flat)  0 (hierarchical)                                      
    Elapsed: 0.000s  Memory: 458.00M                                            
"drc" in: sky130A_mr.drc:1408                                                   
    Edge pairs: 0 (flat)  0 (hierarchical)                                      
    Elapsed: 0.000s  Memory: 458.00M                                            
"output" in: sky130A_mr.drc:1408                                                
    Edge pairs: 0 (flat)  0 (hierarchical)                                      
    Elapsed: 0.010s  Memory: 458.00M                                            
"-" in: sky130A_mr.drc:1412                                                     
    Polygons (raw): 0 (flat)  0 (hierarchical)                                  
    Elapsed: 0.000s  Memory: 458.00M                                            
"output" in: sky130A_mr.drc:1412                                                
    Polygons (raw): 0 (flat)  0 (hierarchical)                                  
    Elapsed: 0.000s  Memory: 458.00M                                            
"enclosing" in: sky130A_mr.drc:1418                                             
    Edge pairs: 0 (flat)  0 (hierarchical)                                      
    Elapsed: 0.010s  Memory: 458.00M                                            
"output" in: sky130A_mr.drc:1418                                                
    Edge pairs: 0 (flat)  0 (hierarchical)                                      
    Elapsed: 0.000s  Memory: 458.00M                                            
"-" in: sky130A_mr.drc:1422                                                     
    Polygons (raw): 0 (flat)  0 (hierarchical)                                  
    Elapsed: 0.010s  Memory: 458.00M                                            
"output" in: sky130A_mr.drc:1422                                                
    Polygons (raw): 0 (flat)  0 (hierarchical)                                  
    Elapsed: 0.000s  Memory: 458.00M                                            
END: 71/44 (via4)                                                               
START: 72/20 (m5)                                                               
"width" in: sky130A_mr.drc:1427                                                 
    Edge pairs: 0 (flat)  0 (hierarchical)                                      
    Elapsed: 0.000s  Memory: 458.00M                                            
"output" in: sky130A_mr.drc:1427                                                
    Edge pairs: 0 (flat)  0 (hierarchical)                                      
    Elapsed: 0.000s  Memory: 458.00M                                            
"space" in: sky130A_mr.drc:1429                                                 
    Edge pairs: 0 (flat)  0 (hierarchical)                                      
    Elapsed: 0.000s  Memory: 458.00M                                            
"output" in: sky130A_mr.drc:1429                                                
    Edge pairs: 0 (flat)  0 (hierarchical)                                      
    Elapsed: 0.000s  Memory: 458.00M                                            
"enclosing" in: sky130A_mr.drc:1431                                             
    Edge pairs: 0 (flat)  0 (hierarchical)                                      
    Elapsed: 0.010s  Memory: 458.00M                                            
"output" in: sky130A_mr.drc:1431                                                
    Edge pairs: 0 (flat)  0 (hierarchical)                                      
    Elapsed: 0.000s  Memory: 458.00M                                            
"-" in: sky130A_mr.drc:1435                                                     
    Polygons (raw): 0 (flat)  0 (hierarchical)                                  
    Elapsed: 0.010s  Memory: 458.00M                                            
"output" in: sky130A_mr.drc:1435                                                
    Polygons (raw): 0 (flat)  0 (hierarchical)                                  
    Elapsed: 0.000s  Memory: 458.00M                                            
"with_area" in: sky130A_mr.drc:1442                                             
    Polygons (raw): 0 (flat)  0 (hierarchical)                                  
    Elapsed: 0.000s  Memory: 458.00M                                            
"output" in: sky130A_mr.drc:1442                                                
    Polygons (raw): 0 (flat)  0 (hierarchical)                                  
    Elapsed: 0.000s  Memory: 458.00M                                            
"holes" in: sky130A_mr.drc:1444                                                 
    Polygons (raw): 0 (flat)  0 (hierarchical)                                  
    Elapsed: 0.000s  Memory: 458.00M                                            
"with_area" in: sky130A_mr.drc:1445                                             
    Polygons (raw): 0 (flat)  0 (hierarchical)                                  
    Elapsed: 0.000s  Memory: 458.00M                                            
"output" in: sky130A_mr.drc:1446                                                
    Polygons (raw): 0 (flat)  0 (hierarchical)                                  
    Elapsed: 0.000s  Memory: 458.00M                                            
END: 72/20 (m5)                                                                 
START: 76/20 (pad)                                                              
"space" in: sky130A_mr.drc:1451                                                 
    Edge pairs: 0 (flat)  0 (hierarchical)                                      
    Elapsed: 0.000s  Memory: 458.00M                                            
"output" in: sky130A_mr.drc:1451                                                
    Edge pairs: 0 (flat)  0 (hierarchical)                                      
    Elapsed: 0.000s  Memory: 458.00M                                            
END: 76/20 (pad)                                                                
START: 81/10 (moduleCut)                                                        
"output" in: sky130A_mr.drc:1457                                                
    Polygons (raw): 0 (flat)  0 (hierarchical)                                  
    Elapsed: 0.000s  Memory: 458.00M                                            
END: 81/10 (moduleCut)                                                          
FEOL section                                                                    
START: 75/20 (hvi)                                                              
"-" in: sky130A_mr.drc:1470                                                     
    Polygons (raw): 0 (flat)  0 (hierarchical)                                  
    Elapsed: 0.000s  Memory: 458.00M                                            
"width" in: sky130A_mr.drc:1471                                                 
    Edge pairs: 0 (flat)  0 (hierarchical)                                      
    Elapsed: 0.000s  Memory: 458.00M                                            
"output" in: sky130A_mr.drc:1471                                                
    Edge pairs: 0 (flat)  0 (hierarchical)                                      
    Elapsed: 0.010s  Memory: 458.00M                                            
"space" in: sky130A_mr.drc:1475                                                 
    Edge pairs: 0 (flat)  0 (hierarchical)                                      
    Elapsed: 0.000s  Memory: 458.00M                                            
"output" in: sky130A_mr.drc:1475                                                
    Edge pairs: 0 (flat)  0 (hierarchical)                                      
    Elapsed: 0.000s  Memory: 458.00M                                            
END: 75/20 (hvi)                                                                
START: 125/20 (hvntm)                                                           
"-" in: sky130A_mr.drc:1483                                                     
    Polygons (raw): 0 (flat)  0 (hierarchical)                                  
    Elapsed: 0.000s  Memory: 458.00M                                            
"width" in: sky130A_mr.drc:1484                                                 
    Edge pairs: 0 (flat)  0 (hierarchical)                                      
    Elapsed: 0.000s  Memory: 458.00M                                            
"output" in: sky130A_mr.drc:1484                                                
    Edge pairs: 0 (flat)  0 (hierarchical)                                      
    Elapsed: 0.000s  Memory: 458.00M                                            
"space" in: sky130A_mr.drc:1488                                                 
    Edge pairs: 0 (flat)  0 (hierarchical)                                      
    Elapsed: 0.000s  Memory: 458.00M                                            
"output" in: sky130A_mr.drc:1488                                                
    Edge pairs: 0 (flat)  0 (hierarchical)                                      
    Elapsed: 0.000s  Memory: 458.00M                                            
END: 125/20 (hvntm)                                                             
OFFGRID-ANGLES section                                                          
"ongrid" in: sky130A_mr.drc:1498                                                
    Edge pairs: 0 (flat)  0 (hierarchical)                                      
    Elapsed: 0.000s  Memory: 458.00M                                            
"output" in: sky130A_mr.drc:1498                                                
    Edge pairs: 0 (flat)  0 (hierarchical)                                      
    Elapsed: 0.000s  Memory: 458.00M                                            
"with_angle" in: sky130A_mr.drc:1502                                            
    Edge pairs: 0 (flat)  0 (hierarchical)                                      
    Elapsed: 0.000s  Memory: 458.00M                                            
"output" in: sky130A_mr.drc:1502                                                
    Edge pairs: 0 (flat)  0 (hierarchical)                                      
    Elapsed: 0.000s  Memory: 458.00M                                            
"ongrid" in: sky130A_mr.drc:1506                                                
    Edge pairs: 0 (flat)  0 (hierarchical)                                      
    Elapsed: 0.000s  Memory: 458.00M                                            
"output" in: sky130A_mr.drc:1506                                                
    Edge pairs: 0 (flat)  0 (hierarchical)                                      
    Elapsed: 0.000s  Memory: 458.00M                                            
"with_angle" in: sky130A_mr.drc:1507                                            
    Edge pairs: 0 (flat)  0 (hierarchical)                                      
    Elapsed: 0.000s  Memory: 458.00M                                            
"output" in: sky130A_mr.drc:1507                                                
    Edge pairs: 0 (flat)  0 (hierarchical)                                      
    Elapsed: 0.000s  Memory: 458.00M                                            
"ongrid" in: sky130A_mr.drc:1511                                                
    Edge pairs: 0 (flat)  0 (hierarchical)                                      
    Elapsed: 0.000s  Memory: 458.00M                                            
"output" in: sky130A_mr.drc:1511                                                
    Edge pairs: 0 (flat)  0 (hierarchical)                                      
    Elapsed: 0.000s  Memory: 458.00M                                            
"with_angle" in: sky130A_mr.drc:1512                                            
    Edge pairs: 0 (flat)  0 (hierarchical)                                      
    Elapsed: 0.000s  Memory: 458.00M                                            
"output" in: sky130A_mr.drc:1512                                                
    Edge pairs: 0 (flat)  0 (hierarchical)                                      
    Elapsed: 0.000s  Memory: 458.00M                                            
"ongrid" in: sky130A_mr.drc:1513                                                
    Edge pairs: 0 (flat)  0 (hierarchical)                                      
    Elapsed: 0.000s  Memory: 458.00M                                            
"output" in: sky130A_mr.drc:1513                                                
    Edge pairs: 0 (flat)  0 (hierarchical)                                      
    Elapsed: 0.000s  Memory: 458.00M                                            
"with_angle" in: sky130A_mr.drc:1514                                            
    Edge pairs: 0 (flat)  0 (hierarchical)                                      
    Elapsed: 0.000s  Memory: 458.00M                                            
"output" in: sky130A_mr.drc:1514                                                
    Edge pairs: 0 (flat)  0 (hierarchical)                                      
    Elapsed: 0.000s  Memory: 458.00M                                            
"ongrid" in: sky130A_mr.drc:1515                                                
    Edge pairs: 0 (flat)  0 (hierarchical)                                      
    Elapsed: 0.010s  Memory: 458.00M                                            
"output" in: sky130A_mr.drc:1515                                                
    Edge pairs: 0 (flat)  0 (hierarchical)                                      
    Elapsed: 0.000s  Memory: 458.00M                                            
"with_angle" in: sky130A_mr.drc:1516                                            
    Edge pairs: 0 (flat)  0 (hierarchical)                                      
    Elapsed: 0.000s  Memory: 458.00M                                            
"output" in: sky130A_mr.drc:1516                                                
    Edge pairs: 0 (flat)  0 (hierarchical)                                      
    Elapsed: 0.000s  Memory: 458.00M                                            
"ongrid" in: sky130A_mr.drc:1517                                                
    Edge pairs: 0 (flat)  0 (hierarchical)                                      
    Elapsed: 0.000s  Memory: 458.00M                                            
"output" in: sky130A_mr.drc:1517                                                
    Edge pairs: 0 (flat)  0 (hierarchical)                                      
    Elapsed: 0.000s  Memory: 458.00M                                            
"with_angle" in: sky130A_mr.drc:1518                                            
    Edge pairs: 0 (flat)  0 (hierarchical)                                      
    Elapsed: 0.000s  Memory: 458.00M                                            
"output" in: sky130A_mr.drc:1518                                                
    Edge pairs: 0 (flat)  0 (hierarchical)                                      
    Elapsed: 0.000s  Memory: 459.00M                                            
"ongrid" in: sky130A_mr.drc:1519                                                
    Edge pairs: 0 (flat)  0 (hierarchical)                                      
    Elapsed: 0.000s  Memory: 459.00M                                            
"output" in: sky130A_mr.drc:1519                                                
    Edge pairs: 0 (flat)  0 (hierarchical)                                      
    Elapsed: 0.000s  Memory: 459.00M                                            
"with_angle" in: sky130A_mr.drc:1520                                            
    Edge pairs: 0 (flat)  0 (hierarchical)                                      
    Elapsed: 0.010s  Memory: 459.00M                                            
"output" in: sky130A_mr.drc:1520                                                
    Edge pairs: 0 (flat)  0 (hierarchical)                                      
    Elapsed: 0.000s  Memory: 459.00M                                            
"ongrid" in: sky130A_mr.drc:1521                                                
    Edge pairs: 0 (flat)  0 (hierarchical)                                      
    Elapsed: 0.000s  Memory: 459.00M                                            
"output" in: sky130A_mr.drc:1521                                                
    Edge pairs: 0 (flat)  0 (hierarchical)                                      
    Elapsed: 0.000s  Memory: 459.00M                                            
"with_angle" in: sky130A_mr.drc:1522                                            
    Edge pairs: 0 (flat)  0 (hierarchical)                                      
    Elapsed: 0.000s  Memory: 459.00M                                            
"output" in: sky130A_mr.drc:1522                                                
    Edge pairs: 0 (flat)  0 (hierarchical)                                      
    Elapsed: 0.000s  Memory: 459.00M                                            
"ongrid" in: sky130A_mr.drc:1523                                                
    Edge pairs: 0 (flat)  0 (hierarchical)                                      
    Elapsed: 0.010s  Memory: 459.00M                                            
"output" in: sky130A_mr.drc:1523                                                
    Edge pairs: 0 (flat)  0 (hierarchical)                                      
    Elapsed: 0.000s  Memory: 459.00M                                            
"ongrid" in: sky130A_mr.drc:1524                                                
    Edge pairs: 0 (flat)  0 (hierarchical)                                      
    Elapsed: 0.000s  Memory: 460.00M                                            
"output" in: sky130A_mr.drc:1524                                                
    Edge pairs: 0 (flat)  0 (hierarchical)                                      
    Elapsed: 0.000s  Memory: 460.00M                                            
"&" in: sky130A_mr.drc:1526                                                     
    Polygons (raw): 0 (flat)  0 (hierarchical)                                  
    Elapsed: 0.000s  Memory: 460.00M                                            
"-" in: sky130A_mr.drc:1526                                                     
    Polygons (raw): 3222 (flat)  166 (hierarchical)                             
    Elapsed: 0.010s  Memory: 460.00M                                            
"with_angle" in: sky130A_mr.drc:1527                                            
    Edge pairs: 0 (flat)  0 (hierarchical)                                      
    Elapsed: 0.000s  Memory: 460.00M                                            
"output" in: sky130A_mr.drc:1528                                                
    Edge pairs: 0 (flat)  0 (hierarchical)                                      
    Elapsed: 0.000s  Memory: 460.00M                                            
"&" in: sky130A_mr.drc:1530                                                     
    Polygons (raw): 0 (flat)  0 (hierarchical)                                  
    Elapsed: 0.000s  Memory: 460.00M                                            
"&" in: sky130A_mr.drc:1530                                                     
    Polygons (raw): 0 (flat)  0 (hierarchical)                                  
    Elapsed: 0.000s  Memory: 460.00M                                            
"with_angle" in: sky130A_mr.drc:1531                                            
    Edge pairs: 0 (flat)  0 (hierarchical)                                      
    Elapsed: 0.000s  Memory: 460.00M                                            
"output" in: sky130A_mr.drc:1532                                                
    Edge pairs: 0 (flat)  0 (hierarchical)                                      
    Elapsed: 0.000s  Memory: 460.00M                                            
"&" in: sky130A_mr.drc:1534                                                     
    Polygons (raw): 0 (flat)  0 (hierarchical)                                  
    Elapsed: 0.010s  Memory: 460.00M                                            
"-" in: sky130A_mr.drc:1534                                                     
    Polygons (raw): 204 (flat)  2 (hierarchical)                                
    Elapsed: 0.000s  Memory: 461.00M                                            
"with_angle" in: sky130A_mr.drc:1535                                            
    Edge pairs: 0 (flat)  0 (hierarchical)                                      
    Elapsed: 0.000s  Memory: 461.00M                                            
"output" in: sky130A_mr.drc:1536                                                
    Edge pairs: 0 (flat)  0 (hierarchical)                                      
    Elapsed: 0.010s  Memory: 461.00M                                            
"&" in: sky130A_mr.drc:1538                                                     
    Polygons (raw): 0 (flat)  0 (hierarchical)                                  
    Elapsed: 0.000s  Memory: 461.00M                                            
"&" in: sky130A_mr.drc:1538                                                     
    Polygons (raw): 0 (flat)  0 (hierarchical)                                  
    Elapsed: 0.000s  Memory: 461.00M                                            
"with_angle" in: sky130A_mr.drc:1539                                            
    Edge pairs: 0 (flat)  0 (hierarchical)                                      
    Elapsed: 0.000s  Memory: 461.00M                                            
"output" in: sky130A_mr.drc:1540                                                
    Edge pairs: 0 (flat)  0 (hierarchical)                                      
    Elapsed: 0.010s  Memory: 461.00M                                            
"ongrid" in: sky130A_mr.drc:1541                                                
    Edge pairs: 0 (flat)  0 (hierarchical)                                      
    Elapsed: 0.000s  Memory: 461.00M                                            
"output" in: sky130A_mr.drc:1541                                                
    Edge pairs: 0 (flat)  0 (hierarchical)                                      
    Elapsed: 0.000s  Memory: 461.00M                                            
"with_angle" in: sky130A_mr.drc:1542                                            
    Edge pairs: 0 (flat)  0 (hierarchical)                                      
    Elapsed: 0.000s  Memory: 461.00M                                            
"output" in: sky130A_mr.drc:1542                                                
    Edge pairs: 0 (flat)  0 (hierarchical)                                      
    Elapsed: 0.000s  Memory: 461.00M                                            
"ongrid" in: sky130A_mr.drc:1543                                                
    Edge pairs: 0 (flat)  0 (hierarchical)                                      
    Elapsed: 0.000s  Memory: 462.00M                                            
"output" in: sky130A_mr.drc:1543                                                
    Edge pairs: 0 (flat)  0 (hierarchical)                                      
    Elapsed: 0.000s  Memory: 462.00M                                            
"with_angle" in: sky130A_mr.drc:1544                                            
    Edge pairs: 0 (flat)  0 (hierarchical)                                      
    Elapsed: 0.000s  Memory: 462.00M                                            
"output" in: sky130A_mr.drc:1544                                                
    Edge pairs: 0 (flat)  0 (hierarchical)                                      
    Elapsed: 0.000s  Memory: 462.00M                                            
"ongrid" in: sky130A_mr.drc:1545                                                
    Edge pairs: 0 (flat)  0 (hierarchical)                                      
    Elapsed: 0.000s  Memory: 462.00M                                            
"output" in: sky130A_mr.drc:1545                                                
    Edge pairs: 0 (flat)  0 (hierarchical)                                      
    Elapsed: 0.000s  Memory: 462.00M                                            
"with_angle" in: sky130A_mr.drc:1546                                            
    Edge pairs: 0 (flat)  0 (hierarchical)                                      
    Elapsed: 0.010s  Memory: 462.00M                                            
"output" in: sky130A_mr.drc:1546                                                
    Edge pairs: 0 (flat)  0 (hierarchical)                                      
    Elapsed: 0.000s  Memory: 462.00M                                            
"ongrid" in: sky130A_mr.drc:1547                                                
    Edge pairs: 0 (flat)  0 (hierarchical)                                      
    Elapsed: 0.000s  Memory: 462.00M                                            
"output" in: sky130A_mr.drc:1547                                                
    Edge pairs: 0 (flat)  0 (hierarchical)                                      
    Elapsed: 0.000s  Memory: 463.00M                                            
"with_angle" in: sky130A_mr.drc:1548                                            
    Edge pairs: 0 (flat)  0 (hierarchical)                                      
    Elapsed: 0.000s  Memory: 463.00M                                            
"output" in: sky130A_mr.drc:1548                                                
    Edge pairs: 0 (flat)  0 (hierarchical)                                      
    Elapsed: 0.000s  Memory: 463.00M                                            
"ongrid" in: sky130A_mr.drc:1549                                                
    Edge pairs: 0 (flat)  0 (hierarchical)                                      
    Elapsed: 0.000s  Memory: 463.00M                                            
"output" in: sky130A_mr.drc:1549                                                
    Edge pairs: 0 (flat)  0 (hierarchical)                                      
    Elapsed: 0.000s  Memory: 463.00M                                            
"with_angle" in: sky130A_mr.drc:1550                                            
    Edge pairs: 0 (flat)  0 (hierarchical)                                      
    Elapsed: 0.000s  Memory: 463.00M                                            
"output" in: sky130A_mr.drc:1550                                                
    Edge pairs: 0 (flat)  0 (hierarchical)                                      
    Elapsed: 0.000s  Memory: 463.00M                                            
"ongrid" in: sky130A_mr.drc:1551                                                
    Edge pairs: 0 (flat)  0 (hierarchical)                                      
    Elapsed: 0.000s  Memory: 463.00M                                            
"output" in: sky130A_mr.drc:1551                                                
    Edge pairs: 0 (flat)  0 (hierarchical)                                      
    Elapsed: 0.000s  Memory: 463.00M                                            
"with_angle" in: sky130A_mr.drc:1552                                            
    Edge pairs: 0 (flat)  0 (hierarchical)                                      
    Elapsed: 0.000s  Memory: 464.00M                                            
"output" in: sky130A_mr.drc:1552                                                
    Edge pairs: 0 (flat)  0 (hierarchical)                                      
    Elapsed: 0.000s  Memory: 464.00M                                            
"ongrid" in: sky130A_mr.drc:1553                                                
    Edge pairs: 0 (flat)  0 (hierarchical)                                      
    Elapsed: 0.010s  Memory: 464.00M                                            
"output" in: sky130A_mr.drc:1553                                                
    Edge pairs: 0 (flat)  0 (hierarchical)                                      
    Elapsed: 0.000s  Memory: 464.00M                                            
"with_angle" in: sky130A_mr.drc:1554                                            
    Edge pairs: 0 (flat)  0 (hierarchical)                                      
    Elapsed: 0.000s  Memory: 464.00M                                            
"output" in: sky130A_mr.drc:1554                                                
    Edge pairs: 0 (flat)  0 (hierarchical)                                      
    Elapsed: 0.000s  Memory: 464.00M                                            
"ongrid" in: sky130A_mr.drc:1558                                                
    Edge pairs: 0 (flat)  0 (hierarchical)                                      
    Elapsed: 0.000s  Memory: 464.00M                                            
"output" in: sky130A_mr.drc:1558                                                
    Edge pairs: 0 (flat)  0 (hierarchical)                                      
    Elapsed: 0.030s  Memory: 464.00M                                            
"with_angle" in: sky130A_mr.drc:1559                                            
    Edge pairs: 0 (flat)  0 (hierarchical)                                      
    Elapsed: 0.000s  Memory: 464.00M                                            
"output" in: sky130A_mr.drc:1559                                                
    Edge pairs: 0 (flat)  0 (hierarchical)                                      
    Elapsed: 0.000s  Memory: 464.00M                                            
"ongrid" in: sky130A_mr.drc:1560                                                
    Edge pairs: 0 (flat)  0 (hierarchical)                                      
    Elapsed: 0.010s  Memory: 464.00M                                            
"output" in: sky130A_mr.drc:1560                                                
    Edge pairs: 0 (flat)  0 (hierarchical)                                      
    Elapsed: 0.000s  Memory: 464.00M                                            
"with_angle" in: sky130A_mr.drc:1561                                            
    Edge pairs: 0 (flat)  0 (hierarchical)                                      
    Elapsed: 0.000s  Memory: 464.00M                                            
"output" in: sky130A_mr.drc:1561                                                
    Edge pairs: 0 (flat)  0 (hierarchical)                                      
    Elapsed: 0.000s  Memory: 464.00M                                            
"ongrid" in: sky130A_mr.drc:1562                                                
    Edge pairs: 0 (flat)  0 (hierarchical)                                      
    Elapsed: 0.000s  Memory: 464.00M                                            
"output" in: sky130A_mr.drc:1562                                                
    Edge pairs: 0 (flat)  0 (hierarchical)                                      
    Elapsed: 0.000s  Memory: 464.00M                                            
"with_angle" in: sky130A_mr.drc:1563                                            
    Edge pairs: 0 (flat)  0 (hierarchical)                                      
    Elapsed: 0.000s  Memory: 464.00M                                            
"output" in: sky130A_mr.drc:1563                                                
    Edge pairs: 0 (flat)  0 (hierarchical)                                      
    Elapsed: 0.000s  Memory: 464.00M                                            
"ongrid" in: sky130A_mr.drc:1564                                                
    Edge pairs: 0 (flat)  0 (hierarchical)                                      
    Elapsed: 0.000s  Memory: 464.00M                                            
"output" in: sky130A_mr.drc:1564                                                
    Edge pairs: 0 (flat)  0 (hierarchical)                                      
    Elapsed: 0.000s  Memory: 464.00M                                            
"with_angle" in: sky130A_mr.drc:1565                                            
    Edge pairs: 0 (flat)  0 (hierarchical)                                      
    Elapsed: 0.000s  Memory: 464.00M                                            
"output" in: sky130A_mr.drc:1565                                                
    Edge pairs: 0 (flat)  0 (hierarchical)                                      
    Elapsed: 0.000s  Memory: 464.00M                                            
"ongrid" in: sky130A_mr.drc:1566                                                
    Edge pairs: 0 (flat)  0 (hierarchical)                                      
    Elapsed: 0.000s  Memory: 464.00M                                            
"output" in: sky130A_mr.drc:1566                                                
    Edge pairs: 0 (flat)  0 (hierarchical)                                      
    Elapsed: 0.000s  Memory: 464.00M                                            
"with_angle" in: sky130A_mr.drc:1567                                            
    Edge pairs: 0 (flat)  0 (hierarchical)                                      
    Elapsed: 0.000s  Memory: 464.00M                                            
"output" in: sky130A_mr.drc:1567                                                
    Edge pairs: 0 (flat)  0 (hierarchical)                                      
    Elapsed: 0.000s  Memory: 464.00M                                            
"ongrid" in: sky130A_mr.drc:1568                                                
    Edge pairs: 0 (flat)  0 (hierarchical)                                      
    Elapsed: 0.000s  Memory: 464.00M                                            
"output" in: sky130A_mr.drc:1568                                                
    Edge pairs: 0 (flat)  0 (hierarchical)                                      
    Elapsed: 0.000s  Memory: 464.00M                                            
"with_angle" in: sky130A_mr.drc:1569                                            
    Edge pairs: 0 (flat)  0 (hierarchical)                                      
    Elapsed: 0.000s  Memory: 464.00M                                            
"output" in: sky130A_mr.drc:1569                                                
    Edge pairs: 0 (flat)  0 (hierarchical)                                      
    Elapsed: 0.000s  Memory: 464.00M                                            
"ongrid" in: sky130A_mr.drc:1570                                                
    Edge pairs: 0 (flat)  0 (hierarchical)                                      
    Elapsed: 0.000s  Memory: 464.00M                                            
"output" in: sky130A_mr.drc:1570                                                
    Edge pairs: 0 (flat)  0 (hierarchical)                                      
    Elapsed: 0.000s  Memory: 464.00M                                            
"with_angle" in: sky130A_mr.drc:1571                                            
    Edge pairs: 0 (flat)  0 (hierarchical)                                      
    Elapsed: 0.000s  Memory: 464.00M                                            
"output" in: sky130A_mr.drc:1571                                                
    Edge pairs: 0 (flat)  0 (hierarchical)                                      
    Elapsed: 0.000s  Memory: 464.00M                                            
"ongrid" in: sky130A_mr.drc:1572                                                
    Edge pairs: 0 (flat)  0 (hierarchical)                                      
    Elapsed: 0.010s  Memory: 464.00M                                            
"output" in: sky130A_mr.drc:1572                                                
    Edge pairs: 0 (flat)  0 (hierarchical)                                      
    Elapsed: 0.000s  Memory: 464.00M                                            
"with_angle" in: sky130A_mr.drc:1573                                            
    Edge pairs: 0 (flat)  0 (hierarchical)                                      
    Elapsed: 0.000s  Memory: 464.00M                                            
"output" in: sky130A_mr.drc:1573                                                
    Edge pairs: 0 (flat)  0 (hierarchical)                                      
    Elapsed: 0.000s  Memory: 464.00M                                            
"ongrid" in: sky130A_mr.drc:1574                                                
    Edge pairs: 0 (flat)  0 (hierarchical)                                      
    Elapsed: 0.000s  Memory: 464.00M                                            
"output" in: sky130A_mr.drc:1574                                                
    Edge pairs: 0 (flat)  0 (hierarchical)                                      
    Elapsed: 0.000s  Memory: 464.00M                                            
"with_angle" in: sky130A_mr.drc:1575                                            
    Edge pairs: 0 (flat)  0 (hierarchical)                                      
    Elapsed: 0.000s  Memory: 464.00M                                            
"output" in: sky130A_mr.drc:1575                                                
    Edge pairs: 0 (flat)  0 (hierarchical)                                      
    Elapsed: 0.000s  Memory: 464.00M                                            
"ongrid" in: sky130A_mr.drc:1576                                                
    Edge pairs: 0 (flat)  0 (hierarchical)                                      
    Elapsed: 0.000s  Memory: 464.00M                                            
"output" in: sky130A_mr.drc:1576                                                
    Edge pairs: 0 (flat)  0 (hierarchical)                                      
    Elapsed: 0.000s  Memory: 464.00M                                            
"with_angle" in: sky130A_mr.drc:1577                                            
    Edge pairs: 0 (flat)  0 (hierarchical)                                      
    Elapsed: 0.000s  Memory: 464.00M                                            
"output" in: sky130A_mr.drc:1577                                                
    Edge pairs: 0 (flat)  0 (hierarchical)                                      
    Elapsed: 0.000s  Memory: 464.00M                                            
"ongrid" in: sky130A_mr.drc:1578                                                
    Edge pairs: 0 (flat)  0 (hierarchical)                                      
    Elapsed: 0.000s  Memory: 464.00M                                            
"output" in: sky130A_mr.drc:1578                                                
    Edge pairs: 0 (flat)  0 (hierarchical)                                      
    Elapsed: 0.000s  Memory: 464.00M                                            
"with_angle" in: sky130A_mr.drc:1579                                            
    Edge pairs: 0 (flat)  0 (hierarchical)                                      
    Elapsed: 0.000s  Memory: 464.00M                                            
"output" in: sky130A_mr.drc:1579                                                
    Edge pairs: 0 (flat)  0 (hierarchical)                                      
    Elapsed: 0.000s  Memory: 464.00M                                            
"ongrid" in: sky130A_mr.drc:1580                                                
    Edge pairs: 0 (flat)  0 (hierarchical)                                      
    Elapsed: 0.000s  Memory: 464.00M                                            
"output" in: sky130A_mr.drc:1580                                                
    Edge pairs: 0 (flat)  0 (hierarchical)                                      
    Elapsed: 0.000s  Memory: 464.00M                                            
"with_angle" in: sky130A_mr.drc:1581                                            
    Edge pairs: 0 (flat)  0 (hierarchical)                                      
    Elapsed: 0.000s  Memory: 464.00M                                            
"output" in: sky130A_mr.drc:1581                                                
    Edge pairs: 0 (flat)  0 (hierarchical)                                      
    Elapsed: 0.000s  Memory: 464.00M                                            
"ongrid" in: sky130A_mr.drc:1582                                                
    Edge pairs: 0 (flat)  0 (hierarchical)                                      
    Elapsed: 0.000s  Memory: 464.00M                                            
"output" in: sky130A_mr.drc:1582                                                
    Edge pairs: 0 (flat)  0 (hierarchical)                                      
    Elapsed: 0.000s  Memory: 464.00M                                            
"with_angle" in: sky130A_mr.drc:1583                                            
    Edge pairs: 0 (flat)  0 (hierarchical)                                      
    Elapsed: 0.000s  Memory: 464.00M                                            
"output" in: sky130A_mr.drc:1583                                                
    Edge pairs: 0 (flat)  0 (hierarchical)                                      
    Elapsed: 0.010s  Memory: 464.00M                                            
"ongrid" in: sky130A_mr.drc:1584                                                
    Edge pairs: 0 (flat)  0 (hierarchical)                                      
    Elapsed: 0.000s  Memory: 464.00M                                            
"output" in: sky130A_mr.drc:1584                                                
    Edge pairs: 0 (flat)  0 (hierarchical)                                      
    Elapsed: 0.000s  Memory: 464.00M                                            
"with_angle" in: sky130A_mr.drc:1585                                            
    Edge pairs: 0 (flat)  0 (hierarchical)                                      
    Elapsed: 0.000s  Memory: 464.00M                                            
"output" in: sky130A_mr.drc:1585                                                
    Edge pairs: 0 (flat)  0 (hierarchical)                                      
    Elapsed: 0.000s  Memory: 464.00M                                            
"ongrid" in: sky130A_mr.drc:1586                                                
    Edge pairs: 0 (flat)  0 (hierarchical)                                      
    Elapsed: 0.000s  Memory: 464.00M                                            
"output" in: sky130A_mr.drc:1586                                                
    Edge pairs: 0 (flat)  0 (hierarchical)                                      
    Elapsed: 0.000s  Memory: 464.00M                                            
"with_angle" in: sky130A_mr.drc:1587                                            
    Edge pairs: 0 (flat)  0 (hierarchical)                                      
    Elapsed: 0.000s  Memory: 464.00M                                            
"output" in: sky130A_mr.drc:1587                                                
    Edge pairs: 0 (flat)  0 (hierarchical)                                      
    Elapsed: 0.000s  Memory: 464.00M                                            
"ongrid" in: sky130A_mr.drc:1588                                                
    Edge pairs: 0 (flat)  0 (hierarchical)                                      
    Elapsed: 0.000s  Memory: 464.00M                                            
"output" in: sky130A_mr.drc:1588                                                
    Edge pairs: 0 (flat)  0 (hierarchical)                                      
    Elapsed: 0.010s  Memory: 464.00M                                            
"with_angle" in: sky130A_mr.drc:1589                                            
    Edge pairs: 0 (flat)  0 (hierarchical)                                      
    Elapsed: 0.000s  Memory: 464.00M                                            
"output" in: sky130A_mr.drc:1589                                                
    Edge pairs: 0 (flat)  0 (hierarchical)                                      
    Elapsed: 0.000s  Memory: 464.00M                                            
"ongrid" in: sky130A_mr.drc:1590                                                
    Edge pairs: 0 (flat)  0 (hierarchical)                                      
    Elapsed: 0.000s  Memory: 464.00M                                            
"output" in: sky130A_mr.drc:1590                                                
    Edge pairs: 0 (flat)  0 (hierarchical)                                      
    Elapsed: 0.000s  Memory: 464.00M                                            
"with_angle" in: sky130A_mr.drc:1591                                            
    Edge pairs: 0 (flat)  0 (hierarchical)                                      
    Elapsed: 0.000s  Memory: 464.00M                                            
"output" in: sky130A_mr.drc:1591                                                
    Edge pairs: 0 (flat)  0 (hierarchical)                                      
    Elapsed: 0.000s  Memory: 464.00M                                            
"ongrid" in: sky130A_mr.drc:1595                                                
    Edge pairs: 0 (flat)  0 (hierarchical)                                      
    Elapsed: 0.000s  Memory: 464.00M                                            
"output" in: sky130A_mr.drc:1595                                                
    Edge pairs: 0 (flat)  0 (hierarchical)                                      
    Elapsed: 0.000s  Memory: 464.00M                                            
"with_angle" in: sky130A_mr.drc:1596                                            
    Edge pairs: 0 (flat)  0 (hierarchical)                                      
    Elapsed: 0.010s  Memory: 464.00M                                            
"output" in: sky130A_mr.drc:1596                                                
    Edge pairs: 0 (flat)  0 (hierarchical)                                      
    Elapsed: 0.000s  Memory: 464.00M                                            
"ongrid" in: sky130A_mr.drc:1597                                                
    Edge pairs: 0 (flat)  0 (hierarchical)                                      
    Elapsed: 0.000s  Memory: 464.00M                                            
"output" in: sky130A_mr.drc:1597                                                
    Edge pairs: 0 (flat)  0 (hierarchical)                                      
    Elapsed: 0.000s  Memory: 464.00M                                            
"with_angle" in: sky130A_mr.drc:1598                                            
    Edge pairs: 0 (flat)  0 (hierarchical)                                      
    Elapsed: 0.000s  Memory: 464.00M                                            
"output" in: sky130A_mr.drc:1598                                                
    Edge pairs: 0 (flat)  0 (hierarchical)                                      
    Elapsed: 0.000s  Memory: 464.00M                                            
"ongrid" in: sky130A_mr.drc:1599                                                
    Edge pairs: 0 (flat)  0 (hierarchical)                                      
    Elapsed: 0.000s  Memory: 464.00M                                            
"output" in: sky130A_mr.drc:1599                                                
    Edge pairs: 0 (flat)  0 (hierarchical)                                      
    Elapsed: 0.000s  Memory: 464.00M                                            
"with_angle" in: sky130A_mr.drc:1603                                            
    Edge pairs: 0 (flat)  0 (hierarchical)                                      
    Elapsed: 0.000s  Memory: 464.00M                                            
"output" in: sky130A_mr.drc:1603                                                
    Edge pairs: 0 (flat)  0 (hierarchical)                                      
    Elapsed: 0.010s  Memory: 464.00M                                            
"ongrid" in: sky130A_mr.drc:1607                                                
    Edge pairs: 0 (flat)  0 (hierarchical)                                      
    Elapsed: 0.000s  Memory: 464.00M                                            
"output" in: sky130A_mr.drc:1607                                                
    Edge pairs: 0 (flat)  0 (hierarchical)                                      
    Elapsed: 0.000s  Memory: 464.00M                                            
Writing report database:                                                        
/home/runner/work/ASIC_101/ASIC_101/files/alu/pd/runs/csel-4ns/65-klayout-drc/re
ports/drc.klayout.lyrdb ..                                                      
Total elapsed: 4.860s  Memory: 464.00M                                          
Args:                                                                           
        sram_exclude: false                                                     
        feol: 1                                                                 
        beol: 1                                                                 
        floating_met: false                                                     
        offgrid: 1                                                              
        seal: 1                                                                 
                                                                                
Cell exclusion list:                                                            
   rule    | cell                                                               
   nwell.6 | sky130_fd_io__gpiov2_amux, sky130_fd_io__simple_pad_and_busses     
                                                                                
release 2024.2.11_01.09                                                         
[21:09:37] VERBOSE  Logging subprocess to                           step.py:1338
                    'runs/csel-4ns/65-klayout-drc/xml_drc_report_to             
                    _json.log'…                                                 
────────────────────────── Magic Design Rule Checker ───────────────────────────
[21:09:38] VERBOSE  Running 'Checker.MagicDRC' at                   step.py:1138
                    'runs/csel-4ns/66-checker-magicdrc'…                        
[21:09:38] INFO     Check for Magic DRC errors clear.             checker.py:131
───────────────────────── KLayout Design Rule Checker ──────────────────────────
[21:09:38] VERBOSE  Running 'Checker.KLayoutDRC' at                 step.py:1138
                    'runs/csel-4ns/67-checker-klayoutdrc'…                      
[21:09:38] INFO     Check for KLayout DRC errors clear.           checker.py:131
──────────────────────────── SPICE Model Extraction ────────────────────────────
[21:09:38] VERBOSE  Running 'Magic.SpiceExtraction' at              step.py:1138
                    'runs/csel-4ns/68-magic-spiceextraction'…                   
[21:09:38] VERBOSE  Logging subprocess to                           step.py:1338
                    'runs/csel-4ns/68-magic-spiceextraction/magic-s             
                    piceextraction.log'…                                        
                                                                                
Magic 8.3 revision 623 - Compiled on Tue Mar 17 08:19:38 UTC 2026.              
Starting magic under Tcl interpreter                                            
Using the terminal as the console.                                              
WARNING: RLIMIT_NOFILE is above 1024 and Tcl_Version<9 this may cause runtime   
issues [rlim_cur=65536]                                                         
Using NULL graphics device.                                                     
Processing system .magicrc file                                                 
Switching to WIRING tool.                                                       
Switching to NETLIST tool.                                                      
Switching to PICK tool.                                                         
Switching to BOX tool.                                                          
Sourcing design .magicrc for technology sky130A ...                             
2 Magic internal units = 1 Lambda                                               
Input style sky130(): scaleFactor=2, multiplier=2                               
The following types are not handled by extraction and will be treated as        
non-electrical types:                                                           
    ubm                                                                         
Scaled tech values by 2 / 1 to match internal grid scaling                      
Loading sky130A Device Generator Menu ...                                       
Loading                                                                         
"/nix/store/8y4m6wgn5kqlbig1qwnwbxijqqp0jwib-python3-3.13.9-env/lib/python3.13/s
ite-packages/librelane/scripts/magic/wrapper.tcl" from command line.            
> lef read                                                                      
/home/runner/.ciel/ciel/sky130/versions/8afc8346a57fe1ab7934ba5a6056ea8b43078e71
/sky130A/libs.ref/sky130_fd_sc_hd/techlef/sky130_fd_sc_hd__nom.tlef             
Reading LEF data from file                                                      
/home/runner/.ciel/ciel/sky130/versions/8afc8346a57fe1ab7934ba5a6056ea8b43078e71
/sky130A/libs.ref/sky130_fd_sc_hd/techlef/sky130_fd_sc_hd__nom.tlef.            
This action cannot be undone.                                                   
LEF read, Line 82 (Message): Unknown keyword "ANTENNAMODEL" in LEF file;        
ignoring.                                                                       
LEF read, Line 83 (Message): Unknown keyword "ANTENNADIFFSIDEAREARATIO" in LEF  
file; ignoring.                                                                 
LEF read, Line 116 (Message): Unknown keyword "MINENCLOSEDAREA" in LEF file;    
ignoring.                                                                       
LEF read, Line 118 (Message): Unknown keyword "ANTENNAMODEL" in LEF file;       
ignoring.                                                                       
LEF read, Line 119 (Message): Unknown keyword "ANTENNADIFFSIDEAREARATIO" in LEF 
file; ignoring.                                                                 
LEF read, Line 125 (Message): Unknown keyword "MAXIMUMDENSITY" in LEF file;     
ignoring.                                                                       
LEF read, Line 126 (Message): Unknown keyword "DENSITYCHECKWINDOW" in LEF file; 
ignoring.                                                                       
LEF read, Line 127 (Message): Unknown keyword "DENSITYCHECKSTEP" in LEF file;   
ignoring.                                                                       
LEF read, Line 160 (Message): Unknown keyword "MINENCLOSEDAREA" in LEF file;    
ignoring.                                                                       
LEF read, Line 168 (Message): Unknown keyword "ANTENNAMODEL" in LEF file;       
ignoring.                                                                       
LEF read, Line 169 (Message): Unknown keyword "ANTENNADIFFSIDEAREARATIO" in LEF 
file; ignoring.                                                                 
LEF read, Line 171 (Message): Unknown keyword "MAXIMUMDENSITY" in LEF file;     
ignoring.                                                                       
LEF read, Line 172 (Message): Unknown keyword "DENSITYCHECKWINDOW" in LEF file; 
ignoring.                                                                       
LEF read, Line 173 (Message): Unknown keyword "DENSITYCHECKSTEP" in LEF file;   
ignoring.                                                                       
LEF read, Line 210 (Message): Unknown keyword "ANTENNAMODEL" in LEF file;       
ignoring.                                                                       
LEF read, Line 211 (Message): Unknown keyword "ANTENNADIFFSIDEAREARATIO" in LEF 
file; ignoring.                                                                 
LEF read, Line 213 (Message): Unknown keyword "MAXIMUMDENSITY" in LEF file;     
ignoring.                                                                       
LEF read, Line 214 (Message): Unknown keyword "DENSITYCHECKWINDOW" in LEF file; 
ignoring.                                                                       
LEF read, Line 215 (Message): Unknown keyword "DENSITYCHECKSTEP" in LEF file;   
ignoring.                                                                       
LEF read, Line 252 (Message): Unknown keyword "ANTENNAMODEL" in LEF file;       
ignoring.                                                                       
LEF read, Line 253 (Message): Unknown keyword "ANTENNADIFFSIDEAREARATIO" in LEF 
file; ignoring.                                                                 
LEF read, Line 255 (Message): Unknown keyword "MAXIMUMDENSITY" in LEF file;     
ignoring.                                                                       
LEF read, Line 256 (Message): Unknown keyword "DENSITYCHECKWINDOW" in LEF file; 
ignoring.                                                                       
LEF read, Line 257 (Message): Unknown keyword "DENSITYCHECKSTEP" in LEF file;   
ignoring.                                                                       
LEF read, Line 294 (Message): Unknown keyword "ANTENNAMODEL" in LEF file;       
ignoring.                                                                       
LEF read, Line 295 (Message): Unknown keyword "ANTENNADIFFSIDEAREARATIO" in LEF 
file; ignoring.                                                                 
LEF read: Processed 801 lines.                                                  
> lef read                                                                      
/home/runner/.ciel/ciel/sky130/versions/8afc8346a57fe1ab7934ba5a6056ea8b43078e71
/sky130A/libs.ref/sky130_fd_sc_hd/lef/sky130_ef_sc_hd.lef                       
Reading LEF data from file                                                      
/home/runner/.ciel/ciel/sky130/versions/8afc8346a57fe1ab7934ba5a6056ea8b43078e71
/sky130A/libs.ref/sky130_fd_sc_hd/lef/sky130_ef_sc_hd.lef.                      
This action cannot be undone.                                                   
LEF read: Processed 582 lines.                                                  
> lef read                                                                      
/home/runner/.ciel/ciel/sky130/versions/8afc8346a57fe1ab7934ba5a6056ea8b43078e71
/sky130A/libs.ref/sky130_fd_sc_hd/lef/sky130_fd_sc_hd.lef                       
Reading LEF data from file                                                      
/home/runner/.ciel/ciel/sky130/versions/8afc8346a57fe1ab7934ba5a6056ea8b43078e71
/sky130A/libs.ref/sky130_fd_sc_hd/lef/sky130_fd_sc_hd.lef.                      
This action cannot be undone.                                                   
LEF read: Processed 56536 lines.                                                
> def read                                                                      
/home/runner/work/ASIC_101/ASIC_101/files/alu/pd/runs/csel-4ns/53-odb-cellfreque
ncytables/alu_top.def -noblockage                                               
Reading DEF data from file                                                      
/home/runner/work/ASIC_101/ASIC_101/files/alu/pd/runs/csel-4ns/53-odb-cellfreque
ncytables/alu_top.def.                                                          
This action cannot be undone.                                                   
  Processed 4 vias total.                                                       
  Processed 1 non-default rules total.                                          
  Processed 1759 subcell instances total.                                       
  Processed 35 pins total.                                                      
  Processed 2 special nets total.                                               
  Processed 258 nets total.                                                     
DEF read: Processed 5538 lines.                                                 
> spice read                                                                    
/home/runner/.ciel/ciel/sky130/versions/8afc8346a57fe1ab7934ba5a6056ea8b43078e71
/sky130A/libs.ref/sky130_fd_sc_hd/spice/sky130_ef_sc_hd__decap_12.spice         
Annotating port orders from                                                     
/home/runner/.ciel/ciel/sky130/versions/8afc8346a57fe1ab7934ba5a6056ea8b43078e71
/sky130A/libs.ref/sky130_fd_sc_hd/spice/sky130_ef_sc_hd__decap_12.spice         
Annotating cell sky130_ef_sc_hd__decap_12                                       
Cell sky130_ef_sc_hd__decap_12 port order was modified.                         
> spice read                                                                    
/home/runner/.ciel/ciel/sky130/versions/8afc8346a57fe1ab7934ba5a6056ea8b43078e71
/sky130A/libs.ref/sky130_fd_sc_hd/spice/sky130_ef_sc_hd__decap_20_12.spice      
Annotating port orders from                                                     
/home/runner/.ciel/ciel/sky130/versions/8afc8346a57fe1ab7934ba5a6056ea8b43078e71
/sky130A/libs.ref/sky130_fd_sc_hd/spice/sky130_ef_sc_hd__decap_20_12.spice      
Annotating cell sky130_ef_sc_hd__decap_20_12                                    
Cell sky130_ef_sc_hd__decap_20_12 port order was modified.                      
> spice read                                                                    
/home/runner/.ciel/ciel/sky130/versions/8afc8346a57fe1ab7934ba5a6056ea8b43078e71
/sky130A/libs.ref/sky130_fd_sc_hd/spice/sky130_ef_sc_hd__decap_40_12.spice      
Annotating port orders from                                                     
/home/runner/.ciel/ciel/sky130/versions/8afc8346a57fe1ab7934ba5a6056ea8b43078e71
/sky130A/libs.ref/sky130_fd_sc_hd/spice/sky130_ef_sc_hd__decap_40_12.spice      
Annotating cell sky130_ef_sc_hd__decap_40_12                                    
Cell sky130_ef_sc_hd__decap_40_12 port order was modified.                      
> spice read                                                                    
/home/runner/.ciel/ciel/sky130/versions/8afc8346a57fe1ab7934ba5a6056ea8b43078e71
/sky130A/libs.ref/sky130_fd_sc_hd/spice/sky130_ef_sc_hd__decap_60_12.spice      
Annotating port orders from                                                     
/home/runner/.ciel/ciel/sky130/versions/8afc8346a57fe1ab7934ba5a6056ea8b43078e71
/sky130A/libs.ref/sky130_fd_sc_hd/spice/sky130_ef_sc_hd__decap_60_12.spice      
Annotating cell sky130_ef_sc_hd__decap_60_12                                    
Cell sky130_ef_sc_hd__decap_60_12 port order was modified.                      
> spice read                                                                    
/home/runner/.ciel/ciel/sky130/versions/8afc8346a57fe1ab7934ba5a6056ea8b43078e71
/sky130A/libs.ref/sky130_fd_sc_hd/spice/sky130_ef_sc_hd__decap_80_12.spice      
Annotating port orders from                                                     
/home/runner/.ciel/ciel/sky130/versions/8afc8346a57fe1ab7934ba5a6056ea8b43078e71
/sky130A/libs.ref/sky130_fd_sc_hd/spice/sky130_ef_sc_hd__decap_80_12.spice      
Annotating cell sky130_ef_sc_hd__decap_80_12                                    
Cell sky130_ef_sc_hd__decap_80_12 port order was modified.                      
> spice read                                                                    
/home/runner/.ciel/ciel/sky130/versions/8afc8346a57fe1ab7934ba5a6056ea8b43078e71
/sky130A/libs.ref/sky130_fd_sc_hd/spice/sky130_ef_sc_hd__fill_12.spice          
Annotating port orders from                                                     
/home/runner/.ciel/ciel/sky130/versions/8afc8346a57fe1ab7934ba5a6056ea8b43078e71
/sky130A/libs.ref/sky130_fd_sc_hd/spice/sky130_ef_sc_hd__fill_12.spice          
Annotating cell sky130_ef_sc_hd__fill_12                                        
Cell sky130_ef_sc_hd__fill_12 port order was modified.                          
> spice read                                                                    
/home/runner/.ciel/ciel/sky130/versions/8afc8346a57fe1ab7934ba5a6056ea8b43078e71
/sky130A/libs.ref/sky130_fd_sc_hd/spice/sky130_ef_sc_hd__fill_2.spice           
Annotating port orders from                                                     
/home/runner/.ciel/ciel/sky130/versions/8afc8346a57fe1ab7934ba5a6056ea8b43078e71
/sky130A/libs.ref/sky130_fd_sc_hd/spice/sky130_ef_sc_hd__fill_2.spice           
Cell sky130_ef_sc_hd__fill_2 in netlist has not been loaded.                    
> spice read                                                                    
/home/runner/.ciel/ciel/sky130/versions/8afc8346a57fe1ab7934ba5a6056ea8b43078e71
/sky130A/libs.ref/sky130_fd_sc_hd/spice/sky130_ef_sc_hd__fill_4.spice           
Annotating port orders from                                                     
/home/runner/.ciel/ciel/sky130/versions/8afc8346a57fe1ab7934ba5a6056ea8b43078e71
/sky130A/libs.ref/sky130_fd_sc_hd/spice/sky130_ef_sc_hd__fill_4.spice           
Annotating cell sky130_ef_sc_hd__fill_4                                         
Cell sky130_ef_sc_hd__fill_4 port order was modified.                           
> spice read                                                                    
/home/runner/.ciel/ciel/sky130/versions/8afc8346a57fe1ab7934ba5a6056ea8b43078e71
/sky130A/libs.ref/sky130_fd_sc_hd/spice/sky130_ef_sc_hd__fill_8.spice           
Annotating port orders from                                                     
/home/runner/.ciel/ciel/sky130/versions/8afc8346a57fe1ab7934ba5a6056ea8b43078e71
/sky130A/libs.ref/sky130_fd_sc_hd/spice/sky130_ef_sc_hd__fill_8.spice           
Annotating cell sky130_ef_sc_hd__fill_8                                         
Cell sky130_ef_sc_hd__fill_8 port order was modified.                           
> spice read                                                                    
/home/runner/.ciel/ciel/sky130/versions/8afc8346a57fe1ab7934ba5a6056ea8b43078e71
/sky130A/libs.ref/sky130_fd_sc_hd/spice/sky130_fd_sc_hd.spice                   
Annotating port orders from                                                     
/home/runner/.ciel/ciel/sky130/versions/8afc8346a57fe1ab7934ba5a6056ea8b43078e71
/sky130A/libs.ref/sky130_fd_sc_hd/spice/sky130_fd_sc_hd.spice                   
Annotating cell sky130_fd_sc_hd__a2bb2o_1                                       
Cell sky130_fd_sc_hd__a2bb2o_1 port order was modified.                         
Annotating cell sky130_fd_sc_hd__a2bb2o_2                                       
Cell sky130_fd_sc_hd__a2bb2o_2 port order was modified.                         
Annotating cell sky130_fd_sc_hd__a2bb2o_4                                       
Cell sky130_fd_sc_hd__a2bb2o_4 port order was modified.                         
Annotating cell sky130_fd_sc_hd__a2bb2oi_1                                      
Cell sky130_fd_sc_hd__a2bb2oi_1 port order was modified.                        
Annotating cell sky130_fd_sc_hd__a2bb2oi_2                                      
Cell sky130_fd_sc_hd__a2bb2oi_2 port order was modified.                        
Annotating cell sky130_fd_sc_hd__a2bb2oi_4                                      
Cell sky130_fd_sc_hd__a2bb2oi_4 port order was modified.                        
Annotating cell sky130_fd_sc_hd__a21bo_1                                        
Cell sky130_fd_sc_hd__a21bo_1 port order was modified.                          
Annotating cell sky130_fd_sc_hd__a21bo_2                                        
Cell sky130_fd_sc_hd__a21bo_2 port order was modified.                          
Annotating cell sky130_fd_sc_hd__a21bo_4                                        
Cell sky130_fd_sc_hd__a21bo_4 port order was modified.                          
Annotating cell sky130_fd_sc_hd__a21boi_0                                       
Cell sky130_fd_sc_hd__a21boi_0 port order was modified.                         
Annotating cell sky130_fd_sc_hd__a21boi_1                                       
Cell sky130_fd_sc_hd__a21boi_1 port order was modified.                         
Annotating cell sky130_fd_sc_hd__a21boi_2                                       
Cell sky130_fd_sc_hd__a21boi_2 port order was modified.                         
Annotating cell sky130_fd_sc_hd__a21boi_4                                       
Cell sky130_fd_sc_hd__a21boi_4 port order was modified.                         
Annotating cell sky130_fd_sc_hd__a21o_1                                         
Cell sky130_fd_sc_hd__a21o_1 port order was modified.                           
Annotating cell sky130_fd_sc_hd__a21o_2                                         
Cell sky130_fd_sc_hd__a21o_2 port order was modified.                           
Annotating cell sky130_fd_sc_hd__a21o_4                                         
Cell sky130_fd_sc_hd__a21o_4 port order was modified.                           
Annotating cell sky130_fd_sc_hd__a21oi_1                                        
Cell sky130_fd_sc_hd__a21oi_1 port order was modified.                          
Annotating cell sky130_fd_sc_hd__a21oi_2                                        
Cell sky130_fd_sc_hd__a21oi_2 port order was modified.                          
Annotating cell sky130_fd_sc_hd__a21oi_4                                        
Cell sky130_fd_sc_hd__a21oi_4 port order was modified.                          
Annotating cell sky130_fd_sc_hd__a22o_1                                         
Cell sky130_fd_sc_hd__a22o_1 port order was modified.                           
Annotating cell sky130_fd_sc_hd__a22o_2                                         
Cell sky130_fd_sc_hd__a22o_2 port order was modified.                           
Annotating cell sky130_fd_sc_hd__a22o_4                                         
Cell sky130_fd_sc_hd__a22o_4 port order was modified.                           
Annotating cell sky130_fd_sc_hd__a22oi_1                                        
Cell sky130_fd_sc_hd__a22oi_1 port order was modified.                          
Annotating cell sky130_fd_sc_hd__a22oi_2                                        
Cell sky130_fd_sc_hd__a22oi_2 port order was modified.                          
Annotating cell sky130_fd_sc_hd__a22oi_4                                        
Cell sky130_fd_sc_hd__a22oi_4 port order was modified.                          
Annotating cell sky130_fd_sc_hd__a31o_1                                         
Cell sky130_fd_sc_hd__a31o_1 port order was modified.                           
Annotating cell sky130_fd_sc_hd__a31o_2                                         
Cell sky130_fd_sc_hd__a31o_2 port order was modified.                           
Annotating cell sky130_fd_sc_hd__a31o_4                                         
Cell sky130_fd_sc_hd__a31o_4 port order was modified.                           
Annotating cell sky130_fd_sc_hd__a31oi_1                                        
Cell sky130_fd_sc_hd__a31oi_1 port order was modified.                          
Annotating cell sky130_fd_sc_hd__a31oi_2                                        
Cell sky130_fd_sc_hd__a31oi_2 port order was modified.                          
Annotating cell sky130_fd_sc_hd__a31oi_4                                        
Cell sky130_fd_sc_hd__a31oi_4 port order was modified.                          
Annotating cell sky130_fd_sc_hd__a32o_1                                         
Cell sky130_fd_sc_hd__a32o_1 port order was modified.                           
Annotating cell sky130_fd_sc_hd__a32o_2                                         
Cell sky130_fd_sc_hd__a32o_2 port order was modified.                           
Annotating cell sky130_fd_sc_hd__a32o_4                                         
Cell sky130_fd_sc_hd__a32o_4 port order was modified.                           
Annotating cell sky130_fd_sc_hd__a32oi_1                                        
Cell sky130_fd_sc_hd__a32oi_1 port order was modified.                          
Annotating cell sky130_fd_sc_hd__a32oi_2                                        
Cell sky130_fd_sc_hd__a32oi_2 port order was modified.                          
Annotating cell sky130_fd_sc_hd__a32oi_4                                        
Cell sky130_fd_sc_hd__a32oi_4 port order was modified.                          
Annotating cell sky130_fd_sc_hd__a41o_1                                         
Cell sky130_fd_sc_hd__a41o_1 port order was modified.                           
Annotating cell sky130_fd_sc_hd__a41o_2                                         
Cell sky130_fd_sc_hd__a41o_2 port order was modified.                           
Annotating cell sky130_fd_sc_hd__a41o_4                                         
Cell sky130_fd_sc_hd__a41o_4 port order was modified.                           
Annotating cell sky130_fd_sc_hd__a41oi_1                                        
Cell sky130_fd_sc_hd__a41oi_1 port order was modified.                          
Annotating cell sky130_fd_sc_hd__a41oi_2                                        
Cell sky130_fd_sc_hd__a41oi_2 port order was modified.                          
Annotating cell sky130_fd_sc_hd__a41oi_4                                        
Cell sky130_fd_sc_hd__a41oi_4 port order was modified.                          
Annotating cell sky130_fd_sc_hd__a211o_1                                        
Cell sky130_fd_sc_hd__a211o_1 port order was modified.                          
Annotating cell sky130_fd_sc_hd__a211o_2                                        
Cell sky130_fd_sc_hd__a211o_2 port order was modified.                          
Annotating cell sky130_fd_sc_hd__a211o_4                                        
Cell sky130_fd_sc_hd__a211o_4 port order was modified.                          
Annotating cell sky130_fd_sc_hd__a211oi_1                                       
Cell sky130_fd_sc_hd__a211oi_1 port order was modified.                         
Annotating cell sky130_fd_sc_hd__a211oi_2                                       
Cell sky130_fd_sc_hd__a211oi_2 port order was modified.                         
Annotating cell sky130_fd_sc_hd__a211oi_4                                       
Cell sky130_fd_sc_hd__a211oi_4 port order was modified.                         
Annotating cell sky130_fd_sc_hd__a221o_1                                        
Cell sky130_fd_sc_hd__a221o_1 port order was modified.                          
Annotating cell sky130_fd_sc_hd__a221o_2                                        
Cell sky130_fd_sc_hd__a221o_2 port order was modified.                          
Annotating cell sky130_fd_sc_hd__a221o_4                                        
Cell sky130_fd_sc_hd__a221o_4 port order was modified.                          
Annotating cell sky130_fd_sc_hd__a221oi_1                                       
Cell sky130_fd_sc_hd__a221oi_1 port order was modified.                         
Annotating cell sky130_fd_sc_hd__a221oi_2                                       
Cell sky130_fd_sc_hd__a221oi_2 port order was modified.                         
Annotating cell sky130_fd_sc_hd__a221oi_4                                       
Cell sky130_fd_sc_hd__a221oi_4 port order was modified.                         
Annotating cell sky130_fd_sc_hd__a222oi_1                                       
Cell sky130_fd_sc_hd__a222oi_1 port order was modified.                         
Annotating cell sky130_fd_sc_hd__a311o_1                                        
Cell sky130_fd_sc_hd__a311o_1 port order was modified.                          
Annotating cell sky130_fd_sc_hd__a311o_2                                        
Cell sky130_fd_sc_hd__a311o_2 port order was modified.                          
Annotating cell sky130_fd_sc_hd__a311o_4                                        
Cell sky130_fd_sc_hd__a311o_4 port order was modified.                          
Annotating cell sky130_fd_sc_hd__a311oi_1                                       
Cell sky130_fd_sc_hd__a311oi_1 port order was modified.                         
Annotating cell sky130_fd_sc_hd__a311oi_2                                       
Cell sky130_fd_sc_hd__a311oi_2 port order was modified.                         
Annotating cell sky130_fd_sc_hd__a311oi_4                                       
Cell sky130_fd_sc_hd__a311oi_4 port order was modified.                         
Annotating cell sky130_fd_sc_hd__a2111o_1                                       
Cell sky130_fd_sc_hd__a2111o_1 port order was modified.                         
Annotating cell sky130_fd_sc_hd__a2111o_2                                       
Cell sky130_fd_sc_hd__a2111o_2 port order was modified.                         
Annotating cell sky130_fd_sc_hd__a2111o_4                                       
Cell sky130_fd_sc_hd__a2111o_4 port order was modified.                         
Annotating cell sky130_fd_sc_hd__a2111oi_0                                      
Cell sky130_fd_sc_hd__a2111oi_0 port order was modified.                        
Annotating cell sky130_fd_sc_hd__a2111oi_1                                      
Cell sky130_fd_sc_hd__a2111oi_1 port order was modified.                        
Annotating cell sky130_fd_sc_hd__a2111oi_2                                      
Cell sky130_fd_sc_hd__a2111oi_2 port order was modified.                        
Annotating cell sky130_fd_sc_hd__a2111oi_4                                      
Cell sky130_fd_sc_hd__a2111oi_4 port order was modified.                        
Annotating cell sky130_fd_sc_hd__and2_0                                         
Cell sky130_fd_sc_hd__and2_0 port order was modified.                           
Annotating cell sky130_fd_sc_hd__and2_1                                         
Cell sky130_fd_sc_hd__and2_1 port order was modified.                           
Annotating cell sky130_fd_sc_hd__and2_2                                         
Cell sky130_fd_sc_hd__and2_2 port order was modified.                           
Annotating cell sky130_fd_sc_hd__and2_4                                         
Cell sky130_fd_sc_hd__and2_4 port order was modified.                           
Annotating cell sky130_fd_sc_hd__and2b_1                                        
Cell sky130_fd_sc_hd__and2b_1 port order was modified.                          
Annotating cell sky130_fd_sc_hd__and2b_2                                        
Cell sky130_fd_sc_hd__and2b_2 port order was modified.                          
Annotating cell sky130_fd_sc_hd__and2b_4                                        
Cell sky130_fd_sc_hd__and2b_4 port order was modified.                          
Annotating cell sky130_fd_sc_hd__and3_1                                         
Cell sky130_fd_sc_hd__and3_1 port order was modified.                           
Annotating cell sky130_fd_sc_hd__and3_2                                         
Cell sky130_fd_sc_hd__and3_2 port order was modified.                           
Annotating cell sky130_fd_sc_hd__and3_4                                         
Cell sky130_fd_sc_hd__and3_4 port order was modified.                           
Annotating cell sky130_fd_sc_hd__and3b_1                                        
Cell sky130_fd_sc_hd__and3b_1 port order was modified.                          
Annotating cell sky130_fd_sc_hd__and3b_2                                        
Cell sky130_fd_sc_hd__and3b_2 port order was modified.                          
Annotating cell sky130_fd_sc_hd__and3b_4                                        
Cell sky130_fd_sc_hd__and3b_4 port order was modified.                          
Annotating cell sky130_fd_sc_hd__and4_1                                         
Cell sky130_fd_sc_hd__and4_1 port order was modified.                           
Annotating cell sky130_fd_sc_hd__and4_2                                         
Cell sky130_fd_sc_hd__and4_2 port order was modified.                           
Annotating cell sky130_fd_sc_hd__and4_4                                         
Cell sky130_fd_sc_hd__and4_4 port order was modified.                           
Annotating cell sky130_fd_sc_hd__and4b_1                                        
Cell sky130_fd_sc_hd__and4b_1 port order was modified.                          
Annotating cell sky130_fd_sc_hd__and4b_2                                        
Cell sky130_fd_sc_hd__and4b_2 port order was modified.                          
Annotating cell sky130_fd_sc_hd__and4b_4                                        
Cell sky130_fd_sc_hd__and4b_4 port order was modified.                          
Annotating cell sky130_fd_sc_hd__and4bb_1                                       
Cell sky130_fd_sc_hd__and4bb_1 port order was modified.                         
Annotating cell sky130_fd_sc_hd__and4bb_2                                       
Cell sky130_fd_sc_hd__and4bb_2 port order was modified.                         
Annotating cell sky130_fd_sc_hd__and4bb_4                                       
Cell sky130_fd_sc_hd__and4bb_4 port order was modified.                         
Annotating cell sky130_fd_sc_hd__buf_1                                          
Cell sky130_fd_sc_hd__buf_1 port order was modified.                            
Annotating cell sky130_fd_sc_hd__buf_2                                          
Cell sky130_fd_sc_hd__buf_2 port order was modified.                            
Annotating cell sky130_fd_sc_hd__buf_4                                          
Cell sky130_fd_sc_hd__buf_4 port order was modified.                            
Annotating cell sky130_fd_sc_hd__buf_6                                          
Cell sky130_fd_sc_hd__buf_6 port order was modified.                            
Annotating cell sky130_fd_sc_hd__buf_8                                          
Cell sky130_fd_sc_hd__buf_8 port order was modified.                            
Annotating cell sky130_fd_sc_hd__buf_12                                         
Cell sky130_fd_sc_hd__buf_12 port order was modified.                           
Annotating cell sky130_fd_sc_hd__buf_16                                         
Cell sky130_fd_sc_hd__buf_16 port order was modified.                           
Annotating cell sky130_fd_sc_hd__bufbuf_8                                       
Cell sky130_fd_sc_hd__bufbuf_8 port order was modified.                         
Annotating cell sky130_fd_sc_hd__bufbuf_16                                      
Cell sky130_fd_sc_hd__bufbuf_16 port order was modified.                        
Annotating cell sky130_fd_sc_hd__bufinv_8                                       
Cell sky130_fd_sc_hd__bufinv_8 port order was modified.                         
Annotating cell sky130_fd_sc_hd__bufinv_16                                      
Cell sky130_fd_sc_hd__bufinv_16 port order was modified.                        
Annotating cell sky130_fd_sc_hd__clkbuf_1                                       
Cell sky130_fd_sc_hd__clkbuf_1 port order was modified.                         
Annotating cell sky130_fd_sc_hd__clkbuf_2                                       
Cell sky130_fd_sc_hd__clkbuf_2 port order was modified.                         
Annotating cell sky130_fd_sc_hd__clkbuf_4                                       
Cell sky130_fd_sc_hd__clkbuf_4 port order was modified.                         
Annotating cell sky130_fd_sc_hd__clkbuf_8                                       
Cell sky130_fd_sc_hd__clkbuf_8 port order was modified.                         
Annotating cell sky130_fd_sc_hd__clkbuf_16                                      
Cell sky130_fd_sc_hd__clkbuf_16 port order was modified.                        
Annotating cell sky130_fd_sc_hd__clkdlybuf4s15_1                                
Cell sky130_fd_sc_hd__clkdlybuf4s15_1 port order was modified.                  
Annotating cell sky130_fd_sc_hd__clkdlybuf4s15_2                                
Cell sky130_fd_sc_hd__clkdlybuf4s15_2 port order was modified.                  
Annotating cell sky130_fd_sc_hd__clkdlybuf4s18_1                                
Cell sky130_fd_sc_hd__clkdlybuf4s18_1 port order was modified.                  
Annotating cell sky130_fd_sc_hd__clkdlybuf4s18_2                                
Cell sky130_fd_sc_hd__clkdlybuf4s18_2 port order was modified.                  
Annotating cell sky130_fd_sc_hd__clkdlybuf4s25_1                                
Cell sky130_fd_sc_hd__clkdlybuf4s25_1 port order was modified.                  
Annotating cell sky130_fd_sc_hd__clkdlybuf4s25_2                                
Cell sky130_fd_sc_hd__clkdlybuf4s25_2 port order was modified.                  
Annotating cell sky130_fd_sc_hd__clkdlybuf4s50_1                                
Cell sky130_fd_sc_hd__clkdlybuf4s50_1 port order was modified.                  
Annotating cell sky130_fd_sc_hd__clkdlybuf4s50_2                                
Cell sky130_fd_sc_hd__clkdlybuf4s50_2 port order was modified.                  
Annotating cell sky130_fd_sc_hd__clkinv_1                                       
Cell sky130_fd_sc_hd__clkinv_1 port order was modified.                         
Annotating cell sky130_fd_sc_hd__clkinv_2                                       
Cell sky130_fd_sc_hd__clkinv_2 port order was modified.                         
Annotating cell sky130_fd_sc_hd__clkinv_4                                       
Cell sky130_fd_sc_hd__clkinv_4 port order was modified.                         
Annotating cell sky130_fd_sc_hd__clkinv_8                                       
Cell sky130_fd_sc_hd__clkinv_8 port order was modified.                         
Annotating cell sky130_fd_sc_hd__clkinv_16                                      
Cell sky130_fd_sc_hd__clkinv_16 port order was modified.                        
Annotating cell sky130_fd_sc_hd__clkinvlp_2                                     
Cell sky130_fd_sc_hd__clkinvlp_2 port order was modified.                       
Annotating cell sky130_fd_sc_hd__clkinvlp_4                                     
Cell sky130_fd_sc_hd__clkinvlp_4 port order was modified.                       
Annotating cell sky130_fd_sc_hd__conb_1                                         
Cell sky130_fd_sc_hd__conb_1 port order was modified.                           
Annotating cell sky130_fd_sc_hd__decap_3                                        
Cell sky130_fd_sc_hd__decap_3 port order was modified.                          
Annotating cell sky130_fd_sc_hd__decap_4                                        
Cell sky130_fd_sc_hd__decap_4 port order was modified.                          
Annotating cell sky130_fd_sc_hd__decap_6                                        
Cell sky130_fd_sc_hd__decap_6 port order was modified.                          
Annotating cell sky130_fd_sc_hd__decap_8                                        
Cell sky130_fd_sc_hd__decap_8 port order was modified.                          
Annotating cell sky130_fd_sc_hd__decap_12                                       
Cell sky130_fd_sc_hd__decap_12 port order was modified.                         
Annotating cell sky130_fd_sc_hd__dfbbn_1                                        
Cell sky130_fd_sc_hd__dfbbn_1 port order was modified.                          
Annotating cell sky130_fd_sc_hd__dfbbn_2                                        
Cell sky130_fd_sc_hd__dfbbn_2 port order was modified.                          
Annotating cell sky130_fd_sc_hd__dfbbp_1                                        
Cell sky130_fd_sc_hd__dfbbp_1 port order was modified.                          
Annotating cell sky130_fd_sc_hd__dfrbp_1                                        
Cell sky130_fd_sc_hd__dfrbp_1 port order was modified.                          
Annotating cell sky130_fd_sc_hd__dfrbp_2                                        
Cell sky130_fd_sc_hd__dfrbp_2 port order was modified.                          
Annotating cell sky130_fd_sc_hd__dfrtn_1                                        
Cell sky130_fd_sc_hd__dfrtn_1 port order was modified.                          
Annotating cell sky130_fd_sc_hd__dfrtp_1                                        
Cell sky130_fd_sc_hd__dfrtp_1 port order was modified.                          
Annotating cell sky130_fd_sc_hd__dfrtp_2                                        
Cell sky130_fd_sc_hd__dfrtp_2 port order was modified.                          
Annotating cell sky130_fd_sc_hd__dfrtp_4                                        
Cell sky130_fd_sc_hd__dfrtp_4 port order was modified.                          
Annotating cell sky130_fd_sc_hd__dfsbp_1                                        
Cell sky130_fd_sc_hd__dfsbp_1 port order was modified.                          
Annotating cell sky130_fd_sc_hd__dfsbp_2                                        
Cell sky130_fd_sc_hd__dfsbp_2 port order was modified.                          
Annotating cell sky130_fd_sc_hd__dfstp_1                                        
Cell sky130_fd_sc_hd__dfstp_1 port order was modified.                          
Annotating cell sky130_fd_sc_hd__dfstp_2                                        
Cell sky130_fd_sc_hd__dfstp_2 port order was modified.                          
Annotating cell sky130_fd_sc_hd__dfstp_4                                        
Cell sky130_fd_sc_hd__dfstp_4 port order was modified.                          
Annotating cell sky130_fd_sc_hd__dfxbp_1                                        
Cell sky130_fd_sc_hd__dfxbp_1 port order was modified.                          
Annotating cell sky130_fd_sc_hd__dfxbp_2                                        
Cell sky130_fd_sc_hd__dfxbp_2 port order was modified.                          
Annotating cell sky130_fd_sc_hd__dfxtp_1                                        
Cell sky130_fd_sc_hd__dfxtp_1 port order was modified.                          
Annotating cell sky130_fd_sc_hd__dfxtp_2                                        
Cell sky130_fd_sc_hd__dfxtp_2 port order was modified.                          
Annotating cell sky130_fd_sc_hd__dfxtp_4                                        
Cell sky130_fd_sc_hd__dfxtp_4 port order was modified.                          
Annotating cell sky130_fd_sc_hd__diode_2                                        
Cell sky130_fd_sc_hd__diode_2 port order was modified.                          
Annotating cell sky130_fd_sc_hd__dlclkp_1                                       
Cell sky130_fd_sc_hd__dlclkp_1 port order was modified.                         
Annotating cell sky130_fd_sc_hd__dlclkp_2                                       
Cell sky130_fd_sc_hd__dlclkp_2 port order was modified.                         
Annotating cell sky130_fd_sc_hd__dlclkp_4                                       
Cell sky130_fd_sc_hd__dlclkp_4 port order was modified.                         
Annotating cell sky130_fd_sc_hd__dlrbn_1                                        
Cell sky130_fd_sc_hd__dlrbn_1 port order was modified.                          
Annotating cell sky130_fd_sc_hd__dlrbn_2                                        
Cell sky130_fd_sc_hd__dlrbn_2 port order was modified.                          
Annotating cell sky130_fd_sc_hd__dlrbp_1                                        
Cell sky130_fd_sc_hd__dlrbp_1 port order was modified.                          
Annotating cell sky130_fd_sc_hd__dlrbp_2                                        
Cell sky130_fd_sc_hd__dlrbp_2 port order was modified.                          
Annotating cell sky130_fd_sc_hd__dlrtn_1                                        
Cell sky130_fd_sc_hd__dlrtn_1 port order was modified.                          
Annotating cell sky130_fd_sc_hd__dlrtn_2                                        
Cell sky130_fd_sc_hd__dlrtn_2 port order was modified.                          
Annotating cell sky130_fd_sc_hd__dlrtn_4                                        
Cell sky130_fd_sc_hd__dlrtn_4 port order was modified.                          
Annotating cell sky130_fd_sc_hd__dlrtp_1                                        
Cell sky130_fd_sc_hd__dlrtp_1 port order was modified.                          
Annotating cell sky130_fd_sc_hd__dlrtp_2                                        
Cell sky130_fd_sc_hd__dlrtp_2 port order was modified.                          
Annotating cell sky130_fd_sc_hd__dlrtp_4                                        
Cell sky130_fd_sc_hd__dlrtp_4 port order was modified.                          
Annotating cell sky130_fd_sc_hd__dlxbn_1                                        
Cell sky130_fd_sc_hd__dlxbn_1 port order was modified.                          
Annotating cell sky130_fd_sc_hd__dlxbn_2                                        
Cell sky130_fd_sc_hd__dlxbn_2 port order was modified.                          
Annotating cell sky130_fd_sc_hd__dlxbp_1                                        
Cell sky130_fd_sc_hd__dlxbp_1 port order was modified.                          
Annotating cell sky130_fd_sc_hd__dlxtn_1                                        
Cell sky130_fd_sc_hd__dlxtn_1 port order was modified.                          
Annotating cell sky130_fd_sc_hd__dlxtn_2                                        
Cell sky130_fd_sc_hd__dlxtn_2 port order was modified.                          
Annotating cell sky130_fd_sc_hd__dlxtn_4                                        
Cell sky130_fd_sc_hd__dlxtn_4 port order was modified.                          
Annotating cell sky130_fd_sc_hd__dlxtp_1                                        
Cell sky130_fd_sc_hd__dlxtp_1 port order was modified.                          
Annotating cell sky130_fd_sc_hd__dlygate4sd1_1                                  
Cell sky130_fd_sc_hd__dlygate4sd1_1 port order was modified.                    
Annotating cell sky130_fd_sc_hd__dlygate4sd2_1                                  
Cell sky130_fd_sc_hd__dlygate4sd2_1 port order was modified.                    
Annotating cell sky130_fd_sc_hd__dlygate4sd3_1                                  
Cell sky130_fd_sc_hd__dlygate4sd3_1 port order was modified.                    
Annotating cell sky130_fd_sc_hd__dlymetal6s2s_1                                 
Cell sky130_fd_sc_hd__dlymetal6s2s_1 port order was modified.                   
Annotating cell sky130_fd_sc_hd__dlymetal6s4s_1                                 
Cell sky130_fd_sc_hd__dlymetal6s4s_1 port order was modified.                   
Annotating cell sky130_fd_sc_hd__dlymetal6s6s_1                                 
Cell sky130_fd_sc_hd__dlymetal6s6s_1 port order was modified.                   
Annotating cell sky130_fd_sc_hd__ebufn_1                                        
Cell sky130_fd_sc_hd__ebufn_1 port order was modified.                          
Annotating cell sky130_fd_sc_hd__ebufn_2                                        
Cell sky130_fd_sc_hd__ebufn_2 port order was modified.                          
Annotating cell sky130_fd_sc_hd__ebufn_4                                        
Cell sky130_fd_sc_hd__ebufn_4 port order was modified.                          
Annotating cell sky130_fd_sc_hd__ebufn_8                                        
Cell sky130_fd_sc_hd__ebufn_8 port order was modified.                          
Annotating cell sky130_fd_sc_hd__edfxbp_1                                       
Cell sky130_fd_sc_hd__edfxbp_1 port order was modified.                         
Annotating cell sky130_fd_sc_hd__edfxtp_1                                       
Cell sky130_fd_sc_hd__edfxtp_1 port order was modified.                         
Annotating cell sky130_fd_sc_hd__einvn_0                                        
Cell sky130_fd_sc_hd__einvn_0 port order was modified.                          
Annotating cell sky130_fd_sc_hd__einvn_1                                        
Cell sky130_fd_sc_hd__einvn_1 port order was modified.                          
Annotating cell sky130_fd_sc_hd__einvn_2                                        
Cell sky130_fd_sc_hd__einvn_2 port order was modified.                          
Annotating cell sky130_fd_sc_hd__einvn_4                                        
Cell sky130_fd_sc_hd__einvn_4 port order was modified.                          
Annotating cell sky130_fd_sc_hd__einvn_8                                        
Cell sky130_fd_sc_hd__einvn_8 port order was modified.                          
Annotating cell sky130_fd_sc_hd__einvp_1                                        
Cell sky130_fd_sc_hd__einvp_1 port order was modified.                          
Annotating cell sky130_fd_sc_hd__einvp_2                                        
Cell sky130_fd_sc_hd__einvp_2 port order was modified.                          
Annotating cell sky130_fd_sc_hd__einvp_4                                        
Cell sky130_fd_sc_hd__einvp_4 port order was modified.                          
Annotating cell sky130_fd_sc_hd__einvp_8                                        
Cell sky130_fd_sc_hd__einvp_8 port order was modified.                          
Annotating cell sky130_fd_sc_hd__fa_1                                           
Cell sky130_fd_sc_hd__fa_1 port order was modified.                             
Annotating cell sky130_fd_sc_hd__fa_2                                           
Cell sky130_fd_sc_hd__fa_2 port order was modified.                             
Annotating cell sky130_fd_sc_hd__fa_4                                           
Cell sky130_fd_sc_hd__fa_4 port order was modified.                             
Annotating cell sky130_fd_sc_hd__fah_1                                          
Cell sky130_fd_sc_hd__fah_1 port order was modified.                            
Annotating cell sky130_fd_sc_hd__fahcin_1                                       
Cell sky130_fd_sc_hd__fahcin_1 port order was modified.                         
Annotating cell sky130_fd_sc_hd__fahcon_1                                       
Cell sky130_fd_sc_hd__fahcon_1 port order was modified.                         
Annotating cell sky130_fd_sc_hd__fill_1                                         
Cell sky130_fd_sc_hd__fill_1 port order was modified.                           
Annotating cell sky130_fd_sc_hd__fill_2                                         
Cell sky130_fd_sc_hd__fill_2 port order was modified.                           
Annotating cell sky130_fd_sc_hd__fill_4                                         
Cell sky130_fd_sc_hd__fill_4 port order was modified.                           
Annotating cell sky130_fd_sc_hd__fill_8                                         
Cell sky130_fd_sc_hd__fill_8 port order was modified.                           
Annotating cell sky130_fd_sc_hd__ha_1                                           
Cell sky130_fd_sc_hd__ha_1 port order was modified.                             
Annotating cell sky130_fd_sc_hd__ha_2                                           
Cell sky130_fd_sc_hd__ha_2 port order was modified.                             
Annotating cell sky130_fd_sc_hd__ha_4                                           
Cell sky130_fd_sc_hd__ha_4 port order was modified.                             
Annotating cell sky130_fd_sc_hd__inv_1                                          
Cell sky130_fd_sc_hd__inv_1 port order was modified.                            
Annotating cell sky130_fd_sc_hd__inv_2                                          
Cell sky130_fd_sc_hd__inv_2 port order was modified.                            
Annotating cell sky130_fd_sc_hd__inv_4                                          
Cell sky130_fd_sc_hd__inv_4 port order was modified.                            
Annotating cell sky130_fd_sc_hd__inv_6                                          
Cell sky130_fd_sc_hd__inv_6 port order was modified.                            
Annotating cell sky130_fd_sc_hd__inv_8                                          
Cell sky130_fd_sc_hd__inv_8 port order was modified.                            
Annotating cell sky130_fd_sc_hd__inv_12                                         
Cell sky130_fd_sc_hd__inv_12 port order was modified.                           
Annotating cell sky130_fd_sc_hd__inv_16                                         
Cell sky130_fd_sc_hd__inv_16 port order was modified.                           
Annotating cell sky130_fd_sc_hd__lpflow_bleeder_1                               
Cell sky130_fd_sc_hd__lpflow_bleeder_1 port order was modified.                 
Annotating cell sky130_fd_sc_hd__lpflow_clkbufkapwr_1                           
Cell sky130_fd_sc_hd__lpflow_clkbufkapwr_1 port order was modified.             
Annotating cell sky130_fd_sc_hd__lpflow_clkbufkapwr_2                           
Cell sky130_fd_sc_hd__lpflow_clkbufkapwr_2 port order was modified.             
Annotating cell sky130_fd_sc_hd__lpflow_clkbufkapwr_4                           
Cell sky130_fd_sc_hd__lpflow_clkbufkapwr_4 port order was modified.             
Annotating cell sky130_fd_sc_hd__lpflow_clkbufkapwr_8                           
Cell sky130_fd_sc_hd__lpflow_clkbufkapwr_8 port order was modified.             
Annotating cell sky130_fd_sc_hd__lpflow_clkbufkapwr_16                          
Cell sky130_fd_sc_hd__lpflow_clkbufkapwr_16 port order was modified.            
Annotating cell sky130_fd_sc_hd__lpflow_clkinvkapwr_1                           
Cell sky130_fd_sc_hd__lpflow_clkinvkapwr_1 port order was modified.             
Annotating cell sky130_fd_sc_hd__lpflow_clkinvkapwr_2                           
Cell sky130_fd_sc_hd__lpflow_clkinvkapwr_2 port order was modified.             
Annotating cell sky130_fd_sc_hd__lpflow_clkinvkapwr_4                           
Cell sky130_fd_sc_hd__lpflow_clkinvkapwr_4 port order was modified.             
Annotating cell sky130_fd_sc_hd__lpflow_clkinvkapwr_8                           
Cell sky130_fd_sc_hd__lpflow_clkinvkapwr_8 port order was modified.             
Annotating cell sky130_fd_sc_hd__lpflow_clkinvkapwr_16                          
Cell sky130_fd_sc_hd__lpflow_clkinvkapwr_16 port order was modified.            
Annotating cell sky130_fd_sc_hd__lpflow_decapkapwr_3                            
Cell sky130_fd_sc_hd__lpflow_decapkapwr_3 port order was modified.              
Annotating cell sky130_fd_sc_hd__lpflow_decapkapwr_4                            
Cell sky130_fd_sc_hd__lpflow_decapkapwr_4 port order was modified.              
Annotating cell sky130_fd_sc_hd__lpflow_decapkapwr_6                            
Cell sky130_fd_sc_hd__lpflow_decapkapwr_6 port order was modified.              
Annotating cell sky130_fd_sc_hd__lpflow_decapkapwr_8                            
Cell sky130_fd_sc_hd__lpflow_decapkapwr_8 port order was modified.              
Annotating cell sky130_fd_sc_hd__lpflow_decapkapwr_12                           
Cell sky130_fd_sc_hd__lpflow_decapkapwr_12 port order was modified.             
Annotating cell sky130_fd_sc_hd__lpflow_inputiso0n_1                            
Cell sky130_fd_sc_hd__lpflow_inputiso0n_1 port order was modified.              
Annotating cell sky130_fd_sc_hd__lpflow_inputiso0p_1                            
Cell sky130_fd_sc_hd__lpflow_inputiso0p_1 port order was modified.              
Annotating cell sky130_fd_sc_hd__lpflow_inputiso1n_1                            
Cell sky130_fd_sc_hd__lpflow_inputiso1n_1 port order was modified.              
Annotating cell sky130_fd_sc_hd__lpflow_inputiso1p_1                            
Cell sky130_fd_sc_hd__lpflow_inputiso1p_1 port order was modified.              
Annotating cell sky130_fd_sc_hd__lpflow_inputisolatch_1                         
Cell sky130_fd_sc_hd__lpflow_inputisolatch_1 port order was modified.           
Annotating cell sky130_fd_sc_hd__lpflow_isobufsrc_1                             
Cell sky130_fd_sc_hd__lpflow_isobufsrc_1 port order was modified.               
Annotating cell sky130_fd_sc_hd__lpflow_isobufsrc_2                             
Cell sky130_fd_sc_hd__lpflow_isobufsrc_2 port order was modified.               
Annotating cell sky130_fd_sc_hd__lpflow_isobufsrc_4                             
Cell sky130_fd_sc_hd__lpflow_isobufsrc_4 port order was modified.               
Annotating cell sky130_fd_sc_hd__lpflow_isobufsrc_8                             
Cell sky130_fd_sc_hd__lpflow_isobufsrc_8 port order was modified.               
Annotating cell sky130_fd_sc_hd__lpflow_isobufsrc_16                            
Cell sky130_fd_sc_hd__lpflow_isobufsrc_16 port order was modified.              
Annotating cell sky130_fd_sc_hd__lpflow_isobufsrckapwr_16                       
Cell sky130_fd_sc_hd__lpflow_isobufsrckapwr_16 port order was modified.         
Annotating cell sky130_fd_sc_hd__lpflow_lsbuf_lh_hl_isowell_tap_1               
Cell sky130_fd_sc_hd__lpflow_lsbuf_lh_hl_isowell_tap_1 port order was modified. 
Annotating cell sky130_fd_sc_hd__lpflow_lsbuf_lh_hl_isowell_tap_2               
Cell sky130_fd_sc_hd__lpflow_lsbuf_lh_hl_isowell_tap_2 port order was modified. 
Annotating cell sky130_fd_sc_hd__lpflow_lsbuf_lh_hl_isowell_tap_4               
Cell sky130_fd_sc_hd__lpflow_lsbuf_lh_hl_isowell_tap_4 port order was modified. 
Annotating cell sky130_fd_sc_hd__lpflow_lsbuf_lh_isowell_4                      
Cell sky130_fd_sc_hd__lpflow_lsbuf_lh_isowell_4 port order was modified.        
Annotating cell sky130_fd_sc_hd__lpflow_lsbuf_lh_isowell_tap_1                  
Cell sky130_fd_sc_hd__lpflow_lsbuf_lh_isowell_tap_1 port order was modified.    
Annotating cell sky130_fd_sc_hd__lpflow_lsbuf_lh_isowell_tap_2                  
Cell sky130_fd_sc_hd__lpflow_lsbuf_lh_isowell_tap_2 port order was modified.    
Annotating cell sky130_fd_sc_hd__lpflow_lsbuf_lh_isowell_tap_4                  
Cell sky130_fd_sc_hd__lpflow_lsbuf_lh_isowell_tap_4 port order was modified.    
Annotating cell sky130_fd_sc_hd__macro_sparecell                                
Cell sky130_fd_sc_hd__macro_sparecell port order was modified.                  
Annotating cell sky130_fd_sc_hd__maj3_1                                         
Cell sky130_fd_sc_hd__maj3_1 port order was modified.                           
Annotating cell sky130_fd_sc_hd__maj3_2                                         
Cell sky130_fd_sc_hd__maj3_2 port order was modified.                           
Annotating cell sky130_fd_sc_hd__maj3_4                                         
Cell sky130_fd_sc_hd__maj3_4 port order was modified.                           
Annotating cell sky130_fd_sc_hd__mux2_1                                         
Cell sky130_fd_sc_hd__mux2_1 port order was modified.                           
Annotating cell sky130_fd_sc_hd__mux2_2                                         
Cell sky130_fd_sc_hd__mux2_2 port order was modified.                           
Annotating cell sky130_fd_sc_hd__mux2_4                                         
Cell sky130_fd_sc_hd__mux2_4 port order was modified.                           
Annotating cell sky130_fd_sc_hd__mux2_8                                         
Cell sky130_fd_sc_hd__mux2_8 port order was modified.                           
Annotating cell sky130_fd_sc_hd__mux2i_1                                        
Cell sky130_fd_sc_hd__mux2i_1 port order was modified.                          
Annotating cell sky130_fd_sc_hd__mux2i_2                                        
Cell sky130_fd_sc_hd__mux2i_2 port order was modified.                          
Annotating cell sky130_fd_sc_hd__mux2i_4                                        
Cell sky130_fd_sc_hd__mux2i_4 port order was modified.                          
Annotating cell sky130_fd_sc_hd__mux4_1                                         
Cell sky130_fd_sc_hd__mux4_1 port order was modified.                           
Annotating cell sky130_fd_sc_hd__mux4_2                                         
Cell sky130_fd_sc_hd__mux4_2 port order was modified.                           
Annotating cell sky130_fd_sc_hd__mux4_4                                         
Cell sky130_fd_sc_hd__mux4_4 port order was modified.                           
Annotating cell sky130_fd_sc_hd__nand2_1                                        
Cell sky130_fd_sc_hd__nand2_1 port order was modified.                          
Annotating cell sky130_fd_sc_hd__nand2_2                                        
Cell sky130_fd_sc_hd__nand2_2 port order was modified.                          
Annotating cell sky130_fd_sc_hd__nand2_4                                        
Cell sky130_fd_sc_hd__nand2_4 port order was modified.                          
Annotating cell sky130_fd_sc_hd__nand2_8                                        
Cell sky130_fd_sc_hd__nand2_8 port order was modified.                          
Annotating cell sky130_fd_sc_hd__nand2b_1                                       
Cell sky130_fd_sc_hd__nand2b_1 port order was modified.                         
Annotating cell sky130_fd_sc_hd__nand2b_2                                       
Cell sky130_fd_sc_hd__nand2b_2 port order was modified.                         
Annotating cell sky130_fd_sc_hd__nand2b_4                                       
Cell sky130_fd_sc_hd__nand2b_4 port order was modified.                         
Annotating cell sky130_fd_sc_hd__nand3_1                                        
Cell sky130_fd_sc_hd__nand3_1 port order was modified.                          
Annotating cell sky130_fd_sc_hd__nand3_2                                        
Cell sky130_fd_sc_hd__nand3_2 port order was modified.                          
Annotating cell sky130_fd_sc_hd__nand3_4                                        
Cell sky130_fd_sc_hd__nand3_4 port order was modified.                          
Annotating cell sky130_fd_sc_hd__nand3b_1                                       
Cell sky130_fd_sc_hd__nand3b_1 port order was modified.                         
Annotating cell sky130_fd_sc_hd__nand3b_2                                       
Cell sky130_fd_sc_hd__nand3b_2 port order was modified.                         
Annotating cell sky130_fd_sc_hd__nand3b_4                                       
Cell sky130_fd_sc_hd__nand3b_4 port order was modified.                         
Annotating cell sky130_fd_sc_hd__nand4_1                                        
Cell sky130_fd_sc_hd__nand4_1 port order was modified.                          
Annotating cell sky130_fd_sc_hd__nand4_2                                        
Cell sky130_fd_sc_hd__nand4_2 port order was modified.                          
Annotating cell sky130_fd_sc_hd__nand4_4                                        
Cell sky130_fd_sc_hd__nand4_4 port order was modified.                          
Annotating cell sky130_fd_sc_hd__nand4b_1                                       
Cell sky130_fd_sc_hd__nand4b_1 port order was modified.                         
Annotating cell sky130_fd_sc_hd__nand4b_2                                       
Cell sky130_fd_sc_hd__nand4b_2 port order was modified.                         
Annotating cell sky130_fd_sc_hd__nand4b_4                                       
Cell sky130_fd_sc_hd__nand4b_4 port order was modified.                         
Annotating cell sky130_fd_sc_hd__nand4bb_1                                      
Cell sky130_fd_sc_hd__nand4bb_1 port order was modified.                        
Annotating cell sky130_fd_sc_hd__nand4bb_2                                      
Cell sky130_fd_sc_hd__nand4bb_2 port order was modified.                        
Annotating cell sky130_fd_sc_hd__nand4bb_4                                      
Cell sky130_fd_sc_hd__nand4bb_4 port order was modified.                        
Annotating cell sky130_fd_sc_hd__nor2_1                                         
Cell sky130_fd_sc_hd__nor2_1 port order was modified.                           
Annotating cell sky130_fd_sc_hd__nor2_2                                         
Cell sky130_fd_sc_hd__nor2_2 port order was modified.                           
Annotating cell sky130_fd_sc_hd__nor2_4                                         
Cell sky130_fd_sc_hd__nor2_4 port order was modified.                           
Annotating cell sky130_fd_sc_hd__nor2_8                                         
Cell sky130_fd_sc_hd__nor2_8 port order was modified.                           
Annotating cell sky130_fd_sc_hd__nor2b_1                                        
Cell sky130_fd_sc_hd__nor2b_1 port order was modified.                          
Annotating cell sky130_fd_sc_hd__nor2b_2                                        
Cell sky130_fd_sc_hd__nor2b_2 port order was modified.                          
Annotating cell sky130_fd_sc_hd__nor2b_4                                        
Cell sky130_fd_sc_hd__nor2b_4 port order was modified.                          
Annotating cell sky130_fd_sc_hd__nor3_1                                         
Cell sky130_fd_sc_hd__nor3_1 port order was modified.                           
Annotating cell sky130_fd_sc_hd__nor3_2                                         
Cell sky130_fd_sc_hd__nor3_2 port order was modified.                           
Annotating cell sky130_fd_sc_hd__nor3_4                                         
Cell sky130_fd_sc_hd__nor3_4 port order was modified.                           
Annotating cell sky130_fd_sc_hd__nor3b_1                                        
Cell sky130_fd_sc_hd__nor3b_1 port order was modified.                          
Annotating cell sky130_fd_sc_hd__nor3b_2                                        
Cell sky130_fd_sc_hd__nor3b_2 port order was modified.                          
Annotating cell sky130_fd_sc_hd__nor3b_4                                        
Cell sky130_fd_sc_hd__nor3b_4 port order was modified.                          
Annotating cell sky130_fd_sc_hd__nor4_1                                         
Cell sky130_fd_sc_hd__nor4_1 port order was modified.                           
Annotating cell sky130_fd_sc_hd__nor4_2                                         
Cell sky130_fd_sc_hd__nor4_2 port order was modified.                           
Annotating cell sky130_fd_sc_hd__nor4_4                                         
Cell sky130_fd_sc_hd__nor4_4 port order was modified.                           
Annotating cell sky130_fd_sc_hd__nor4b_1                                        
Cell sky130_fd_sc_hd__nor4b_1 port order was modified.                          
Annotating cell sky130_fd_sc_hd__nor4b_2                                        
Cell sky130_fd_sc_hd__nor4b_2 port order was modified.                          
Annotating cell sky130_fd_sc_hd__nor4b_4                                        
Cell sky130_fd_sc_hd__nor4b_4 port order was modified.                          
Annotating cell sky130_fd_sc_hd__nor4bb_1                                       
Cell sky130_fd_sc_hd__nor4bb_1 port order was modified.                         
Annotating cell sky130_fd_sc_hd__nor4bb_2                                       
Cell sky130_fd_sc_hd__nor4bb_2 port order was modified.                         
Annotating cell sky130_fd_sc_hd__nor4bb_4                                       
Cell sky130_fd_sc_hd__nor4bb_4 port order was modified.                         
Annotating cell sky130_fd_sc_hd__o2bb2a_1                                       
Cell sky130_fd_sc_hd__o2bb2a_1 port order was modified.                         
Annotating cell sky130_fd_sc_hd__o2bb2a_2                                       
Cell sky130_fd_sc_hd__o2bb2a_2 port order was modified.                         
Annotating cell sky130_fd_sc_hd__o2bb2a_4                                       
Cell sky130_fd_sc_hd__o2bb2a_4 port order was modified.                         
Annotating cell sky130_fd_sc_hd__o2bb2ai_1                                      
Cell sky130_fd_sc_hd__o2bb2ai_1 port order was modified.                        
Annotating cell sky130_fd_sc_hd__o2bb2ai_2                                      
Cell sky130_fd_sc_hd__o2bb2ai_2 port order was modified.                        
Annotating cell sky130_fd_sc_hd__o2bb2ai_4                                      
Cell sky130_fd_sc_hd__o2bb2ai_4 port order was modified.                        
Annotating cell sky130_fd_sc_hd__o21a_1                                         
Cell sky130_fd_sc_hd__o21a_1 port order was modified.                           
Annotating cell sky130_fd_sc_hd__o21a_2                                         
Cell sky130_fd_sc_hd__o21a_2 port order was modified.                           
Annotating cell sky130_fd_sc_hd__o21a_4                                         
Cell sky130_fd_sc_hd__o21a_4 port order was modified.                           
Annotating cell sky130_fd_sc_hd__o21ai_0                                        
Cell sky130_fd_sc_hd__o21ai_0 port order was modified.                          
Annotating cell sky130_fd_sc_hd__o21ai_1                                        
Cell sky130_fd_sc_hd__o21ai_1 port order was modified.                          
Annotating cell sky130_fd_sc_hd__o21ai_2                                        
Cell sky130_fd_sc_hd__o21ai_2 port order was modified.                          
Annotating cell sky130_fd_sc_hd__o21ai_4                                        
Cell sky130_fd_sc_hd__o21ai_4 port order was modified.                          
Annotating cell sky130_fd_sc_hd__o21ba_1                                        
Cell sky130_fd_sc_hd__o21ba_1 port order was modified.                          
Annotating cell sky130_fd_sc_hd__o21ba_2                                        
Cell sky130_fd_sc_hd__o21ba_2 port order was modified.                          
Annotating cell sky130_fd_sc_hd__o21ba_4                                        
Cell sky130_fd_sc_hd__o21ba_4 port order was modified.                          
Annotating cell sky130_fd_sc_hd__o21bai_1                                       
Cell sky130_fd_sc_hd__o21bai_1 port order was modified.                         
Annotating cell sky130_fd_sc_hd__o21bai_2                                       
Cell sky130_fd_sc_hd__o21bai_2 port order was modified.                         
Annotating cell sky130_fd_sc_hd__o21bai_4                                       
Cell sky130_fd_sc_hd__o21bai_4 port order was modified.                         
Annotating cell sky130_fd_sc_hd__o22a_1                                         
Cell sky130_fd_sc_hd__o22a_1 port order was modified.                           
Annotating cell sky130_fd_sc_hd__o22a_2                                         
Cell sky130_fd_sc_hd__o22a_2 port order was modified.                           
Annotating cell sky130_fd_sc_hd__o22a_4                                         
Cell sky130_fd_sc_hd__o22a_4 port order was modified.                           
Annotating cell sky130_fd_sc_hd__o22ai_1                                        
Cell sky130_fd_sc_hd__o22ai_1 port order was modified.                          
Annotating cell sky130_fd_sc_hd__o22ai_2                                        
Cell sky130_fd_sc_hd__o22ai_2 port order was modified.                          
Annotating cell sky130_fd_sc_hd__o22ai_4                                        
Cell sky130_fd_sc_hd__o22ai_4 port order was modified.                          
Annotating cell sky130_fd_sc_hd__o31a_1                                         
Cell sky130_fd_sc_hd__o31a_1 port order was modified.                           
Annotating cell sky130_fd_sc_hd__o31a_2                                         
Cell sky130_fd_sc_hd__o31a_2 port order was modified.                           
Annotating cell sky130_fd_sc_hd__o31a_4                                         
Cell sky130_fd_sc_hd__o31a_4 port order was modified.                           
Annotating cell sky130_fd_sc_hd__o31ai_1                                        
Cell sky130_fd_sc_hd__o31ai_1 port order was modified.                          
Annotating cell sky130_fd_sc_hd__o31ai_2                                        
Cell sky130_fd_sc_hd__o31ai_2 port order was modified.                          
Annotating cell sky130_fd_sc_hd__o31ai_4                                        
Cell sky130_fd_sc_hd__o31ai_4 port order was modified.                          
Annotating cell sky130_fd_sc_hd__o32a_1                                         
Cell sky130_fd_sc_hd__o32a_1 port order was modified.                           
Annotating cell sky130_fd_sc_hd__o32a_2                                         
Cell sky130_fd_sc_hd__o32a_2 port order was modified.                           
Annotating cell sky130_fd_sc_hd__o32a_4                                         
Cell sky130_fd_sc_hd__o32a_4 port order was modified.                           
Annotating cell sky130_fd_sc_hd__o32ai_1                                        
Cell sky130_fd_sc_hd__o32ai_1 port order was modified.                          
Annotating cell sky130_fd_sc_hd__o32ai_2                                        
Cell sky130_fd_sc_hd__o32ai_2 port order was modified.                          
Annotating cell sky130_fd_sc_hd__o32ai_4                                        
Cell sky130_fd_sc_hd__o32ai_4 port order was modified.                          
Annotating cell sky130_fd_sc_hd__o41a_1                                         
Cell sky130_fd_sc_hd__o41a_1 port order was modified.                           
Annotating cell sky130_fd_sc_hd__o41a_2                                         
Cell sky130_fd_sc_hd__o41a_2 port order was modified.                           
Annotating cell sky130_fd_sc_hd__o41a_4                                         
Cell sky130_fd_sc_hd__o41a_4 port order was modified.                           
Annotating cell sky130_fd_sc_hd__o41ai_1                                        
Cell sky130_fd_sc_hd__o41ai_1 port order was modified.                          
Annotating cell sky130_fd_sc_hd__o41ai_2                                        
Cell sky130_fd_sc_hd__o41ai_2 port order was modified.                          
Annotating cell sky130_fd_sc_hd__o41ai_4                                        
Cell sky130_fd_sc_hd__o41ai_4 port order was modified.                          
Annotating cell sky130_fd_sc_hd__o211a_1                                        
Cell sky130_fd_sc_hd__o211a_1 port order was modified.                          
Annotating cell sky130_fd_sc_hd__o211a_2                                        
Cell sky130_fd_sc_hd__o211a_2 port order was modified.                          
Annotating cell sky130_fd_sc_hd__o211a_4                                        
Cell sky130_fd_sc_hd__o211a_4 port order was modified.                          
Annotating cell sky130_fd_sc_hd__o211ai_1                                       
Cell sky130_fd_sc_hd__o211ai_1 port order was modified.                         
Annotating cell sky130_fd_sc_hd__o211ai_2                                       
Cell sky130_fd_sc_hd__o211ai_2 port order was modified.                         
Annotating cell sky130_fd_sc_hd__o211ai_4                                       
Cell sky130_fd_sc_hd__o211ai_4 port order was modified.                         
Annotating cell sky130_fd_sc_hd__o221a_1                                        
Cell sky130_fd_sc_hd__o221a_1 port order was modified.                          
Annotating cell sky130_fd_sc_hd__o221a_2                                        
Cell sky130_fd_sc_hd__o221a_2 port order was modified.                          
Annotating cell sky130_fd_sc_hd__o221a_4                                        
Cell sky130_fd_sc_hd__o221a_4 port order was modified.                          
Annotating cell sky130_fd_sc_hd__o221ai_1                                       
Cell sky130_fd_sc_hd__o221ai_1 port order was modified.                         
Annotating cell sky130_fd_sc_hd__o221ai_2                                       
Cell sky130_fd_sc_hd__o221ai_2 port order was modified.                         
Annotating cell sky130_fd_sc_hd__o221ai_4                                       
Cell sky130_fd_sc_hd__o221ai_4 port order was modified.                         
Annotating cell sky130_fd_sc_hd__o311a_1                                        
Cell sky130_fd_sc_hd__o311a_1 port order was modified.                          
Annotating cell sky130_fd_sc_hd__o311a_2                                        
Cell sky130_fd_sc_hd__o311a_2 port order was modified.                          
Annotating cell sky130_fd_sc_hd__o311a_4                                        
Cell sky130_fd_sc_hd__o311a_4 port order was modified.                          
Annotating cell sky130_fd_sc_hd__o311ai_0                                       
Cell sky130_fd_sc_hd__o311ai_0 port order was modified.                         
Annotating cell sky130_fd_sc_hd__o311ai_1                                       
Cell sky130_fd_sc_hd__o311ai_1 port order was modified.                         
Annotating cell sky130_fd_sc_hd__o311ai_2                                       
Cell sky130_fd_sc_hd__o311ai_2 port order was modified.                         
Annotating cell sky130_fd_sc_hd__o311ai_4                                       
Cell sky130_fd_sc_hd__o311ai_4 port order was modified.                         
Annotating cell sky130_fd_sc_hd__o2111a_1                                       
Cell sky130_fd_sc_hd__o2111a_1 port order was modified.                         
Annotating cell sky130_fd_sc_hd__o2111a_2                                       
Cell sky130_fd_sc_hd__o2111a_2 port order was modified.                         
Annotating cell sky130_fd_sc_hd__o2111a_4                                       
Cell sky130_fd_sc_hd__o2111a_4 port order was modified.                         
Annotating cell sky130_fd_sc_hd__o2111ai_1                                      
Cell sky130_fd_sc_hd__o2111ai_1 port order was modified.                        
Annotating cell sky130_fd_sc_hd__o2111ai_2                                      
Cell sky130_fd_sc_hd__o2111ai_2 port order was modified.                        
Annotating cell sky130_fd_sc_hd__o2111ai_4                                      
Cell sky130_fd_sc_hd__o2111ai_4 port order was modified.                        
Annotating cell sky130_fd_sc_hd__or2_0                                          
Cell sky130_fd_sc_hd__or2_0 port order was modified.                            
Annotating cell sky130_fd_sc_hd__or2_1                                          
Cell sky130_fd_sc_hd__or2_1 port order was modified.                            
Annotating cell sky130_fd_sc_hd__or2_2                                          
Cell sky130_fd_sc_hd__or2_2 port order was modified.                            
Annotating cell sky130_fd_sc_hd__or2_4                                          
Cell sky130_fd_sc_hd__or2_4 port order was modified.                            
Annotating cell sky130_fd_sc_hd__or2b_1                                         
Cell sky130_fd_sc_hd__or2b_1 port order was modified.                           
Annotating cell sky130_fd_sc_hd__or2b_2                                         
Cell sky130_fd_sc_hd__or2b_2 port order was modified.                           
Annotating cell sky130_fd_sc_hd__or2b_4                                         
Cell sky130_fd_sc_hd__or2b_4 port order was modified.                           
Annotating cell sky130_fd_sc_hd__or3_1                                          
Cell sky130_fd_sc_hd__or3_1 port order was modified.                            
Annotating cell sky130_fd_sc_hd__or3_2                                          
Cell sky130_fd_sc_hd__or3_2 port order was modified.                            
Annotating cell sky130_fd_sc_hd__or3_4                                          
Cell sky130_fd_sc_hd__or3_4 port order was modified.                            
Annotating cell sky130_fd_sc_hd__or3b_1                                         
Cell sky130_fd_sc_hd__or3b_1 port order was modified.                           
Annotating cell sky130_fd_sc_hd__or3b_2                                         
Cell sky130_fd_sc_hd__or3b_2 port order was modified.                           
Annotating cell sky130_fd_sc_hd__or3b_4                                         
Cell sky130_fd_sc_hd__or3b_4 port order was modified.                           
Annotating cell sky130_fd_sc_hd__or4_1                                          
Cell sky130_fd_sc_hd__or4_1 port order was modified.                            
Annotating cell sky130_fd_sc_hd__or4_2                                          
Cell sky130_fd_sc_hd__or4_2 port order was modified.                            
Annotating cell sky130_fd_sc_hd__or4_4                                          
Cell sky130_fd_sc_hd__or4_4 port order was modified.                            
Annotating cell sky130_fd_sc_hd__or4b_1                                         
Cell sky130_fd_sc_hd__or4b_1 port order was modified.                           
Annotating cell sky130_fd_sc_hd__or4b_2                                         
Cell sky130_fd_sc_hd__or4b_2 port order was modified.                           
Annotating cell sky130_fd_sc_hd__or4b_4                                         
Cell sky130_fd_sc_hd__or4b_4 port order was modified.                           
Annotating cell sky130_fd_sc_hd__or4bb_1                                        
Cell sky130_fd_sc_hd__or4bb_1 port order was modified.                          
Annotating cell sky130_fd_sc_hd__or4bb_2                                        
Cell sky130_fd_sc_hd__or4bb_2 port order was modified.                          
Annotating cell sky130_fd_sc_hd__or4bb_4                                        
Cell sky130_fd_sc_hd__or4bb_4 port order was modified.                          
Annotating cell sky130_fd_sc_hd__probe_p_8                                      
Cell sky130_fd_sc_hd__probe_p_8 port order was modified.                        
Annotating cell sky130_fd_sc_hd__probec_p_8                                     
Cell sky130_fd_sc_hd__probec_p_8 port order was modified.                       
Annotating cell sky130_fd_sc_hd__sdfbbn_1                                       
Cell sky130_fd_sc_hd__sdfbbn_1 port order was modified.                         
Annotating cell sky130_fd_sc_hd__sdfbbn_2                                       
Cell sky130_fd_sc_hd__sdfbbn_2 port order was modified.                         
Annotating cell sky130_fd_sc_hd__sdfbbp_1                                       
Cell sky130_fd_sc_hd__sdfbbp_1 port order was modified.                         
Annotating cell sky130_fd_sc_hd__sdfrbp_1                                       
Cell sky130_fd_sc_hd__sdfrbp_1 port order was modified.                         
Annotating cell sky130_fd_sc_hd__sdfrbp_2                                       
Cell sky130_fd_sc_hd__sdfrbp_2 port order was modified.                         
Annotating cell sky130_fd_sc_hd__sdfrtn_1                                       
Cell sky130_fd_sc_hd__sdfrtn_1 port order was modified.                         
Annotating cell sky130_fd_sc_hd__sdfrtp_1                                       
Cell sky130_fd_sc_hd__sdfrtp_1 port order was modified.                         
Annotating cell sky130_fd_sc_hd__sdfrtp_2                                       
Cell sky130_fd_sc_hd__sdfrtp_2 port order was modified.                         
Annotating cell sky130_fd_sc_hd__sdfrtp_4                                       
Cell sky130_fd_sc_hd__sdfrtp_4 port order was modified.                         
Annotating cell sky130_fd_sc_hd__sdfsbp_1                                       
Cell sky130_fd_sc_hd__sdfsbp_1 port order was modified.                         
Annotating cell sky130_fd_sc_hd__sdfsbp_2                                       
Cell sky130_fd_sc_hd__sdfsbp_2 port order was modified.                         
Annotating cell sky130_fd_sc_hd__sdfstp_1                                       
Cell sky130_fd_sc_hd__sdfstp_1 port order was modified.                         
Annotating cell sky130_fd_sc_hd__sdfstp_2                                       
Cell sky130_fd_sc_hd__sdfstp_2 port order was modified.                         
Annotating cell sky130_fd_sc_hd__sdfstp_4                                       
Cell sky130_fd_sc_hd__sdfstp_4 port order was modified.                         
Annotating cell sky130_fd_sc_hd__sdfxbp_1                                       
Cell sky130_fd_sc_hd__sdfxbp_1 port order was modified.                         
Annotating cell sky130_fd_sc_hd__sdfxbp_2                                       
Cell sky130_fd_sc_hd__sdfxbp_2 port order was modified.                         
Annotating cell sky130_fd_sc_hd__sdfxtp_1                                       
Cell sky130_fd_sc_hd__sdfxtp_1 port order was modified.                         
Annotating cell sky130_fd_sc_hd__sdfxtp_2                                       
Cell sky130_fd_sc_hd__sdfxtp_2 port order was modified.                         
Annotating cell sky130_fd_sc_hd__sdfxtp_4                                       
Cell sky130_fd_sc_hd__sdfxtp_4 port order was modified.                         
Annotating cell sky130_fd_sc_hd__sdlclkp_1                                      
Cell sky130_fd_sc_hd__sdlclkp_1 port order was modified.                        
Annotating cell sky130_fd_sc_hd__sdlclkp_2                                      
Cell sky130_fd_sc_hd__sdlclkp_2 port order was modified.                        
Annotating cell sky130_fd_sc_hd__sdlclkp_4                                      
Cell sky130_fd_sc_hd__sdlclkp_4 port order was modified.                        
Annotating cell sky130_fd_sc_hd__sedfxbp_1                                      
Cell sky130_fd_sc_hd__sedfxbp_1 port order was modified.                        
Annotating cell sky130_fd_sc_hd__sedfxbp_2                                      
Cell sky130_fd_sc_hd__sedfxbp_2 port order was modified.                        
Annotating cell sky130_fd_sc_hd__sedfxtp_1                                      
Cell sky130_fd_sc_hd__sedfxtp_1 port order was modified.                        
Annotating cell sky130_fd_sc_hd__sedfxtp_2                                      
Cell sky130_fd_sc_hd__sedfxtp_2 port order was modified.                        
Annotating cell sky130_fd_sc_hd__sedfxtp_4                                      
Cell sky130_fd_sc_hd__sedfxtp_4 port order was modified.                        
Annotating cell sky130_fd_sc_hd__tap_1                                          
Cell sky130_fd_sc_hd__tap_1 port order was modified.                            
Annotating cell sky130_fd_sc_hd__tap_2                                          
Cell sky130_fd_sc_hd__tap_2 port order was modified.                            
Annotating cell sky130_fd_sc_hd__tapvgnd2_1                                     
Cell sky130_fd_sc_hd__tapvgnd2_1 port order was modified.                       
Annotating cell sky130_fd_sc_hd__tapvgnd_1                                      
Cell sky130_fd_sc_hd__tapvgnd_1 port order was modified.                        
Annotating cell sky130_fd_sc_hd__tapvpwrvgnd_1                                  
Cell sky130_fd_sc_hd__tapvpwrvgnd_1 port order was modified.                    
Annotating cell sky130_fd_sc_hd__xnor2_1                                        
Cell sky130_fd_sc_hd__xnor2_1 port order was modified.                          
Annotating cell sky130_fd_sc_hd__xnor2_2                                        
Cell sky130_fd_sc_hd__xnor2_2 port order was modified.                          
Annotating cell sky130_fd_sc_hd__xnor2_4                                        
Cell sky130_fd_sc_hd__xnor2_4 port order was modified.                          
Annotating cell sky130_fd_sc_hd__xnor3_1                                        
Cell sky130_fd_sc_hd__xnor3_1 port order was modified.                          
Annotating cell sky130_fd_sc_hd__xnor3_2                                        
Cell sky130_fd_sc_hd__xnor3_2 port order was modified.                          
Annotating cell sky130_fd_sc_hd__xnor3_4                                        
Cell sky130_fd_sc_hd__xnor3_4 port order was modified.                          
Annotating cell sky130_fd_sc_hd__xor2_1                                         
Cell sky130_fd_sc_hd__xor2_1 port order was modified.                           
Annotating cell sky130_fd_sc_hd__xor2_2                                         
Cell sky130_fd_sc_hd__xor2_2 port order was modified.                           
Annotating cell sky130_fd_sc_hd__xor2_4                                         
Cell sky130_fd_sc_hd__xor2_4 port order was modified.                           
Annotating cell sky130_fd_sc_hd__xor3_1                                         
Cell sky130_fd_sc_hd__xor3_1 port order was modified.                           
Annotating cell sky130_fd_sc_hd__xor3_2                                         
Cell sky130_fd_sc_hd__xor3_2 port order was modified.                           
Annotating cell sky130_fd_sc_hd__xor3_4                                         
Cell sky130_fd_sc_hd__xor3_4 port order was modified.                           
Processing alu_top                                                              
Extracting sky130_fd_sc_hd__buf_2 into sky130_fd_sc_hd__buf_2.ext:              
Extracting sky130_fd_sc_hd__buf_6 into sky130_fd_sc_hd__buf_6.ext:              
Extracting sky130_fd_sc_hd__clkdlybuf4s25_1 into                                
sky130_fd_sc_hd__clkdlybuf4s25_1.ext:                                           
Extracting sky130_fd_sc_hd__buf_12 into sky130_fd_sc_hd__buf_12.ext:            
Extracting sky130_fd_sc_hd__clkbuf_4 into sky130_fd_sc_hd__clkbuf_4.ext:        
Extracting sky130_fd_sc_hd__clkbuf_16 into sky130_fd_sc_hd__clkbuf_16.ext:      
Extracting sky130_fd_sc_hd__dfxtp_2 into sky130_fd_sc_hd__dfxtp_2.ext:          
Extracting sky130_fd_sc_hd__dfxtp_4 into sky130_fd_sc_hd__dfxtp_4.ext:          
Extracting sky130_fd_sc_hd__o2bb2a_4 into sky130_fd_sc_hd__o2bb2a_4.ext:        
Extracting sky130_fd_sc_hd__o221a_2 into sky130_fd_sc_hd__o221a_2.ext:          
Extracting sky130_fd_sc_hd__o21a_2 into sky130_fd_sc_hd__o21a_2.ext:            
Extracting sky130_fd_sc_hd__o211a_2 into sky130_fd_sc_hd__o211a_2.ext:          
Extracting sky130_fd_sc_hd__nand2_2 into sky130_fd_sc_hd__nand2_2.ext:          
Extracting sky130_fd_sc_hd__or3_4 into sky130_fd_sc_hd__or3_4.ext:              
Extracting sky130_fd_sc_hd__a21oi_2 into sky130_fd_sc_hd__a21oi_2.ext:          
Extracting sky130_fd_sc_hd__and3_4 into sky130_fd_sc_hd__and3_4.ext:            
Extracting sky130_fd_sc_hd__a2bb2o_4 into sky130_fd_sc_hd__a2bb2o_4.ext:        
Extracting sky130_fd_sc_hd__or3_2 into sky130_fd_sc_hd__or3_2.ext:              
Extracting sky130_fd_sc_hd__o21ba_2 into sky130_fd_sc_hd__o21ba_2.ext:          
Extracting sky130_fd_sc_hd__a22o_2 into sky130_fd_sc_hd__a22o_2.ext:            
Extracting sky130_fd_sc_hd__and2_2 into sky130_fd_sc_hd__and2_2.ext:            
Extracting sky130_fd_sc_hd__nand2b_2 into sky130_fd_sc_hd__nand2b_2.ext:        
Extracting sky130_fd_sc_hd__o31a_2 into sky130_fd_sc_hd__o31a_2.ext:            
Extracting sky130_fd_sc_hd__or3b_2 into sky130_fd_sc_hd__or3b_2.ext:            
Extracting sky130_fd_sc_hd__or4_2 into sky130_fd_sc_hd__or4_2.ext:              
Extracting sky130_fd_sc_hd__nor2_2 into sky130_fd_sc_hd__nor2_2.ext:            
Extracting sky130_fd_sc_hd__and3b_2 into sky130_fd_sc_hd__and3b_2.ext:          
Extracting sky130_fd_sc_hd__or2_2 into sky130_fd_sc_hd__or2_2.ext:              
Extracting sky130_fd_sc_hd__xnor2_2 into sky130_fd_sc_hd__xnor2_2.ext:          
Extracting sky130_fd_sc_hd__and4_2 into sky130_fd_sc_hd__and4_2.ext:            
Extracting sky130_fd_sc_hd__nor3_2 into sky130_fd_sc_hd__nor3_2.ext:            
Extracting sky130_fd_sc_hd__mux2_2 into sky130_fd_sc_hd__mux2_2.ext:            
Extracting sky130_fd_sc_hd__xor2_2 into sky130_fd_sc_hd__xor2_2.ext:            
Extracting sky130_fd_sc_hd__a31o_4 into sky130_fd_sc_hd__a31o_4.ext:            
Extracting sky130_fd_sc_hd__o211ai_4 into sky130_fd_sc_hd__o211ai_4.ext:        
Extracting sky130_fd_sc_hd__a21o_4 into sky130_fd_sc_hd__a21o_4.ext:            
Extracting sky130_fd_sc_hd__and2b_2 into sky130_fd_sc_hd__and2b_2.ext:          
Extracting sky130_fd_sc_hd__or2_4 into sky130_fd_sc_hd__or2_4.ext:              
Extracting sky130_fd_sc_hd__inv_2 into sky130_fd_sc_hd__inv_2.ext:              
Extracting sky130_fd_sc_hd__a311o_2 into sky130_fd_sc_hd__a311o_2.ext:          
Extracting sky130_fd_sc_hd__o21bai_4 into sky130_fd_sc_hd__o21bai_4.ext:        
Extracting sky130_fd_sc_hd__o21a_4 into sky130_fd_sc_hd__o21a_4.ext:            
Extracting sky130_fd_sc_hd__nand2_4 into sky130_fd_sc_hd__nand2_4.ext:          
Extracting sky130_fd_sc_hd__xnor2_4 into sky130_fd_sc_hd__xnor2_4.ext:          
Extracting sky130_fd_sc_hd__or3b_4 into sky130_fd_sc_hd__or3b_4.ext:            
Extracting sky130_fd_sc_hd__and2_4 into sky130_fd_sc_hd__and2_4.ext:            
Extracting sky130_fd_sc_hd__a41o_2 into sky130_fd_sc_hd__a41o_2.ext:            
Extracting sky130_fd_sc_hd__a2bb2o_2 into sky130_fd_sc_hd__a2bb2o_2.ext:        
Extracting sky130_fd_sc_hd__a31o_2 into sky130_fd_sc_hd__a31o_2.ext:            
Extracting sky130_fd_sc_hd__and4bb_2 into sky130_fd_sc_hd__and4bb_2.ext:        
Extracting sky130_fd_sc_hd__o22a_2 into sky130_fd_sc_hd__o22a_2.ext:            
Extracting sky130_fd_sc_hd__o22ai_2 into sky130_fd_sc_hd__o22ai_2.ext:          
Extracting sky130_fd_sc_hd__a211o_4 into sky130_fd_sc_hd__a211o_4.ext:          
Extracting sky130_fd_sc_hd__a211o_2 into sky130_fd_sc_hd__a211o_2.ext:          
Extracting sky130_fd_sc_hd__o32a_4 into sky130_fd_sc_hd__o32a_4.ext:            
Extracting sky130_fd_sc_hd__tapvpwrvgnd_1 into                                  
sky130_fd_sc_hd__tapvpwrvgnd_1.ext:                                             
Extracting sky130_fd_sc_hd__decap_3 into sky130_fd_sc_hd__decap_3.ext:          
Extracting sky130_fd_sc_hd__fill_1 into sky130_fd_sc_hd__fill_1.ext:            
Extracting sky130_fd_sc_hd__fill_2 into sky130_fd_sc_hd__fill_2.ext:            
Extracting alu_top into alu_top.ext:                                            
exttospice finished.                                                            
──────────────── Spice Extraction-based Illegal Overlap Checker ────────────────
[21:09:39] VERBOSE  Running 'Checker.IllegalOverlap' at             step.py:1138
                    'runs/csel-4ns/69-checker-illegaloverlap'…                  
[21:09:39] INFO     Check for Magic Illegal Overlap errors clear. checker.py:131
────────────────────────────────── Netgen LVS ──────────────────────────────────
[21:09:39] VERBOSE  Running 'Netgen.LVS' at                         step.py:1138
                    'runs/csel-4ns/70-netgen-lvs'…                              
[21:09:39] VERBOSE  Logging subprocess to                           step.py:1338
                    'runs/csel-4ns/70-netgen-lvs/netgen-lvs.log'…               
Netgen 1.5.316 compiled on Tue Feb 10 11:09:08 UTC 2026                         
Warning: netgen command 'format' use fully-qualified name '::netgen::format'    
Warning: netgen command 'global' use fully-qualified name '::netgen::global'    
Warning:  A case-insensitive file has been read and so the      verilog file    
must be treated case-insensitive to match.                                      
Reading SPICE netlist file                                                      
'/home/runner/.ciel/ciel/sky130/versions/8afc8346a57fe1ab7934ba5a6056ea8b43078e7
1/sky130A/libs.ref/sky130_fd_sc_hd/spice/sky130_ef_sc_hd__decap_12.spice'...    
Call to undefined subcircuit sky130_fd_pr__pfet_01v8_hvt                        
Creating placeholder cell definition.                                           
Call to undefined subcircuit sky130_fd_pr__nfet_01v8                            
Creating placeholder cell definition.                                           
Reading SPICE netlist file                                                      
'/home/runner/.ciel/ciel/sky130/versions/8afc8346a57fe1ab7934ba5a6056ea8b43078e7
1/sky130A/libs.ref/sky130_fd_sc_hd/spice/sky130_ef_sc_hd__decap_20_12.spice'... 
Reading SPICE netlist file                                                      
'/home/runner/.ciel/ciel/sky130/versions/8afc8346a57fe1ab7934ba5a6056ea8b43078e7
1/sky130A/libs.ref/sky130_fd_sc_hd/spice/sky130_ef_sc_hd__decap_40_12.spice'... 
Reading SPICE netlist file                                                      
'/home/runner/.ciel/ciel/sky130/versions/8afc8346a57fe1ab7934ba5a6056ea8b43078e7
1/sky130A/libs.ref/sky130_fd_sc_hd/spice/sky130_ef_sc_hd__decap_60_12.spice'... 
Reading SPICE netlist file                                                      
'/home/runner/.ciel/ciel/sky130/versions/8afc8346a57fe1ab7934ba5a6056ea8b43078e7
1/sky130A/libs.ref/sky130_fd_sc_hd/spice/sky130_ef_sc_hd__decap_80_12.spice'... 
Reading SPICE netlist file                                                      
'/home/runner/.ciel/ciel/sky130/versions/8afc8346a57fe1ab7934ba5a6056ea8b43078e7
1/sky130A/libs.ref/sky130_fd_sc_hd/spice/sky130_ef_sc_hd__fill_12.spice'...     
Reading SPICE netlist file                                                      
'/home/runner/.ciel/ciel/sky130/versions/8afc8346a57fe1ab7934ba5a6056ea8b43078e7
1/sky130A/libs.ref/sky130_fd_sc_hd/spice/sky130_ef_sc_hd__fill_2.spice'...      
Reading SPICE netlist file                                                      
'/home/runner/.ciel/ciel/sky130/versions/8afc8346a57fe1ab7934ba5a6056ea8b43078e7
1/sky130A/libs.ref/sky130_fd_sc_hd/spice/sky130_ef_sc_hd__fill_4.spice'...      
Reading SPICE netlist file                                                      
'/home/runner/.ciel/ciel/sky130/versions/8afc8346a57fe1ab7934ba5a6056ea8b43078e7
1/sky130A/libs.ref/sky130_fd_sc_hd/spice/sky130_ef_sc_hd__fill_8.spice'...      
Reading SPICE netlist file                                                      
'/home/runner/.ciel/ciel/sky130/versions/8afc8346a57fe1ab7934ba5a6056ea8b43078e7
1/sky130A/libs.ref/sky130_fd_sc_hd/spice/sky130_fd_sc_hd.spice'...              
Call to undefined subcircuit sky130_fd_pr__res_generic_po                       
Creating placeholder cell definition.                                           
Call to undefined subcircuit sky130_fd_pr__special_nfet_01v8                    
Creating placeholder cell definition.                                           
Call to undefined subcircuit sky130_fd_pr__diode_pw2nd_05v5                     
Creating placeholder cell definition.                                           
Call to undefined subcircuit sky130_fd_pr__special_pfet_01v8_hvt                
Creating placeholder cell definition.                                           
Call to undefined subcircuit sky130_fd_sc_hd__nand2_2                           
Creating placeholder cell definition.                                           
Call to undefined subcircuit sky130_fd_sc_hd__nor2_2                            
Creating placeholder cell definition.                                           
Reading Verilog netlist file                                                    
'/home/runner/work/ASIC_101/ASIC_101/files/alu/pd/runs/csel-4ns/52-openroad-fill
insertion/alu_top.pnl.v'...                                                     
Warning:  A case-insensitive file has been read and so the      verilog file    
must be treated case-insensitive to match.                                      
Note:  Implicit pin X in instance clkload0 of sky130_fd_sc_hd__clkbuf_4 in cell 
alu_top                                                                         
Note:  Implicit pin X in instance clkload1 of sky130_fd_sc_hd__clkbuf_4 in cell 
alu_top                                                                         
Treating empty subcircuits as black-box cells                                   
Generating JSON file result                                                     
                                                                                
Reading setup file                                                              
/nix/store/8y4m6wgn5kqlbig1qwnwbxijqqp0jwib-python3-3.13.9-env/lib/python3.13/si
te-packages/librelane/scripts/netgen/setup.tcl                                  
                                                                                
Model sky130_fd_pr__res_generic_po pin 1 == 2                                   
No property value found for device sky130_fd_pr__res_generic_po                 
No property mult found for device sky130_fd_pr__res_generic_po                  
Model sky130_fd_pr__nfet_01v8 pin 1 == 3                                        
No property mult found for device sky130_fd_pr__nfet_01v8                       
No property sa found for device sky130_fd_pr__nfet_01v8                         
No property sb found for device sky130_fd_pr__nfet_01v8                         
No property sd found for device sky130_fd_pr__nfet_01v8                         
No property nf found for device sky130_fd_pr__nfet_01v8                         
No property nrd found for device sky130_fd_pr__nfet_01v8                        
No property nrs found for device sky130_fd_pr__nfet_01v8                        
No property area found for device sky130_fd_pr__nfet_01v8                       
No property perim found for device sky130_fd_pr__nfet_01v8                      
No property topography found for device sky130_fd_pr__nfet_01v8                 
Model sky130_fd_pr__pfet_01v8_hvt pin 1 == 3                                    
No property mult found for device sky130_fd_pr__pfet_01v8_hvt                   
No property sa found for device sky130_fd_pr__pfet_01v8_hvt                     
No property sb found for device sky130_fd_pr__pfet_01v8_hvt                     
No property sd found for device sky130_fd_pr__pfet_01v8_hvt                     
No property nf found for device sky130_fd_pr__pfet_01v8_hvt                     
No property nrd found for device sky130_fd_pr__pfet_01v8_hvt                    
No property nrs found for device sky130_fd_pr__pfet_01v8_hvt                    
No property area found for device sky130_fd_pr__pfet_01v8_hvt                   
No property perim found for device sky130_fd_pr__pfet_01v8_hvt                  
No property topography found for device sky130_fd_pr__pfet_01v8_hvt             
Model sky130_fd_pr__special_nfet_01v8 pin 1 == 3                                
No property as found for device sky130_fd_pr__special_nfet_01v8                 
No property ad found for device sky130_fd_pr__special_nfet_01v8                 
No property ps found for device sky130_fd_pr__special_nfet_01v8                 
No property pd found for device sky130_fd_pr__special_nfet_01v8                 
No property mult found for device sky130_fd_pr__special_nfet_01v8               
No property sa found for device sky130_fd_pr__special_nfet_01v8                 
No property sb found for device sky130_fd_pr__special_nfet_01v8                 
No property sd found for device sky130_fd_pr__special_nfet_01v8                 
No property nf found for device sky130_fd_pr__special_nfet_01v8                 
No property nrd found for device sky130_fd_pr__special_nfet_01v8                
No property nrs found for device sky130_fd_pr__special_nfet_01v8                
No property area found for device sky130_fd_pr__special_nfet_01v8               
No property perim found for device sky130_fd_pr__special_nfet_01v8              
No property topography found for device sky130_fd_pr__special_nfet_01v8         
Model sky130_fd_pr__special_pfet_01v8_hvt pin 1 == 3                            
No property as found for device sky130_fd_pr__special_pfet_01v8_hvt             
No property ad found for device sky130_fd_pr__special_pfet_01v8_hvt             
No property ps found for device sky130_fd_pr__special_pfet_01v8_hvt             
No property pd found for device sky130_fd_pr__special_pfet_01v8_hvt             
No property mult found for device sky130_fd_pr__special_pfet_01v8_hvt           
No property sa found for device sky130_fd_pr__special_pfet_01v8_hvt             
No property sb found for device sky130_fd_pr__special_pfet_01v8_hvt             
No property sd found for device sky130_fd_pr__special_pfet_01v8_hvt             
No property nf found for device sky130_fd_pr__special_pfet_01v8_hvt             
No property nrd found for device sky130_fd_pr__special_pfet_01v8_hvt            
No property nrs found for device sky130_fd_pr__special_pfet_01v8_hvt            
No property area found for device sky130_fd_pr__special_pfet_01v8_hvt           
No property perim found for device sky130_fd_pr__special_pfet_01v8_hvt          
No property topography found for device sky130_fd_pr__special_pfet_01v8_hvt     
No property value found for device sky130_fd_pr__diode_pw2nd_05v5               
No property mult found for device sky130_fd_pr__diode_pw2nd_05v5                
Comparison output logged to file                                                
/home/runner/work/ASIC_101/ASIC_101/files/alu/pd/runs/csel-4ns/70-netgen-lvs/rep
orts/lvs.netgen.rpt                                                             
Logging to file                                                                 
"/home/runner/work/ASIC_101/ASIC_101/files/alu/pd/runs/csel-4ns/70-netgen-lvs/re
ports/lvs.netgen.rpt" enabled                                                   
                                                                                
Contents of circuit 1:  Circuit: 'sky130_fd_sc_hd__tapvpwrvgnd_1'               
Circuit sky130_fd_sc_hd__tapvpwrvgnd_1 contains 0 device instances.             
Circuit contains 0 nets, and 2 disconnected pins.                               
Contents of circuit 2:  Circuit: 'sky130_fd_sc_hd__tapvpwrvgnd_1'               
Circuit sky130_fd_sc_hd__tapvpwrvgnd_1 contains 0 device instances.             
Circuit contains 0 nets, and 2 disconnected pins.                               
                                                                                
Circuit sky130_fd_sc_hd__tapvpwrvgnd_1 contains no devices.                     
                                                                                
Contents of circuit 1:  Circuit: 'sky130_fd_sc_hd__decap_3'                     
Circuit sky130_fd_sc_hd__decap_3 contains 0 device instances.                   
Circuit contains 0 nets, and 4 disconnected pins.                               
Contents of circuit 2:  Circuit: 'sky130_fd_sc_hd__decap_3'                     
Circuit sky130_fd_sc_hd__decap_3 contains 2 device instances.                   
  Class: sky130_fd_pr__nfet_01v8 instances:   1                                 
  Class: sky130_fd_pr__pfet_01v8_hvt instances:   1                             
Circuit contains 4 nets.                                                        
                                                                                
Circuit sky130_fd_sc_hd__decap_3 contains no devices.                           
                                                                                
Contents of circuit 1:  Circuit: 'sky130_fd_sc_hd__fill_2'                      
Circuit sky130_fd_sc_hd__fill_2 contains 0 device instances.                    
Circuit contains 0 nets, and 4 disconnected pins.                               
Contents of circuit 2:  Circuit: 'sky130_fd_sc_hd__fill_2'                      
Circuit sky130_fd_sc_hd__fill_2 contains 0 device instances.                    
Circuit contains 0 nets, and 4 disconnected pins.                               
                                                                                
Circuit sky130_fd_sc_hd__fill_2 contains no devices.                            
                                                                                
Contents of circuit 1:  Circuit: 'sky130_fd_sc_hd__o211a_2'                     
Circuit sky130_fd_sc_hd__o211a_2 contains 0 device instances.                   
Circuit contains 0 nets, and 9 disconnected pins.                               
Contents of circuit 2:  Circuit: 'sky130_fd_sc_hd__o211a_2'                     
Circuit sky130_fd_sc_hd__o211a_2 contains 12 device instances.                  
  Class: sky130_fd_pr__nfet_01v8 instances:   6                                 
  Class: sky130_fd_pr__pfet_01v8_hvt instances:   6                             
Circuit contains 13 nets.                                                       
                                                                                
Circuit sky130_fd_sc_hd__o211a_2 contains no devices.                           
                                                                                
Contents of circuit 1:  Circuit: 'sky130_fd_sc_hd__a21oi_2'                     
Circuit sky130_fd_sc_hd__a21oi_2 contains 0 device instances.                   
Circuit contains 0 nets, and 8 disconnected pins.                               
Contents of circuit 2:  Circuit: 'sky130_fd_sc_hd__a21oi_2'                     
Circuit sky130_fd_sc_hd__a21oi_2 contains 12 device instances.                  
  Class: sky130_fd_pr__nfet_01v8 instances:   6                                 
  Class: sky130_fd_pr__pfet_01v8_hvt instances:   6                             
Circuit contains 11 nets.                                                       
                                                                                
Circuit sky130_fd_sc_hd__a21oi_2 contains no devices.                           
                                                                                
Contents of circuit 1:  Circuit: 'sky130_fd_sc_hd__and2_2'                      
Circuit sky130_fd_sc_hd__and2_2 contains 0 device instances.                    
Circuit contains 0 nets, and 7 disconnected pins.                               
Contents of circuit 2:  Circuit: 'sky130_fd_sc_hd__and2_2'                      
Circuit sky130_fd_sc_hd__and2_2 contains 8 device instances.                    
  Class: sky130_fd_pr__nfet_01v8 instances:   4                                 
  Class: sky130_fd_pr__pfet_01v8_hvt instances:   4                             
Circuit contains 9 nets.                                                        
                                                                                
Circuit sky130_fd_sc_hd__and2_2 contains no devices.                            
                                                                                
Contents of circuit 1:  Circuit: 'sky130_fd_sc_hd__fill_1'                      
Circuit sky130_fd_sc_hd__fill_1 contains 0 device instances.                    
Circuit contains 0 nets, and 4 disconnected pins.                               
Contents of circuit 2:  Circuit: 'sky130_fd_sc_hd__fill_1'                      
Circuit sky130_fd_sc_hd__fill_1 contains 0 device instances.                    
Circuit contains 0 nets, and 4 disconnected pins.                               
                                                                                
Circuit sky130_fd_sc_hd__fill_1 contains no devices.                            
                                                                                
Contents of circuit 1:  Circuit: 'sky130_fd_sc_hd__buf_2'                       
Circuit sky130_fd_sc_hd__buf_2 contains 0 device instances.                     
Circuit contains 0 nets, and 6 disconnected pins.                               
Contents of circuit 2:  Circuit: 'sky130_fd_sc_hd__buf_2'                       
Circuit sky130_fd_sc_hd__buf_2 contains 6 device instances.                     
  Class: sky130_fd_pr__nfet_01v8 instances:   3                                 
  Class: sky130_fd_pr__pfet_01v8_hvt instances:   3                             
Circuit contains 7 nets.                                                        
                                                                                
Circuit sky130_fd_sc_hd__buf_2 contains no devices.                             
                                                                                
Contents of circuit 1:  Circuit: 'sky130_fd_sc_hd__clkdlybuf4s25_1'             
Circuit sky130_fd_sc_hd__clkdlybuf4s25_1 contains 0 device instances.           
Circuit contains 0 nets, and 6 disconnected pins.                               
Contents of circuit 2:  Circuit: 'sky130_fd_sc_hd__clkdlybuf4s25_1'             
Circuit sky130_fd_sc_hd__clkdlybuf4s25_1 contains 8 device instances.           
  Class: sky130_fd_pr__nfet_01v8 instances:   4                                 
  Class: sky130_fd_pr__pfet_01v8_hvt instances:   4                             
Circuit contains 9 nets.                                                        
                                                                                
Circuit sky130_fd_sc_hd__clkdlybuf4s25_1 contains no devices.                   
                                                                                
Contents of circuit 1:  Circuit: 'sky130_fd_sc_hd__nand2_2'                     
Circuit sky130_fd_sc_hd__nand2_2 contains 0 device instances.                   
Circuit contains 0 nets, and 7 disconnected pins.                               
Contents of circuit 2:  Circuit: 'sky130_fd_sc_hd__nand2_2'                     
Circuit sky130_fd_sc_hd__nand2_2 contains 8 device instances.                   
  Class: sky130_fd_pr__nfet_01v8 instances:   4                                 
  Class: sky130_fd_pr__pfet_01v8_hvt instances:   4                             
Circuit contains 8 nets.                                                        
                                                                                
Circuit sky130_fd_sc_hd__nand2_2 contains no devices.                           
                                                                                
Contents of circuit 1:  Circuit: 'sky130_fd_sc_hd__nand2b_2'                    
Circuit sky130_fd_sc_hd__nand2b_2 contains 0 device instances.                  
Circuit contains 0 nets, and 7 disconnected pins.                               
Contents of circuit 2:  Circuit: 'sky130_fd_sc_hd__nand2b_2'                    
Circuit sky130_fd_sc_hd__nand2b_2 contains 10 device instances.                 
  Class: sky130_fd_pr__nfet_01v8 instances:   5                                 
  Class: sky130_fd_pr__pfet_01v8_hvt instances:   5                             
Circuit contains 9 nets.                                                        
                                                                                
Circuit sky130_fd_sc_hd__nand2b_2 contains no devices.                          
                                                                                
Contents of circuit 1:  Circuit: 'sky130_fd_sc_hd__mux2_2'                      
Circuit sky130_fd_sc_hd__mux2_2 contains 0 device instances.                    
Circuit contains 0 nets, and 8 disconnected pins.                               
Contents of circuit 2:  Circuit: 'sky130_fd_sc_hd__mux2_2'                      
Circuit sky130_fd_sc_hd__mux2_2 contains 14 device instances.                   
  Class: sky130_fd_pr__nfet_01v8 instances:   7                                 
  Class: sky130_fd_pr__pfet_01v8_hvt instances:   7                             
Circuit contains 14 nets.                                                       
                                                                                
Circuit sky130_fd_sc_hd__mux2_2 contains no devices.                            
                                                                                
Contents of circuit 1:  Circuit: 'sky130_fd_sc_hd__or3_4'                       
Circuit sky130_fd_sc_hd__or3_4 contains 0 device instances.                     
Circuit contains 0 nets, and 8 disconnected pins.                               
Contents of circuit 2:  Circuit: 'sky130_fd_sc_hd__or3_4'                       
Circuit sky130_fd_sc_hd__or3_4 contains 14 device instances.                    
  Class: sky130_fd_pr__nfet_01v8 instances:   7                                 
  Class: sky130_fd_pr__pfet_01v8_hvt instances:   7                             
Circuit contains 11 nets.                                                       
                                                                                
Circuit sky130_fd_sc_hd__or3_4 contains no devices.                             
                                                                                
Contents of circuit 1:  Circuit: 'sky130_fd_sc_hd__o21a_2'                      
Circuit sky130_fd_sc_hd__o21a_2 contains 0 device instances.                    
Circuit contains 0 nets, and 8 disconnected pins.                               
Contents of circuit 2:  Circuit: 'sky130_fd_sc_hd__o21a_2'                      
Circuit sky130_fd_sc_hd__o21a_2 contains 10 device instances.                   
  Class: sky130_fd_pr__nfet_01v8 instances:   5                                 
  Class: sky130_fd_pr__pfet_01v8_hvt instances:   5                             
Circuit contains 11 nets.                                                       
                                                                                
Circuit sky130_fd_sc_hd__o21a_2 contains no devices.                            
                                                                                
Contents of circuit 1:  Circuit: 'sky130_fd_sc_hd__a41o_2'                      
Circuit sky130_fd_sc_hd__a41o_2 contains 0 device instances.                    
Circuit contains 0 nets, and 10 disconnected pins.                              
Contents of circuit 2:  Circuit: 'sky130_fd_sc_hd__a41o_2'                      
Circuit sky130_fd_sc_hd__a41o_2 contains 14 device instances.                   
  Class: sky130_fd_pr__nfet_01v8 instances:   7                                 
  Class: sky130_fd_pr__pfet_01v8_hvt instances:   7                             
Circuit contains 15 nets.                                                       
                                                                                
Circuit sky130_fd_sc_hd__a41o_2 contains no devices.                            
                                                                                
Contents of circuit 1:  Circuit: 'sky130_fd_sc_hd__dfxtp_2'                     
Circuit sky130_fd_sc_hd__dfxtp_2 contains 0 device instances.                   
Circuit contains 0 nets, and 7 disconnected pins.                               
Contents of circuit 2:  Circuit: 'sky130_fd_sc_hd__dfxtp_2'                     
Circuit sky130_fd_sc_hd__dfxtp_2 contains 26 device instances.                  
  Class: sky130_fd_pr__nfet_01v8 instances:   9                                 
  Class: sky130_fd_pr__pfet_01v8_hvt instances:  13                             
  Class: sky130_fd_pr__special_nfet_01v8 instances:   4                         
Circuit contains 18 nets.                                                       
                                                                                
Circuit sky130_fd_sc_hd__dfxtp_2 contains no devices.                           
                                                                                
Contents of circuit 1:  Circuit: 'sky130_fd_sc_hd__a2bb2o_2'                    
Circuit sky130_fd_sc_hd__a2bb2o_2 contains 0 device instances.                  
Circuit contains 0 nets, and 9 disconnected pins.                               
Contents of circuit 2:  Circuit: 'sky130_fd_sc_hd__a2bb2o_2'                    
Circuit sky130_fd_sc_hd__a2bb2o_2 contains 14 device instances.                 
  Class: sky130_fd_pr__nfet_01v8 instances:   7                                 
  Class: sky130_fd_pr__pfet_01v8_hvt instances:   7                             
Circuit contains 14 nets.                                                       
                                                                                
Circuit sky130_fd_sc_hd__a2bb2o_2 contains no devices.                          
                                                                                
Contents of circuit 1:  Circuit: 'sky130_fd_sc_hd__or2_2'                       
Circuit sky130_fd_sc_hd__or2_2 contains 0 device instances.                     
Circuit contains 0 nets, and 7 disconnected pins.                               
Contents of circuit 2:  Circuit: 'sky130_fd_sc_hd__or2_2'                       
Circuit sky130_fd_sc_hd__or2_2 contains 8 device instances.                     
  Class: sky130_fd_pr__nfet_01v8 instances:   4                                 
  Class: sky130_fd_pr__pfet_01v8_hvt instances:   4                             
Circuit contains 9 nets.                                                        
                                                                                
Circuit sky130_fd_sc_hd__or2_2 contains no devices.                             
                                                                                
Contents of circuit 1:  Circuit: 'sky130_fd_sc_hd__and3_4'                      
Circuit sky130_fd_sc_hd__and3_4 contains 0 device instances.                    
Circuit contains 0 nets, and 8 disconnected pins.                               
Contents of circuit 2:  Circuit: 'sky130_fd_sc_hd__and3_4'                      
Circuit sky130_fd_sc_hd__and3_4 contains 14 device instances.                   
  Class: sky130_fd_pr__nfet_01v8 instances:   7                                 
  Class: sky130_fd_pr__pfet_01v8_hvt instances:   7                             
Circuit contains 11 nets.                                                       
                                                                                
Circuit sky130_fd_sc_hd__and3_4 contains no devices.                            
                                                                                
Contents of circuit 1:  Circuit: 'sky130_fd_sc_hd__o31a_2'                      
Circuit sky130_fd_sc_hd__o31a_2 contains 0 device instances.                    
Circuit contains 0 nets, and 9 disconnected pins.                               
Contents of circuit 2:  Circuit: 'sky130_fd_sc_hd__o31a_2'                      
Circuit sky130_fd_sc_hd__o31a_2 contains 12 device instances.                   
  Class: sky130_fd_pr__nfet_01v8 instances:   6                                 
  Class: sky130_fd_pr__pfet_01v8_hvt instances:   6                             
Circuit contains 13 nets.                                                       
                                                                                
Circuit sky130_fd_sc_hd__o31a_2 contains no devices.                            
                                                                                
Contents of circuit 1:  Circuit: 'sky130_fd_sc_hd__clkbuf_4'                    
Circuit sky130_fd_sc_hd__clkbuf_4 contains 0 device instances.                  
Circuit contains 0 nets, and 6 disconnected pins.                               
Contents of circuit 2:  Circuit: 'sky130_fd_sc_hd__clkbuf_4'                    
Circuit sky130_fd_sc_hd__clkbuf_4 contains 10 device instances.                 
  Class: sky130_fd_pr__nfet_01v8 instances:   5                                 
  Class: sky130_fd_pr__pfet_01v8_hvt instances:   5                             
Circuit contains 7 nets.                                                        
                                                                                
Circuit sky130_fd_sc_hd__clkbuf_4 contains no devices.                          
                                                                                
Contents of circuit 1:  Circuit: 'sky130_fd_sc_hd__o21a_4'                      
Circuit sky130_fd_sc_hd__o21a_4 contains 0 device instances.                    
Circuit contains 0 nets, and 8 disconnected pins.                               
Contents of circuit 2:  Circuit: 'sky130_fd_sc_hd__o21a_4'                      
Circuit sky130_fd_sc_hd__o21a_4 contains 20 device instances.                   
  Class: sky130_fd_pr__nfet_01v8 instances:  10                                 
  Class: sky130_fd_pr__pfet_01v8_hvt instances:  10                             
Circuit contains 12 nets.                                                       
                                                                                
Circuit sky130_fd_sc_hd__o21a_4 contains no devices.                            
                                                                                
Contents of circuit 1:  Circuit: 'sky130_fd_sc_hd__or3b_2'                      
Circuit sky130_fd_sc_hd__or3b_2 contains 0 device instances.                    
Circuit contains 0 nets, and 8 disconnected pins.                               
Contents of circuit 2:  Circuit: 'sky130_fd_sc_hd__or3b_2'                      
Circuit sky130_fd_sc_hd__or3b_2 contains 12 device instances.                   
  Class: sky130_fd_pr__nfet_01v8 instances:   6                                 
  Class: sky130_fd_pr__pfet_01v8_hvt instances:   6                             
Circuit contains 12 nets.                                                       
                                                                                
Circuit sky130_fd_sc_hd__or3b_2 contains no devices.                            
                                                                                
Contents of circuit 1:  Circuit: 'sky130_fd_sc_hd__xor2_2'                      
Circuit sky130_fd_sc_hd__xor2_2 contains 0 device instances.                    
Circuit contains 0 nets, and 7 disconnected pins.                               
Contents of circuit 2:  Circuit: 'sky130_fd_sc_hd__xor2_2'                      
Circuit sky130_fd_sc_hd__xor2_2 contains 20 device instances.                   
  Class: sky130_fd_pr__nfet_01v8 instances:  10                                 
  Class: sky130_fd_pr__pfet_01v8_hvt instances:  10                             
Circuit contains 11 nets.                                                       
                                                                                
Circuit sky130_fd_sc_hd__xor2_2 contains no devices.                            
                                                                                
Contents of circuit 1:  Circuit: 'sky130_fd_sc_hd__and2b_2'                     
Circuit sky130_fd_sc_hd__and2b_2 contains 0 device instances.                   
Circuit contains 0 nets, and 7 disconnected pins.                               
Contents of circuit 2:  Circuit: 'sky130_fd_sc_hd__and2b_2'                     
Circuit sky130_fd_sc_hd__and2b_2 contains 10 device instances.                  
  Class: sky130_fd_pr__nfet_01v8 instances:   5                                 
  Class: sky130_fd_pr__pfet_01v8_hvt instances:   5                             
Circuit contains 10 nets.                                                       
                                                                                
Circuit sky130_fd_sc_hd__and2b_2 contains no devices.                           
                                                                                
Contents of circuit 1:  Circuit: 'sky130_fd_sc_hd__or4_2'                       
Circuit sky130_fd_sc_hd__or4_2 contains 0 device instances.                     
Circuit contains 0 nets, and 9 disconnected pins.                               
Contents of circuit 2:  Circuit: 'sky130_fd_sc_hd__or4_2'                       
Circuit sky130_fd_sc_hd__or4_2 contains 12 device instances.                    
  Class: sky130_fd_pr__nfet_01v8 instances:   6                                 
  Class: sky130_fd_pr__pfet_01v8_hvt instances:   6                             
Circuit contains 13 nets.                                                       
                                                                                
Circuit sky130_fd_sc_hd__or4_2 contains no devices.                             
                                                                                
Contents of circuit 1:  Circuit: 'sky130_fd_sc_hd__a31o_4'                      
Circuit sky130_fd_sc_hd__a31o_4 contains 0 device instances.                    
Circuit contains 0 nets, and 9 disconnected pins.                               
Contents of circuit 2:  Circuit: 'sky130_fd_sc_hd__a31o_4'                      
Circuit sky130_fd_sc_hd__a31o_4 contains 24 device instances.                   
  Class: sky130_fd_pr__nfet_01v8 instances:  12                                 
  Class: sky130_fd_pr__pfet_01v8_hvt instances:  12                             
Circuit contains 15 nets.                                                       
                                                                                
Circuit sky130_fd_sc_hd__a31o_4 contains no devices.                            
                                                                                
Contents of circuit 1:  Circuit: 'sky130_fd_sc_hd__a311o_2'                     
Circuit sky130_fd_sc_hd__a311o_2 contains 0 device instances.                   
Circuit contains 0 nets, and 10 disconnected pins.                              
Contents of circuit 2:  Circuit: 'sky130_fd_sc_hd__a311o_2'                     
Circuit sky130_fd_sc_hd__a311o_2 contains 14 device instances.                  
  Class: sky130_fd_pr__nfet_01v8 instances:   7                                 
  Class: sky130_fd_pr__pfet_01v8_hvt instances:   7                             
Circuit contains 15 nets.                                                       
                                                                                
Circuit sky130_fd_sc_hd__a311o_2 contains no devices.                           
                                                                                
Contents of circuit 1:  Circuit: 'sky130_fd_sc_hd__or2_4'                       
Circuit sky130_fd_sc_hd__or2_4 contains 0 device instances.                     
Circuit contains 0 nets, and 7 disconnected pins.                               
Contents of circuit 2:  Circuit: 'sky130_fd_sc_hd__or2_4'                       
Circuit sky130_fd_sc_hd__or2_4 contains 12 device instances.                    
  Class: sky130_fd_pr__nfet_01v8 instances:   6                                 
  Class: sky130_fd_pr__pfet_01v8_hvt instances:   6                             
Circuit contains 9 nets.                                                        
                                                                                
Circuit sky130_fd_sc_hd__or2_4 contains no devices.                             
                                                                                
Contents of circuit 1:  Circuit: 'sky130_fd_sc_hd__nor2_2'                      
Circuit sky130_fd_sc_hd__nor2_2 contains 0 device instances.                    
Circuit contains 0 nets, and 7 disconnected pins.                               
Contents of circuit 2:  Circuit: 'sky130_fd_sc_hd__nor2_2'                      
Circuit sky130_fd_sc_hd__nor2_2 contains 8 device instances.                    
  Class: sky130_fd_pr__nfet_01v8 instances:   4                                 
  Class: sky130_fd_pr__pfet_01v8_hvt instances:   4                             
Circuit contains 8 nets.                                                        
                                                                                
Circuit sky130_fd_sc_hd__nor2_2 contains no devices.                            
                                                                                
Contents of circuit 1:  Circuit: 'sky130_fd_sc_hd__o211ai_4'                    
Circuit sky130_fd_sc_hd__o211ai_4 contains 0 device instances.                  
Circuit contains 0 nets, and 9 disconnected pins.                               
Contents of circuit 2:  Circuit: 'sky130_fd_sc_hd__o211ai_4'                    
Circuit sky130_fd_sc_hd__o211ai_4 contains 32 device instances.                 
  Class: sky130_fd_pr__nfet_01v8 instances:  16                                 
  Class: sky130_fd_pr__pfet_01v8_hvt instances:  16                             
Circuit contains 14 nets.                                                       
                                                                                
Circuit sky130_fd_sc_hd__o211ai_4 contains no devices.                          
                                                                                
Contents of circuit 1:  Circuit: 'sky130_fd_sc_hd__o22ai_2'                     
Circuit sky130_fd_sc_hd__o22ai_2 contains 0 device instances.                   
Circuit contains 0 nets, and 9 disconnected pins.                               
Contents of circuit 2:  Circuit: 'sky130_fd_sc_hd__o22ai_2'                     
Circuit sky130_fd_sc_hd__o22ai_2 contains 16 device instances.                  
  Class: sky130_fd_pr__nfet_01v8 instances:   8                                 
  Class: sky130_fd_pr__pfet_01v8_hvt instances:   8                             
Circuit contains 12 nets.                                                       
                                                                                
Circuit sky130_fd_sc_hd__o22ai_2 contains no devices.                           
                                                                                
Contents of circuit 1:  Circuit: 'sky130_fd_sc_hd__nand2_4'                     
Circuit sky130_fd_sc_hd__nand2_4 contains 0 device instances.                   
Circuit contains 0 nets, and 7 disconnected pins.                               
Contents of circuit 2:  Circuit: 'sky130_fd_sc_hd__nand2_4'                     
Circuit sky130_fd_sc_hd__nand2_4 contains 16 device instances.                  
  Class: sky130_fd_pr__nfet_01v8 instances:   8                                 
  Class: sky130_fd_pr__pfet_01v8_hvt instances:   8                             
Circuit contains 8 nets.                                                        
                                                                                
Circuit sky130_fd_sc_hd__nand2_4 contains no devices.                           
                                                                                
Contents of circuit 1:  Circuit: 'sky130_fd_sc_hd__inv_2'                       
Circuit sky130_fd_sc_hd__inv_2 contains 0 device instances.                     
Circuit contains 0 nets, and 6 disconnected pins.                               
Contents of circuit 2:  Circuit: 'sky130_fd_sc_hd__inv_2'                       
Circuit sky130_fd_sc_hd__inv_2 contains 4 device instances.                     
  Class: sky130_fd_pr__nfet_01v8 instances:   2                                 
  Class: sky130_fd_pr__pfet_01v8_hvt instances:   2                             
Circuit contains 6 nets.                                                        
                                                                                
Circuit sky130_fd_sc_hd__inv_2 contains no devices.                             
                                                                                
Contents of circuit 1:  Circuit: 'sky130_fd_sc_hd__clkbuf_16'                   
Circuit sky130_fd_sc_hd__clkbuf_16 contains 0 device instances.                 
Circuit contains 0 nets, and 6 disconnected pins.                               
Contents of circuit 2:  Circuit: 'sky130_fd_sc_hd__clkbuf_16'                   
Circuit sky130_fd_sc_hd__clkbuf_16 contains 40 device instances.                
  Class: sky130_fd_pr__nfet_01v8 instances:  20                                 
  Class: sky130_fd_pr__pfet_01v8_hvt instances:  20                             
Circuit contains 7 nets.                                                        
                                                                                
Circuit sky130_fd_sc_hd__clkbuf_16 contains no devices.                         
                                                                                
Contents of circuit 1:  Circuit: 'sky130_fd_sc_hd__a21o_4'                      
Circuit sky130_fd_sc_hd__a21o_4 contains 0 device instances.                    
Circuit contains 0 nets, and 8 disconnected pins.                               
Contents of circuit 2:  Circuit: 'sky130_fd_sc_hd__a21o_4'                      
Circuit sky130_fd_sc_hd__a21o_4 contains 20 device instances.                   
  Class: sky130_fd_pr__nfet_01v8 instances:  10                                 
  Class: sky130_fd_pr__pfet_01v8_hvt instances:  10                             
Circuit contains 12 nets.                                                       
                                                                                
Circuit sky130_fd_sc_hd__a21o_4 contains no devices.                            
                                                                                
Contents of circuit 1:  Circuit: 'sky130_fd_sc_hd__xnor2_4'                     
Circuit sky130_fd_sc_hd__xnor2_4 contains 0 device instances.                   
Circuit contains 0 nets, and 7 disconnected pins.                               
Contents of circuit 2:  Circuit: 'sky130_fd_sc_hd__xnor2_4'                     
Circuit sky130_fd_sc_hd__xnor2_4 contains 40 device instances.                  
  Class: sky130_fd_pr__nfet_01v8 instances:  20                                 
  Class: sky130_fd_pr__pfet_01v8_hvt instances:  20                             
Circuit contains 11 nets.                                                       
                                                                                
Circuit sky130_fd_sc_hd__xnor2_4 contains no devices.                           
                                                                                
Contents of circuit 1:  Circuit: 'sky130_fd_sc_hd__or3_2'                       
Circuit sky130_fd_sc_hd__or3_2 contains 0 device instances.                     
Circuit contains 0 nets, and 8 disconnected pins.                               
Contents of circuit 2:  Circuit: 'sky130_fd_sc_hd__or3_2'                       
Circuit sky130_fd_sc_hd__or3_2 contains 10 device instances.                    
  Class: sky130_fd_pr__nfet_01v8 instances:   5                                 
  Class: sky130_fd_pr__pfet_01v8_hvt instances:   5                             
Circuit contains 11 nets.                                                       
                                                                                
Circuit sky130_fd_sc_hd__or3_2 contains no devices.                             
                                                                                
Contents of circuit 1:  Circuit: 'sky130_fd_sc_hd__o221a_2'                     
Circuit sky130_fd_sc_hd__o221a_2 contains 0 device instances.                   
Circuit contains 0 nets, and 10 disconnected pins.                              
Contents of circuit 2:  Circuit: 'sky130_fd_sc_hd__o221a_2'                     
Circuit sky130_fd_sc_hd__o221a_2 contains 14 device instances.                  
  Class: sky130_fd_pr__nfet_01v8 instances:   7                                 
  Class: sky130_fd_pr__pfet_01v8_hvt instances:   7                             
Circuit contains 15 nets.                                                       
                                                                                
Circuit sky130_fd_sc_hd__o221a_2 contains no devices.                           
                                                                                
Contents of circuit 1:  Circuit: 'sky130_fd_sc_hd__xnor2_2'                     
Circuit sky130_fd_sc_hd__xnor2_2 contains 0 device instances.                   
Circuit contains 0 nets, and 7 disconnected pins.                               
Contents of circuit 2:  Circuit: 'sky130_fd_sc_hd__xnor2_2'                     
Circuit sky130_fd_sc_hd__xnor2_2 contains 20 device instances.                  
  Class: sky130_fd_pr__nfet_01v8 instances:  10                                 
  Class: sky130_fd_pr__pfet_01v8_hvt instances:  10                             
Circuit contains 11 nets.                                                       
                                                                                
Circuit sky130_fd_sc_hd__xnor2_2 contains no devices.                           
                                                                                
Contents of circuit 1:  Circuit: 'sky130_fd_sc_hd__a31o_2'                      
Circuit sky130_fd_sc_hd__a31o_2 contains 0 device instances.                    
Circuit contains 0 nets, and 9 disconnected pins.                               
Contents of circuit 2:  Circuit: 'sky130_fd_sc_hd__a31o_2'                      
Circuit sky130_fd_sc_hd__a31o_2 contains 12 device instances.                   
  Class: sky130_fd_pr__nfet_01v8 instances:   6                                 
  Class: sky130_fd_pr__pfet_01v8_hvt instances:   6                             
Circuit contains 13 nets.                                                       
                                                                                
Circuit sky130_fd_sc_hd__a31o_2 contains no devices.                            
                                                                                
Contents of circuit 1:  Circuit: 'sky130_fd_sc_hd__a211o_4'                     
Circuit sky130_fd_sc_hd__a211o_4 contains 0 device instances.                   
Circuit contains 0 nets, and 9 disconnected pins.                               
Contents of circuit 2:  Circuit: 'sky130_fd_sc_hd__a211o_4'                     
Circuit sky130_fd_sc_hd__a211o_4 contains 24 device instances.                  
  Class: sky130_fd_pr__nfet_01v8 instances:  12                                 
  Class: sky130_fd_pr__pfet_01v8_hvt instances:  12                             
Circuit contains 15 nets.                                                       
                                                                                
Circuit sky130_fd_sc_hd__a211o_4 contains no devices.                           
                                                                                
Contents of circuit 1:  Circuit: 'sky130_fd_sc_hd__buf_6'                       
Circuit sky130_fd_sc_hd__buf_6 contains 0 device instances.                     
Circuit contains 0 nets, and 6 disconnected pins.                               
Contents of circuit 2:  Circuit: 'sky130_fd_sc_hd__buf_6'                       
Circuit sky130_fd_sc_hd__buf_6 contains 16 device instances.                    
  Class: sky130_fd_pr__nfet_01v8 instances:   8                                 
  Class: sky130_fd_pr__pfet_01v8_hvt instances:   8                             
Circuit contains 7 nets.                                                        
                                                                                
Circuit sky130_fd_sc_hd__buf_6 contains no devices.                             
                                                                                
Contents of circuit 1:  Circuit: 'sky130_fd_sc_hd__a211o_2'                     
Circuit sky130_fd_sc_hd__a211o_2 contains 0 device instances.                   
Circuit contains 0 nets, and 9 disconnected pins.                               
Contents of circuit 2:  Circuit: 'sky130_fd_sc_hd__a211o_2'                     
Circuit sky130_fd_sc_hd__a211o_2 contains 12 device instances.                  
  Class: sky130_fd_pr__nfet_01v8 instances:   6                                 
  Class: sky130_fd_pr__pfet_01v8_hvt instances:   6                             
Circuit contains 13 nets.                                                       
                                                                                
Circuit sky130_fd_sc_hd__a211o_2 contains no devices.                           
                                                                                
Contents of circuit 1:  Circuit: 'sky130_fd_sc_hd__and2_4'                      
Circuit sky130_fd_sc_hd__and2_4 contains 0 device instances.                    
Circuit contains 0 nets, and 7 disconnected pins.                               
Contents of circuit 2:  Circuit: 'sky130_fd_sc_hd__and2_4'                      
Circuit sky130_fd_sc_hd__and2_4 contains 12 device instances.                   
  Class: sky130_fd_pr__nfet_01v8 instances:   6                                 
  Class: sky130_fd_pr__pfet_01v8_hvt instances:   6                             
Circuit contains 9 nets.                                                        
                                                                                
Circuit sky130_fd_sc_hd__and2_4 contains no devices.                            
                                                                                
Contents of circuit 1:  Circuit: 'sky130_fd_sc_hd__a2bb2o_4'                    
Circuit sky130_fd_sc_hd__a2bb2o_4 contains 0 device instances.                  
Circuit contains 0 nets, and 9 disconnected pins.                               
Contents of circuit 2:  Circuit: 'sky130_fd_sc_hd__a2bb2o_4'                    
Circuit sky130_fd_sc_hd__a2bb2o_4 contains 28 device instances.                 
  Class: sky130_fd_pr__nfet_01v8 instances:  14                                 
  Class: sky130_fd_pr__pfet_01v8_hvt instances:  14                             
Circuit contains 14 nets.                                                       
                                                                                
Circuit sky130_fd_sc_hd__a2bb2o_4 contains no devices.                          
                                                                                
Contents of circuit 1:  Circuit: 'sky130_fd_sc_hd__buf_12'                      
Circuit sky130_fd_sc_hd__buf_12 contains 0 device instances.                    
Circuit contains 0 nets, and 6 disconnected pins.                               
Contents of circuit 2:  Circuit: 'sky130_fd_sc_hd__buf_12'                      
Circuit sky130_fd_sc_hd__buf_12 contains 32 device instances.                   
  Class: sky130_fd_pr__nfet_01v8 instances:  16                                 
  Class: sky130_fd_pr__pfet_01v8_hvt instances:  16                             
Circuit contains 7 nets.                                                        
                                                                                
Circuit sky130_fd_sc_hd__buf_12 contains no devices.                            
                                                                                
Contents of circuit 1:  Circuit: 'sky130_fd_sc_hd__o21ba_2'                     
Circuit sky130_fd_sc_hd__o21ba_2 contains 0 device instances.                   
Circuit contains 0 nets, and 8 disconnected pins.                               
Contents of circuit 2:  Circuit: 'sky130_fd_sc_hd__o21ba_2'                     
Circuit sky130_fd_sc_hd__o21ba_2 contains 12 device instances.                  
  Class: sky130_fd_pr__nfet_01v8 instances:   6                                 
  Class: sky130_fd_pr__pfet_01v8_hvt instances:   6                             
Circuit contains 12 nets.                                                       
                                                                                
Circuit sky130_fd_sc_hd__o21ba_2 contains no devices.                           
                                                                                
Contents of circuit 1:  Circuit: 'sky130_fd_sc_hd__a22o_2'                      
Circuit sky130_fd_sc_hd__a22o_2 contains 0 device instances.                    
Circuit contains 0 nets, and 9 disconnected pins.                               
Contents of circuit 2:  Circuit: 'sky130_fd_sc_hd__a22o_2'                      
Circuit sky130_fd_sc_hd__a22o_2 contains 12 device instances.                   
  Class: sky130_fd_pr__nfet_01v8 instances:   6                                 
  Class: sky130_fd_pr__pfet_01v8_hvt instances:   6                             
Circuit contains 13 nets.                                                       
                                                                                
Circuit sky130_fd_sc_hd__a22o_2 contains no devices.                            
                                                                                
Contents of circuit 1:  Circuit: 'sky130_fd_sc_hd__and3b_2'                     
Circuit sky130_fd_sc_hd__and3b_2 contains 0 device instances.                   
Circuit contains 0 nets, and 8 disconnected pins.                               
Contents of circuit 2:  Circuit: 'sky130_fd_sc_hd__and3b_2'                     
Circuit sky130_fd_sc_hd__and3b_2 contains 12 device instances.                  
  Class: sky130_fd_pr__nfet_01v8 instances:   6                                 
  Class: sky130_fd_pr__pfet_01v8_hvt instances:   6                             
Circuit contains 12 nets.                                                       
                                                                                
Circuit sky130_fd_sc_hd__and3b_2 contains no devices.                           
                                                                                
Contents of circuit 1:  Circuit: 'sky130_fd_sc_hd__dfxtp_4'                     
Circuit sky130_fd_sc_hd__dfxtp_4 contains 0 device instances.                   
Circuit contains 0 nets, and 7 disconnected pins.                               
Contents of circuit 2:  Circuit: 'sky130_fd_sc_hd__dfxtp_4'                     
Circuit sky130_fd_sc_hd__dfxtp_4 contains 30 device instances.                  
  Class: sky130_fd_pr__nfet_01v8 instances:  11                                 
  Class: sky130_fd_pr__pfet_01v8_hvt instances:  15                             
  Class: sky130_fd_pr__special_nfet_01v8 instances:   4                         
Circuit contains 18 nets.                                                       
                                                                                
Circuit sky130_fd_sc_hd__dfxtp_4 contains no devices.                           
                                                                                
Contents of circuit 1:  Circuit: 'sky130_fd_sc_hd__and4bb_2'                    
Circuit sky130_fd_sc_hd__and4bb_2 contains 0 device instances.                  
Circuit contains 0 nets, and 9 disconnected pins.                               
Contents of circuit 2:  Circuit: 'sky130_fd_sc_hd__and4bb_2'                    
Circuit sky130_fd_sc_hd__and4bb_2 contains 16 device instances.                 
  Class: sky130_fd_pr__nfet_01v8 instances:   8                                 
  Class: sky130_fd_pr__pfet_01v8_hvt instances:   8                             
Circuit contains 15 nets.                                                       
                                                                                
Circuit sky130_fd_sc_hd__and4bb_2 contains no devices.                          
                                                                                
Contents of circuit 1:  Circuit: 'sky130_fd_sc_hd__o22a_2'                      
Circuit sky130_fd_sc_hd__o22a_2 contains 0 device instances.                    
Circuit contains 0 nets, and 9 disconnected pins.                               
Contents of circuit 2:  Circuit: 'sky130_fd_sc_hd__o22a_2'                      
Circuit sky130_fd_sc_hd__o22a_2 contains 12 device instances.                   
  Class: sky130_fd_pr__nfet_01v8 instances:   6                                 
  Class: sky130_fd_pr__pfet_01v8_hvt instances:   6                             
Circuit contains 13 nets.                                                       
                                                                                
Circuit sky130_fd_sc_hd__o22a_2 contains no devices.                            
                                                                                
Contents of circuit 1:  Circuit: 'sky130_fd_sc_hd__and4_2'                      
Circuit sky130_fd_sc_hd__and4_2 contains 0 device instances.                    
Circuit contains 0 nets, and 9 disconnected pins.                               
Contents of circuit 2:  Circuit: 'sky130_fd_sc_hd__and4_2'                      
Circuit sky130_fd_sc_hd__and4_2 contains 12 device instances.                   
  Class: sky130_fd_pr__nfet_01v8 instances:   6                                 
  Class: sky130_fd_pr__pfet_01v8_hvt instances:   6                             
Circuit contains 13 nets.                                                       
                                                                                
Circuit sky130_fd_sc_hd__and4_2 contains no devices.                            
                                                                                
Contents of circuit 1:  Circuit: 'sky130_fd_sc_hd__nor3_2'                      
Circuit sky130_fd_sc_hd__nor3_2 contains 0 device instances.                    
Circuit contains 0 nets, and 8 disconnected pins.                               
Contents of circuit 2:  Circuit: 'sky130_fd_sc_hd__nor3_2'                      
Circuit sky130_fd_sc_hd__nor3_2 contains 12 device instances.                   
  Class: sky130_fd_pr__nfet_01v8 instances:   6                                 
  Class: sky130_fd_pr__pfet_01v8_hvt instances:   6                             
Circuit contains 10 nets.                                                       
                                                                                
Circuit sky130_fd_sc_hd__nor3_2 contains no devices.                            
                                                                                
Contents of circuit 1:  Circuit: 'sky130_fd_sc_hd__o32a_4'                      
Circuit sky130_fd_sc_hd__o32a_4 contains 0 device instances.                    
Circuit contains 0 nets, and 10 disconnected pins.                              
Contents of circuit 2:  Circuit: 'sky130_fd_sc_hd__o32a_4'                      
Circuit sky130_fd_sc_hd__o32a_4 contains 28 device instances.                   
  Class: sky130_fd_pr__nfet_01v8 instances:  14                                 
  Class: sky130_fd_pr__pfet_01v8_hvt instances:  14                             
Circuit contains 15 nets.                                                       
                                                                                
Circuit sky130_fd_sc_hd__o32a_4 contains no devices.                            
                                                                                
Contents of circuit 1:  Circuit: 'sky130_fd_sc_hd__or3b_4'                      
Circuit sky130_fd_sc_hd__or3b_4 contains 0 device instances.                    
Circuit contains 0 nets, and 8 disconnected pins.                               
Contents of circuit 2:  Circuit: 'sky130_fd_sc_hd__or3b_4'                      
Circuit sky130_fd_sc_hd__or3b_4 contains 16 device instances.                   
  Class: sky130_fd_pr__nfet_01v8 instances:   8                                 
  Class: sky130_fd_pr__pfet_01v8_hvt instances:   8                             
Circuit contains 12 nets.                                                       
                                                                                
Circuit sky130_fd_sc_hd__or3b_4 contains no devices.                            
                                                                                
Contents of circuit 1:  Circuit: 'sky130_fd_sc_hd__o21bai_4'                    
Circuit sky130_fd_sc_hd__o21bai_4 contains 0 device instances.                  
Circuit contains 0 nets, and 8 disconnected pins.                               
Contents of circuit 2:  Circuit: 'sky130_fd_sc_hd__o21bai_4'                    
Circuit sky130_fd_sc_hd__o21bai_4 contains 26 device instances.                 
  Class: sky130_fd_pr__nfet_01v8 instances:  13                                 
  Class: sky130_fd_pr__pfet_01v8_hvt instances:  13                             
Circuit contains 11 nets.                                                       
                                                                                
Circuit sky130_fd_sc_hd__o21bai_4 contains no devices.                          
                                                                                
Contents of circuit 1:  Circuit: 'sky130_fd_sc_hd__o2bb2a_4'                    
Circuit sky130_fd_sc_hd__o2bb2a_4 contains 0 device instances.                  
Circuit contains 0 nets, and 9 disconnected pins.                               
Contents of circuit 2:  Circuit: 'sky130_fd_sc_hd__o2bb2a_4'                    
Circuit sky130_fd_sc_hd__o2bb2a_4 contains 28 device instances.                 
  Class: sky130_fd_pr__nfet_01v8 instances:  14                                 
  Class: sky130_fd_pr__pfet_01v8_hvt instances:  14                             
Circuit contains 14 nets.                                                       
                                                                                
Circuit sky130_fd_sc_hd__o2bb2a_4 contains no devices.                          
                                                                                
Contents of circuit 1:  Circuit: 'alu_top'                                      
Circuit alu_top contains 1759 device instances.                                 
  Class: sky130_fd_sc_hd__a41o_2 instances:   1                                 
  Class: sky130_fd_sc_hd__clkdlybuf4s25_1 instances:  36                        
  Class: sky130_fd_sc_hd__a31o_2 instances:   2                                 
  Class: sky130_fd_sc_hd__a31o_4 instances:   2                                 
  Class: sky130_fd_sc_hd__a21o_4 instances:   1                                 
  Class: sky130_fd_sc_hd__clkbuf_16 instances:   5                              
  Class: sky130_fd_sc_hd__dfxtp_2 instances:  29                                
  Class: sky130_fd_sc_hd__dfxtp_4 instances:   1                                
  Class: sky130_fd_sc_hd__or4_2 instances:   1                                  
  Class: sky130_fd_sc_hd__buf_2 instances:  13                                  
  Class: sky130_fd_sc_hd__buf_6 instances:   3                                  
  Class: sky130_fd_sc_hd__a2bb2o_2 instances:   2                               
  Class: sky130_fd_sc_hd__a2bb2o_4 instances:   1                               
  Class: sky130_fd_sc_hd__and3b_2 instances:   1                                
  Class: sky130_fd_sc_hd__xor2_2 instances:   5                                 
  Class: sky130_fd_sc_hd__and4_2 instances:   1                                 
  Class: sky130_fd_sc_hd__inv_2 instances:   7                                  
  Class: sky130_fd_sc_hd__clkbuf_4 instances:   2                               
  Class: sky130_fd_sc_hd__or3_2 instances:   3                                  
  Class: sky130_fd_sc_hd__or3_4 instances:   2                                  
  Class: sky130_fd_sc_hd__o21ba_2 instances:   1                                
  Class: sky130_fd_sc_hd__and2b_2 instances:   3                                
  Class: sky130_fd_sc_hd__buf_12 instances:   1                                 
  Class: sky130_fd_sc_hd__and3_4 instances:   3                                 
  Class: sky130_fd_sc_hd__decap_3 instances: 1230                               
  Class: sky130_fd_sc_hd__or2_2 instances:   5                                  
  Class: sky130_fd_sc_hd__or2_4 instances:   2                                  
  Class: sky130_fd_sc_hd__nand2_2 instances:  14                                
  Class: sky130_fd_sc_hd__nand2_4 instances:   2                                
  Class: sky130_fd_sc_hd__mux2_2 instances:   1                                 
  Class: sky130_fd_sc_hd__and2_2 instances:  24                                 
  Class: sky130_fd_sc_hd__and2_4 instances:   1                                 
  Class: sky130_fd_sc_hd__o32a_4 instances:   1                                 
  Class: sky130_fd_sc_hd__o22a_2 instances:   1                                 
  Class: sky130_fd_sc_hd__xnor2_2 instances:   4                                
  Class: sky130_fd_sc_hd__xnor2_4 instances:   2                                
  Class: sky130_fd_sc_hd__o221a_2 instances:   4                                
  Class: sky130_fd_sc_hd__o21bai_4 instances:   1                               
  Class: sky130_fd_sc_hd__o211a_2 instances:   3                                
  Class: sky130_fd_sc_hd__nand2b_2 instances:   3                               
  Class: sky130_fd_sc_hd__a211o_2 instances:   2                                
  Class: sky130_fd_sc_hd__a211o_4 instances:   1                                
  Class: sky130_fd_sc_hd__or3b_2 instances:   1                                 
  Class: sky130_fd_sc_hd__or3b_4 instances:   1                                 
  Class: sky130_fd_sc_hd__nor3_2 instances:   1                                 
  Class: sky130_fd_sc_hd__a22o_2 instances:   1                                 
  Class: sky130_fd_sc_hd__o31a_2 instances:   5                                 
  Class: sky130_fd_sc_hd__o2bb2a_4 instances:   1                               
  Class: sky130_fd_sc_hd__o21a_2 instances:   3                                 
  Class: sky130_fd_sc_hd__o21a_4 instances:   1                                 
  Class: sky130_fd_sc_hd__o22ai_2 instances:   3                                
  Class: sky130_fd_sc_hd__tapvpwrvgnd_1 instances: 102                          
  Class: sky130_fd_sc_hd__a21oi_2 instances:   8                                
  Class: sky130_fd_sc_hd__a311o_2 instances:   2                                
  Class: sky130_fd_sc_hd__fill_1 instances:  85                                 
  Class: sky130_fd_sc_hd__fill_2 instances: 103                                 
  Class: sky130_fd_sc_hd__o211ai_4 instances:   1                               
  Class: sky130_fd_sc_hd__and4bb_2 instances:   1                               
  Class: sky130_fd_sc_hd__nor2_2 instances:  13                                 
Circuit contains 262 nets.                                                      
Contents of circuit 2:  Circuit: 'alu_top'                                      
Circuit alu_top contains 1759 device instances.                                 
  Class: sky130_fd_sc_hd__a41o_2 instances:   1                                 
  Class: sky130_fd_sc_hd__clkdlybuf4s25_1 instances:  36                        
  Class: sky130_fd_sc_hd__a31o_2 instances:   2                                 
  Class: sky130_fd_sc_hd__a31o_4 instances:   2                                 
  Class: sky130_fd_sc_hd__a21o_4 instances:   1                                 
  Class: sky130_fd_sc_hd__clkbuf_16 instances:   5                              
  Class: sky130_fd_sc_hd__dfxtp_2 instances:  29                                
  Class: sky130_fd_sc_hd__dfxtp_4 instances:   1                                
  Class: sky130_fd_sc_hd__or4_2 instances:   1                                  
  Class: sky130_fd_sc_hd__buf_2 instances:  13                                  
  Class: sky130_fd_sc_hd__buf_6 instances:   3                                  
  Class: sky130_fd_sc_hd__a2bb2o_2 instances:   2                               
  Class: sky130_fd_sc_hd__a2bb2o_4 instances:   1                               
  Class: sky130_fd_sc_hd__and3b_2 instances:   1                                
  Class: sky130_fd_sc_hd__xor2_2 instances:   5                                 
  Class: sky130_fd_sc_hd__and4_2 instances:   1                                 
  Class: sky130_fd_sc_hd__inv_2 instances:   7                                  
  Class: sky130_fd_sc_hd__clkbuf_4 instances:   2                               
  Class: sky130_fd_sc_hd__or3_2 instances:   3                                  
  Class: sky130_fd_sc_hd__or3_4 instances:   2                                  
  Class: sky130_fd_sc_hd__o21ba_2 instances:   1                                
  Class: sky130_fd_sc_hd__and2b_2 instances:   3                                
  Class: sky130_fd_sc_hd__buf_12 instances:   1                                 
  Class: sky130_fd_sc_hd__and3_4 instances:   3                                 
  Class: sky130_fd_sc_hd__decap_3 instances: 1230                               
  Class: sky130_fd_sc_hd__or2_2 instances:   5                                  
  Class: sky130_fd_sc_hd__or2_4 instances:   2                                  
  Class: sky130_fd_sc_hd__nand2_2 instances:  14                                
  Class: sky130_fd_sc_hd__nand2_4 instances:   2                                
  Class: sky130_fd_sc_hd__mux2_2 instances:   1                                 
  Class: sky130_fd_sc_hd__and2_2 instances:  24                                 
  Class: sky130_fd_sc_hd__and2_4 instances:   1                                 
  Class: sky130_fd_sc_hd__o32a_4 instances:   1                                 
  Class: sky130_fd_sc_hd__o22a_2 instances:   1                                 
  Class: sky130_fd_sc_hd__xnor2_2 instances:   4                                
  Class: sky130_fd_sc_hd__xnor2_4 instances:   2                                
  Class: sky130_fd_sc_hd__o221a_2 instances:   4                                
  Class: sky130_fd_sc_hd__o21bai_4 instances:   1                               
  Class: sky130_fd_sc_hd__o211a_2 instances:   3                                
  Class: sky130_fd_sc_hd__nand2b_2 instances:   3                               
  Class: sky130_fd_sc_hd__a211o_2 instances:   2                                
  Class: sky130_fd_sc_hd__a211o_4 instances:   1                                
  Class: sky130_fd_sc_hd__or3b_2 instances:   1                                 
  Class: sky130_fd_sc_hd__or3b_4 instances:   1                                 
  Class: sky130_fd_sc_hd__nor3_2 instances:   1                                 
  Class: sky130_fd_sc_hd__a22o_2 instances:   1                                 
  Class: sky130_fd_sc_hd__o31a_2 instances:   5                                 
  Class: sky130_fd_sc_hd__o2bb2a_4 instances:   1                               
  Class: sky130_fd_sc_hd__o21a_2 instances:   3                                 
  Class: sky130_fd_sc_hd__o21a_4 instances:   1                                 
  Class: sky130_fd_sc_hd__o22ai_2 instances:   3                                
  Class: sky130_fd_sc_hd__tapvpwrvgnd_1 instances: 102                          
  Class: sky130_fd_sc_hd__a21oi_2 instances:   8                                
  Class: sky130_fd_sc_hd__a311o_2 instances:   2                                
  Class: sky130_fd_sc_hd__fill_1 instances:  85                                 
  Class: sky130_fd_sc_hd__fill_2 instances: 103                                 
  Class: sky130_fd_sc_hd__o211ai_4 instances:   1                               
  Class: sky130_fd_sc_hd__and4bb_2 instances:   1                               
  Class: sky130_fd_sc_hd__nor2_2 instances:  13                                 
Circuit contains 262 nets.                                                      
                                                                                
Circuit was modified by parallel/series device merging.                         
New circuit summary:                                                            
                                                                                
Contents of circuit 1:  Circuit: 'alu_top'                                      
Circuit alu_top contains 243 device instances.                                  
  Class: sky130_fd_sc_hd__a41o_2 instances:   1                                 
  Class: sky130_fd_sc_hd__clkdlybuf4s25_1 instances:  36                        
  Class: sky130_fd_sc_hd__a31o_2 instances:   2                                 
  Class: sky130_fd_sc_hd__a31o_4 instances:   2                                 
  Class: sky130_fd_sc_hd__a21o_4 instances:   1                                 
  Class: sky130_fd_sc_hd__clkbuf_16 instances:   5                              
  Class: sky130_fd_sc_hd__dfxtp_2 instances:  29                                
  Class: sky130_fd_sc_hd__dfxtp_4 instances:   1                                
  Class: sky130_fd_sc_hd__or4_2 instances:   1                                  
  Class: sky130_fd_sc_hd__buf_2 instances:  13                                  
  Class: sky130_fd_sc_hd__buf_6 instances:   3                                  
  Class: sky130_fd_sc_hd__a2bb2o_2 instances:   2                               
  Class: sky130_fd_sc_hd__a2bb2o_4 instances:   1                               
  Class: sky130_fd_sc_hd__and3b_2 instances:   1                                
  Class: sky130_fd_sc_hd__xor2_2 instances:   5                                 
  Class: sky130_fd_sc_hd__and4_2 instances:   1                                 
  Class: sky130_fd_sc_hd__inv_2 instances:   7                                  
  Class: sky130_fd_sc_hd__clkbuf_4 instances:   2                               
  Class: sky130_fd_sc_hd__or3_2 instances:   3                                  
  Class: sky130_fd_sc_hd__or3_4 instances:   2                                  
  Class: sky130_fd_sc_hd__o21ba_2 instances:   1                                
  Class: sky130_fd_sc_hd__and2b_2 instances:   3                                
  Class: sky130_fd_sc_hd__buf_12 instances:   1                                 
  Class: sky130_fd_sc_hd__and3_4 instances:   3                                 
  Class: sky130_fd_sc_hd__decap_3 instances:   1                                
  Class: sky130_fd_sc_hd__or2_2 instances:   5                                  
  Class: sky130_fd_sc_hd__or2_4 instances:   2                                  
  Class: sky130_fd_sc_hd__nand2_2 instances:  14                                
  Class: sky130_fd_sc_hd__nand2_4 instances:   2                                
  Class: sky130_fd_sc_hd__mux2_2 instances:   1                                 
  Class: sky130_fd_sc_hd__and2_2 instances:  24                                 
  Class: sky130_fd_sc_hd__and2_4 instances:   1                                 
  Class: sky130_fd_sc_hd__o32a_4 instances:   1                                 
  Class: sky130_fd_sc_hd__o22a_2 instances:   1                                 
  Class: sky130_fd_sc_hd__xnor2_2 instances:   4                                
  Class: sky130_fd_sc_hd__xnor2_4 instances:   2                                
  Class: sky130_fd_sc_hd__o221a_2 instances:   4                                
  Class: sky130_fd_sc_hd__o21bai_4 instances:   1                               
  Class: sky130_fd_sc_hd__o211a_2 instances:   3                                
  Class: sky130_fd_sc_hd__nand2b_2 instances:   3                               
  Class: sky130_fd_sc_hd__a211o_2 instances:   2                                
  Class: sky130_fd_sc_hd__a211o_4 instances:   1                                
  Class: sky130_fd_sc_hd__or3b_2 instances:   1                                 
  Class: sky130_fd_sc_hd__or3b_4 instances:   1                                 
  Class: sky130_fd_sc_hd__nor3_2 instances:   1                                 
  Class: sky130_fd_sc_hd__a22o_2 instances:   1                                 
  Class: sky130_fd_sc_hd__o31a_2 instances:   5                                 
  Class: sky130_fd_sc_hd__o2bb2a_4 instances:   1                               
  Class: sky130_fd_sc_hd__o21a_2 instances:   3                                 
  Class: sky130_fd_sc_hd__o21a_4 instances:   1                                 
  Class: sky130_fd_sc_hd__o22ai_2 instances:   3                                
  Class: sky130_fd_sc_hd__tapvpwrvgnd_1 instances:   1                          
  Class: sky130_fd_sc_hd__a21oi_2 instances:   8                                
  Class: sky130_fd_sc_hd__a311o_2 instances:   2                                
  Class: sky130_fd_sc_hd__fill_1 instances:   1                                 
  Class: sky130_fd_sc_hd__fill_2 instances:   1                                 
  Class: sky130_fd_sc_hd__o211ai_4 instances:   1                               
  Class: sky130_fd_sc_hd__and4bb_2 instances:   1                               
  Class: sky130_fd_sc_hd__nor2_2 instances:  13                                 
Circuit contains 262 nets.                                                      
Contents of circuit 2:  Circuit: 'alu_top'                                      
Circuit alu_top contains 243 device instances.                                  
  Class: sky130_fd_sc_hd__a41o_2 instances:   1                                 
  Class: sky130_fd_sc_hd__clkdlybuf4s25_1 instances:  36                        
  Class: sky130_fd_sc_hd__a31o_2 instances:   2                                 
  Class: sky130_fd_sc_hd__a31o_4 instances:   2                                 
  Class: sky130_fd_sc_hd__a21o_4 instances:   1                                 
  Class: sky130_fd_sc_hd__clkbuf_16 instances:   5                              
  Class: sky130_fd_sc_hd__dfxtp_2 instances:  29                                
  Class: sky130_fd_sc_hd__dfxtp_4 instances:   1                                
  Class: sky130_fd_sc_hd__or4_2 instances:   1                                  
  Class: sky130_fd_sc_hd__buf_2 instances:  13                                  
  Class: sky130_fd_sc_hd__buf_6 instances:   3                                  
  Class: sky130_fd_sc_hd__a2bb2o_2 instances:   2                               
  Class: sky130_fd_sc_hd__a2bb2o_4 instances:   1                               
  Class: sky130_fd_sc_hd__and3b_2 instances:   1                                
  Class: sky130_fd_sc_hd__xor2_2 instances:   5                                 
  Class: sky130_fd_sc_hd__and4_2 instances:   1                                 
  Class: sky130_fd_sc_hd__inv_2 instances:   7                                  
  Class: sky130_fd_sc_hd__clkbuf_4 instances:   2                               
  Class: sky130_fd_sc_hd__or3_2 instances:   3                                  
  Class: sky130_fd_sc_hd__or3_4 instances:   2                                  
  Class: sky130_fd_sc_hd__o21ba_2 instances:   1                                
  Class: sky130_fd_sc_hd__and2b_2 instances:   3                                
  Class: sky130_fd_sc_hd__buf_12 instances:   1                                 
  Class: sky130_fd_sc_hd__and3_4 instances:   3                                 
  Class: sky130_fd_sc_hd__decap_3 instances:   1                                
  Class: sky130_fd_sc_hd__or2_2 instances:   5                                  
  Class: sky130_fd_sc_hd__or2_4 instances:   2                                  
  Class: sky130_fd_sc_hd__nand2_2 instances:  14                                
  Class: sky130_fd_sc_hd__nand2_4 instances:   2                                
  Class: sky130_fd_sc_hd__mux2_2 instances:   1                                 
  Class: sky130_fd_sc_hd__and2_2 instances:  24                                 
  Class: sky130_fd_sc_hd__and2_4 instances:   1                                 
  Class: sky130_fd_sc_hd__o32a_4 instances:   1                                 
  Class: sky130_fd_sc_hd__o22a_2 instances:   1                                 
  Class: sky130_fd_sc_hd__xnor2_2 instances:   4                                
  Class: sky130_fd_sc_hd__xnor2_4 instances:   2                                
  Class: sky130_fd_sc_hd__o221a_2 instances:   4                                
  Class: sky130_fd_sc_hd__o21bai_4 instances:   1                               
  Class: sky130_fd_sc_hd__o211a_2 instances:   3                                
  Class: sky130_fd_sc_hd__nand2b_2 instances:   3                               
  Class: sky130_fd_sc_hd__a211o_2 instances:   2                                
  Class: sky130_fd_sc_hd__a211o_4 instances:   1                                
  Class: sky130_fd_sc_hd__or3b_2 instances:   1                                 
  Class: sky130_fd_sc_hd__or3b_4 instances:   1                                 
  Class: sky130_fd_sc_hd__nor3_2 instances:   1                                 
  Class: sky130_fd_sc_hd__a22o_2 instances:   1                                 
  Class: sky130_fd_sc_hd__o31a_2 instances:   5                                 
  Class: sky130_fd_sc_hd__o2bb2a_4 instances:   1                               
  Class: sky130_fd_sc_hd__o21a_2 instances:   3                                 
  Class: sky130_fd_sc_hd__o21a_4 instances:   1                                 
  Class: sky130_fd_sc_hd__o22ai_2 instances:   3                                
  Class: sky130_fd_sc_hd__tapvpwrvgnd_1 instances:   1                          
  Class: sky130_fd_sc_hd__a21oi_2 instances:   8                                
  Class: sky130_fd_sc_hd__a311o_2 instances:   2                                
  Class: sky130_fd_sc_hd__fill_1 instances:   1                                 
  Class: sky130_fd_sc_hd__fill_2 instances:   1                                 
  Class: sky130_fd_sc_hd__o211ai_4 instances:   1                               
  Class: sky130_fd_sc_hd__and4bb_2 instances:   1                               
  Class: sky130_fd_sc_hd__nor2_2 instances:  13                                 
Circuit contains 262 nets.                                                      
                                                                                
Circuit 1 contains 243 devices, Circuit 2 contains 243 devices.                 
Circuit 1 contains 262 nets,    Circuit 2 contains 262 nets.                    
                                                                                
                                                                                
Final result:                                                                   
Circuits match uniquely.                                                        
.                                                                               
Logging to file                                                                 
"/home/runner/work/ASIC_101/ASIC_101/files/alu/pd/runs/csel-4ns/70-netgen-lvs/re
ports/lvs.netgen.rpt" disabled                                                  
LVS Done.                                                                       
────────────────────── Layout vs. Schematic Error Checker ──────────────────────
[21:09:40] VERBOSE  Running 'Checker.LVS' at                        step.py:1138
                    'runs/csel-4ns/71-checker-lvs'…                             
[21:09:40] INFO     Check for LVS errors clear.                   checker.py:131
[21:09:40] INFO     Gating variable for step 'Yosys.EQY' set   sequential.py:362
                    to 'False'- the step will be skipped.                       
[21:09:40] INFO     Skipping step 'Equivalence Check'…         sequential.py:370
─────────────────────── Setup Timing Violations Checker ────────────────────────
[21:09:40] VERBOSE  Running 'Checker.SetupViolations' at            step.py:1138
                    'runs/csel-4ns/72-checker-setupviolations'…                 
[21:09:40] WARNING  Setup violations found in the following       checker.py:626
                    corners:                                                    
                    * max_ss_100C_1v60                                          
                    * min_ss_100C_1v60                                          
                    * nom_ss_100C_1v60                                          
[21:09:40] VERBOSE  No setup violations found                     checker.py:628
──────────────────────── Hold Timing Violations Checker ────────────────────────
[21:09:40] VERBOSE  Running 'Checker.HoldViolations' at             step.py:1138
                    'runs/csel-4ns/73-checker-holdviolations'…                  
[21:09:40] VERBOSE  No hold violations found                      checker.py:628
─────────────────────── Maximum Slew Violations Checker ────────────────────────
[21:09:40] VERBOSE  Running 'Checker.MaxSlewViolations' at          step.py:1138
                    'runs/csel-4ns/74-checker-maxslewviolations'…               
[21:09:40] VERBOSE  No max slew violations found                  checker.py:628
──────────────────── Maximum Capacitance Violations Checker ────────────────────
[21:09:40] VERBOSE  Running 'Checker.MaxCapViolations' at           step.py:1138
                    'runs/csel-4ns/75-checker-maxcapviolations'…                
[21:09:40] VERBOSE  No max cap violations found                   checker.py:628
───────────────── Report Manufacturability (DRC, LVS, Antenna) ─────────────────
[21:09:40] VERBOSE  Running 'Misc.ReportManufacturability' at       step.py:1138
                    'runs/csel-4ns/76-misc-reportmanufacturability'             
                    …                                                           
* Antenna
Passed ✅

* LVS
Passed ✅

* DRC
Passed ✅

[21:09:40] INFO     Saving views to                                 state.py:209
                    '/home/runner/work/ASIC_101/ASIC_101/files/alu/             
                    pd/runs/csel-4ns/final'…                                    
[21:09:40] INFO     Flow complete.                             sequential.py:413
Classic - Stage 80 - Report Manufacturability ━━━━━━━━━━━━━━━━━━━━ 80/80 0:01:22

[21:09:40] WARNING  The following warnings were generated by the     flow.py:699
                    flow:                                                       
[21:09:40] WARNING  [OpenROAD.CheckSDCFiles] 'PNR_SDC_FILE' is not   flow.py:701
                    defined. Using generic fallback SDC for OpenROAD            
                    PnR steps.                                                  
[21:09:40] WARNING  [OpenROAD.CheckSDCFiles] 'SIGNOFF_SDC_FILE' is   flow.py:701
                    not defined. Using generic fallback SDC for                 
                    OpenROAD PnR steps.                                         
[21:09:40] WARNING  [OpenROAD.Floorplan] [IFP-0028] Core area lower  flow.py:701
                    left (10.000, 10.000) snapped to (10.120,                   
                    10.880).                                                    
[21:09:40] WARNING  [OpenROAD.RepairDesignPostGPL] [STA-1140]        flow.py:701
                    /home/runner/.ciel/ciel/sky130/versions/8afc8346            
                    a57fe1ab7934ba5a6056ea8b43078e71/sky130A/libs.re            
                    f/sky130_fd_sc_hd/lib/sky130_fd_sc_hd__tt_025C_1            
                    v80.lib line 1, library                                     
                    sky130_fd_sc_hd__tt_025C_1v80 already exists.               
                    (and 17 similar warnings)                                   
[21:09:40] WARNING  [OpenROAD.RepairDesignPostGPL] [RSZ-0020] found  flow.py:701
                    2 floating nets.                                            
[21:09:40] WARNING  [OpenROAD.ResizerTimingPostCTS] [RSZ-0062]       flow.py:701
                    Unable to repair all setup violations.                      
[21:09:40] WARNING  [OpenROAD.DetailedRouting] [DRT-0349]            flow.py:701
                    LEF58_ENCLOSURE with no CUTCLASS is not                     
                    supported. Skipping for layer mcon (and 9                   
                    similar warnings)                                           
[21:09:40] WARNING  [Checker.WireLength] Threshold for               flow.py:701
                    Threshold-surpassing long wires is not set. The             
                    checker will be skipped.                                    
[21:09:40] WARNING  [OpenROAD.IRDropReport] 'VSRC_LOC_FILES' was not flow.py:701
                    given a value, which may make the results of IR             
                    drop analysis inaccurate. If you are not                    
                    integrating a top-level chip for manufacture,               
                    you may ignore this warning, otherwise, see the             
                    documentation for 'VSRC_LOC_FILES'.                         
[21:09:40] WARNING  [Checker.SetupViolations] Setup violations found flow.py:701
                    in the following corners:                                   
                    * max_ss_100C_1v60                                          
                    * min_ss_100C_1v60                                          
                    * nom_ss_100C_1v60                                          
