
===========================================================================
report_checks -path_delay max (Setup)
============================================================================
======================= nom_tt_025C_1v80 Corner ===================================

Startpoint: _323_ (rising edge-triggered flip-flop clocked by clk)
Endpoint: _303_ (rising edge-triggered flip-flop clocked by clk)
Path Group: clk
Path Type: max

Fanout         Cap        Slew       Delay        Time   Description
---------------------------------------------------------------------------------------------
                                  0.000000    0.000000   clock clk (rise edge)
                                  0.000000    0.000000   clock source latency
     1    0.017230    0.083408    0.060216    0.060216 ^ clk (in)
                                                         clk (net)
                      0.083428    0.000000    0.060216 ^ clkbuf_0_clk/A (sky130_fd_sc_hd__clkbuf_16)
     4    0.038912    0.058816    0.162812    0.223028 ^ clkbuf_0_clk/X (sky130_fd_sc_hd__clkbuf_16)
                                                         clknet_0_clk (net)
                      0.058826    0.000728    0.223756 ^ clkbuf_2_2__f_clk/A (sky130_fd_sc_hd__clkbuf_16)
     8    0.023660    0.045080    0.140428    0.364184 ^ clkbuf_2_2__f_clk/X (sky130_fd_sc_hd__clkbuf_16)
                                                         clknet_2_2__leaf_clk (net)
                      0.045093    0.000740    0.364924 ^ _323_/CLK (sky130_fd_sc_hd__dfxtp_4)
     2    0.005804    0.033120    0.348456    0.713380 v _323_/Q (sky130_fd_sc_hd__dfxtp_4)
                                                         op_q[2] (net)
                      0.033120    0.000124    0.713504 v rebuffer48/A (sky130_fd_sc_hd__buf_2)
     7    0.022602    0.064845    0.160712    0.874217 v rebuffer48/X (sky130_fd_sc_hd__buf_2)
                                                         net48 (net)
                      0.064863    0.001095    0.875312 v _270_/A (sky130_fd_sc_hd__nand2_2)
     6    0.021623    0.124296    0.128300    1.003612 ^ _270_/Y (sky130_fd_sc_hd__nand2_2)
                                                         _048_ (net)
                      0.124300    0.000589    1.004201 ^ _275_/B (sky130_fd_sc_hd__or2_2)
     5    0.024258    0.131129    0.211172    1.215374 ^ _275_/X (sky130_fd_sc_hd__or2_2)
                                                         _053_ (net)
                      0.131129    0.000532    1.215905 ^ fanout33/A (sky130_fd_sc_hd__clkdlybuf4s25_1)
    10    0.046578    0.467262    0.599446    1.815351 ^ fanout33/X (sky130_fd_sc_hd__clkdlybuf4s25_1)
                                                         net33 (net)
                      0.467284    0.003798    1.819149 ^ _148_/B1 (sky130_fd_sc_hd__o211a_4)
     1    0.005017    0.044075    0.251593    2.070742 ^ _148_/X (sky130_fd_sc_hd__o211a_4)
                                                         _071_ (net)
                      0.044075    0.000156    2.070898 ^ _149_/B1 (sky130_fd_sc_hd__o21ai_2)
     1    0.004660    0.047881    0.050854    2.121751 v _149_/Y (sky130_fd_sc_hd__o21ai_2)
                                                         _072_ (net)
                      0.047881    0.000103    2.121855 v _150_/B2 (sky130_fd_sc_hd__o221a_4)
     2    0.004921    0.043427    0.222266    2.344121 v _150_/X (sky130_fd_sc_hd__o221a_4)
                                                         _003_ (net)
                      0.043427    0.000098    2.344219 v _199_/C (sky130_fd_sc_hd__or3_4)
     1    0.005596    0.067702    0.341994    2.686213 v _199_/X (sky130_fd_sc_hd__or3_4)
                                                         _115_ (net)
                      0.067702    0.000222    2.686436 v _200_/B (sky130_fd_sc_hd__or4_4)
     1    0.004782    0.084335    0.539335    3.225771 v _200_/X (sky130_fd_sc_hd__or4_4)
                                                         _116_ (net)
                      0.084335    0.000157    3.225928 v _201_/C1 (sky130_fd_sc_hd__a211oi_2)
     1    0.002028    0.131177    0.143100    3.369028 ^ _201_/Y (sky130_fd_sc_hd__a211oi_2)
                                                         _009_ (net)
                      0.131177    0.000042    3.369070 ^ _303_/D (sky130_fd_sc_hd__dfxtp_2)
                                              3.369070   data arrival time

                                  4.000000    4.000000   clock clk (rise edge)
                                  0.000000    4.000000   clock source latency
     1    0.017230    0.083408    0.054481    4.054482 ^ clk (in)
                                                         clk (net)
                      0.083428    0.000000    4.054482 ^ clkbuf_0_clk/A (sky130_fd_sc_hd__clkbuf_16)
     4    0.038912    0.058816    0.147306    4.201787 ^ clkbuf_0_clk/X (sky130_fd_sc_hd__clkbuf_16)
                                                         clknet_0_clk (net)
                      0.058824    0.000612    4.202400 ^ clkbuf_2_1__f_clk/A (sky130_fd_sc_hd__clkbuf_16)
     8    0.024948    0.046238    0.128323    4.330722 ^ clkbuf_2_1__f_clk/X (sky130_fd_sc_hd__clkbuf_16)
                                                         clknet_2_1__leaf_clk (net)
                      0.046245    0.000538    4.331260 ^ _303_/CLK (sky130_fd_sc_hd__dfxtp_2)
                                 -0.250000    4.081260   clock uncertainty
                                  0.021241    4.102501   clock reconvergence pessimism
                                 -0.078989    4.023512   library setup time
                                              4.023512   data required time
---------------------------------------------------------------------------------------------
                                              4.023512   data required time
                                             -3.369070   data arrival time
---------------------------------------------------------------------------------------------
                                              0.654443   slack (MET)


Startpoint: _322_ (rising edge-triggered flip-flop clocked by clk)
Endpoint: _304_ (rising edge-triggered flip-flop clocked by clk)
Path Group: clk
Path Type: max

Fanout         Cap        Slew       Delay        Time   Description
---------------------------------------------------------------------------------------------
                                  0.000000    0.000000   clock clk (rise edge)
                                  0.000000    0.000000   clock source latency
     1    0.017230    0.083408    0.060216    0.060216 ^ clk (in)
                                                         clk (net)
                      0.083428    0.000000    0.060216 ^ clkbuf_0_clk/A (sky130_fd_sc_hd__clkbuf_16)
     4    0.038912    0.058816    0.162812    0.223028 ^ clkbuf_0_clk/X (sky130_fd_sc_hd__clkbuf_16)
                                                         clknet_0_clk (net)
                      0.058826    0.000728    0.223756 ^ clkbuf_2_2__f_clk/A (sky130_fd_sc_hd__clkbuf_16)
     8    0.023660    0.045080    0.140428    0.364184 ^ clkbuf_2_2__f_clk/X (sky130_fd_sc_hd__clkbuf_16)
                                                         clknet_2_2__leaf_clk (net)
                      0.045091    0.000690    0.364874 ^ _322_/CLK (sky130_fd_sc_hd__dfxtp_4)
     2    0.007101    0.034533    0.350939    0.715813 v _322_/Q (sky130_fd_sc_hd__dfxtp_4)
                                                         op_q[1] (net)
                      0.034533    0.000185    0.715998 v _231_/A (sky130_fd_sc_hd__or3b_4)
     3    0.020590    0.093991    0.449439    1.165437 v _231_/X (sky130_fd_sc_hd__or3b_4)
                                                         _127_ (net)
                      0.093991    0.000459    1.165896 v rebuffer39/A (sky130_fd_sc_hd__buf_4)
     3    0.022786    0.046451    0.186276    1.352172 v rebuffer39/X (sky130_fd_sc_hd__buf_4)
                                                         net39 (net)
                      0.046452    0.000299    1.352471 v max_cap34/A (sky130_fd_sc_hd__buf_6)
     4    0.040422    0.048832    0.148005    1.500476 v max_cap34/X (sky130_fd_sc_hd__buf_6)
                                                         net34 (net)
                      0.048861    0.001207    1.501682 v _242_/B (sky130_fd_sc_hd__xor2_2)
     2    0.007907    0.059028    0.159211    1.660893 v _242_/X (sky130_fd_sc_hd__xor2_2)
                                                         _138_ (net)
                      0.059028    0.000146    1.661039 v _243_/A (sky130_fd_sc_hd__or2_4)
     2    0.006975    0.050108    0.267091    1.928130 v _243_/X (sky130_fd_sc_hd__or2_4)
                                                         _139_ (net)
                      0.050108    0.000180    1.928310 v _245_/A (sky130_fd_sc_hd__nand2_2)
     3    0.012815    0.082014    0.089279    2.017589 ^ _245_/Y (sky130_fd_sc_hd__nand2_2)
                                                         _141_ (net)
                      0.082014    0.000345    2.017933 ^ _263_/C1 (sky130_fd_sc_hd__a311o_2)
     3    0.018731    0.112832    0.175739    2.193672 ^ _263_/X (sky130_fd_sc_hd__a311o_2)
                                                         _042_ (net)
                      0.112836    0.000925    2.194597 ^ _264_/A1 (sky130_fd_sc_hd__a21oi_4)
     3    0.014461    0.057106    0.082778    2.277375 v _264_/Y (sky130_fd_sc_hd__a21oi_4)
                                                         _043_ (net)
                      0.057107    0.000511    2.277887 v _265_/A3 (sky130_fd_sc_hd__o31a_4)
     4    0.016438    0.067347    0.318327    2.596214 v _265_/X (sky130_fd_sc_hd__o31a_4)
                                                         _044_ (net)
                      0.067347    0.000456    2.596670 v _191_/A (sky130_fd_sc_hd__or2_4)
     1    0.005374    0.048007    0.266476    2.863146 v _191_/X (sky130_fd_sc_hd__or2_4)
                                                         _108_ (net)
                      0.048007    0.000175    2.863320 v _197_/A3 (sky130_fd_sc_hd__a31o_4)
     2    0.006678    0.038513    0.250739    3.114059 v _197_/X (sky130_fd_sc_hd__a31o_4)
                                                         _114_ (net)
                      0.038513    0.000067    3.114125 v _198_/B (sky130_fd_sc_hd__and2_2)
     1    0.001951    0.034216    0.184206    3.298331 v _198_/X (sky130_fd_sc_hd__and2_2)
                                                         _010_ (net)
                      0.034216    0.000057    3.298388 v _304_/D (sky130_fd_sc_hd__dfxtp_2)
                                              3.298388   data arrival time

                                  4.000000    4.000000   clock clk (rise edge)
                                  0.000000    4.000000   clock source latency
     1    0.017230    0.083408    0.054481    4.054482 ^ clk (in)
                                                         clk (net)
                      0.083428    0.000000    4.054482 ^ clkbuf_0_clk/A (sky130_fd_sc_hd__clkbuf_16)
     4    0.038912    0.058816    0.147306    4.201787 ^ clkbuf_0_clk/X (sky130_fd_sc_hd__clkbuf_16)
                                                         clknet_0_clk (net)
                      0.058824    0.000612    4.202400 ^ clkbuf_2_1__f_clk/A (sky130_fd_sc_hd__clkbuf_16)
     8    0.024948    0.046238    0.128323    4.330722 ^ clkbuf_2_1__f_clk/X (sky130_fd_sc_hd__clkbuf_16)
                                                         clknet_2_1__leaf_clk (net)
                      0.046245    0.000539    4.331261 ^ _304_/CLK (sky130_fd_sc_hd__dfxtp_2)
                                 -0.250000    4.081261   clock uncertainty
                                  0.021241    4.102502   clock reconvergence pessimism
                                 -0.107887    3.994615   library setup time
                                              3.994615   data required time
---------------------------------------------------------------------------------------------
                                              3.994615   data required time
                                             -3.298388   data arrival time
---------------------------------------------------------------------------------------------
                                              0.696227   slack (MET)


Startpoint: _322_ (rising edge-triggered flip-flop clocked by clk)
Endpoint: _294_ (rising edge-triggered flip-flop clocked by clk)
Path Group: clk
Path Type: max

Fanout         Cap        Slew       Delay        Time   Description
---------------------------------------------------------------------------------------------
                                  0.000000    0.000000   clock clk (rise edge)
                                  0.000000    0.000000   clock source latency
     1    0.017230    0.083408    0.060216    0.060216 ^ clk (in)
                                                         clk (net)
                      0.083428    0.000000    0.060216 ^ clkbuf_0_clk/A (sky130_fd_sc_hd__clkbuf_16)
     4    0.038912    0.058816    0.162812    0.223028 ^ clkbuf_0_clk/X (sky130_fd_sc_hd__clkbuf_16)
                                                         clknet_0_clk (net)
                      0.058826    0.000728    0.223756 ^ clkbuf_2_2__f_clk/A (sky130_fd_sc_hd__clkbuf_16)
     8    0.023660    0.045080    0.140428    0.364184 ^ clkbuf_2_2__f_clk/X (sky130_fd_sc_hd__clkbuf_16)
                                                         clknet_2_2__leaf_clk (net)
                      0.045091    0.000690    0.364874 ^ _322_/CLK (sky130_fd_sc_hd__dfxtp_4)
     2    0.007101    0.034533    0.350939    0.715813 v _322_/Q (sky130_fd_sc_hd__dfxtp_4)
                                                         op_q[1] (net)
                      0.034533    0.000185    0.715998 v _231_/A (sky130_fd_sc_hd__or3b_4)
     3    0.020590    0.093991    0.449439    1.165437 v _231_/X (sky130_fd_sc_hd__or3b_4)
                                                         _127_ (net)
                      0.093991    0.000810    1.166247 v rebuffer41/A (sky130_fd_sc_hd__buf_6)
     1    0.010058    0.025444    0.144320    1.310567 v rebuffer41/X (sky130_fd_sc_hd__buf_6)
                                                         net41 (net)
                      0.025444    0.000317    1.310884 v _249_/B (sky130_fd_sc_hd__xor2_2)
     2    0.007166    0.053751    0.148418    1.459302 v _249_/X (sky130_fd_sc_hd__xor2_2)
                                                         _145_ (net)
                      0.053752    0.000179    1.459481 v _250_/A (sky130_fd_sc_hd__or2_4)
     2    0.014104    0.059984    0.282722    1.742203 v _250_/X (sky130_fd_sc_hd__or2_4)
                                                         _146_ (net)
                      0.059985    0.000390    1.742593 v rebuffer44/A (sky130_fd_sc_hd__buf_6)
     2    0.011133    0.026196    0.129093    1.871686 v rebuffer44/X (sky130_fd_sc_hd__buf_6)
                                                         net44 (net)
                      0.026204    0.000420    1.872106 v _263_/A2 (sky130_fd_sc_hd__a311o_2)
     3    0.017429    0.090595    0.422512    2.294617 v _263_/X (sky130_fd_sc_hd__a311o_2)
                                                         _042_ (net)
                      0.090601    0.000861    2.295479 v _264_/A1 (sky130_fd_sc_hd__a21oi_4)
     3    0.016001    0.159402    0.192333    2.487812 ^ _264_/Y (sky130_fd_sc_hd__a21oi_4)
                                                         _043_ (net)
                      0.159402    0.000569    2.488382 ^ _265_/A3 (sky130_fd_sc_hd__o31a_4)
     4    0.017553    0.066724    0.179730    2.668112 ^ _265_/X (sky130_fd_sc_hd__o31a_4)
                                                         _044_ (net)
                      0.066732    0.000765    2.668877 ^ _267_/S (sky130_fd_sc_hd__mux2_4)
     1    0.003186    0.048631    0.307605    2.976482 v _267_/X (sky130_fd_sc_hd__mux2_4)
                                                         _046_ (net)
                      0.048631    0.000103    2.976585 v _268_/C (sky130_fd_sc_hd__and3_4)
     1    0.002030    0.029348    0.176207    3.152792 v _268_/X (sky130_fd_sc_hd__and3_4)
                                                         _000_ (net)
                      0.029348    0.000043    3.152834 v _294_/D (sky130_fd_sc_hd__dfxtp_2)
                                              3.152834   data arrival time

                                  4.000000    4.000000   clock clk (rise edge)
                                  0.000000    4.000000   clock source latency
     1    0.017230    0.083408    0.054481    4.054482 ^ clk (in)
                                                         clk (net)
                      0.083428    0.000000    4.054482 ^ clkbuf_0_clk/A (sky130_fd_sc_hd__clkbuf_16)
     4    0.038912    0.058816    0.147306    4.201787 ^ clkbuf_0_clk/X (sky130_fd_sc_hd__clkbuf_16)
                                                         clknet_0_clk (net)
                      0.058824    0.000612    4.202400 ^ clkbuf_2_1__f_clk/A (sky130_fd_sc_hd__clkbuf_16)
     8    0.024948    0.046238    0.128323    4.330722 ^ clkbuf_2_1__f_clk/X (sky130_fd_sc_hd__clkbuf_16)
                                                         clknet_2_1__leaf_clk (net)
                      0.046249    0.000631    4.331354 ^ _294_/CLK (sky130_fd_sc_hd__dfxtp_2)
                                 -0.250000    4.081354   clock uncertainty
                                  0.021241    4.102595   clock reconvergence pessimism
                                 -0.105761    3.996833   library setup time
                                              3.996833   data required time
---------------------------------------------------------------------------------------------
                                              3.996833   data required time
                                             -3.152834   data arrival time
---------------------------------------------------------------------------------------------
                                              0.843999   slack (MET)


Startpoint: _322_ (rising edge-triggered flip-flop clocked by clk)
Endpoint: _301_ (rising edge-triggered flip-flop clocked by clk)
Path Group: clk
Path Type: max

Fanout         Cap        Slew       Delay        Time   Description
---------------------------------------------------------------------------------------------
                                  0.000000    0.000000   clock clk (rise edge)
                                  0.000000    0.000000   clock source latency
     1    0.017230    0.083408    0.060216    0.060216 ^ clk (in)
                                                         clk (net)
                      0.083428    0.000000    0.060216 ^ clkbuf_0_clk/A (sky130_fd_sc_hd__clkbuf_16)
     4    0.038912    0.058816    0.162812    0.223028 ^ clkbuf_0_clk/X (sky130_fd_sc_hd__clkbuf_16)
                                                         clknet_0_clk (net)
                      0.058826    0.000728    0.223756 ^ clkbuf_2_2__f_clk/A (sky130_fd_sc_hd__clkbuf_16)
     8    0.023660    0.045080    0.140428    0.364184 ^ clkbuf_2_2__f_clk/X (sky130_fd_sc_hd__clkbuf_16)
                                                         clknet_2_2__leaf_clk (net)
                      0.045091    0.000690    0.364874 ^ _322_/CLK (sky130_fd_sc_hd__dfxtp_4)
     2    0.007101    0.034533    0.350939    0.715813 v _322_/Q (sky130_fd_sc_hd__dfxtp_4)
                                                         op_q[1] (net)
                      0.034533    0.000185    0.715998 v _231_/A (sky130_fd_sc_hd__or3b_4)
     3    0.020590    0.093991    0.449439    1.165437 v _231_/X (sky130_fd_sc_hd__or3b_4)
                                                         _127_ (net)
                      0.093991    0.000459    1.165896 v rebuffer39/A (sky130_fd_sc_hd__buf_4)
     3    0.022786    0.046451    0.186276    1.352172 v rebuffer39/X (sky130_fd_sc_hd__buf_4)
                                                         net39 (net)
                      0.046452    0.000299    1.352471 v max_cap34/A (sky130_fd_sc_hd__buf_6)
     4    0.040422    0.048832    0.148005    1.500476 v max_cap34/X (sky130_fd_sc_hd__buf_6)
                                                         net34 (net)
                      0.048861    0.001207    1.501682 v _242_/B (sky130_fd_sc_hd__xor2_2)
     2    0.007907    0.059028    0.159211    1.660893 v _242_/X (sky130_fd_sc_hd__xor2_2)
                                                         _138_ (net)
                      0.059028    0.000146    1.661039 v _243_/A (sky130_fd_sc_hd__or2_4)
     2    0.006975    0.050108    0.267091    1.928130 v _243_/X (sky130_fd_sc_hd__or2_4)
                                                         _139_ (net)
                      0.050108    0.000180    1.928310 v _245_/A (sky130_fd_sc_hd__nand2_2)
     3    0.012815    0.082014    0.089279    2.017589 ^ _245_/Y (sky130_fd_sc_hd__nand2_2)
                                                         _141_ (net)
                      0.082014    0.000345    2.017933 ^ _263_/C1 (sky130_fd_sc_hd__a311o_2)
     3    0.018731    0.112832    0.175739    2.193672 ^ _263_/X (sky130_fd_sc_hd__a311o_2)
                                                         _042_ (net)
                      0.112836    0.000925    2.194597 ^ _264_/A1 (sky130_fd_sc_hd__a21oi_4)
     3    0.014461    0.057106    0.082778    2.277375 v _264_/Y (sky130_fd_sc_hd__a21oi_4)
                                                         _043_ (net)
                      0.057106    0.000407    2.277782 v rebuffer45/A (sky130_fd_sc_hd__buf_2)
     2    0.007436    0.033560    0.138813    2.416595 v rebuffer45/X (sky130_fd_sc_hd__buf_2)
                                                         net45 (net)
                      0.033560    0.000197    2.416792 v _179_/A2 (sky130_fd_sc_hd__o31a_2)
     1    0.002631    0.049627    0.323936    2.740728 v _179_/X (sky130_fd_sc_hd__o31a_2)
                                                         _098_ (net)
                      0.049627    0.000077    2.740806 v _185_/A2 (sky130_fd_sc_hd__a21bo_2)
     1    0.004506    0.039523    0.225343    2.966149 v _185_/X (sky130_fd_sc_hd__a21bo_2)
                                                         _104_ (net)
                      0.039523    0.000156    2.966305 v _186_/B1 (sky130_fd_sc_hd__o211a_2)
     2    0.010056    0.059499    0.154576    3.120881 v _186_/X (sky130_fd_sc_hd__o211a_2)
                                                         _007_ (net)
                      0.059572    0.000383    3.121263 v _301_/D (sky130_fd_sc_hd__dfxtp_2)
                                              3.121263   data arrival time

                                  4.000000    4.000000   clock clk (rise edge)
                                  0.000000    4.000000   clock source latency
     1    0.017230    0.083408    0.054481    4.054482 ^ clk (in)
                                                         clk (net)
                      0.083428    0.000000    4.054482 ^ clkbuf_0_clk/A (sky130_fd_sc_hd__clkbuf_16)
     4    0.038912    0.058816    0.147306    4.201787 ^ clkbuf_0_clk/X (sky130_fd_sc_hd__clkbuf_16)
                                                         clknet_0_clk (net)
                      0.058824    0.000612    4.202400 ^ clkbuf_2_1__f_clk/A (sky130_fd_sc_hd__clkbuf_16)
     8    0.024948    0.046238    0.128323    4.330722 ^ clkbuf_2_1__f_clk/X (sky130_fd_sc_hd__clkbuf_16)
                                                         clknet_2_1__leaf_clk (net)
                      0.046244    0.000511    4.331234 ^ _301_/CLK (sky130_fd_sc_hd__dfxtp_2)
                                 -0.250000    4.081233   clock uncertainty
                                  0.021241    4.102474   clock reconvergence pessimism
                                 -0.118954    3.983520   library setup time
                                              3.983520   data required time
---------------------------------------------------------------------------------------------
                                              3.983520   data required time
                                             -3.121263   data arrival time
---------------------------------------------------------------------------------------------
                                              0.862257   slack (MET)


Startpoint: _322_ (rising edge-triggered flip-flop clocked by clk)
Endpoint: _302_ (rising edge-triggered flip-flop clocked by clk)
Path Group: clk
Path Type: max

Fanout         Cap        Slew       Delay        Time   Description
---------------------------------------------------------------------------------------------
                                  0.000000    0.000000   clock clk (rise edge)
                                  0.000000    0.000000   clock source latency
     1    0.017230    0.083408    0.060216    0.060216 ^ clk (in)
                                                         clk (net)
                      0.083428    0.000000    0.060216 ^ clkbuf_0_clk/A (sky130_fd_sc_hd__clkbuf_16)
     4    0.038912    0.058816    0.162812    0.223028 ^ clkbuf_0_clk/X (sky130_fd_sc_hd__clkbuf_16)
                                                         clknet_0_clk (net)
                      0.058826    0.000728    0.223756 ^ clkbuf_2_2__f_clk/A (sky130_fd_sc_hd__clkbuf_16)
     8    0.023660    0.045080    0.140428    0.364184 ^ clkbuf_2_2__f_clk/X (sky130_fd_sc_hd__clkbuf_16)
                                                         clknet_2_2__leaf_clk (net)
                      0.045091    0.000690    0.364874 ^ _322_/CLK (sky130_fd_sc_hd__dfxtp_4)
     2    0.007101    0.034533    0.350939    0.715813 v _322_/Q (sky130_fd_sc_hd__dfxtp_4)
                                                         op_q[1] (net)
                      0.034533    0.000185    0.715998 v _231_/A (sky130_fd_sc_hd__or3b_4)
     3    0.020590    0.093991    0.449439    1.165437 v _231_/X (sky130_fd_sc_hd__or3b_4)
                                                         _127_ (net)
                      0.093991    0.000459    1.165896 v rebuffer39/A (sky130_fd_sc_hd__buf_4)
     3    0.022786    0.046451    0.186276    1.352172 v rebuffer39/X (sky130_fd_sc_hd__buf_4)
                                                         net39 (net)
                      0.046452    0.000299    1.352471 v max_cap34/A (sky130_fd_sc_hd__buf_6)
     4    0.040422    0.048832    0.148005    1.500476 v max_cap34/X (sky130_fd_sc_hd__buf_6)
                                                         net34 (net)
                      0.048861    0.001207    1.501682 v _242_/B (sky130_fd_sc_hd__xor2_2)
     2    0.007907    0.059028    0.159211    1.660893 v _242_/X (sky130_fd_sc_hd__xor2_2)
                                                         _138_ (net)
                      0.059028    0.000146    1.661039 v _243_/A (sky130_fd_sc_hd__or2_4)
     2    0.006975    0.050108    0.267091    1.928130 v _243_/X (sky130_fd_sc_hd__or2_4)
                                                         _139_ (net)
                      0.050108    0.000180    1.928310 v _245_/A (sky130_fd_sc_hd__nand2_2)
     3    0.012815    0.082014    0.089279    2.017589 ^ _245_/Y (sky130_fd_sc_hd__nand2_2)
                                                         _141_ (net)
                      0.082014    0.000345    2.017933 ^ _263_/C1 (sky130_fd_sc_hd__a311o_2)
     3    0.018731    0.112832    0.175739    2.193672 ^ _263_/X (sky130_fd_sc_hd__a311o_2)
                                                         _042_ (net)
                      0.112836    0.000925    2.194597 ^ _264_/A1 (sky130_fd_sc_hd__a21oi_4)
     3    0.014461    0.057106    0.082778    2.277375 v _264_/Y (sky130_fd_sc_hd__a21oi_4)
                                                         _043_ (net)
                      0.057107    0.000511    2.277887 v _265_/A3 (sky130_fd_sc_hd__o31a_4)
     4    0.016438    0.067347    0.318327    2.596214 v _265_/X (sky130_fd_sc_hd__o31a_4)
                                                         _044_ (net)
                      0.067347    0.000646    2.596860 v _187_/A1 (sky130_fd_sc_hd__o21ba_2)
     1    0.002527    0.033585    0.220868    2.817728 v _187_/X (sky130_fd_sc_hd__o21ba_2)
                                                         _105_ (net)
                      0.033585    0.000077    2.817805 v _188_/C (sky130_fd_sc_hd__and3_2)
     1    0.002623    0.036637    0.204973    3.022778 v _188_/X (sky130_fd_sc_hd__and3_2)
                                                         _008_ (net)
                      0.036637    0.000077    3.022854 v _302_/D (sky130_fd_sc_hd__dfxtp_2)
                                              3.022854   data arrival time

                                  4.000000    4.000000   clock clk (rise edge)
                                  0.000000    4.000000   clock source latency
     1    0.017230    0.083408    0.054481    4.054482 ^ clk (in)
                                                         clk (net)
                      0.083428    0.000000    4.054482 ^ clkbuf_0_clk/A (sky130_fd_sc_hd__clkbuf_16)
     4    0.038912    0.058816    0.147306    4.201787 ^ clkbuf_0_clk/X (sky130_fd_sc_hd__clkbuf_16)
                                                         clknet_0_clk (net)
                      0.058824    0.000612    4.202400 ^ clkbuf_2_1__f_clk/A (sky130_fd_sc_hd__clkbuf_16)
     8    0.024948    0.046238    0.128323    4.330722 ^ clkbuf_2_1__f_clk/X (sky130_fd_sc_hd__clkbuf_16)
                                                         clknet_2_1__leaf_clk (net)
                      0.046248    0.000604    4.331326 ^ _302_/CLK (sky130_fd_sc_hd__dfxtp_2)
                                 -0.250000    4.081326   clock uncertainty
                                  0.021241    4.102567   clock reconvergence pessimism
                                 -0.108943    3.993624   library setup time
                                              3.993624   data required time
---------------------------------------------------------------------------------------------
                                              3.993624   data required time
                                             -3.022854   data arrival time
---------------------------------------------------------------------------------------------
                                              0.970770   slack (MET)


Startpoint: _322_ (rising edge-triggered flip-flop clocked by clk)
Endpoint: _300_ (rising edge-triggered flip-flop clocked by clk)
Path Group: clk
Path Type: max

Fanout         Cap        Slew       Delay        Time   Description
---------------------------------------------------------------------------------------------
                                  0.000000    0.000000   clock clk (rise edge)
                                  0.000000    0.000000   clock source latency
     1    0.017230    0.083408    0.060216    0.060216 ^ clk (in)
                                                         clk (net)
                      0.083428    0.000000    0.060216 ^ clkbuf_0_clk/A (sky130_fd_sc_hd__clkbuf_16)
     4    0.038912    0.058816    0.162812    0.223028 ^ clkbuf_0_clk/X (sky130_fd_sc_hd__clkbuf_16)
                                                         clknet_0_clk (net)
                      0.058826    0.000728    0.223756 ^ clkbuf_2_2__f_clk/A (sky130_fd_sc_hd__clkbuf_16)
     8    0.023660    0.045080    0.140428    0.364184 ^ clkbuf_2_2__f_clk/X (sky130_fd_sc_hd__clkbuf_16)
                                                         clknet_2_2__leaf_clk (net)
                      0.045091    0.000690    0.364874 ^ _322_/CLK (sky130_fd_sc_hd__dfxtp_4)
     2    0.007101    0.034533    0.350939    0.715813 v _322_/Q (sky130_fd_sc_hd__dfxtp_4)
                                                         op_q[1] (net)
                      0.034533    0.000185    0.715998 v _231_/A (sky130_fd_sc_hd__or3b_4)
     3    0.020590    0.093991    0.449439    1.165437 v _231_/X (sky130_fd_sc_hd__or3b_4)
                                                         _127_ (net)
                      0.093991    0.000810    1.166247 v rebuffer41/A (sky130_fd_sc_hd__buf_6)
     1    0.010058    0.025444    0.144320    1.310567 v rebuffer41/X (sky130_fd_sc_hd__buf_6)
                                                         net41 (net)
                      0.025444    0.000317    1.310884 v _249_/B (sky130_fd_sc_hd__xor2_2)
     2    0.007166    0.053751    0.148418    1.459302 v _249_/X (sky130_fd_sc_hd__xor2_2)
                                                         _145_ (net)
                      0.053752    0.000179    1.459481 v _250_/A (sky130_fd_sc_hd__or2_4)
     2    0.014104    0.059984    0.282722    1.742203 v _250_/X (sky130_fd_sc_hd__or2_4)
                                                         _146_ (net)
                      0.059985    0.000390    1.742593 v rebuffer44/A (sky130_fd_sc_hd__buf_6)
     2    0.011133    0.026196    0.129093    1.871686 v rebuffer44/X (sky130_fd_sc_hd__buf_6)
                                                         net44 (net)
                      0.026204    0.000420    1.872106 v _263_/A2 (sky130_fd_sc_hd__a311o_2)
     3    0.017429    0.090595    0.422512    2.294617 v _263_/X (sky130_fd_sc_hd__a311o_2)
                                                         _042_ (net)
                      0.090599    0.000776    2.295393 v _168_/A (sky130_fd_sc_hd__and3_4)
     1    0.005057    0.034225    0.173493    2.468886 v _168_/X (sky130_fd_sc_hd__and3_4)
                                                         _088_ (net)
                      0.034225    0.000164    2.469050 v _174_/A2 (sky130_fd_sc_hd__o31ai_2)
     1    0.004093    0.185712    0.224866    2.693916 ^ _174_/Y (sky130_fd_sc_hd__o31ai_2)
                                                         _094_ (net)
                      0.185712    0.000144    2.694060 ^ _175_/B1 (sky130_fd_sc_hd__o211a_2)
     2    0.006865    0.065621    0.234167    2.928227 ^ _175_/X (sky130_fd_sc_hd__o211a_2)
                                                         _006_ (net)
                      0.065621    0.000248    2.928476 ^ _300_/D (sky130_fd_sc_hd__dfxtp_2)
                                              2.928476   data arrival time

                                  4.000000    4.000000   clock clk (rise edge)
                                  0.000000    4.000000   clock source latency
     1    0.017230    0.083408    0.054481    4.054482 ^ clk (in)
                                                         clk (net)
                      0.083428    0.000000    4.054482 ^ clkbuf_0_clk/A (sky130_fd_sc_hd__clkbuf_16)
     4    0.038912    0.058816    0.147306    4.201787 ^ clkbuf_0_clk/X (sky130_fd_sc_hd__clkbuf_16)
                                                         clknet_0_clk (net)
                      0.058826    0.000660    4.202448 ^ clkbuf_2_0__f_clk/A (sky130_fd_sc_hd__clkbuf_16)
     8    0.030575    0.051516    0.132830    4.335278 ^ clkbuf_2_0__f_clk/X (sky130_fd_sc_hd__clkbuf_16)
                                                         clknet_2_0__leaf_clk (net)
                      0.051516    0.000231    4.335509 ^ _300_/CLK (sky130_fd_sc_hd__dfxtp_2)
                                 -0.250000    4.085509   clock uncertainty
                                  0.021241    4.106750   clock reconvergence pessimism
                                 -0.062752    4.043997   library setup time
                                              4.043997   data required time
---------------------------------------------------------------------------------------------
                                              4.043997   data required time
                                             -2.928476   data arrival time
---------------------------------------------------------------------------------------------
                                              1.115521   slack (MET)


Startpoint: _322_ (rising edge-triggered flip-flop clocked by clk)
Endpoint: _299_ (rising edge-triggered flip-flop clocked by clk)
Path Group: clk
Path Type: max

Fanout         Cap        Slew       Delay        Time   Description
---------------------------------------------------------------------------------------------
                                  0.000000    0.000000   clock clk (rise edge)
                                  0.000000    0.000000   clock source latency
     1    0.017230    0.083408    0.060216    0.060216 ^ clk (in)
                                                         clk (net)
                      0.083428    0.000000    0.060216 ^ clkbuf_0_clk/A (sky130_fd_sc_hd__clkbuf_16)
     4    0.038912    0.058816    0.162812    0.223028 ^ clkbuf_0_clk/X (sky130_fd_sc_hd__clkbuf_16)
                                                         clknet_0_clk (net)
                      0.058826    0.000728    0.223756 ^ clkbuf_2_2__f_clk/A (sky130_fd_sc_hd__clkbuf_16)
     8    0.023660    0.045080    0.140428    0.364184 ^ clkbuf_2_2__f_clk/X (sky130_fd_sc_hd__clkbuf_16)
                                                         clknet_2_2__leaf_clk (net)
                      0.045091    0.000690    0.364874 ^ _322_/CLK (sky130_fd_sc_hd__dfxtp_4)
     2    0.007101    0.034533    0.350939    0.715813 v _322_/Q (sky130_fd_sc_hd__dfxtp_4)
                                                         op_q[1] (net)
                      0.034533    0.000185    0.715998 v _231_/A (sky130_fd_sc_hd__or3b_4)
     3    0.020590    0.093991    0.449439    1.165437 v _231_/X (sky130_fd_sc_hd__or3b_4)
                                                         _127_ (net)
                      0.093991    0.000810    1.166247 v rebuffer41/A (sky130_fd_sc_hd__buf_6)
     1    0.010058    0.025444    0.144320    1.310567 v rebuffer41/X (sky130_fd_sc_hd__buf_6)
                                                         net41 (net)
                      0.025444    0.000317    1.310884 v _249_/B (sky130_fd_sc_hd__xor2_2)
     2    0.007166    0.053751    0.148418    1.459302 v _249_/X (sky130_fd_sc_hd__xor2_2)
                                                         _145_ (net)
                      0.053752    0.000179    1.459481 v _250_/A (sky130_fd_sc_hd__or2_4)
     2    0.014104    0.059984    0.282722    1.742203 v _250_/X (sky130_fd_sc_hd__or2_4)
                                                         _146_ (net)
                      0.059985    0.000390    1.742593 v rebuffer44/A (sky130_fd_sc_hd__buf_6)
     2    0.011133    0.026196    0.129093    1.871686 v rebuffer44/X (sky130_fd_sc_hd__buf_6)
                                                         net44 (net)
                      0.026200    0.000276    1.871961 v rebuffer43/A (sky130_fd_sc_hd__buf_6)
     2    0.006839    0.023103    0.108428    1.980390 v rebuffer43/X (sky130_fd_sc_hd__buf_6)
                                                         net43 (net)
                      0.023103    0.000182    1.980571 v rebuffer60/A (sky130_fd_sc_hd__buf_2)
     3    0.013329    0.045709    0.138363    2.118934 v rebuffer60/X (sky130_fd_sc_hd__buf_2)
                                                         net60 (net)
                      0.045712    0.000433    2.119367 v _262_/A2 (sky130_fd_sc_hd__a31o_2)
     1    0.004329    0.041074    0.242027    2.361393 v _262_/X (sky130_fd_sc_hd__a31o_2)
                                                         _041_ (net)
                      0.041074    0.000087    2.361480 v _160_/B (sky130_fd_sc_hd__nand2_2)
     1    0.005408    0.047589    0.067323    2.428802 ^ _160_/Y (sky130_fd_sc_hd__nand2_2)
                                                         _081_ (net)
                      0.047589    0.000169    2.428972 ^ _166_/A2 (sky130_fd_sc_hd__a31o_4)
     1    0.002840    0.036175    0.136730    2.565702 ^ _166_/X (sky130_fd_sc_hd__a31o_4)
                                                         _087_ (net)
                      0.036175    0.000086    2.565788 ^ _167_/B1 (sky130_fd_sc_hd__o211a_2)
     2    0.006494    0.063796    0.185553    2.751341 ^ _167_/X (sky130_fd_sc_hd__o211a_2)
                                                         _005_ (net)
                      0.063796    0.000167    2.751508 ^ _299_/D (sky130_fd_sc_hd__dfxtp_2)
                                              2.751508   data arrival time

                                  4.000000    4.000000   clock clk (rise edge)
                                  0.000000    4.000000   clock source latency
     1    0.017230    0.083408    0.054481    4.054482 ^ clk (in)
                                                         clk (net)
                      0.083428    0.000000    4.054482 ^ clkbuf_0_clk/A (sky130_fd_sc_hd__clkbuf_16)
     4    0.038912    0.058816    0.147306    4.201787 ^ clkbuf_0_clk/X (sky130_fd_sc_hd__clkbuf_16)
                                                         clknet_0_clk (net)
                      0.058824    0.000612    4.202400 ^ clkbuf_2_1__f_clk/A (sky130_fd_sc_hd__clkbuf_16)
     8    0.024948    0.046238    0.128323    4.330722 ^ clkbuf_2_1__f_clk/X (sky130_fd_sc_hd__clkbuf_16)
                                                         clknet_2_1__leaf_clk (net)
                      0.046242    0.000422    4.331144 ^ _299_/CLK (sky130_fd_sc_hd__dfxtp_2)
                                 -0.250000    4.081144   clock uncertainty
                                  0.021241    4.102385   clock reconvergence pessimism
                                 -0.063109    4.039277   library setup time
                                              4.039277   data required time
---------------------------------------------------------------------------------------------
                                              4.039277   data required time
                                             -2.751508   data arrival time
---------------------------------------------------------------------------------------------
                                              1.287769   slack (MET)


Startpoint: _322_ (rising edge-triggered flip-flop clocked by clk)
Endpoint: _298_ (rising edge-triggered flip-flop clocked by clk)
Path Group: clk
Path Type: max

Fanout         Cap        Slew       Delay        Time   Description
---------------------------------------------------------------------------------------------
                                  0.000000    0.000000   clock clk (rise edge)
                                  0.000000    0.000000   clock source latency
     1    0.017230    0.083408    0.060216    0.060216 ^ clk (in)
                                                         clk (net)
                      0.083428    0.000000    0.060216 ^ clkbuf_0_clk/A (sky130_fd_sc_hd__clkbuf_16)
     4    0.038912    0.058816    0.162812    0.223028 ^ clkbuf_0_clk/X (sky130_fd_sc_hd__clkbuf_16)
                                                         clknet_0_clk (net)
                      0.058826    0.000728    0.223756 ^ clkbuf_2_2__f_clk/A (sky130_fd_sc_hd__clkbuf_16)
     8    0.023660    0.045080    0.140428    0.364184 ^ clkbuf_2_2__f_clk/X (sky130_fd_sc_hd__clkbuf_16)
                                                         clknet_2_2__leaf_clk (net)
                      0.045091    0.000690    0.364874 ^ _322_/CLK (sky130_fd_sc_hd__dfxtp_4)
     2    0.007101    0.034533    0.350939    0.715813 v _322_/Q (sky130_fd_sc_hd__dfxtp_4)
                                                         op_q[1] (net)
                      0.034533    0.000185    0.715998 v _231_/A (sky130_fd_sc_hd__or3b_4)
     3    0.020590    0.093991    0.449439    1.165437 v _231_/X (sky130_fd_sc_hd__or3b_4)
                                                         _127_ (net)
                      0.093991    0.000810    1.166247 v rebuffer41/A (sky130_fd_sc_hd__buf_6)
     1    0.010058    0.025444    0.144320    1.310567 v rebuffer41/X (sky130_fd_sc_hd__buf_6)
                                                         net41 (net)
                      0.025444    0.000317    1.310884 v _249_/B (sky130_fd_sc_hd__xor2_2)
     2    0.007166    0.053751    0.148418    1.459302 v _249_/X (sky130_fd_sc_hd__xor2_2)
                                                         _145_ (net)
                      0.053752    0.000179    1.459481 v _250_/A (sky130_fd_sc_hd__or2_4)
     2    0.014104    0.059984    0.282722    1.742203 v _250_/X (sky130_fd_sc_hd__or2_4)
                                                         _146_ (net)
                      0.059985    0.000390    1.742593 v rebuffer44/A (sky130_fd_sc_hd__buf_6)
     2    0.011133    0.026196    0.129093    1.871686 v rebuffer44/X (sky130_fd_sc_hd__buf_6)
                                                         net44 (net)
                      0.026200    0.000276    1.871961 v rebuffer43/A (sky130_fd_sc_hd__buf_6)
     2    0.006839    0.023103    0.108428    1.980390 v rebuffer43/X (sky130_fd_sc_hd__buf_6)
                                                         net43 (net)
                      0.023103    0.000182    1.980571 v rebuffer60/A (sky130_fd_sc_hd__buf_2)
     3    0.013329    0.045709    0.138363    2.118934 v rebuffer60/X (sky130_fd_sc_hd__buf_2)
                                                         net60 (net)
                      0.045711    0.000380    2.119314 v _152_/A1 (sky130_fd_sc_hd__a31o_2)
     1    0.004739    0.041840    0.211656    2.330970 v _152_/X (sky130_fd_sc_hd__a31o_2)
                                                         _074_ (net)
                      0.041840    0.000150    2.331120 v _158_/A2 (sky130_fd_sc_hd__o21ai_2)
     1    0.003926    0.094577    0.111535    2.442655 ^ _158_/Y (sky130_fd_sc_hd__o21ai_2)
                                                         _080_ (net)
                      0.094577    0.000136    2.442791 ^ _159_/B1 (sky130_fd_sc_hd__o211a_2)
     2    0.006392    0.063309    0.203813    2.646604 ^ _159_/X (sky130_fd_sc_hd__o211a_2)
                                                         _004_ (net)
                      0.063309    0.000098    2.646702 ^ _298_/D (sky130_fd_sc_hd__dfxtp_2)
                                              2.646702   data arrival time

                                  4.000000    4.000000   clock clk (rise edge)
                                  0.000000    4.000000   clock source latency
     1    0.017230    0.083408    0.054481    4.054482 ^ clk (in)
                                                         clk (net)
                      0.083428    0.000000    4.054482 ^ clkbuf_0_clk/A (sky130_fd_sc_hd__clkbuf_16)
     4    0.038912    0.058816    0.147306    4.201787 ^ clkbuf_0_clk/X (sky130_fd_sc_hd__clkbuf_16)
                                                         clknet_0_clk (net)
                      0.058824    0.000612    4.202400 ^ clkbuf_2_1__f_clk/A (sky130_fd_sc_hd__clkbuf_16)
     8    0.024948    0.046238    0.128323    4.330722 ^ clkbuf_2_1__f_clk/X (sky130_fd_sc_hd__clkbuf_16)
                                                         clknet_2_1__leaf_clk (net)
                      0.046242    0.000442    4.331165 ^ _298_/CLK (sky130_fd_sc_hd__dfxtp_2)
                                 -0.250000    4.081165   clock uncertainty
                                  0.021241    4.102406   clock reconvergence pessimism
                                 -0.062994    4.039412   library setup time
                                              4.039412   data required time
---------------------------------------------------------------------------------------------
                                              4.039412   data required time
                                             -2.646702   data arrival time
---------------------------------------------------------------------------------------------
                                              1.392710   slack (MET)


Startpoint: _322_ (rising edge-triggered flip-flop clocked by clk)
Endpoint: _297_ (rising edge-triggered flip-flop clocked by clk)
Path Group: clk
Path Type: max

Fanout         Cap        Slew       Delay        Time   Description
---------------------------------------------------------------------------------------------
                                  0.000000    0.000000   clock clk (rise edge)
                                  0.000000    0.000000   clock source latency
     1    0.017230    0.083408    0.060216    0.060216 ^ clk (in)
                                                         clk (net)
                      0.083428    0.000000    0.060216 ^ clkbuf_0_clk/A (sky130_fd_sc_hd__clkbuf_16)
     4    0.038912    0.058816    0.162812    0.223028 ^ clkbuf_0_clk/X (sky130_fd_sc_hd__clkbuf_16)
                                                         clknet_0_clk (net)
                      0.058826    0.000728    0.223756 ^ clkbuf_2_2__f_clk/A (sky130_fd_sc_hd__clkbuf_16)
     8    0.023660    0.045080    0.140428    0.364184 ^ clkbuf_2_2__f_clk/X (sky130_fd_sc_hd__clkbuf_16)
                                                         clknet_2_2__leaf_clk (net)
                      0.045091    0.000690    0.364874 ^ _322_/CLK (sky130_fd_sc_hd__dfxtp_4)
     2    0.007101    0.034533    0.350939    0.715813 v _322_/Q (sky130_fd_sc_hd__dfxtp_4)
                                                         op_q[1] (net)
                      0.034533    0.000185    0.715998 v _231_/A (sky130_fd_sc_hd__or3b_4)
     3    0.020590    0.093991    0.449439    1.165437 v _231_/X (sky130_fd_sc_hd__or3b_4)
                                                         _127_ (net)
                      0.093991    0.000810    1.166247 v rebuffer41/A (sky130_fd_sc_hd__buf_6)
     1    0.010058    0.025444    0.144320    1.310567 v rebuffer41/X (sky130_fd_sc_hd__buf_6)
                                                         net41 (net)
                      0.025444    0.000317    1.310884 v _249_/B (sky130_fd_sc_hd__xor2_2)
     2    0.007166    0.053751    0.148418    1.459302 v _249_/X (sky130_fd_sc_hd__xor2_2)
                                                         _145_ (net)
                      0.053752    0.000179    1.459481 v _250_/A (sky130_fd_sc_hd__or2_4)
     2    0.014104    0.059984    0.282722    1.742203 v _250_/X (sky130_fd_sc_hd__or2_4)
                                                         _146_ (net)
                      0.059985    0.000390    1.742593 v rebuffer44/A (sky130_fd_sc_hd__buf_6)
     2    0.011133    0.026196    0.129093    1.871686 v rebuffer44/X (sky130_fd_sc_hd__buf_6)
                                                         net44 (net)
                      0.026200    0.000276    1.871961 v rebuffer43/A (sky130_fd_sc_hd__buf_6)
     2    0.006839    0.023103    0.108428    1.980390 v rebuffer43/X (sky130_fd_sc_hd__buf_6)
                                                         net43 (net)
                      0.023103    0.000201    1.980591 v _148_/A2 (sky130_fd_sc_hd__o211a_4)
     1    0.004732    0.038870    0.224882    2.205472 v _148_/X (sky130_fd_sc_hd__o211a_4)
                                                         _071_ (net)
                      0.038870    0.000147    2.205619 v _149_/B1 (sky130_fd_sc_hd__o21ai_2)
     1    0.005148    0.113099    0.057111    2.262730 ^ _149_/Y (sky130_fd_sc_hd__o21ai_2)
                                                         _072_ (net)
                      0.113099    0.000115    2.262845 ^ _150_/B2 (sky130_fd_sc_hd__o221a_4)
     2    0.005295    0.048107    0.191863    2.454708 ^ _150_/X (sky130_fd_sc_hd__o221a_4)
                                                         _003_ (net)
                      0.048107    0.000084    2.454792 ^ _297_/D (sky130_fd_sc_hd__dfxtp_2)
                                              2.454792   data arrival time

                                  4.000000    4.000000   clock clk (rise edge)
                                  0.000000    4.000000   clock source latency
     1    0.017230    0.083408    0.054481    4.054482 ^ clk (in)
                                                         clk (net)
                      0.083428    0.000000    4.054482 ^ clkbuf_0_clk/A (sky130_fd_sc_hd__clkbuf_16)
     4    0.038912    0.058816    0.147306    4.201787 ^ clkbuf_0_clk/X (sky130_fd_sc_hd__clkbuf_16)
                                                         clknet_0_clk (net)
                      0.058825    0.000648    4.202435 ^ clkbuf_2_3__f_clk/A (sky130_fd_sc_hd__clkbuf_16)
     8    0.031370    0.052226    0.133472    4.335908 ^ clkbuf_2_3__f_clk/X (sky130_fd_sc_hd__clkbuf_16)
                                                         clknet_2_3__leaf_clk (net)
                      0.052228    0.000590    4.336497 ^ _297_/CLK (sky130_fd_sc_hd__dfxtp_2)
                                 -0.250000    4.086497   clock uncertainty
                                  0.021241    4.107738   clock reconvergence pessimism
                                 -0.058525    4.049213   library setup time
                                              4.049213   data required time
---------------------------------------------------------------------------------------------
                                              4.049213   data required time
                                             -2.454792   data arrival time
---------------------------------------------------------------------------------------------
                                              1.594421   slack (MET)


Startpoint: rst_n (input port clocked by clk)
Endpoint: _295_ (rising edge-triggered flip-flop clocked by clk)
Path Group: clk
Path Type: max

Fanout         Cap        Slew       Delay        Time   Description
---------------------------------------------------------------------------------------------
                                  0.000000    0.000000   clock clk (rise edge)
                                  0.000000    0.000000   clock network delay (propagated)
                                  0.800000    0.800000 ^ input external delay
     1    0.004005    0.024969    0.015282    0.815282 ^ rst_n (in)
                                                         rst_n (net)
                      0.024970    0.000000    0.815282 ^ input20/A (sky130_fd_sc_hd__clkdlybuf4s25_1)
     1    0.002695    0.043120    0.246691    1.061972 ^ input20/X (sky130_fd_sc_hd__clkdlybuf4s25_1)
                                                         net20 (net)
                      0.043120    0.000080    1.062052 ^ fanout38/A (sky130_fd_sc_hd__clkdlybuf4s25_1)
     6    0.033490    0.338630    0.475370    1.537422 ^ fanout38/X (sky130_fd_sc_hd__clkdlybuf4s25_1)
                                                         net38 (net)
                      0.338631    0.001416    1.538838 ^ fanout37/A (sky130_fd_sc_hd__clkdlybuf4s25_1)
    10    0.035191    0.355330    0.564882    2.103720 ^ fanout37/X (sky130_fd_sc_hd__clkdlybuf4s25_1)
                                                         net37 (net)
                      0.355338    0.002284    2.106004 ^ _278_/C1 (sky130_fd_sc_hd__o211a_2)
     2    0.011366    0.086612    0.297510    2.403515 ^ _278_/X (sky130_fd_sc_hd__o211a_2)
                                                         _001_ (net)
                      0.086613    0.000526    2.404040 ^ _295_/D (sky130_fd_sc_hd__dfxtp_2)
                                              2.404040   data arrival time

                                  4.000000    4.000000   clock clk (rise edge)
                                  0.000000    4.000000   clock source latency
     1    0.017230    0.083408    0.054481    4.054482 ^ clk (in)
                                                         clk (net)
                      0.083428    0.000000    4.054482 ^ clkbuf_0_clk/A (sky130_fd_sc_hd__clkbuf_16)
     4    0.038912    0.058816    0.147306    4.201787 ^ clkbuf_0_clk/X (sky130_fd_sc_hd__clkbuf_16)
                                                         clknet_0_clk (net)
                      0.058825    0.000648    4.202435 ^ clkbuf_2_3__f_clk/A (sky130_fd_sc_hd__clkbuf_16)
     8    0.031370    0.052226    0.133472    4.335908 ^ clkbuf_2_3__f_clk/X (sky130_fd_sc_hd__clkbuf_16)
                                                         clknet_2_3__leaf_clk (net)
                      0.052228    0.000611    4.336518 ^ _295_/CLK (sky130_fd_sc_hd__dfxtp_2)
                                 -0.250000    4.086518   clock uncertainty
                                  0.000000    4.086518   clock reconvergence pessimism
                                 -0.067586    4.018932   library setup time
                                              4.018932   data required time
---------------------------------------------------------------------------------------------
                                              4.018932   data required time
                                             -2.404040   data arrival time
---------------------------------------------------------------------------------------------
                                              1.614892   slack (MET)


Startpoint: _304_ (rising edge-triggered flip-flop clocked by clk)
Endpoint: y[7] (output port clocked by clk)
Path Group: clk
Path Type: max

Fanout         Cap        Slew       Delay        Time   Description
---------------------------------------------------------------------------------------------
                                  0.000000    0.000000   clock clk (rise edge)
                                  0.000000    0.000000   clock source latency
     1    0.017230    0.083408    0.060216    0.060216 ^ clk (in)
                                                         clk (net)
                      0.083428    0.000000    0.060216 ^ clkbuf_0_clk/A (sky130_fd_sc_hd__clkbuf_16)
     4    0.038912    0.058816    0.162812    0.223028 ^ clkbuf_0_clk/X (sky130_fd_sc_hd__clkbuf_16)
                                                         clknet_0_clk (net)
                      0.058824    0.000677    0.223705 ^ clkbuf_2_1__f_clk/A (sky130_fd_sc_hd__clkbuf_16)
     8    0.024948    0.046238    0.141830    0.365536 ^ clkbuf_2_1__f_clk/X (sky130_fd_sc_hd__clkbuf_16)
                                                         clknet_2_1__leaf_clk (net)
                      0.046245    0.000595    0.366131 ^ _304_/CLK (sky130_fd_sc_hd__dfxtp_2)
     2    0.005120    0.039763    0.329757    0.695888 ^ _304_/Q (sky130_fd_sc_hd__dfxtp_2)
                                                         net22 (net)
                      0.039763    0.000097    0.695984 ^ _324_/A (sky130_fd_sc_hd__buf_2)
     1    0.002704    0.026422    0.092616    0.788600 ^ _324_/X (sky130_fd_sc_hd__buf_2)
                                                         net31 (net)
                      0.026422    0.000081    0.788681 ^ output31/A (sky130_fd_sc_hd__clkdlybuf4s25_1)
     1    0.034894    0.352585    0.479871    1.268552 ^ output31/X (sky130_fd_sc_hd__clkdlybuf4s25_1)
                                                         y[7] (net)
                      0.352585    0.000700    1.269252 ^ y[7] (out)
                                              1.269252   data arrival time

                                  4.000000    4.000000   clock clk (rise edge)
                                  0.000000    4.000000   clock network delay (propagated)
                                 -0.250000    3.750000   clock uncertainty
                                  0.000000    3.750000   clock reconvergence pessimism
                                 -0.800000    2.950000   output external delay
                                              2.950000   data required time
---------------------------------------------------------------------------------------------
                                              2.950000   data required time
                                             -1.269252   data arrival time
---------------------------------------------------------------------------------------------
                                              1.680748   slack (MET)


Startpoint: rst_n (input port clocked by clk)
Endpoint: _316_ (rising edge-triggered flip-flop clocked by clk)
Path Group: clk
Path Type: max

Fanout         Cap        Slew       Delay        Time   Description
---------------------------------------------------------------------------------------------
                                  0.000000    0.000000   clock clk (rise edge)
                                  0.000000    0.000000   clock network delay (propagated)
                                  0.800000    0.800000 ^ input external delay
     1    0.004005    0.024969    0.015282    0.815282 ^ rst_n (in)
                                                         rst_n (net)
                      0.024970    0.000000    0.815282 ^ input20/A (sky130_fd_sc_hd__clkdlybuf4s25_1)
     1    0.002695    0.043120    0.246691    1.061972 ^ input20/X (sky130_fd_sc_hd__clkdlybuf4s25_1)
                                                         net20 (net)
                      0.043120    0.000080    1.062052 ^ fanout38/A (sky130_fd_sc_hd__clkdlybuf4s25_1)
     6    0.033490    0.338630    0.475370    1.537422 ^ fanout38/X (sky130_fd_sc_hd__clkdlybuf4s25_1)
                                                         net38 (net)
                      0.338631    0.001416    1.538838 ^ fanout37/A (sky130_fd_sc_hd__clkdlybuf4s25_1)
    10    0.035191    0.355330    0.564882    2.103720 ^ fanout37/X (sky130_fd_sc_hd__clkdlybuf4s25_1)
                                                         net37 (net)
                      0.355330    0.000736    2.104456 ^ _213_/A (sky130_fd_sc_hd__and2_2)
     1    0.003188    0.044389    0.223030    2.327487 ^ _213_/X (sky130_fd_sc_hd__and2_2)
                                                         _022_ (net)
                      0.044389    0.000098    2.327585 ^ _316_/D (sky130_fd_sc_hd__dfxtp_2)
                                              2.327585   data arrival time

                                  4.000000    4.000000   clock clk (rise edge)
                                  0.000000    4.000000   clock source latency
     1    0.017230    0.083408    0.054481    4.054482 ^ clk (in)
                                                         clk (net)
                      0.083428    0.000000    4.054482 ^ clkbuf_0_clk/A (sky130_fd_sc_hd__clkbuf_16)
     4    0.038912    0.058816    0.147306    4.201787 ^ clkbuf_0_clk/X (sky130_fd_sc_hd__clkbuf_16)
                                                         clknet_0_clk (net)
                      0.058826    0.000658    4.202446 ^ clkbuf_2_2__f_clk/A (sky130_fd_sc_hd__clkbuf_16)
     8    0.023660    0.045080    0.127054    4.329500 ^ clkbuf_2_2__f_clk/X (sky130_fd_sc_hd__clkbuf_16)
                                                         clknet_2_2__leaf_clk (net)
                      0.045092    0.000643    4.330143 ^ _316_/CLK (sky130_fd_sc_hd__dfxtp_2)
                                 -0.250000    4.080143   clock uncertainty
                                  0.000000    4.080143   clock reconvergence pessimism
                                 -0.058705    4.021439   library setup time
                                              4.021439   data required time
---------------------------------------------------------------------------------------------
                                              4.021439   data required time
                                             -2.327585   data arrival time
---------------------------------------------------------------------------------------------
                                              1.693854   slack (MET)


Startpoint: rst_n (input port clocked by clk)
Endpoint: _322_ (rising edge-triggered flip-flop clocked by clk)
Path Group: clk
Path Type: max

Fanout         Cap        Slew       Delay        Time   Description
---------------------------------------------------------------------------------------------
                                  0.000000    0.000000   clock clk (rise edge)
                                  0.000000    0.000000   clock network delay (propagated)
                                  0.800000    0.800000 ^ input external delay
     1    0.004005    0.024969    0.015282    0.815282 ^ rst_n (in)
                                                         rst_n (net)
                      0.024970    0.000000    0.815282 ^ input20/A (sky130_fd_sc_hd__clkdlybuf4s25_1)
     1    0.002695    0.043120    0.246691    1.061972 ^ input20/X (sky130_fd_sc_hd__clkdlybuf4s25_1)
                                                         net20 (net)
                      0.043120    0.000080    1.062052 ^ fanout38/A (sky130_fd_sc_hd__clkdlybuf4s25_1)
     6    0.033490    0.338630    0.475370    1.537422 ^ fanout38/X (sky130_fd_sc_hd__clkdlybuf4s25_1)
                                                         net38 (net)
                      0.338631    0.001416    1.538838 ^ fanout37/A (sky130_fd_sc_hd__clkdlybuf4s25_1)
    10    0.035191    0.355330    0.564882    2.103720 ^ fanout37/X (sky130_fd_sc_hd__clkdlybuf4s25_1)
                                                         net37 (net)
                      0.355330    0.000635    2.104356 ^ _219_/A (sky130_fd_sc_hd__and2_2)
     1    0.002884    0.043217    0.221239    2.325595 ^ _219_/X (sky130_fd_sc_hd__and2_2)
                                                         _028_ (net)
                      0.043217    0.000088    2.325683 ^ _322_/D (sky130_fd_sc_hd__dfxtp_4)
                                              2.325683   data arrival time

                                  4.000000    4.000000   clock clk (rise edge)
                                  0.000000    4.000000   clock source latency
     1    0.017230    0.083408    0.054481    4.054482 ^ clk (in)
                                                         clk (net)
                      0.083428    0.000000    4.054482 ^ clkbuf_0_clk/A (sky130_fd_sc_hd__clkbuf_16)
     4    0.038912    0.058816    0.147306    4.201787 ^ clkbuf_0_clk/X (sky130_fd_sc_hd__clkbuf_16)
                                                         clknet_0_clk (net)
                      0.058826    0.000658    4.202446 ^ clkbuf_2_2__f_clk/A (sky130_fd_sc_hd__clkbuf_16)
     8    0.023660    0.045080    0.127054    4.329500 ^ clkbuf_2_2__f_clk/X (sky130_fd_sc_hd__clkbuf_16)
                                                         clknet_2_2__leaf_clk (net)
                      0.045091    0.000624    4.330124 ^ _322_/CLK (sky130_fd_sc_hd__dfxtp_4)
                                 -0.250000    4.080124   clock uncertainty
                                  0.000000    4.080124   clock reconvergence pessimism
                                 -0.059732    4.020392   library setup time
                                              4.020392   data required time
---------------------------------------------------------------------------------------------
                                              4.020392   data required time
                                             -2.325683   data arrival time
---------------------------------------------------------------------------------------------
                                              1.694709   slack (MET)


Startpoint: rst_n (input port clocked by clk)
Endpoint: _321_ (rising edge-triggered flip-flop clocked by clk)
Path Group: clk
Path Type: max

Fanout         Cap        Slew       Delay        Time   Description
---------------------------------------------------------------------------------------------
                                  0.000000    0.000000   clock clk (rise edge)
                                  0.000000    0.000000   clock network delay (propagated)
                                  0.800000    0.800000 ^ input external delay
     1    0.004005    0.024969    0.015282    0.815282 ^ rst_n (in)
                                                         rst_n (net)
                      0.024970    0.000000    0.815282 ^ input20/A (sky130_fd_sc_hd__clkdlybuf4s25_1)
     1    0.002695    0.043120    0.246691    1.061972 ^ input20/X (sky130_fd_sc_hd__clkdlybuf4s25_1)
                                                         net20 (net)
                      0.043120    0.000080    1.062052 ^ fanout38/A (sky130_fd_sc_hd__clkdlybuf4s25_1)
     6    0.033490    0.338630    0.475370    1.537422 ^ fanout38/X (sky130_fd_sc_hd__clkdlybuf4s25_1)
                                                         net38 (net)
                      0.338631    0.001416    1.538838 ^ fanout37/A (sky130_fd_sc_hd__clkdlybuf4s25_1)
    10    0.035191    0.355330    0.564882    2.103720 ^ fanout37/X (sky130_fd_sc_hd__clkdlybuf4s25_1)
                                                         net37 (net)
                      0.355330    0.000580    2.104300 ^ _218_/A (sky130_fd_sc_hd__and2_2)
     1    0.002792    0.042863    0.220699    2.324999 ^ _218_/X (sky130_fd_sc_hd__and2_2)
                                                         _027_ (net)
                      0.042863    0.000082    2.325082 ^ _321_/D (sky130_fd_sc_hd__dfxtp_2)
                                              2.325082   data arrival time

                                  4.000000    4.000000   clock clk (rise edge)
                                  0.000000    4.000000   clock source latency
     1    0.017230    0.083408    0.054481    4.054482 ^ clk (in)
                                                         clk (net)
                      0.083428    0.000000    4.054482 ^ clkbuf_0_clk/A (sky130_fd_sc_hd__clkbuf_16)
     4    0.038912    0.058816    0.147306    4.201787 ^ clkbuf_0_clk/X (sky130_fd_sc_hd__clkbuf_16)
                                                         clknet_0_clk (net)
                      0.058826    0.000658    4.202446 ^ clkbuf_2_2__f_clk/A (sky130_fd_sc_hd__clkbuf_16)
     8    0.023660    0.045080    0.127054    4.329500 ^ clkbuf_2_2__f_clk/X (sky130_fd_sc_hd__clkbuf_16)
                                                         clknet_2_2__leaf_clk (net)
                      0.045093    0.000667    4.330166 ^ _321_/CLK (sky130_fd_sc_hd__dfxtp_2)
                                 -0.250000    4.080166   clock uncertainty
                                  0.000000    4.080166   clock reconvergence pessimism
                                 -0.058345    4.021821   library setup time
                                              4.021821   data required time
---------------------------------------------------------------------------------------------
                                              4.021821   data required time
                                             -2.325082   data arrival time
---------------------------------------------------------------------------------------------
                                              1.696740   slack (MET)


Startpoint: rst_n (input port clocked by clk)
Endpoint: _313_ (rising edge-triggered flip-flop clocked by clk)
Path Group: clk
Path Type: max

Fanout         Cap        Slew       Delay        Time   Description
---------------------------------------------------------------------------------------------
                                  0.000000    0.000000   clock clk (rise edge)
                                  0.000000    0.000000   clock network delay (propagated)
                                  0.800000    0.800000 ^ input external delay
     1    0.004005    0.024969    0.015282    0.815282 ^ rst_n (in)
                                                         rst_n (net)
                      0.024970    0.000000    0.815282 ^ input20/A (sky130_fd_sc_hd__clkdlybuf4s25_1)
     1    0.002695    0.043120    0.246691    1.061972 ^ input20/X (sky130_fd_sc_hd__clkdlybuf4s25_1)
                                                         net20 (net)
                      0.043120    0.000080    1.062052 ^ fanout38/A (sky130_fd_sc_hd__clkdlybuf4s25_1)
     6    0.033490    0.338630    0.475370    1.537422 ^ fanout38/X (sky130_fd_sc_hd__clkdlybuf4s25_1)
                                                         net38 (net)
                      0.338631    0.001416    1.538838 ^ fanout37/A (sky130_fd_sc_hd__clkdlybuf4s25_1)
    10    0.035191    0.355330    0.564882    2.103720 ^ fanout37/X (sky130_fd_sc_hd__clkdlybuf4s25_1)
                                                         net37 (net)
                      0.355337    0.002166    2.105887 ^ _210_/A (sky130_fd_sc_hd__and2_2)
     1    0.002321    0.041041    0.217921    2.323808 ^ _210_/X (sky130_fd_sc_hd__and2_2)
                                                         _019_ (net)
                      0.041041    0.000069    2.323877 ^ _313_/D (sky130_fd_sc_hd__dfxtp_2)
                                              2.323877   data arrival time

                                  4.000000    4.000000   clock clk (rise edge)
                                  0.000000    4.000000   clock source latency
     1    0.017230    0.083408    0.054481    4.054482 ^ clk (in)
                                                         clk (net)
                      0.083428    0.000000    4.054482 ^ clkbuf_0_clk/A (sky130_fd_sc_hd__clkbuf_16)
     4    0.038912    0.058816    0.147306    4.201787 ^ clkbuf_0_clk/X (sky130_fd_sc_hd__clkbuf_16)
                                                         clknet_0_clk (net)
                      0.058826    0.000658    4.202446 ^ clkbuf_2_2__f_clk/A (sky130_fd_sc_hd__clkbuf_16)
     8    0.023660    0.045080    0.127054    4.329500 ^ clkbuf_2_2__f_clk/X (sky130_fd_sc_hd__clkbuf_16)
                                                         clknet_2_2__leaf_clk (net)
                      0.045098    0.000760    4.330259 ^ _313_/CLK (sky130_fd_sc_hd__dfxtp_2)
                                 -0.250000    4.080259   clock uncertainty
                                  0.000000    4.080259   clock reconvergence pessimism
                                 -0.057914    4.022345   library setup time
                                              4.022345   data required time
---------------------------------------------------------------------------------------------
                                              4.022345   data required time
                                             -2.323877   data arrival time
---------------------------------------------------------------------------------------------
                                              1.698468   slack (MET)


Startpoint: rst_n (input port clocked by clk)
Endpoint: _314_ (rising edge-triggered flip-flop clocked by clk)
Path Group: clk
Path Type: max

Fanout         Cap        Slew       Delay        Time   Description
---------------------------------------------------------------------------------------------
                                  0.000000    0.000000   clock clk (rise edge)
                                  0.000000    0.000000   clock network delay (propagated)
                                  0.800000    0.800000 ^ input external delay
     1    0.004005    0.024969    0.015282    0.815282 ^ rst_n (in)
                                                         rst_n (net)
                      0.024970    0.000000    0.815282 ^ input20/A (sky130_fd_sc_hd__clkdlybuf4s25_1)
     1    0.002695    0.043120    0.246691    1.061972 ^ input20/X (sky130_fd_sc_hd__clkdlybuf4s25_1)
                                                         net20 (net)
                      0.043120    0.000080    1.062052 ^ fanout38/A (sky130_fd_sc_hd__clkdlybuf4s25_1)
     6    0.033490    0.338630    0.475370    1.537422 ^ fanout38/X (sky130_fd_sc_hd__clkdlybuf4s25_1)
                                                         net38 (net)
                      0.338631    0.001416    1.538838 ^ fanout37/A (sky130_fd_sc_hd__clkdlybuf4s25_1)
    10    0.035191    0.355330    0.564882    2.103720 ^ fanout37/X (sky130_fd_sc_hd__clkdlybuf4s25_1)
                                                         net37 (net)
                      0.355337    0.002217    2.105937 ^ _211_/A (sky130_fd_sc_hd__and2_2)
     1    0.002013    0.039842    0.216104    2.322042 ^ _211_/X (sky130_fd_sc_hd__and2_2)
                                                         _020_ (net)
                      0.039842    0.000059    2.322100 ^ _314_/D (sky130_fd_sc_hd__dfxtp_2)
                                              2.322100   data arrival time

                                  4.000000    4.000000   clock clk (rise edge)
                                  0.000000    4.000000   clock source latency
     1    0.017230    0.083408    0.054481    4.054482 ^ clk (in)
                                                         clk (net)
                      0.083428    0.000000    4.054482 ^ clkbuf_0_clk/A (sky130_fd_sc_hd__clkbuf_16)
     4    0.038912    0.058816    0.147306    4.201787 ^ clkbuf_0_clk/X (sky130_fd_sc_hd__clkbuf_16)
                                                         clknet_0_clk (net)
                      0.058826    0.000658    4.202446 ^ clkbuf_2_2__f_clk/A (sky130_fd_sc_hd__clkbuf_16)
     8    0.023660    0.045080    0.127054    4.329500 ^ clkbuf_2_2__f_clk/X (sky130_fd_sc_hd__clkbuf_16)
                                                         clknet_2_2__leaf_clk (net)
                      0.045103    0.000836    4.330336 ^ _314_/CLK (sky130_fd_sc_hd__dfxtp_2)
                                 -0.250000    4.080336   clock uncertainty
                                  0.000000    4.080336   clock reconvergence pessimism
                                 -0.057631    4.022705   library setup time
                                              4.022705   data required time
---------------------------------------------------------------------------------------------
                                              4.022705   data required time
                                             -2.322100   data arrival time
---------------------------------------------------------------------------------------------
                                              1.700604   slack (MET)


Startpoint: rst_n (input port clocked by clk)
Endpoint: _305_ (rising edge-triggered flip-flop clocked by clk)
Path Group: clk
Path Type: max

Fanout         Cap        Slew       Delay        Time   Description
---------------------------------------------------------------------------------------------
                                  0.000000    0.000000   clock clk (rise edge)
                                  0.000000    0.000000   clock network delay (propagated)
                                  0.800000    0.800000 ^ input external delay
     1    0.004005    0.024969    0.015282    0.815282 ^ rst_n (in)
                                                         rst_n (net)
                      0.024970    0.000000    0.815282 ^ input20/A (sky130_fd_sc_hd__clkdlybuf4s25_1)
     1    0.002695    0.043120    0.246691    1.061972 ^ input20/X (sky130_fd_sc_hd__clkdlybuf4s25_1)
                                                         net20 (net)
                      0.043120    0.000080    1.062052 ^ fanout38/A (sky130_fd_sc_hd__clkdlybuf4s25_1)
     6    0.033490    0.338630    0.475370    1.537422 ^ fanout38/X (sky130_fd_sc_hd__clkdlybuf4s25_1)
                                                         net38 (net)
                      0.338631    0.001416    1.538838 ^ fanout37/A (sky130_fd_sc_hd__clkdlybuf4s25_1)
    10    0.035191    0.355330    0.564882    2.103720 ^ fanout37/X (sky130_fd_sc_hd__clkdlybuf4s25_1)
                                                         net37 (net)
                      0.355330    0.001409    2.105130 ^ _202_/A (sky130_fd_sc_hd__and2_2)
     1    0.002106    0.040204    0.216657    2.321786 ^ _202_/X (sky130_fd_sc_hd__and2_2)
                                                         _011_ (net)
                      0.040204    0.000043    2.321830 ^ _305_/D (sky130_fd_sc_hd__dfxtp_2)
                                              2.321830   data arrival time

                                  4.000000    4.000000   clock clk (rise edge)
                                  0.000000    4.000000   clock source latency
     1    0.017230    0.083408    0.054481    4.054482 ^ clk (in)
                                                         clk (net)
                      0.083428    0.000000    4.054482 ^ clkbuf_0_clk/A (sky130_fd_sc_hd__clkbuf_16)
     4    0.038912    0.058816    0.147306    4.201787 ^ clkbuf_0_clk/X (sky130_fd_sc_hd__clkbuf_16)
                                                         clknet_0_clk (net)
                      0.058826    0.000658    4.202446 ^ clkbuf_2_2__f_clk/A (sky130_fd_sc_hd__clkbuf_16)
     8    0.023660    0.045080    0.127054    4.329500 ^ clkbuf_2_2__f_clk/X (sky130_fd_sc_hd__clkbuf_16)
                                                         clknet_2_2__leaf_clk (net)
                      0.045094    0.000677    4.330177 ^ _305_/CLK (sky130_fd_sc_hd__dfxtp_2)
                                 -0.250000    4.080177   clock uncertainty
                                  0.000000    4.080177   clock reconvergence pessimism
                                 -0.057718    4.022459   library setup time
                                              4.022459   data required time
---------------------------------------------------------------------------------------------
                                              4.022459   data required time
                                             -2.321830   data arrival time
---------------------------------------------------------------------------------------------
                                              1.700629   slack (MET)


Startpoint: _322_ (rising edge-triggered flip-flop clocked by clk)
Endpoint: _296_ (rising edge-triggered flip-flop clocked by clk)
Path Group: clk
Path Type: max

Fanout         Cap        Slew       Delay        Time   Description
---------------------------------------------------------------------------------------------
                                  0.000000    0.000000   clock clk (rise edge)
                                  0.000000    0.000000   clock source latency
     1    0.017230    0.083408    0.060216    0.060216 ^ clk (in)
                                                         clk (net)
                      0.083428    0.000000    0.060216 ^ clkbuf_0_clk/A (sky130_fd_sc_hd__clkbuf_16)
     4    0.038912    0.058816    0.162812    0.223028 ^ clkbuf_0_clk/X (sky130_fd_sc_hd__clkbuf_16)
                                                         clknet_0_clk (net)
                      0.058826    0.000728    0.223756 ^ clkbuf_2_2__f_clk/A (sky130_fd_sc_hd__clkbuf_16)
     8    0.023660    0.045080    0.140428    0.364184 ^ clkbuf_2_2__f_clk/X (sky130_fd_sc_hd__clkbuf_16)
                                                         clknet_2_2__leaf_clk (net)
                      0.045091    0.000690    0.364874 ^ _322_/CLK (sky130_fd_sc_hd__dfxtp_4)
     2    0.007101    0.034533    0.350939    0.715813 v _322_/Q (sky130_fd_sc_hd__dfxtp_4)
                                                         op_q[1] (net)
                      0.034533    0.000185    0.715998 v _231_/A (sky130_fd_sc_hd__or3b_4)
     3    0.020590    0.093991    0.449439    1.165437 v _231_/X (sky130_fd_sc_hd__or3b_4)
                                                         _127_ (net)
                      0.093991    0.000845    1.166282 v _253_/A (sky130_fd_sc_hd__xor2_2)
     2    0.011737    0.070942    0.217029    1.383311 v _253_/X (sky130_fd_sc_hd__xor2_2)
                                                         _032_ (net)
                      0.070942    0.000161    1.383471 v _254_/A (sky130_fd_sc_hd__or2_4)
     2    0.009400    0.053348    0.278005    1.661477 v _254_/X (sky130_fd_sc_hd__or2_4)
                                                         _033_ (net)
                      0.053348    0.000244    1.661721 v rebuffer51/A (sky130_fd_sc_hd__buf_2)
     2    0.011531    0.043170    0.147892    1.809613 v rebuffer51/X (sky130_fd_sc_hd__buf_2)
                                                         net51 (net)
                      0.043170    0.000183    1.809795 v _286_/A1 (sky130_fd_sc_hd__o211a_2)
     1    0.004680    0.045992    0.271485    2.081280 v _286_/X (sky130_fd_sc_hd__o211a_2)
                                                         _063_ (net)
                      0.045992    0.000100    2.081380 v _287_/B1 (sky130_fd_sc_hd__o21ai_2)
     1    0.005909    0.119806    0.063382    2.144763 ^ _287_/Y (sky130_fd_sc_hd__o21ai_2)
                                                         _064_ (net)
                      0.119806    0.000210    2.144972 ^ _288_/B2 (sky130_fd_sc_hd__o221a_4)
     2    0.007882    0.052423    0.201799    2.346772 ^ _288_/X (sky130_fd_sc_hd__o221a_4)
                                                         _002_ (net)
                      0.052423    0.000176    2.346948 ^ _296_/D (sky130_fd_sc_hd__dfxtp_2)
                                              2.346948   data arrival time

                                  4.000000    4.000000   clock clk (rise edge)
                                  0.000000    4.000000   clock source latency
     1    0.017230    0.083408    0.054481    4.054482 ^ clk (in)
                                                         clk (net)
                      0.083428    0.000000    4.054482 ^ clkbuf_0_clk/A (sky130_fd_sc_hd__clkbuf_16)
     4    0.038912    0.058816    0.147306    4.201787 ^ clkbuf_0_clk/X (sky130_fd_sc_hd__clkbuf_16)
                                                         clknet_0_clk (net)
                      0.058825    0.000648    4.202435 ^ clkbuf_2_3__f_clk/A (sky130_fd_sc_hd__clkbuf_16)
     8    0.031370    0.052226    0.133472    4.335908 ^ clkbuf_2_3__f_clk/X (sky130_fd_sc_hd__clkbuf_16)
                                                         clknet_2_3__leaf_clk (net)
                      0.052228    0.000621    4.336529 ^ _296_/CLK (sky130_fd_sc_hd__dfxtp_2)
                                 -0.250000    4.086529   clock uncertainty
                                  0.021241    4.107769   clock reconvergence pessimism
                                 -0.059540    4.048229   library setup time
                                              4.048229   data required time
---------------------------------------------------------------------------------------------
                                              4.048229   data required time
                                             -2.346948   data arrival time
---------------------------------------------------------------------------------------------
                                              1.701281   slack (MET)


Startpoint: rst_n (input port clocked by clk)
Endpoint: _308_ (rising edge-triggered flip-flop clocked by clk)
Path Group: clk
Path Type: max

Fanout         Cap        Slew       Delay        Time   Description
---------------------------------------------------------------------------------------------
                                  0.000000    0.000000   clock clk (rise edge)
                                  0.000000    0.000000   clock network delay (propagated)
                                  0.800000    0.800000 ^ input external delay
     1    0.004005    0.024969    0.015282    0.815282 ^ rst_n (in)
                                                         rst_n (net)
                      0.024970    0.000000    0.815282 ^ input20/A (sky130_fd_sc_hd__clkdlybuf4s25_1)
     1    0.002695    0.043120    0.246691    1.061972 ^ input20/X (sky130_fd_sc_hd__clkdlybuf4s25_1)
                                                         net20 (net)
                      0.043120    0.000080    1.062052 ^ fanout38/A (sky130_fd_sc_hd__clkdlybuf4s25_1)
     6    0.033490    0.338630    0.475370    1.537422 ^ fanout38/X (sky130_fd_sc_hd__clkdlybuf4s25_1)
                                                         net38 (net)
                      0.338631    0.001416    1.538838 ^ fanout37/A (sky130_fd_sc_hd__clkdlybuf4s25_1)
    10    0.035191    0.355330    0.564882    2.103720 ^ fanout37/X (sky130_fd_sc_hd__clkdlybuf4s25_1)
                                                         net37 (net)
                      0.355330    0.001116    2.104836 ^ _205_/A (sky130_fd_sc_hd__and2_2)
     1    0.002483    0.041668    0.218880    2.323716 ^ _205_/X (sky130_fd_sc_hd__and2_2)
                                                         _014_ (net)
                      0.041668    0.000054    2.323771 ^ _308_/D (sky130_fd_sc_hd__dfxtp_2)
                                              2.323771   data arrival time

                                  4.000000    4.000000   clock clk (rise edge)
                                  0.000000    4.000000   clock source latency
     1    0.017230    0.083408    0.054481    4.054482 ^ clk (in)
                                                         clk (net)
                      0.083428    0.000000    4.054482 ^ clkbuf_0_clk/A (sky130_fd_sc_hd__clkbuf_16)
     4    0.038912    0.058816    0.147306    4.201787 ^ clkbuf_0_clk/X (sky130_fd_sc_hd__clkbuf_16)
                                                         clknet_0_clk (net)
                      0.058825    0.000648    4.202435 ^ clkbuf_2_3__f_clk/A (sky130_fd_sc_hd__clkbuf_16)
     8    0.031370    0.052226    0.133472    4.335908 ^ clkbuf_2_3__f_clk/X (sky130_fd_sc_hd__clkbuf_16)
                                                         clknet_2_3__leaf_clk (net)
                      0.052227    0.000470    4.336378 ^ _308_/CLK (sky130_fd_sc_hd__dfxtp_2)
                                 -0.250000    4.086378   clock uncertainty
                                  0.000000    4.086378   clock reconvergence pessimism
                                 -0.057010    4.029368   library setup time
                                              4.029368   data required time
---------------------------------------------------------------------------------------------
                                              4.029368   data required time
                                             -2.323771   data arrival time
---------------------------------------------------------------------------------------------
                                              1.705598   slack (MET)


Startpoint: rst_n (input port clocked by clk)
Endpoint: _323_ (rising edge-triggered flip-flop clocked by clk)
Path Group: clk
Path Type: max

Fanout         Cap        Slew       Delay        Time   Description
---------------------------------------------------------------------------------------------
                                  0.000000    0.000000   clock clk (rise edge)
                                  0.000000    0.000000   clock network delay (propagated)
                                  0.800000    0.800000 ^ input external delay
     1    0.004005    0.024969    0.015282    0.815282 ^ rst_n (in)
                                                         rst_n (net)
                      0.024970    0.000000    0.815282 ^ input20/A (sky130_fd_sc_hd__clkdlybuf4s25_1)
     1    0.002695    0.043120    0.246691    1.061972 ^ input20/X (sky130_fd_sc_hd__clkdlybuf4s25_1)
                                                         net20 (net)
                      0.043120    0.000080    1.062052 ^ fanout38/A (sky130_fd_sc_hd__clkdlybuf4s25_1)
     6    0.033490    0.338630    0.475370    1.537422 ^ fanout38/X (sky130_fd_sc_hd__clkdlybuf4s25_1)
                                                         net38 (net)
                      0.338630    0.000610    1.538032 ^ fanout35/A (sky130_fd_sc_hd__clkdlybuf4s25_1)
    10    0.033631    0.339984    0.554275    2.092308 ^ fanout35/X (sky130_fd_sc_hd__clkdlybuf4s25_1)
                                                         net35 (net)
                      0.339984    0.001036    2.093343 ^ _220_/A (sky130_fd_sc_hd__and2_2)
     1    0.003129    0.043727    0.219910    2.313254 ^ _220_/X (sky130_fd_sc_hd__and2_2)
                                                         _029_ (net)
                      0.043727    0.000094    2.313348 ^ _323_/D (sky130_fd_sc_hd__dfxtp_4)
                                              2.313348   data arrival time

                                  4.000000    4.000000   clock clk (rise edge)
                                  0.000000    4.000000   clock source latency
     1    0.017230    0.083408    0.054481    4.054482 ^ clk (in)
                                                         clk (net)
                      0.083428    0.000000    4.054482 ^ clkbuf_0_clk/A (sky130_fd_sc_hd__clkbuf_16)
     4    0.038912    0.058816    0.147306    4.201787 ^ clkbuf_0_clk/X (sky130_fd_sc_hd__clkbuf_16)
                                                         clknet_0_clk (net)
                      0.058826    0.000658    4.202446 ^ clkbuf_2_2__f_clk/A (sky130_fd_sc_hd__clkbuf_16)
     8    0.023660    0.045080    0.127054    4.329500 ^ clkbuf_2_2__f_clk/X (sky130_fd_sc_hd__clkbuf_16)
                                                         clknet_2_2__leaf_clk (net)
                      0.045093    0.000670    4.330170 ^ _323_/CLK (sky130_fd_sc_hd__dfxtp_4)
                                 -0.250000    4.080170   clock uncertainty
                                  0.000000    4.080170   clock reconvergence pessimism
                                 -0.059853    4.020317   library setup time
                                              4.020317   data required time
---------------------------------------------------------------------------------------------
                                              4.020317   data required time
                                             -2.313348   data arrival time
---------------------------------------------------------------------------------------------
                                              1.706968   slack (MET)


Startpoint: rst_n (input port clocked by clk)
Endpoint: _306_ (rising edge-triggered flip-flop clocked by clk)
Path Group: clk
Path Type: max

Fanout         Cap        Slew       Delay        Time   Description
---------------------------------------------------------------------------------------------
                                  0.000000    0.000000   clock clk (rise edge)
                                  0.000000    0.000000   clock network delay (propagated)
                                  0.800000    0.800000 ^ input external delay
     1    0.004005    0.024969    0.015282    0.815282 ^ rst_n (in)
                                                         rst_n (net)
                      0.024970    0.000000    0.815282 ^ input20/A (sky130_fd_sc_hd__clkdlybuf4s25_1)
     1    0.002695    0.043120    0.246691    1.061972 ^ input20/X (sky130_fd_sc_hd__clkdlybuf4s25_1)
                                                         net20 (net)
                      0.043120    0.000080    1.062052 ^ fanout38/A (sky130_fd_sc_hd__clkdlybuf4s25_1)
     6    0.033490    0.338630    0.475370    1.537422 ^ fanout38/X (sky130_fd_sc_hd__clkdlybuf4s25_1)
                                                         net38 (net)
                      0.338631    0.001416    1.538838 ^ fanout37/A (sky130_fd_sc_hd__clkdlybuf4s25_1)
    10    0.035191    0.355330    0.564882    2.103720 ^ fanout37/X (sky130_fd_sc_hd__clkdlybuf4s25_1)
                                                         net37 (net)
                      0.355337    0.002180    2.105900 ^ _203_/A (sky130_fd_sc_hd__and2_2)
     1    0.002020    0.039871    0.216152    2.322052 ^ _203_/X (sky130_fd_sc_hd__and2_2)
                                                         _012_ (net)
                      0.039871    0.000042    2.322094 ^ _306_/D (sky130_fd_sc_hd__dfxtp_2)
                                              2.322094   data arrival time

                                  4.000000    4.000000   clock clk (rise edge)
                                  0.000000    4.000000   clock source latency
     1    0.017230    0.083408    0.054481    4.054482 ^ clk (in)
                                                         clk (net)
                      0.083428    0.000000    4.054482 ^ clkbuf_0_clk/A (sky130_fd_sc_hd__clkbuf_16)
     4    0.038912    0.058816    0.147306    4.201787 ^ clkbuf_0_clk/X (sky130_fd_sc_hd__clkbuf_16)
                                                         clknet_0_clk (net)
                      0.058825    0.000648    4.202435 ^ clkbuf_2_3__f_clk/A (sky130_fd_sc_hd__clkbuf_16)
     8    0.031370    0.052226    0.133472    4.335908 ^ clkbuf_2_3__f_clk/X (sky130_fd_sc_hd__clkbuf_16)
                                                         clknet_2_3__leaf_clk (net)
                      0.052227    0.000468    4.336375 ^ _306_/CLK (sky130_fd_sc_hd__dfxtp_2)
                                 -0.250000    4.086375   clock uncertainty
                                  0.000000    4.086375   clock reconvergence pessimism
                                 -0.056587    4.029788   library setup time
                                              4.029788   data required time
---------------------------------------------------------------------------------------------
                                              4.029788   data required time
                                             -2.322094   data arrival time
---------------------------------------------------------------------------------------------
                                              1.707695   slack (MET)


Startpoint: rst_n (input port clocked by clk)
Endpoint: _317_ (rising edge-triggered flip-flop clocked by clk)
Path Group: clk
Path Type: max

Fanout         Cap        Slew       Delay        Time   Description
---------------------------------------------------------------------------------------------
                                  0.000000    0.000000   clock clk (rise edge)
                                  0.000000    0.000000   clock network delay (propagated)
                                  0.800000    0.800000 ^ input external delay
     1    0.004005    0.024969    0.015282    0.815282 ^ rst_n (in)
                                                         rst_n (net)
                      0.024970    0.000000    0.815282 ^ input20/A (sky130_fd_sc_hd__clkdlybuf4s25_1)
     1    0.002695    0.043120    0.246691    1.061972 ^ input20/X (sky130_fd_sc_hd__clkdlybuf4s25_1)
                                                         net20 (net)
                      0.043120    0.000080    1.062052 ^ fanout38/A (sky130_fd_sc_hd__clkdlybuf4s25_1)
     6    0.033490    0.338630    0.475370    1.537422 ^ fanout38/X (sky130_fd_sc_hd__clkdlybuf4s25_1)
                                                         net38 (net)
                      0.338630    0.000610    1.538032 ^ fanout35/A (sky130_fd_sc_hd__clkdlybuf4s25_1)
    10    0.033631    0.339984    0.554275    2.092308 ^ fanout35/X (sky130_fd_sc_hd__clkdlybuf4s25_1)
                                                         net35 (net)
                      0.339984    0.001024    2.093332 ^ _214_/A (sky130_fd_sc_hd__and2_2)
     1    0.002468    0.041172    0.216043    2.309374 ^ _214_/X (sky130_fd_sc_hd__and2_2)
                                                         _023_ (net)
                      0.041172    0.000054    2.309428 ^ _317_/D (sky130_fd_sc_hd__dfxtp_2)
                                              2.309428   data arrival time

                                  4.000000    4.000000   clock clk (rise edge)
                                  0.000000    4.000000   clock source latency
     1    0.017230    0.083408    0.054481    4.054482 ^ clk (in)
                                                         clk (net)
                      0.083428    0.000000    4.054482 ^ clkbuf_0_clk/A (sky130_fd_sc_hd__clkbuf_16)
     4    0.038912    0.058816    0.147306    4.201787 ^ clkbuf_0_clk/X (sky130_fd_sc_hd__clkbuf_16)
                                                         clknet_0_clk (net)
                      0.058826    0.000658    4.202446 ^ clkbuf_2_2__f_clk/A (sky130_fd_sc_hd__clkbuf_16)
     8    0.023660    0.045080    0.127054    4.329500 ^ clkbuf_2_2__f_clk/X (sky130_fd_sc_hd__clkbuf_16)
                                                         clknet_2_2__leaf_clk (net)
                      0.045094    0.000686    4.330185 ^ _317_/CLK (sky130_fd_sc_hd__dfxtp_2)
                                 -0.250000    4.080185   clock uncertainty
                                  0.000000    4.080185   clock reconvergence pessimism
                                 -0.057946    4.022240   library setup time
                                              4.022240   data required time
---------------------------------------------------------------------------------------------
                                              4.022240   data required time
                                             -2.309428   data arrival time
---------------------------------------------------------------------------------------------
                                              1.712811   slack (MET)


Startpoint: rst_n (input port clocked by clk)
Endpoint: _311_ (rising edge-triggered flip-flop clocked by clk)
Path Group: clk
Path Type: max

Fanout         Cap        Slew       Delay        Time   Description
---------------------------------------------------------------------------------------------
                                  0.000000    0.000000   clock clk (rise edge)
                                  0.000000    0.000000   clock network delay (propagated)
                                  0.800000    0.800000 ^ input external delay
     1    0.004005    0.024969    0.015282    0.815282 ^ rst_n (in)
                                                         rst_n (net)
                      0.024970    0.000000    0.815282 ^ input20/A (sky130_fd_sc_hd__clkdlybuf4s25_1)
     1    0.002695    0.043120    0.246691    1.061972 ^ input20/X (sky130_fd_sc_hd__clkdlybuf4s25_1)
                                                         net20 (net)
                      0.043120    0.000080    1.062052 ^ fanout38/A (sky130_fd_sc_hd__clkdlybuf4s25_1)
     6    0.033490    0.338630    0.475370    1.537422 ^ fanout38/X (sky130_fd_sc_hd__clkdlybuf4s25_1)
                                                         net38 (net)
                      0.338630    0.000610    1.538032 ^ fanout35/A (sky130_fd_sc_hd__clkdlybuf4s25_1)
    10    0.033631    0.339984    0.554275    2.092308 ^ fanout35/X (sky130_fd_sc_hd__clkdlybuf4s25_1)
                                                         net35 (net)
                      0.339984    0.000439    2.092746 ^ _208_/A (sky130_fd_sc_hd__and2_2)
     1    0.002975    0.043136    0.219010    2.311756 ^ _208_/X (sky130_fd_sc_hd__and2_2)
                                                         _017_ (net)
                      0.043136    0.000094    2.311851 ^ _311_/D (sky130_fd_sc_hd__dfxtp_2)
                                              2.311851   data arrival time

                                  4.000000    4.000000   clock clk (rise edge)
                                  0.000000    4.000000   clock source latency
     1    0.017230    0.083408    0.054481    4.054482 ^ clk (in)
                                                         clk (net)
                      0.083428    0.000000    4.054482 ^ clkbuf_0_clk/A (sky130_fd_sc_hd__clkbuf_16)
     4    0.038912    0.058816    0.147306    4.201787 ^ clkbuf_0_clk/X (sky130_fd_sc_hd__clkbuf_16)
                                                         clknet_0_clk (net)
                      0.058826    0.000660    4.202448 ^ clkbuf_2_0__f_clk/A (sky130_fd_sc_hd__clkbuf_16)
     8    0.030575    0.051516    0.132830    4.335278 ^ clkbuf_2_0__f_clk/X (sky130_fd_sc_hd__clkbuf_16)
                                                         clknet_2_0__leaf_clk (net)
                      0.051521    0.000942    4.336220 ^ _311_/CLK (sky130_fd_sc_hd__dfxtp_2)
                                 -0.250000    4.086220   clock uncertainty
                                  0.000000    4.086220   clock reconvergence pessimism
                                 -0.057459    4.028761   library setup time
                                              4.028761   data required time
---------------------------------------------------------------------------------------------
                                              4.028761   data required time
                                             -2.311851   data arrival time
---------------------------------------------------------------------------------------------
                                              1.716910   slack (MET)


Startpoint: rst_n (input port clocked by clk)
Endpoint: _319_ (rising edge-triggered flip-flop clocked by clk)
Path Group: clk
Path Type: max

Fanout         Cap        Slew       Delay        Time   Description
---------------------------------------------------------------------------------------------
                                  0.000000    0.000000   clock clk (rise edge)
                                  0.000000    0.000000   clock network delay (propagated)
                                  0.800000    0.800000 ^ input external delay
     1    0.004005    0.024969    0.015282    0.815282 ^ rst_n (in)
                                                         rst_n (net)
                      0.024970    0.000000    0.815282 ^ input20/A (sky130_fd_sc_hd__clkdlybuf4s25_1)
     1    0.002695    0.043120    0.246691    1.061972 ^ input20/X (sky130_fd_sc_hd__clkdlybuf4s25_1)
                                                         net20 (net)
                      0.043120    0.000080    1.062052 ^ fanout38/A (sky130_fd_sc_hd__clkdlybuf4s25_1)
     6    0.033490    0.338630    0.475370    1.537422 ^ fanout38/X (sky130_fd_sc_hd__clkdlybuf4s25_1)
                                                         net38 (net)
                      0.338630    0.000610    1.538032 ^ fanout35/A (sky130_fd_sc_hd__clkdlybuf4s25_1)
    10    0.033631    0.339984    0.554275    2.092308 ^ fanout35/X (sky130_fd_sc_hd__clkdlybuf4s25_1)
                                                         net35 (net)
                      0.339984    0.000449    2.092757 ^ _216_/A (sky130_fd_sc_hd__and2_2)
     1    0.002651    0.041882    0.217110    2.309867 ^ _216_/X (sky130_fd_sc_hd__and2_2)
                                                         _025_ (net)
                      0.041882    0.000081    2.309948 ^ _319_/D (sky130_fd_sc_hd__dfxtp_2)
                                              2.309948   data arrival time

                                  4.000000    4.000000   clock clk (rise edge)
                                  0.000000    4.000000   clock source latency
     1    0.017230    0.083408    0.054481    4.054482 ^ clk (in)
                                                         clk (net)
                      0.083428    0.000000    4.054482 ^ clkbuf_0_clk/A (sky130_fd_sc_hd__clkbuf_16)
     4    0.038912    0.058816    0.147306    4.201787 ^ clkbuf_0_clk/X (sky130_fd_sc_hd__clkbuf_16)
                                                         clknet_0_clk (net)
                      0.058826    0.000660    4.202448 ^ clkbuf_2_0__f_clk/A (sky130_fd_sc_hd__clkbuf_16)
     8    0.030575    0.051516    0.132830    4.335278 ^ clkbuf_2_0__f_clk/X (sky130_fd_sc_hd__clkbuf_16)
                                                         clknet_2_0__leaf_clk (net)
                      0.051520    0.000867    4.336145 ^ _319_/CLK (sky130_fd_sc_hd__dfxtp_2)
                                 -0.250000    4.086145   clock uncertainty
                                  0.000000    4.086145   clock reconvergence pessimism
                                 -0.057164    4.028980   library setup time
                                              4.028980   data required time
---------------------------------------------------------------------------------------------
                                              4.028980   data required time
                                             -2.309948   data arrival time
---------------------------------------------------------------------------------------------
                                              1.719033   slack (MET)


Startpoint: rst_n (input port clocked by clk)
Endpoint: _310_ (rising edge-triggered flip-flop clocked by clk)
Path Group: clk
Path Type: max

Fanout         Cap        Slew       Delay        Time   Description
---------------------------------------------------------------------------------------------
                                  0.000000    0.000000   clock clk (rise edge)
                                  0.000000    0.000000   clock network delay (propagated)
                                  0.800000    0.800000 ^ input external delay
     1    0.004005    0.024969    0.015282    0.815282 ^ rst_n (in)
                                                         rst_n (net)
                      0.024970    0.000000    0.815282 ^ input20/A (sky130_fd_sc_hd__clkdlybuf4s25_1)
     1    0.002695    0.043120    0.246691    1.061972 ^ input20/X (sky130_fd_sc_hd__clkdlybuf4s25_1)
                                                         net20 (net)
                      0.043120    0.000080    1.062052 ^ fanout38/A (sky130_fd_sc_hd__clkdlybuf4s25_1)
     6    0.033490    0.338630    0.475370    1.537422 ^ fanout38/X (sky130_fd_sc_hd__clkdlybuf4s25_1)
                                                         net38 (net)
                      0.338630    0.000610    1.538032 ^ fanout35/A (sky130_fd_sc_hd__clkdlybuf4s25_1)
    10    0.033631    0.339984    0.554275    2.092308 ^ fanout35/X (sky130_fd_sc_hd__clkdlybuf4s25_1)
                                                         net35 (net)
                      0.339984    0.000774    2.093081 ^ _207_/A (sky130_fd_sc_hd__and2_2)
     1    0.002485    0.041241    0.216141    2.309222 ^ _207_/X (sky130_fd_sc_hd__and2_2)
                                                         _016_ (net)
                      0.041241    0.000074    2.309296 ^ _310_/D (sky130_fd_sc_hd__dfxtp_2)
                                              2.309296   data arrival time

                                  4.000000    4.000000   clock clk (rise edge)
                                  0.000000    4.000000   clock source latency
     1    0.017230    0.083408    0.054481    4.054482 ^ clk (in)
                                                         clk (net)
                      0.083428    0.000000    4.054482 ^ clkbuf_0_clk/A (sky130_fd_sc_hd__clkbuf_16)
     4    0.038912    0.058816    0.147306    4.201787 ^ clkbuf_0_clk/X (sky130_fd_sc_hd__clkbuf_16)
                                                         clknet_0_clk (net)
                      0.058826    0.000660    4.202448 ^ clkbuf_2_0__f_clk/A (sky130_fd_sc_hd__clkbuf_16)
     8    0.030575    0.051516    0.132830    4.335278 ^ clkbuf_2_0__f_clk/X (sky130_fd_sc_hd__clkbuf_16)
                                                         clknet_2_0__leaf_clk (net)
                      0.051518    0.000651    4.335929 ^ _310_/CLK (sky130_fd_sc_hd__dfxtp_2)
                                 -0.250000    4.085929   clock uncertainty
                                  0.000000    4.085929   clock reconvergence pessimism
                                 -0.057014    4.028915   library setup time
                                              4.028915   data required time
---------------------------------------------------------------------------------------------
                                              4.028915   data required time
                                             -2.309296   data arrival time
---------------------------------------------------------------------------------------------
                                              1.719619   slack (MET)


Startpoint: rst_n (input port clocked by clk)
Endpoint: _318_ (rising edge-triggered flip-flop clocked by clk)
Path Group: clk
Path Type: max

Fanout         Cap        Slew       Delay        Time   Description
---------------------------------------------------------------------------------------------
                                  0.000000    0.000000   clock clk (rise edge)
                                  0.000000    0.000000   clock network delay (propagated)
                                  0.800000    0.800000 ^ input external delay
     1    0.004005    0.024969    0.015282    0.815282 ^ rst_n (in)
                                                         rst_n (net)
                      0.024970    0.000000    0.815282 ^ input20/A (sky130_fd_sc_hd__clkdlybuf4s25_1)
     1    0.002695    0.043120    0.246691    1.061972 ^ input20/X (sky130_fd_sc_hd__clkdlybuf4s25_1)
                                                         net20 (net)
                      0.043120    0.000080    1.062052 ^ fanout38/A (sky130_fd_sc_hd__clkdlybuf4s25_1)
     6    0.033490    0.338630    0.475370    1.537422 ^ fanout38/X (sky130_fd_sc_hd__clkdlybuf4s25_1)
                                                         net38 (net)
                      0.338630    0.000610    1.538032 ^ fanout35/A (sky130_fd_sc_hd__clkdlybuf4s25_1)
    10    0.033631    0.339984    0.554275    2.092308 ^ fanout35/X (sky130_fd_sc_hd__clkdlybuf4s25_1)
                                                         net35 (net)
                      0.339984    0.000923    2.093230 ^ _215_/A (sky130_fd_sc_hd__and2_2)
     1    0.002337    0.040663    0.215274    2.308505 ^ _215_/X (sky130_fd_sc_hd__and2_2)
                                                         _024_ (net)
                      0.040663    0.000050    2.308554 ^ _318_/D (sky130_fd_sc_hd__dfxtp_2)
                                              2.308554   data arrival time

                                  4.000000    4.000000   clock clk (rise edge)
                                  0.000000    4.000000   clock source latency
     1    0.017230    0.083408    0.054481    4.054482 ^ clk (in)
                                                         clk (net)
                      0.083428    0.000000    4.054482 ^ clkbuf_0_clk/A (sky130_fd_sc_hd__clkbuf_16)
     4    0.038912    0.058816    0.147306    4.201787 ^ clkbuf_0_clk/X (sky130_fd_sc_hd__clkbuf_16)
                                                         clknet_0_clk (net)
                      0.058826    0.000660    4.202448 ^ clkbuf_2_0__f_clk/A (sky130_fd_sc_hd__clkbuf_16)
     8    0.030575    0.051516    0.132830    4.335278 ^ clkbuf_2_0__f_clk/X (sky130_fd_sc_hd__clkbuf_16)
                                                         clknet_2_0__leaf_clk (net)
                      0.051519    0.000703    4.335980 ^ _318_/CLK (sky130_fd_sc_hd__dfxtp_2)
                                 -0.250000    4.085980   clock uncertainty
                                  0.000000    4.085980   clock reconvergence pessimism
                                 -0.056878    4.029103   library setup time
                                              4.029103   data required time
---------------------------------------------------------------------------------------------
                                              4.029103   data required time
                                             -2.308554   data arrival time
---------------------------------------------------------------------------------------------
                                              1.720548   slack (MET)


Startpoint: rst_n (input port clocked by clk)
Endpoint: _309_ (rising edge-triggered flip-flop clocked by clk)
Path Group: clk
Path Type: max

Fanout         Cap        Slew       Delay        Time   Description
---------------------------------------------------------------------------------------------
                                  0.000000    0.000000   clock clk (rise edge)
                                  0.000000    0.000000   clock network delay (propagated)
                                  0.800000    0.800000 ^ input external delay
     1    0.004005    0.024969    0.015282    0.815282 ^ rst_n (in)
                                                         rst_n (net)
                      0.024970    0.000000    0.815282 ^ input20/A (sky130_fd_sc_hd__clkdlybuf4s25_1)
     1    0.002695    0.043120    0.246691    1.061972 ^ input20/X (sky130_fd_sc_hd__clkdlybuf4s25_1)
                                                         net20 (net)
                      0.043120    0.000080    1.062052 ^ fanout38/A (sky130_fd_sc_hd__clkdlybuf4s25_1)
     6    0.033490    0.338630    0.475370    1.537422 ^ fanout38/X (sky130_fd_sc_hd__clkdlybuf4s25_1)
                                                         net38 (net)
                      0.338630    0.000610    1.538032 ^ fanout35/A (sky130_fd_sc_hd__clkdlybuf4s25_1)
    10    0.033631    0.339984    0.554275    2.092308 ^ fanout35/X (sky130_fd_sc_hd__clkdlybuf4s25_1)
                                                         net35 (net)
                      0.339984    0.001011    2.093318 ^ _206_/A (sky130_fd_sc_hd__and2_2)
     1    0.002207    0.040158    0.214512    2.307830 ^ _206_/X (sky130_fd_sc_hd__and2_2)
                                                         _015_ (net)
                      0.040158    0.000046    2.307877 ^ _309_/D (sky130_fd_sc_hd__dfxtp_2)
                                              2.307877   data arrival time

                                  4.000000    4.000000   clock clk (rise edge)
                                  0.000000    4.000000   clock source latency
     1    0.017230    0.083408    0.054481    4.054482 ^ clk (in)
                                                         clk (net)
                      0.083428    0.000000    4.054482 ^ clkbuf_0_clk/A (sky130_fd_sc_hd__clkbuf_16)
     4    0.038912    0.058816    0.147306    4.201787 ^ clkbuf_0_clk/X (sky130_fd_sc_hd__clkbuf_16)
                                                         clknet_0_clk (net)
                      0.058826    0.000660    4.202448 ^ clkbuf_2_0__f_clk/A (sky130_fd_sc_hd__clkbuf_16)
     8    0.030575    0.051516    0.132830    4.335278 ^ clkbuf_2_0__f_clk/X (sky130_fd_sc_hd__clkbuf_16)
                                                         clknet_2_0__leaf_clk (net)
                      0.051519    0.000719    4.335997 ^ _309_/CLK (sky130_fd_sc_hd__dfxtp_2)
                                 -0.250000    4.085997   clock uncertainty
                                  0.000000    4.085997   clock reconvergence pessimism
                                 -0.056759    4.029237   library setup time
                                              4.029237   data required time
---------------------------------------------------------------------------------------------
                                              4.029237   data required time
                                             -2.307877   data arrival time
---------------------------------------------------------------------------------------------
                                              1.721361   slack (MET)


Startpoint: _297_ (rising edge-triggered flip-flop clocked by clk)
Endpoint: y[2] (output port clocked by clk)
Path Group: clk
Path Type: max

Fanout         Cap        Slew       Delay        Time   Description
---------------------------------------------------------------------------------------------
                                  0.000000    0.000000   clock clk (rise edge)
                                  0.000000    0.000000   clock source latency
     1    0.017230    0.083408    0.060216    0.060216 ^ clk (in)
                                                         clk (net)
                      0.083428    0.000000    0.060216 ^ clkbuf_0_clk/A (sky130_fd_sc_hd__clkbuf_16)
     4    0.038912    0.058816    0.162812    0.223028 ^ clkbuf_0_clk/X (sky130_fd_sc_hd__clkbuf_16)
                                                         clknet_0_clk (net)
                      0.058825    0.000716    0.223744 ^ clkbuf_2_3__f_clk/A (sky130_fd_sc_hd__clkbuf_16)
     8    0.031370    0.052226    0.147522    0.371266 ^ clkbuf_2_3__f_clk/X (sky130_fd_sc_hd__clkbuf_16)
                                                         clknet_2_3__leaf_clk (net)
                      0.052228    0.000652    0.371918 ^ _297_/CLK (sky130_fd_sc_hd__dfxtp_2)
     1    0.003730    0.033440    0.326164    0.698083 ^ _297_/Q (sky130_fd_sc_hd__dfxtp_2)
                                                         net26 (net)
                      0.033440    0.000126    0.698208 ^ output26/A (sky130_fd_sc_hd__clkdlybuf4s25_1)
     1    0.035043    0.353857    0.483505    1.181713 ^ output26/X (sky130_fd_sc_hd__clkdlybuf4s25_1)
                                                         y[2] (net)
                      0.353857    0.000745    1.182458 ^ y[2] (out)
                                              1.182458   data arrival time

                                  4.000000    4.000000   clock clk (rise edge)
                                  0.000000    4.000000   clock network delay (propagated)
                                 -0.250000    3.750000   clock uncertainty
                                  0.000000    3.750000   clock reconvergence pessimism
                                 -0.800000    2.950000   output external delay
                                              2.950000   data required time
---------------------------------------------------------------------------------------------
                                              2.950000   data required time
                                             -1.182458   data arrival time
---------------------------------------------------------------------------------------------
                                              1.767542   slack (MET)


Startpoint: _296_ (rising edge-triggered flip-flop clocked by clk)
Endpoint: y[1] (output port clocked by clk)
Path Group: clk
Path Type: max

Fanout         Cap        Slew       Delay        Time   Description
---------------------------------------------------------------------------------------------
                                  0.000000    0.000000   clock clk (rise edge)
                                  0.000000    0.000000   clock source latency
     1    0.017230    0.083408    0.060216    0.060216 ^ clk (in)
                                                         clk (net)
                      0.083428    0.000000    0.060216 ^ clkbuf_0_clk/A (sky130_fd_sc_hd__clkbuf_16)
     4    0.038912    0.058816    0.162812    0.223028 ^ clkbuf_0_clk/X (sky130_fd_sc_hd__clkbuf_16)
                                                         clknet_0_clk (net)
                      0.058825    0.000716    0.223744 ^ clkbuf_2_3__f_clk/A (sky130_fd_sc_hd__clkbuf_16)
     8    0.031370    0.052226    0.147522    0.371266 ^ clkbuf_2_3__f_clk/X (sky130_fd_sc_hd__clkbuf_16)
                                                         clknet_2_3__leaf_clk (net)
                      0.052228    0.000686    0.371953 ^ _296_/CLK (sky130_fd_sc_hd__dfxtp_2)
     1    0.003957    0.034439    0.327260    0.699212 ^ _296_/Q (sky130_fd_sc_hd__dfxtp_2)
                                                         net25 (net)
                      0.034439    0.000137    0.699350 ^ output25/A (sky130_fd_sc_hd__clkdlybuf4s25_1)
     1    0.034731    0.350790    0.481645    1.180995 ^ output25/X (sky130_fd_sc_hd__clkdlybuf4s25_1)
                                                         y[1] (net)
                      0.350790    0.000735    1.181730 ^ y[1] (out)
                                              1.181730   data arrival time

                                  4.000000    4.000000   clock clk (rise edge)
                                  0.000000    4.000000   clock network delay (propagated)
                                 -0.250000    3.750000   clock uncertainty
                                  0.000000    3.750000   clock reconvergence pessimism
                                 -0.800000    2.950000   output external delay
                                              2.950000   data required time
---------------------------------------------------------------------------------------------
                                              2.950000   data required time
                                             -1.181730   data arrival time
---------------------------------------------------------------------------------------------
                                              1.768270   slack (MET)


Startpoint: _304_ (rising edge-triggered flip-flop clocked by clk)
Endpoint: negative (output port clocked by clk)
Path Group: clk
Path Type: max

Fanout         Cap        Slew       Delay        Time   Description
---------------------------------------------------------------------------------------------
                                  0.000000    0.000000   clock clk (rise edge)
                                  0.000000    0.000000   clock source latency
     1    0.017230    0.083408    0.060216    0.060216 ^ clk (in)
                                                         clk (net)
                      0.083428    0.000000    0.060216 ^ clkbuf_0_clk/A (sky130_fd_sc_hd__clkbuf_16)
     4    0.038912    0.058816    0.162812    0.223028 ^ clkbuf_0_clk/X (sky130_fd_sc_hd__clkbuf_16)
                                                         clknet_0_clk (net)
                      0.058824    0.000677    0.223705 ^ clkbuf_2_1__f_clk/A (sky130_fd_sc_hd__clkbuf_16)
     8    0.024948    0.046238    0.141830    0.365536 ^ clkbuf_2_1__f_clk/X (sky130_fd_sc_hd__clkbuf_16)
                                                         clknet_2_1__leaf_clk (net)
                      0.046245    0.000595    0.366131 ^ _304_/CLK (sky130_fd_sc_hd__dfxtp_2)
     2    0.005120    0.039763    0.329757    0.695888 ^ _304_/Q (sky130_fd_sc_hd__dfxtp_2)
                                                         net22 (net)
                      0.039763    0.000108    0.695995 ^ output22/A (sky130_fd_sc_hd__clkdlybuf4s25_1)
     1    0.034880    0.352090    0.484704    1.180699 ^ output22/X (sky130_fd_sc_hd__clkdlybuf4s25_1)
                                                         negative (net)
                      0.352090    0.000700    1.181399 ^ negative (out)
                                              1.181399   data arrival time

                                  4.000000    4.000000   clock clk (rise edge)
                                  0.000000    4.000000   clock network delay (propagated)
                                 -0.250000    3.750000   clock uncertainty
                                  0.000000    3.750000   clock reconvergence pessimism
                                 -0.800000    2.950000   output external delay
                                              2.950000   data required time
---------------------------------------------------------------------------------------------
                                              2.950000   data required time
                                             -1.181399   data arrival time
---------------------------------------------------------------------------------------------
                                              1.768601   slack (MET)


Startpoint: _300_ (rising edge-triggered flip-flop clocked by clk)
Endpoint: y[5] (output port clocked by clk)
Path Group: clk
Path Type: max

Fanout         Cap        Slew       Delay        Time   Description
---------------------------------------------------------------------------------------------
                                  0.000000    0.000000   clock clk (rise edge)
                                  0.000000    0.000000   clock source latency
     1    0.017230    0.083408    0.060216    0.060216 ^ clk (in)
                                                         clk (net)
                      0.083428    0.000000    0.060216 ^ clkbuf_0_clk/A (sky130_fd_sc_hd__clkbuf_16)
     4    0.038912    0.058816    0.162812    0.223028 ^ clkbuf_0_clk/X (sky130_fd_sc_hd__clkbuf_16)
                                                         clknet_0_clk (net)
                      0.058826    0.000730    0.223758 ^ clkbuf_2_0__f_clk/A (sky130_fd_sc_hd__clkbuf_16)
     8    0.030575    0.051516    0.146812    0.370570 ^ clkbuf_2_0__f_clk/X (sky130_fd_sc_hd__clkbuf_16)
                                                         clknet_2_0__leaf_clk (net)
                      0.051516    0.000255    0.370825 ^ _300_/CLK (sky130_fd_sc_hd__dfxtp_2)
     1    0.003892    0.034163    0.326679    0.697504 ^ _300_/Q (sky130_fd_sc_hd__dfxtp_2)
                                                         net29 (net)
                      0.034163    0.000103    0.697607 ^ output29/A (sky130_fd_sc_hd__clkdlybuf4s25_1)
     1    0.034880    0.352240    0.482633    1.180240 ^ output29/X (sky130_fd_sc_hd__clkdlybuf4s25_1)
                                                         y[5] (net)
                      0.352240    0.000700    1.180940 ^ y[5] (out)
                                              1.180940   data arrival time

                                  4.000000    4.000000   clock clk (rise edge)
                                  0.000000    4.000000   clock network delay (propagated)
                                 -0.250000    3.750000   clock uncertainty
                                  0.000000    3.750000   clock reconvergence pessimism
                                 -0.800000    2.950000   output external delay
                                              2.950000   data required time
---------------------------------------------------------------------------------------------
                                              2.950000   data required time
                                             -1.180940   data arrival time
---------------------------------------------------------------------------------------------
                                              1.769060   slack (MET)


Startpoint: _303_ (rising edge-triggered flip-flop clocked by clk)
Endpoint: zero (output port clocked by clk)
Path Group: clk
Path Type: max

Fanout         Cap        Slew       Delay        Time   Description
---------------------------------------------------------------------------------------------
                                  0.000000    0.000000   clock clk (rise edge)
                                  0.000000    0.000000   clock source latency
     1    0.017230    0.083408    0.060216    0.060216 ^ clk (in)
                                                         clk (net)
                      0.083428    0.000000    0.060216 ^ clkbuf_0_clk/A (sky130_fd_sc_hd__clkbuf_16)
     4    0.038912    0.058816    0.162812    0.223028 ^ clkbuf_0_clk/X (sky130_fd_sc_hd__clkbuf_16)
                                                         clknet_0_clk (net)
                      0.058824    0.000677    0.223705 ^ clkbuf_2_1__f_clk/A (sky130_fd_sc_hd__clkbuf_16)
     8    0.024948    0.046238    0.141830    0.365536 ^ clkbuf_2_1__f_clk/X (sky130_fd_sc_hd__clkbuf_16)
                                                         clknet_2_1__leaf_clk (net)
                      0.046245    0.000594    0.366130 ^ _303_/CLK (sky130_fd_sc_hd__dfxtp_2)
     1    0.004097    0.035088    0.325602    0.691732 ^ _303_/Q (sky130_fd_sc_hd__dfxtp_2)
                                                         net32 (net)
                      0.035088    0.000137    0.691869 ^ output32/A (sky130_fd_sc_hd__clkdlybuf4s25_1)
     1    0.035038    0.353764    0.484079    1.175948 ^ output32/X (sky130_fd_sc_hd__clkdlybuf4s25_1)
                                                         zero (net)
                      0.353764    0.000745    1.176693 ^ zero (out)
                                              1.176693   data arrival time

                                  4.000000    4.000000   clock clk (rise edge)
                                  0.000000    4.000000   clock network delay (propagated)
                                 -0.250000    3.750000   clock uncertainty
                                  0.000000    3.750000   clock reconvergence pessimism
                                 -0.800000    2.950000   output external delay
                                              2.950000   data required time
---------------------------------------------------------------------------------------------
                                              2.950000   data required time
                                             -1.176693   data arrival time
---------------------------------------------------------------------------------------------
                                              1.773307   slack (MET)


Startpoint: _295_ (rising edge-triggered flip-flop clocked by clk)
Endpoint: y[0] (output port clocked by clk)
Path Group: clk
Path Type: max

Fanout         Cap        Slew       Delay        Time   Description
---------------------------------------------------------------------------------------------
                                  0.000000    0.000000   clock clk (rise edge)
                                  0.000000    0.000000   clock source latency
     1    0.017230    0.083408    0.060216    0.060216 ^ clk (in)
                                                         clk (net)
                      0.083428    0.000000    0.060216 ^ clkbuf_0_clk/A (sky130_fd_sc_hd__clkbuf_16)
     4    0.038912    0.058816    0.162812    0.223028 ^ clkbuf_0_clk/X (sky130_fd_sc_hd__clkbuf_16)
                                                         clknet_0_clk (net)
                      0.058825    0.000716    0.223744 ^ clkbuf_2_3__f_clk/A (sky130_fd_sc_hd__clkbuf_16)
     8    0.031370    0.052226    0.147522    0.371266 ^ clkbuf_2_3__f_clk/X (sky130_fd_sc_hd__clkbuf_16)
                                                         clknet_2_3__leaf_clk (net)
                      0.052228    0.000675    0.371941 ^ _295_/CLK (sky130_fd_sc_hd__dfxtp_2)
     1    0.002755    0.029601    0.321452    0.693393 ^ _295_/Q (sky130_fd_sc_hd__dfxtp_2)
                                                         net24 (net)
                      0.029601    0.000060    0.693453 ^ output24/A (sky130_fd_sc_hd__clkdlybuf4s25_1)
     1    0.034904    0.352603    0.481123    1.174576 ^ output24/X (sky130_fd_sc_hd__clkdlybuf4s25_1)
                                                         y[0] (net)
                      0.352603    0.000700    1.175276 ^ y[0] (out)
                                              1.175276   data arrival time

                                  4.000000    4.000000   clock clk (rise edge)
                                  0.000000    4.000000   clock network delay (propagated)
                                 -0.250000    3.750000   clock uncertainty
                                  0.000000    3.750000   clock reconvergence pessimism
                                 -0.800000    2.950000   output external delay
                                              2.950000   data required time
---------------------------------------------------------------------------------------------
                                              2.950000   data required time
                                             -1.175276   data arrival time
---------------------------------------------------------------------------------------------
                                              1.774724   slack (MET)


Startpoint: _302_ (rising edge-triggered flip-flop clocked by clk)
Endpoint: carry (output port clocked by clk)
Path Group: clk
Path Type: max

Fanout         Cap        Slew       Delay        Time   Description
---------------------------------------------------------------------------------------------
                                  0.000000    0.000000   clock clk (rise edge)
                                  0.000000    0.000000   clock source latency
     1    0.017230    0.083408    0.060216    0.060216 ^ clk (in)
                                                         clk (net)
                      0.083428    0.000000    0.060216 ^ clkbuf_0_clk/A (sky130_fd_sc_hd__clkbuf_16)
     4    0.038912    0.058816    0.162812    0.223028 ^ clkbuf_0_clk/X (sky130_fd_sc_hd__clkbuf_16)
                                                         clknet_0_clk (net)
                      0.058824    0.000677    0.223705 ^ clkbuf_2_1__f_clk/A (sky130_fd_sc_hd__clkbuf_16)
     8    0.024948    0.046238    0.141830    0.365536 ^ clkbuf_2_1__f_clk/X (sky130_fd_sc_hd__clkbuf_16)
                                                         clknet_2_1__leaf_clk (net)
                      0.046248    0.000667    0.366203 ^ _302_/CLK (sky130_fd_sc_hd__dfxtp_2)
     1    0.003199    0.031212    0.321266    0.687469 ^ _302_/Q (sky130_fd_sc_hd__dfxtp_2)
                                                         net21 (net)
                      0.031212    0.000097    0.687566 ^ output21/A (sky130_fd_sc_hd__clkdlybuf4s25_1)
     1    0.035338    0.356855    0.484597    1.172163 ^ output21/X (sky130_fd_sc_hd__clkdlybuf4s25_1)
                                                         carry (net)
                      0.356855    0.001045    1.173209 ^ carry (out)
                                              1.173209   data arrival time

                                  4.000000    4.000000   clock clk (rise edge)
                                  0.000000    4.000000   clock network delay (propagated)
                                 -0.250000    3.750000   clock uncertainty
                                  0.000000    3.750000   clock reconvergence pessimism
                                 -0.800000    2.950000   output external delay
                                              2.950000   data required time
---------------------------------------------------------------------------------------------
                                              2.950000   data required time
                                             -1.173209   data arrival time
---------------------------------------------------------------------------------------------
                                              1.776791   slack (MET)


Startpoint: _301_ (rising edge-triggered flip-flop clocked by clk)
Endpoint: y[6] (output port clocked by clk)
Path Group: clk
Path Type: max

Fanout         Cap        Slew       Delay        Time   Description
---------------------------------------------------------------------------------------------
                                  0.000000    0.000000   clock clk (rise edge)
                                  0.000000    0.000000   clock source latency
     1    0.017230    0.083408    0.060216    0.060216 ^ clk (in)
                                                         clk (net)
                      0.083428    0.000000    0.060216 ^ clkbuf_0_clk/A (sky130_fd_sc_hd__clkbuf_16)
     4    0.038912    0.058816    0.162812    0.223028 ^ clkbuf_0_clk/X (sky130_fd_sc_hd__clkbuf_16)
                                                         clknet_0_clk (net)
                      0.058824    0.000677    0.223705 ^ clkbuf_2_1__f_clk/A (sky130_fd_sc_hd__clkbuf_16)
     8    0.024948    0.046238    0.141830    0.365536 ^ clkbuf_2_1__f_clk/X (sky130_fd_sc_hd__clkbuf_16)
                                                         clknet_2_1__leaf_clk (net)
                      0.046244    0.000565    0.366100 ^ _301_/CLK (sky130_fd_sc_hd__dfxtp_2)
     1    0.003527    0.032585    0.322846    0.688946 ^ _301_/Q (sky130_fd_sc_hd__dfxtp_2)
                                                         net30 (net)
                      0.032585    0.000121    0.689067 ^ output30/A (sky130_fd_sc_hd__clkdlybuf4s25_1)
     1    0.034905    0.352533    0.482234    1.171301 ^ output30/X (sky130_fd_sc_hd__clkdlybuf4s25_1)
                                                         y[6] (net)
                      0.352533    0.000700    1.172001 ^ y[6] (out)
                                              1.172001   data arrival time

                                  4.000000    4.000000   clock clk (rise edge)
                                  0.000000    4.000000   clock network delay (propagated)
                                 -0.250000    3.750000   clock uncertainty
                                  0.000000    3.750000   clock reconvergence pessimism
                                 -0.800000    2.950000   output external delay
                                              2.950000   data required time
---------------------------------------------------------------------------------------------
                                              2.950000   data required time
                                             -1.172001   data arrival time
---------------------------------------------------------------------------------------------
                                              1.777999   slack (MET)


Startpoint: _299_ (rising edge-triggered flip-flop clocked by clk)
Endpoint: y[4] (output port clocked by clk)
Path Group: clk
Path Type: max

Fanout         Cap        Slew       Delay        Time   Description
---------------------------------------------------------------------------------------------
                                  0.000000    0.000000   clock clk (rise edge)
                                  0.000000    0.000000   clock source latency
     1    0.017230    0.083408    0.060216    0.060216 ^ clk (in)
                                                         clk (net)
                      0.083428    0.000000    0.060216 ^ clkbuf_0_clk/A (sky130_fd_sc_hd__clkbuf_16)
     4    0.038912    0.058816    0.162812    0.223028 ^ clkbuf_0_clk/X (sky130_fd_sc_hd__clkbuf_16)
                                                         clknet_0_clk (net)
                      0.058824    0.000677    0.223705 ^ clkbuf_2_1__f_clk/A (sky130_fd_sc_hd__clkbuf_16)
     8    0.024948    0.046238    0.141830    0.365536 ^ clkbuf_2_1__f_clk/X (sky130_fd_sc_hd__clkbuf_16)
                                                         clknet_2_1__leaf_clk (net)
                      0.046242    0.000466    0.366002 ^ _299_/CLK (sky130_fd_sc_hd__dfxtp_2)
     1    0.003467    0.032335    0.322569    0.688571 ^ _299_/Q (sky130_fd_sc_hd__dfxtp_2)
                                                         net28 (net)
                      0.032335    0.000087    0.688658 ^ output28/A (sky130_fd_sc_hd__clkdlybuf4s25_1)
     1    0.034903    0.352519    0.482127    1.170785 ^ output28/X (sky130_fd_sc_hd__clkdlybuf4s25_1)
                                                         y[4] (net)
                      0.352519    0.000700    1.171484 ^ y[4] (out)
                                              1.171484   data arrival time

                                  4.000000    4.000000   clock clk (rise edge)
                                  0.000000    4.000000   clock network delay (propagated)
                                 -0.250000    3.750000   clock uncertainty
                                  0.000000    3.750000   clock reconvergence pessimism
                                 -0.800000    2.950000   output external delay
                                              2.950000   data required time
---------------------------------------------------------------------------------------------
                                              2.950000   data required time
                                             -1.171484   data arrival time
---------------------------------------------------------------------------------------------
                                              1.778515   slack (MET)


Startpoint: _298_ (rising edge-triggered flip-flop clocked by clk)
Endpoint: y[3] (output port clocked by clk)
Path Group: clk
Path Type: max

Fanout         Cap        Slew       Delay        Time   Description
---------------------------------------------------------------------------------------------
                                  0.000000    0.000000   clock clk (rise edge)
                                  0.000000    0.000000   clock source latency
     1    0.017230    0.083408    0.060216    0.060216 ^ clk (in)
                                                         clk (net)
                      0.083428    0.000000    0.060216 ^ clkbuf_0_clk/A (sky130_fd_sc_hd__clkbuf_16)
     4    0.038912    0.058816    0.162812    0.223028 ^ clkbuf_0_clk/X (sky130_fd_sc_hd__clkbuf_16)
                                                         clknet_0_clk (net)
                      0.058824    0.000677    0.223705 ^ clkbuf_2_1__f_clk/A (sky130_fd_sc_hd__clkbuf_16)
     8    0.024948    0.046238    0.141830    0.365536 ^ clkbuf_2_1__f_clk/X (sky130_fd_sc_hd__clkbuf_16)
                                                         clknet_2_1__leaf_clk (net)
                      0.046242    0.000489    0.366024 ^ _298_/CLK (sky130_fd_sc_hd__dfxtp_2)
     1    0.003745    0.033524    0.323904    0.689928 ^ _298_/Q (sky130_fd_sc_hd__dfxtp_2)
                                                         net27 (net)
                      0.033524    0.000126    0.690054 ^ output27/A (sky130_fd_sc_hd__clkdlybuf4s25_1)
     1    0.034596    0.349489    0.480368    1.170421 ^ output27/X (sky130_fd_sc_hd__clkdlybuf4s25_1)
                                                         y[3] (net)
                      0.349489    0.000690    1.171111 ^ y[3] (out)
                                              1.171111   data arrival time

                                  4.000000    4.000000   clock clk (rise edge)
                                  0.000000    4.000000   clock network delay (propagated)
                                 -0.250000    3.750000   clock uncertainty
                                  0.000000    3.750000   clock reconvergence pessimism
                                 -0.800000    2.950000   output external delay
                                              2.950000   data required time
---------------------------------------------------------------------------------------------
                                              2.950000   data required time
                                             -1.171111   data arrival time
---------------------------------------------------------------------------------------------
                                              1.778889   slack (MET)


Startpoint: rst_n (input port clocked by clk)
Endpoint: _312_ (rising edge-triggered flip-flop clocked by clk)
Path Group: clk
Path Type: max

Fanout         Cap        Slew       Delay        Time   Description
---------------------------------------------------------------------------------------------
                                  0.000000    0.000000   clock clk (rise edge)
                                  0.000000    0.000000   clock network delay (propagated)
                                  0.800000    0.800000 ^ input external delay
     1    0.004005    0.024969    0.015282    0.815282 ^ rst_n (in)
                                                         rst_n (net)
                      0.024970    0.000000    0.815282 ^ input20/A (sky130_fd_sc_hd__clkdlybuf4s25_1)
     1    0.002695    0.043120    0.246691    1.061972 ^ input20/X (sky130_fd_sc_hd__clkdlybuf4s25_1)
                                                         net20 (net)
                      0.043120    0.000080    1.062052 ^ fanout38/A (sky130_fd_sc_hd__clkdlybuf4s25_1)
     6    0.033490    0.338630    0.475370    1.537422 ^ fanout38/X (sky130_fd_sc_hd__clkdlybuf4s25_1)
                                                         net38 (net)
                      0.338630    0.000718    1.538140 ^ fanout36/A (sky130_fd_sc_hd__clkdlybuf4s25_1)
     7    0.026944    0.274908    0.506207    2.044347 ^ fanout36/X (sky130_fd_sc_hd__clkdlybuf4s25_1)
                                                         net36 (net)
                      0.274908    0.000032    2.044379 ^ _209_/A (sky130_fd_sc_hd__and2_2)
     1    0.002738    0.040389    0.204962    2.249341 ^ _209_/X (sky130_fd_sc_hd__and2_2)
                                                         _018_ (net)
                      0.040389    0.000086    2.249427 ^ _312_/D (sky130_fd_sc_hd__dfxtp_2)
                                              2.249427   data arrival time

                                  4.000000    4.000000   clock clk (rise edge)
                                  0.000000    4.000000   clock source latency
     1    0.017230    0.083408    0.054481    4.054482 ^ clk (in)
                                                         clk (net)
                      0.083428    0.000000    4.054482 ^ clkbuf_0_clk/A (sky130_fd_sc_hd__clkbuf_16)
     4    0.038912    0.058816    0.147306    4.201787 ^ clkbuf_0_clk/X (sky130_fd_sc_hd__clkbuf_16)
                                                         clknet_0_clk (net)
                      0.058826    0.000660    4.202448 ^ clkbuf_2_0__f_clk/A (sky130_fd_sc_hd__clkbuf_16)
     8    0.030575    0.051516    0.132830    4.335278 ^ clkbuf_2_0__f_clk/X (sky130_fd_sc_hd__clkbuf_16)
                                                         clknet_2_0__leaf_clk (net)
                      0.051523    0.001048    4.336327 ^ _312_/CLK (sky130_fd_sc_hd__dfxtp_2)
                                 -0.250000    4.086327   clock uncertainty
                                  0.000000    4.086327   clock reconvergence pessimism
                                 -0.056813    4.029514   library setup time
                                              4.029514   data required time
---------------------------------------------------------------------------------------------
                                              4.029514   data required time
                                             -2.249427   data arrival time
---------------------------------------------------------------------------------------------
                                              1.780088   slack (MET)


Startpoint: rst_n (input port clocked by clk)
Endpoint: _320_ (rising edge-triggered flip-flop clocked by clk)
Path Group: clk
Path Type: max

Fanout         Cap        Slew       Delay        Time   Description
---------------------------------------------------------------------------------------------
                                  0.000000    0.000000   clock clk (rise edge)
                                  0.000000    0.000000   clock network delay (propagated)
                                  0.800000    0.800000 ^ input external delay
     1    0.004005    0.024969    0.015282    0.815282 ^ rst_n (in)
                                                         rst_n (net)
                      0.024970    0.000000    0.815282 ^ input20/A (sky130_fd_sc_hd__clkdlybuf4s25_1)
     1    0.002695    0.043120    0.246691    1.061972 ^ input20/X (sky130_fd_sc_hd__clkdlybuf4s25_1)
                                                         net20 (net)
                      0.043120    0.000080    1.062052 ^ fanout38/A (sky130_fd_sc_hd__clkdlybuf4s25_1)
     6    0.033490    0.338630    0.475370    1.537422 ^ fanout38/X (sky130_fd_sc_hd__clkdlybuf4s25_1)
                                                         net38 (net)
                      0.338630    0.000718    1.538140 ^ fanout36/A (sky130_fd_sc_hd__clkdlybuf4s25_1)
     7    0.026944    0.274908    0.506207    2.044347 ^ fanout36/X (sky130_fd_sc_hd__clkdlybuf4s25_1)
                                                         net36 (net)
                      0.274908    0.000956    2.045303 ^ _217_/A (sky130_fd_sc_hd__and2_2)
     1    0.002390    0.039031    0.202979    2.248282 ^ _217_/X (sky130_fd_sc_hd__and2_2)
                                                         _026_ (net)
                      0.039031    0.000075    2.248357 ^ _320_/D (sky130_fd_sc_hd__dfxtp_2)
                                              2.248357   data arrival time

                                  4.000000    4.000000   clock clk (rise edge)
                                  0.000000    4.000000   clock source latency
     1    0.017230    0.083408    0.054481    4.054482 ^ clk (in)
                                                         clk (net)
                      0.083428    0.000000    4.054482 ^ clkbuf_0_clk/A (sky130_fd_sc_hd__clkbuf_16)
     4    0.038912    0.058816    0.147306    4.201787 ^ clkbuf_0_clk/X (sky130_fd_sc_hd__clkbuf_16)
                                                         clknet_0_clk (net)
                      0.058826    0.000660    4.202448 ^ clkbuf_2_0__f_clk/A (sky130_fd_sc_hd__clkbuf_16)
     8    0.030575    0.051516    0.132830    4.335278 ^ clkbuf_2_0__f_clk/X (sky130_fd_sc_hd__clkbuf_16)
                                                         clknet_2_0__leaf_clk (net)
                      0.051523    0.001086    4.336364 ^ _320_/CLK (sky130_fd_sc_hd__dfxtp_2)
                                 -0.250000    4.086364   clock uncertainty
                                  0.000000    4.086364   clock reconvergence pessimism
                                 -0.056493    4.029871   library setup time
                                              4.029871   data required time
---------------------------------------------------------------------------------------------
                                              4.029871   data required time
                                             -2.248357   data arrival time
---------------------------------------------------------------------------------------------
                                              1.781514   slack (MET)


Startpoint: _294_ (rising edge-triggered flip-flop clocked by clk)
Endpoint: overflow (output port clocked by clk)
Path Group: clk
Path Type: max

Fanout         Cap        Slew       Delay        Time   Description
---------------------------------------------------------------------------------------------
                                  0.000000    0.000000   clock clk (rise edge)
                                  0.000000    0.000000   clock source latency
     1    0.017230    0.083408    0.060216    0.060216 ^ clk (in)
                                                         clk (net)
                      0.083428    0.000000    0.060216 ^ clkbuf_0_clk/A (sky130_fd_sc_hd__clkbuf_16)
     4    0.038912    0.058816    0.162812    0.223028 ^ clkbuf_0_clk/X (sky130_fd_sc_hd__clkbuf_16)
                                                         clknet_0_clk (net)
                      0.058824    0.000677    0.223705 ^ clkbuf_2_1__f_clk/A (sky130_fd_sc_hd__clkbuf_16)
     8    0.024948    0.046238    0.141830    0.365536 ^ clkbuf_2_1__f_clk/X (sky130_fd_sc_hd__clkbuf_16)
                                                         clknet_2_1__leaf_clk (net)
                      0.046249    0.000698    0.366233 ^ _294_/CLK (sky130_fd_sc_hd__dfxtp_2)
     1    0.002730    0.029538    0.319000    0.685233 ^ _294_/Q (sky130_fd_sc_hd__dfxtp_2)
                                                         net23 (net)
                      0.029538    0.000081    0.685315 ^ output23/A (sky130_fd_sc_hd__clkdlybuf4s25_1)
     1    0.035070    0.354274    0.482094    1.167409 ^ output23/X (sky130_fd_sc_hd__clkdlybuf4s25_1)
                                                         overflow (net)
                      0.354274    0.000982    1.168391 ^ overflow (out)
                                              1.168391   data arrival time

                                  4.000000    4.000000   clock clk (rise edge)
                                  0.000000    4.000000   clock network delay (propagated)
                                 -0.250000    3.750000   clock uncertainty
                                  0.000000    3.750000   clock reconvergence pessimism
                                 -0.800000    2.950000   output external delay
                                              2.950000   data required time
---------------------------------------------------------------------------------------------
                                              2.950000   data required time
                                             -1.168391   data arrival time
---------------------------------------------------------------------------------------------
                                              1.781609   slack (MET)


Startpoint: rst_n (input port clocked by clk)
Endpoint: _307_ (rising edge-triggered flip-flop clocked by clk)
Path Group: clk
Path Type: max

Fanout         Cap        Slew       Delay        Time   Description
---------------------------------------------------------------------------------------------
                                  0.000000    0.000000   clock clk (rise edge)
                                  0.000000    0.000000   clock network delay (propagated)
                                  0.800000    0.800000 v input external delay
     1    0.003780    0.010890    0.006408    0.806408 v rst_n (in)
                                                         rst_n (net)
                      0.010895    0.000000    0.806408 v input20/A (sky130_fd_sc_hd__clkdlybuf4s25_1)
     1    0.002470    0.037671    0.235564    1.041972 v input20/X (sky130_fd_sc_hd__clkdlybuf4s25_1)
                                                         net20 (net)
                      0.037671    0.000073    1.042045 v fanout38/A (sky130_fd_sc_hd__clkdlybuf4s25_1)
     6    0.032453    0.242530    0.421108    1.463153 v fanout38/X (sky130_fd_sc_hd__clkdlybuf4s25_1)
                                                         net38 (net)
                      0.242547    0.002234    1.465388 v _204_/A (sky130_fd_sc_hd__and2_2)
     1    0.002508    0.035652    0.263505    1.728893 v _204_/X (sky130_fd_sc_hd__and2_2)
                                                         _013_ (net)
                      0.035652    0.000081    1.728974 v _307_/D (sky130_fd_sc_hd__dfxtp_2)
                                              1.728974   data arrival time

                                  4.000000    4.000000   clock clk (rise edge)
                                  0.000000    4.000000   clock source latency
     1    0.017230    0.083408    0.054481    4.054482 ^ clk (in)
                                                         clk (net)
                      0.083428    0.000000    4.054482 ^ clkbuf_0_clk/A (sky130_fd_sc_hd__clkbuf_16)
     4    0.038912    0.058816    0.147306    4.201787 ^ clkbuf_0_clk/X (sky130_fd_sc_hd__clkbuf_16)
                                                         clknet_0_clk (net)
                      0.058825    0.000648    4.202435 ^ clkbuf_2_3__f_clk/A (sky130_fd_sc_hd__clkbuf_16)
     8    0.031370    0.052226    0.133472    4.335908 ^ clkbuf_2_3__f_clk/X (sky130_fd_sc_hd__clkbuf_16)
                                                         clknet_2_3__leaf_clk (net)
                      0.052227    0.000405    4.336313 ^ _307_/CLK (sky130_fd_sc_hd__dfxtp_2)
                                 -0.250000    4.086313   clock uncertainty
                                  0.000000    4.086313   clock reconvergence pessimism
                                 -0.107117    3.979195   library setup time
                                              3.979195   data required time
---------------------------------------------------------------------------------------------
                                              3.979195   data required time
                                             -1.728974   data arrival time
---------------------------------------------------------------------------------------------
                                              2.250221   slack (MET)


Startpoint: rst_n (input port clocked by clk)
Endpoint: _315_ (rising edge-triggered flip-flop clocked by clk)
Path Group: clk
Path Type: max

Fanout         Cap        Slew       Delay        Time   Description
---------------------------------------------------------------------------------------------
                                  0.000000    0.000000   clock clk (rise edge)
                                  0.000000    0.000000   clock network delay (propagated)
                                  0.800000    0.800000 v input external delay
     1    0.003780    0.010890    0.006408    0.806408 v rst_n (in)
                                                         rst_n (net)
                      0.010895    0.000000    0.806408 v input20/A (sky130_fd_sc_hd__clkdlybuf4s25_1)
     1    0.002470    0.037671    0.235564    1.041972 v input20/X (sky130_fd_sc_hd__clkdlybuf4s25_1)
                                                         net20 (net)
                      0.037671    0.000073    1.042045 v fanout38/A (sky130_fd_sc_hd__clkdlybuf4s25_1)
     6    0.032453    0.242530    0.421108    1.463153 v fanout38/X (sky130_fd_sc_hd__clkdlybuf4s25_1)
                                                         net38 (net)
                      0.242546    0.002198    1.465352 v _212_/A (sky130_fd_sc_hd__and2_2)
     1    0.001870    0.034009    0.260582    1.725934 v _212_/X (sky130_fd_sc_hd__and2_2)
                                                         _021_ (net)
                      0.034009    0.000055    1.725989 v _315_/D (sky130_fd_sc_hd__dfxtp_2)
                                              1.725989   data arrival time

                                  4.000000    4.000000   clock clk (rise edge)
                                  0.000000    4.000000   clock source latency
     1    0.017230    0.083408    0.054481    4.054482 ^ clk (in)
                                                         clk (net)
                      0.083428    0.000000    4.054482 ^ clkbuf_0_clk/A (sky130_fd_sc_hd__clkbuf_16)
     4    0.038912    0.058816    0.147306    4.201787 ^ clkbuf_0_clk/X (sky130_fd_sc_hd__clkbuf_16)
                                                         clknet_0_clk (net)
                      0.058825    0.000648    4.202435 ^ clkbuf_2_3__f_clk/A (sky130_fd_sc_hd__clkbuf_16)
     8    0.031370    0.052226    0.133472    4.335908 ^ clkbuf_2_3__f_clk/X (sky130_fd_sc_hd__clkbuf_16)
                                                         clknet_2_3__leaf_clk (net)
                      0.052227    0.000425    4.336332 ^ _315_/CLK (sky130_fd_sc_hd__dfxtp_2)
                                 -0.250000    4.086332   clock uncertainty
                                  0.000000    4.086332   clock reconvergence pessimism
                                 -0.106400    3.979932   library setup time
                                              3.979932   data required time
---------------------------------------------------------------------------------------------
                                              3.979932   data required time
                                             -1.725989   data arrival time
---------------------------------------------------------------------------------------------
                                              2.253943   slack (MET)



