+ define_corners nom_tt_025C_1v80
Reading timing models for corner nom_tt_025C_1v80…
Reading cell library for the 'nom_tt_025C_1v80' corner at '/home/runner/.ciel/ciel/sky130/versions/8afc8346a57fe1ab7934ba5a6056ea8b43078e71/sky130A/libs.ref/sky130_fd_sc_hd/lib/sky130_fd_sc_hd__tt_025C_1v80.lib'…
Reading top-level netlist at '/home/runner/work/ASIC_101/ASIC_101/files/alu/pd/runs/rca-5ns/52-openroad-fillinsertion/alu_top.nl.v'…
Linking design 'alu_top' from netlist…
Warning: /home/runner/work/ASIC_101/ASIC_101/files/alu/pd/runs/rca-5ns/52-openroad-fillinsertion/alu_top.nl.v line 246, module sky130_fd_sc_hd__fill_1 not found. Creating black box for FILLER_0_103.
Warning: /home/runner/work/ASIC_101/ASIC_101/files/alu/pd/runs/rca-5ns/52-openroad-fillinsertion/alu_top.nl.v line 249, module sky130_fd_sc_hd__fill_2 not found. Creating black box for FILLER_0_119.
Warning: /home/runner/work/ASIC_101/ASIC_101/files/alu/pd/runs/rca-5ns/52-openroad-fillinsertion/alu_top.nl.v line 1666, module sky130_fd_sc_hd__tapvpwrvgnd_1 not found. Creating black box for TAP_TAPCELL_ROW_0_64.
Reading design constraints file at '/nix/store/8y4m6wgn5kqlbig1qwnwbxijqqp0jwib-python3-3.13.9-env/lib/python3.13/site-packages/librelane/scripts/base.sdc'…
[INFO] Using clock clk…
[INFO] Setting output delay to: 1.0
[INFO] Setting input delay to: 1.0
[INFO] Setting load to: 0.033442
[INFO] Setting clock uncertainty to: 0.25
[INFO] Setting clock transition to: 0.1499999999999999944488848768742172978818416595458984375
[INFO] Setting timing derate to: 5.0%
Reading top-level design parasitics for the 'nom_tt_025C_1v80' corner at '/home/runner/work/ASIC_101/ASIC_101/files/alu/pd/runs/rca-5ns/54-openroad-rcx/nom/alu_top.nom.spef'…
%OL_CREATE_REPORT min.rpt

===========================================================================
report_checks -path_delay min (Hold)
============================================================================
======================= nom_tt_025C_1v80 Corner ===================================

Startpoint: _314_ (rising edge-triggered flip-flop clocked by clk)
Endpoint: _296_ (rising edge-triggered flip-flop clocked by clk)
Path Group: clk
Path Type: min

Fanout         Cap        Slew       Delay        Time   Description
---------------------------------------------------------------------------------------------
                                  0.000000    0.000000   clock clk (rise edge)
                                  0.000000    0.000000   clock source latency
     1    0.017654    0.085267    0.055614    0.055614 ^ clk (in)
                                                         clk (net)
                      0.085277    0.000000    0.055614 ^ clkbuf_0_clk/A (sky130_fd_sc_hd__clkbuf_16)
     4    0.040619    0.060320    0.149068    0.204682 ^ clkbuf_0_clk/X (sky130_fd_sc_hd__clkbuf_16)
                                                         clknet_0_clk (net)
                      0.060333    0.000781    0.205463 ^ clkbuf_2_3__f_clk/A (sky130_fd_sc_hd__clkbuf_16)
     8    0.025138    0.046423    0.128907    0.334369 ^ clkbuf_2_3__f_clk/X (sky130_fd_sc_hd__clkbuf_16)
                                                         clknet_2_3__leaf_clk (net)
                      0.046453    0.000994    0.335363 ^ _314_/CLK (sky130_fd_sc_hd__dfxtp_2)
     6    0.030877    0.160695    0.384535    0.719898 ^ _314_/Q (sky130_fd_sc_hd__dfxtp_2)
                                                         a_q[7] (net)
                      0.160701    0.001097    0.720995 ^ _194_/A (sky130_fd_sc_hd__inv_2)
     2    0.010068    0.050001    0.062530    0.783526 v _194_/Y (sky130_fd_sc_hd__inv_2)
                                                         _118_ (net)
                      0.050001    0.000264    0.783790 v _236_/A (sky130_fd_sc_hd__nand2_2)
     3    0.013244    0.077222    0.082131    0.865920 ^ _236_/Y (sky130_fd_sc_hd__nand2_2)
                                                         _042_ (net)
                      0.077224    0.000330    0.866250 ^ _237_/A2 (sky130_fd_sc_hd__a21boi_2)
     1    0.002559    0.028713    0.051023    0.917273 v _237_/Y (sky130_fd_sc_hd__a21boi_2)
                                                         _000_ (net)
                      0.028713    0.000073    0.917346 v _296_/D (sky130_fd_sc_hd__dfxtp_2)
                                              0.917346   data arrival time

                                  0.000000    0.000000   clock clk (rise edge)
                                  0.000000    0.000000   clock source latency
     1    0.017654    0.085267    0.061468    0.061468 ^ clk (in)
                                                         clk (net)
                      0.085277    0.000000    0.061468 ^ clkbuf_0_clk/A (sky130_fd_sc_hd__clkbuf_16)
     4    0.040619    0.060320    0.164759    0.226228 ^ clkbuf_0_clk/X (sky130_fd_sc_hd__clkbuf_16)
                                                         clknet_0_clk (net)
                      0.060333    0.000862    0.227089 ^ clkbuf_2_2__f_clk/A (sky130_fd_sc_hd__clkbuf_16)
     8    0.030140    0.051160    0.147111    0.374200 ^ clkbuf_2_2__f_clk/X (sky130_fd_sc_hd__clkbuf_16)
                                                         clknet_2_2__leaf_clk (net)
                      0.051160    0.000359    0.374559 ^ _296_/CLK (sky130_fd_sc_hd__dfxtp_2)
                                  0.250000    0.624559   clock uncertainty
                                 -0.021545    0.603013   clock reconvergence pessimism
                                 -0.038000    0.565013   library hold time
                                              0.565013   data required time
---------------------------------------------------------------------------------------------
                                              0.565013   data required time
                                             -0.917346   data arrival time
---------------------------------------------------------------------------------------------
                                              0.352333   slack (MET)


Startpoint: _314_ (rising edge-triggered flip-flop clocked by clk)
Endpoint: _303_ (rising edge-triggered flip-flop clocked by clk)
Path Group: clk
Path Type: min

Fanout         Cap        Slew       Delay        Time   Description
---------------------------------------------------------------------------------------------
                                  0.000000    0.000000   clock clk (rise edge)
                                  0.000000    0.000000   clock source latency
     1    0.017654    0.085267    0.055614    0.055614 ^ clk (in)
                                                         clk (net)
                      0.085277    0.000000    0.055614 ^ clkbuf_0_clk/A (sky130_fd_sc_hd__clkbuf_16)
     4    0.040619    0.060320    0.149068    0.204682 ^ clkbuf_0_clk/X (sky130_fd_sc_hd__clkbuf_16)
                                                         clknet_0_clk (net)
                      0.060333    0.000781    0.205463 ^ clkbuf_2_3__f_clk/A (sky130_fd_sc_hd__clkbuf_16)
     8    0.025138    0.046423    0.128907    0.334369 ^ clkbuf_2_3__f_clk/X (sky130_fd_sc_hd__clkbuf_16)
                                                         clknet_2_3__leaf_clk (net)
                      0.046453    0.000994    0.335363 ^ _314_/CLK (sky130_fd_sc_hd__dfxtp_2)
     6    0.030877    0.160695    0.384535    0.719898 ^ _314_/Q (sky130_fd_sc_hd__dfxtp_2)
                                                         a_q[7] (net)
                      0.160697    0.000818    0.720716 ^ _161_/A1 (sky130_fd_sc_hd__o211a_4)
     2    0.012016    0.057487    0.189503    0.910220 ^ _161_/X (sky130_fd_sc_hd__o211a_4)
                                                         _007_ (net)
                      0.057487    0.000165    0.910385 ^ _303_/D (sky130_fd_sc_hd__dfxtp_2)
                                              0.910385   data arrival time

                                  0.000000    0.000000   clock clk (rise edge)
                                  0.000000    0.000000   clock source latency
     1    0.017654    0.085267    0.061468    0.061468 ^ clk (in)
                                                         clk (net)
                      0.085277    0.000000    0.061468 ^ clkbuf_0_clk/A (sky130_fd_sc_hd__clkbuf_16)
     4    0.040619    0.060320    0.164759    0.226228 ^ clkbuf_0_clk/X (sky130_fd_sc_hd__clkbuf_16)
                                                         clknet_0_clk (net)
                      0.060333    0.000863    0.227091 ^ clkbuf_2_3__f_clk/A (sky130_fd_sc_hd__clkbuf_16)
     8    0.025138    0.046423    0.142476    0.369566 ^ clkbuf_2_3__f_clk/X (sky130_fd_sc_hd__clkbuf_16)
                                                         clknet_2_3__leaf_clk (net)
                      0.046430    0.000648    0.370214 ^ _303_/CLK (sky130_fd_sc_hd__dfxtp_2)
                                  0.250000    0.620214   clock uncertainty
                                 -0.035197    0.585018   clock reconvergence pessimism
                                 -0.033587    0.551431   library hold time
                                              0.551431   data required time
---------------------------------------------------------------------------------------------
                                              0.551431   data required time
                                             -0.910385   data arrival time
---------------------------------------------------------------------------------------------
                                              0.358954   slack (MET)


Startpoint: _314_ (rising edge-triggered flip-flop clocked by clk)
Endpoint: _305_ (rising edge-triggered flip-flop clocked by clk)
Path Group: clk
Path Type: min

Fanout         Cap        Slew       Delay        Time   Description
---------------------------------------------------------------------------------------------
                                  0.000000    0.000000   clock clk (rise edge)
                                  0.000000    0.000000   clock source latency
     1    0.017654    0.085267    0.055614    0.055614 ^ clk (in)
                                                         clk (net)
                      0.085277    0.000000    0.055614 ^ clkbuf_0_clk/A (sky130_fd_sc_hd__clkbuf_16)
     4    0.040619    0.060320    0.149068    0.204682 ^ clkbuf_0_clk/X (sky130_fd_sc_hd__clkbuf_16)
                                                         clknet_0_clk (net)
                      0.060333    0.000781    0.205463 ^ clkbuf_2_3__f_clk/A (sky130_fd_sc_hd__clkbuf_16)
     8    0.025138    0.046423    0.128907    0.334369 ^ clkbuf_2_3__f_clk/X (sky130_fd_sc_hd__clkbuf_16)
                                                         clknet_2_3__leaf_clk (net)
                      0.046453    0.000994    0.335363 ^ _314_/CLK (sky130_fd_sc_hd__dfxtp_2)
     6    0.030877    0.160695    0.384535    0.719898 ^ _314_/Q (sky130_fd_sc_hd__dfxtp_2)
                                                         a_q[7] (net)
                      0.160697    0.000818    0.720716 ^ _161_/A1 (sky130_fd_sc_hd__o211a_4)
     2    0.012016    0.057487    0.189503    0.910220 ^ _161_/X (sky130_fd_sc_hd__o211a_4)
                                                         _007_ (net)
                      0.057488    0.000314    0.910534 ^ _174_/B1 (sky130_fd_sc_hd__a2111oi_4)
     1    0.003215    0.021649    0.043077    0.953611 v _174_/Y (sky130_fd_sc_hd__a2111oi_4)
                                                         _009_ (net)
                      0.021649    0.000095    0.953706 v _305_/D (sky130_fd_sc_hd__dfxtp_2)
                                              0.953706   data arrival time

                                  0.000000    0.000000   clock clk (rise edge)
                                  0.000000    0.000000   clock source latency
     1    0.017654    0.085267    0.061468    0.061468 ^ clk (in)
                                                         clk (net)
                      0.085277    0.000000    0.061468 ^ clkbuf_0_clk/A (sky130_fd_sc_hd__clkbuf_16)
     4    0.040619    0.060320    0.164759    0.226228 ^ clkbuf_0_clk/X (sky130_fd_sc_hd__clkbuf_16)
                                                         clknet_0_clk (net)
                      0.060333    0.000863    0.227091 ^ clkbuf_2_3__f_clk/A (sky130_fd_sc_hd__clkbuf_16)
     8    0.025138    0.046423    0.142476    0.369566 ^ clkbuf_2_3__f_clk/X (sky130_fd_sc_hd__clkbuf_16)
                                                         clknet_2_3__leaf_clk (net)
                      0.046433    0.000727    0.370293 ^ _305_/CLK (sky130_fd_sc_hd__dfxtp_2)
                                  0.250000    0.620293   clock uncertainty
                                 -0.035197    0.585096   clock reconvergence pessimism
                                 -0.036157    0.548939   library hold time
                                              0.548939   data required time
---------------------------------------------------------------------------------------------
                                              0.548939   data required time
                                             -0.953706   data arrival time
---------------------------------------------------------------------------------------------
                                              0.404767   slack (MET)


Startpoint: _314_ (rising edge-triggered flip-flop clocked by clk)
Endpoint: _304_ (rising edge-triggered flip-flop clocked by clk)
Path Group: clk
Path Type: min

Fanout         Cap        Slew       Delay        Time   Description
---------------------------------------------------------------------------------------------
                                  0.000000    0.000000   clock clk (rise edge)
                                  0.000000    0.000000   clock source latency
     1    0.017654    0.085267    0.055614    0.055614 ^ clk (in)
                                                         clk (net)
                      0.085277    0.000000    0.055614 ^ clkbuf_0_clk/A (sky130_fd_sc_hd__clkbuf_16)
     4    0.040619    0.060320    0.149068    0.204682 ^ clkbuf_0_clk/X (sky130_fd_sc_hd__clkbuf_16)
                                                         clknet_0_clk (net)
                      0.060333    0.000781    0.205463 ^ clkbuf_2_3__f_clk/A (sky130_fd_sc_hd__clkbuf_16)
     8    0.025138    0.046423    0.128907    0.334369 ^ clkbuf_2_3__f_clk/X (sky130_fd_sc_hd__clkbuf_16)
                                                         clknet_2_3__leaf_clk (net)
                      0.046453    0.000994    0.335363 ^ _314_/CLK (sky130_fd_sc_hd__dfxtp_2)
     6    0.030877    0.160695    0.384535    0.719898 ^ _314_/Q (sky130_fd_sc_hd__dfxtp_2)
                                                         a_q[7] (net)
                      0.160701    0.001097    0.720995 ^ _194_/A (sky130_fd_sc_hd__inv_2)
     2    0.010068    0.050001    0.062530    0.783526 v _194_/Y (sky130_fd_sc_hd__inv_2)
                                                         _118_ (net)
                      0.050001    0.000264    0.783790 v _236_/A (sky130_fd_sc_hd__nand2_2)
     3    0.013244    0.077222    0.082131    0.865920 ^ _236_/Y (sky130_fd_sc_hd__nand2_2)
                                                         _042_ (net)
                      0.077223    0.000286    0.866207 ^ _162_/B (sky130_fd_sc_hd__and2_2)
     1    0.002095    0.033740    0.126860    0.993067 ^ _162_/X (sky130_fd_sc_hd__and2_2)
                                                         _008_ (net)
                      0.033740    0.000055    0.993122 ^ _304_/D (sky130_fd_sc_hd__dfxtp_2)
                                              0.993122   data arrival time

                                  0.000000    0.000000   clock clk (rise edge)
                                  0.000000    0.000000   clock source latency
     1    0.017654    0.085267    0.061468    0.061468 ^ clk (in)
                                                         clk (net)
                      0.085277    0.000000    0.061468 ^ clkbuf_0_clk/A (sky130_fd_sc_hd__clkbuf_16)
     4    0.040619    0.060320    0.164759    0.226228 ^ clkbuf_0_clk/X (sky130_fd_sc_hd__clkbuf_16)
                                                         clknet_0_clk (net)
                      0.060333    0.000862    0.227089 ^ clkbuf_2_2__f_clk/A (sky130_fd_sc_hd__clkbuf_16)
     8    0.030140    0.051160    0.147111    0.374200 ^ clkbuf_2_2__f_clk/X (sky130_fd_sc_hd__clkbuf_16)
                                                         clknet_2_2__leaf_clk (net)
                      0.051160    0.000412    0.374612 ^ _304_/CLK (sky130_fd_sc_hd__dfxtp_2)
                                  0.250000    0.624612   clock uncertainty
                                 -0.021545    0.603066   clock reconvergence pessimism
                                 -0.028048    0.575018   library hold time
                                              0.575018   data required time
---------------------------------------------------------------------------------------------
                                              0.575018   data required time
                                             -0.993122   data arrival time
---------------------------------------------------------------------------------------------
                                              0.418103   slack (MET)


Startpoint: _310_ (rising edge-triggered flip-flop clocked by clk)
Endpoint: _299_ (rising edge-triggered flip-flop clocked by clk)
Path Group: clk
Path Type: min

Fanout         Cap        Slew       Delay        Time   Description
---------------------------------------------------------------------------------------------
                                  0.000000    0.000000   clock clk (rise edge)
                                  0.000000    0.000000   clock source latency
     1    0.017654    0.085267    0.055614    0.055614 ^ clk (in)
                                                         clk (net)
                      0.085277    0.000000    0.055614 ^ clkbuf_0_clk/A (sky130_fd_sc_hd__clkbuf_16)
     4    0.040619    0.060320    0.149068    0.204682 ^ clkbuf_0_clk/X (sky130_fd_sc_hd__clkbuf_16)
                                                         clknet_0_clk (net)
                      0.060341    0.000954    0.205636 ^ clkbuf_2_0__f_clk/A (sky130_fd_sc_hd__clkbuf_16)
     8    0.027185    0.048240    0.130646    0.336282 ^ clkbuf_2_0__f_clk/X (sky130_fd_sc_hd__clkbuf_16)
                                                         clknet_2_0__leaf_clk (net)
                      0.048303    0.000808    0.337090 ^ _310_/CLK (sky130_fd_sc_hd__dfxtp_2)
     5    0.027182    0.142867    0.373107    0.710197 ^ _310_/Q (sky130_fd_sc_hd__dfxtp_2)
                                                         a_q[3] (net)
                      0.142874    0.001115    0.711312 ^ _270_/B2 (sky130_fd_sc_hd__o32a_4)
     2    0.006895    0.039683    0.167602    0.878914 ^ _270_/X (sky130_fd_sc_hd__o32a_4)
                                                         _073_ (net)
                      0.039683    0.000191    0.879105 ^ _271_/B (sky130_fd_sc_hd__and2_2)
     1    0.001868    0.032792    0.115115    0.994221 ^ _271_/X (sky130_fd_sc_hd__and2_2)
                                                         _003_ (net)
                      0.032792    0.000049    0.994270 ^ _299_/D (sky130_fd_sc_hd__dfxtp_2)
                                              0.994270   data arrival time

                                  0.000000    0.000000   clock clk (rise edge)
                                  0.000000    0.000000   clock source latency
     1    0.017654    0.085267    0.061468    0.061468 ^ clk (in)
                                                         clk (net)
                      0.085277    0.000000    0.061468 ^ clkbuf_0_clk/A (sky130_fd_sc_hd__clkbuf_16)
     4    0.040619    0.060320    0.164759    0.226228 ^ clkbuf_0_clk/X (sky130_fd_sc_hd__clkbuf_16)
                                                         clknet_0_clk (net)
                      0.060337    0.000959    0.227187 ^ clkbuf_2_1__f_clk/A (sky130_fd_sc_hd__clkbuf_16)
     8    0.026846    0.047989    0.143986    0.371173 ^ clkbuf_2_1__f_clk/X (sky130_fd_sc_hd__clkbuf_16)
                                                         clknet_2_1__leaf_clk (net)
                      0.048011    0.001011    0.372184 ^ _299_/CLK (sky130_fd_sc_hd__dfxtp_2)
                                  0.250000    0.622184   clock uncertainty
                                 -0.021545    0.600639   clock reconvergence pessimism
                                 -0.028266    0.572373   library hold time
                                              0.572373   data required time
---------------------------------------------------------------------------------------------
                                              0.572373   data required time
                                             -0.994270   data arrival time
---------------------------------------------------------------------------------------------
                                              0.421896   slack (MET)


Startpoint: _309_ (rising edge-triggered flip-flop clocked by clk)
Endpoint: _298_ (rising edge-triggered flip-flop clocked by clk)
Path Group: clk
Path Type: min

Fanout         Cap        Slew       Delay        Time   Description
---------------------------------------------------------------------------------------------
                                  0.000000    0.000000   clock clk (rise edge)
                                  0.000000    0.000000   clock source latency
     1    0.017654    0.085267    0.055614    0.055614 ^ clk (in)
                                                         clk (net)
                      0.085277    0.000000    0.055614 ^ clkbuf_0_clk/A (sky130_fd_sc_hd__clkbuf_16)
     4    0.040619    0.060320    0.149068    0.204682 ^ clkbuf_0_clk/X (sky130_fd_sc_hd__clkbuf_16)
                                                         clknet_0_clk (net)
                      0.060337    0.000868    0.205550 ^ clkbuf_2_1__f_clk/A (sky130_fd_sc_hd__clkbuf_16)
     8    0.026846    0.047989    0.130273    0.335823 ^ clkbuf_2_1__f_clk/X (sky130_fd_sc_hd__clkbuf_16)
                                                         clknet_2_1__leaf_clk (net)
                      0.048041    0.001299    0.337122 ^ _309_/CLK (sky130_fd_sc_hd__dfxtp_2)
     5    0.024824    0.131582    0.365067    0.702189 ^ _309_/Q (sky130_fd_sc_hd__dfxtp_2)
                                                         a_q[2] (net)
                      0.131582    0.000481    0.702669 ^ _259_/A1 (sky130_fd_sc_hd__o21a_2)
     2    0.007979    0.055534    0.157716    0.860385 ^ _259_/X (sky130_fd_sc_hd__o21a_2)
                                                         _063_ (net)
                      0.055534    0.000143    0.860528 ^ _260_/B (sky130_fd_sc_hd__and2_2)
     1    0.002169    0.034062    0.121123    0.981650 ^ _260_/X (sky130_fd_sc_hd__and2_2)
                                                         _002_ (net)
                      0.034062    0.000058    0.981708 ^ _298_/D (sky130_fd_sc_hd__dfxtp_2)
                                              0.981708   data arrival time

                                  0.000000    0.000000   clock clk (rise edge)
                                  0.000000    0.000000   clock source latency
     1    0.017654    0.085267    0.061468    0.061468 ^ clk (in)
                                                         clk (net)
                      0.085277    0.000000    0.061468 ^ clkbuf_0_clk/A (sky130_fd_sc_hd__clkbuf_16)
     4    0.040619    0.060320    0.164759    0.226228 ^ clkbuf_0_clk/X (sky130_fd_sc_hd__clkbuf_16)
                                                         clknet_0_clk (net)
                      0.060337    0.000959    0.227187 ^ clkbuf_2_1__f_clk/A (sky130_fd_sc_hd__clkbuf_16)
     8    0.026846    0.047989    0.143986    0.371173 ^ clkbuf_2_1__f_clk/X (sky130_fd_sc_hd__clkbuf_16)
                                                         clknet_2_1__leaf_clk (net)
                      0.048016    0.001089    0.372262 ^ _298_/CLK (sky130_fd_sc_hd__dfxtp_2)
                                  0.250000    0.622262   clock uncertainty
                                 -0.035350    0.586913   clock reconvergence pessimism
                                 -0.028528    0.558385   library hold time
                                              0.558385   data required time
---------------------------------------------------------------------------------------------
                                              0.558385   data required time
                                             -0.981708   data arrival time
---------------------------------------------------------------------------------------------
                                              0.423324   slack (MET)


Startpoint: _311_ (rising edge-triggered flip-flop clocked by clk)
Endpoint: _300_ (rising edge-triggered flip-flop clocked by clk)
Path Group: clk
Path Type: min

Fanout         Cap        Slew       Delay        Time   Description
---------------------------------------------------------------------------------------------
                                  0.000000    0.000000   clock clk (rise edge)
                                  0.000000    0.000000   clock source latency
     1    0.017654    0.085267    0.055614    0.055614 ^ clk (in)
                                                         clk (net)
                      0.085277    0.000000    0.055614 ^ clkbuf_0_clk/A (sky130_fd_sc_hd__clkbuf_16)
     4    0.040619    0.060320    0.149068    0.204682 ^ clkbuf_0_clk/X (sky130_fd_sc_hd__clkbuf_16)
                                                         clknet_0_clk (net)
                      0.060333    0.000780    0.205462 ^ clkbuf_2_2__f_clk/A (sky130_fd_sc_hd__clkbuf_16)
     8    0.030140    0.051160    0.133101    0.338562 ^ clkbuf_2_2__f_clk/X (sky130_fd_sc_hd__clkbuf_16)
                                                         clknet_2_2__leaf_clk (net)
                      0.051164    0.000867    0.339429 ^ _311_/CLK (sky130_fd_sc_hd__dfxtp_2)
     5    0.025695    0.135691    0.369183    0.708612 ^ _311_/Q (sky130_fd_sc_hd__dfxtp_2)
                                                         a_q[4] (net)
                      0.135698    0.001078    0.709690 ^ _280_/A (sky130_fd_sc_hd__or2_2)
     2    0.004654    0.037896    0.128930    0.838619 ^ _280_/X (sky130_fd_sc_hd__or2_2)
                                                         _082_ (net)
                      0.037896    0.000104    0.838723 ^ _281_/C (sky130_fd_sc_hd__and3_2)
     1    0.002559    0.040858    0.154059    0.992782 ^ _281_/X (sky130_fd_sc_hd__and3_2)
                                                         _004_ (net)
                      0.040858    0.000071    0.992853 ^ _300_/D (sky130_fd_sc_hd__dfxtp_2)
                                              0.992853   data arrival time

                                  0.000000    0.000000   clock clk (rise edge)
                                  0.000000    0.000000   clock source latency
     1    0.017654    0.085267    0.061468    0.061468 ^ clk (in)
                                                         clk (net)
                      0.085277    0.000000    0.061468 ^ clkbuf_0_clk/A (sky130_fd_sc_hd__clkbuf_16)
     4    0.040619    0.060320    0.164759    0.226228 ^ clkbuf_0_clk/X (sky130_fd_sc_hd__clkbuf_16)
                                                         clknet_0_clk (net)
                      0.060333    0.000863    0.227091 ^ clkbuf_2_3__f_clk/A (sky130_fd_sc_hd__clkbuf_16)
     8    0.025138    0.046423    0.142476    0.369566 ^ clkbuf_2_3__f_clk/X (sky130_fd_sc_hd__clkbuf_16)
                                                         clknet_2_3__leaf_clk (net)
                      0.046460    0.001208    0.370774 ^ _300_/CLK (sky130_fd_sc_hd__dfxtp_2)
                                  0.250000    0.620774   clock uncertainty
                                 -0.021545    0.599229   clock reconvergence pessimism
                                 -0.030140    0.569089   library hold time
                                              0.569089   data required time
---------------------------------------------------------------------------------------------
                                              0.569089   data required time
                                             -0.992853   data arrival time
---------------------------------------------------------------------------------------------
                                              0.423764   slack (MET)


Startpoint: _312_ (rising edge-triggered flip-flop clocked by clk)
Endpoint: _301_ (rising edge-triggered flip-flop clocked by clk)
Path Group: clk
Path Type: min

Fanout         Cap        Slew       Delay        Time   Description
---------------------------------------------------------------------------------------------
                                  0.000000    0.000000   clock clk (rise edge)
                                  0.000000    0.000000   clock source latency
     1    0.017654    0.085267    0.055614    0.055614 ^ clk (in)
                                                         clk (net)
                      0.085277    0.000000    0.055614 ^ clkbuf_0_clk/A (sky130_fd_sc_hd__clkbuf_16)
     4    0.040619    0.060320    0.149068    0.204682 ^ clkbuf_0_clk/X (sky130_fd_sc_hd__clkbuf_16)
                                                         clknet_0_clk (net)
                      0.060333    0.000780    0.205462 ^ clkbuf_2_2__f_clk/A (sky130_fd_sc_hd__clkbuf_16)
     8    0.030140    0.051160    0.133101    0.338562 ^ clkbuf_2_2__f_clk/X (sky130_fd_sc_hd__clkbuf_16)
                                                         clknet_2_2__leaf_clk (net)
                      0.051164    0.000840    0.339402 ^ _312_/CLK (sky130_fd_sc_hd__dfxtp_2)
     5    0.028449    0.148994    0.377995    0.717398 ^ _312_/Q (sky130_fd_sc_hd__dfxtp_2)
                                                         a_q[5] (net)
                      0.149010    0.001556    0.718953 ^ _289_/A1 (sky130_fd_sc_hd__o21a_2)
     2    0.008315    0.055475    0.163069    0.882022 ^ _289_/X (sky130_fd_sc_hd__o21a_2)
                                                         _090_ (net)
                      0.055475    0.000160    0.882182 ^ _290_/B (sky130_fd_sc_hd__and2_2)
     1    0.004089    0.042738    0.130490    1.012672 ^ _290_/X (sky130_fd_sc_hd__and2_2)
                                                         _005_ (net)
                      0.042746    0.000144    1.012816 ^ _301_/D (sky130_fd_sc_hd__dfxtp_2)
                                              1.012816   data arrival time

                                  0.000000    0.000000   clock clk (rise edge)
                                  0.000000    0.000000   clock source latency
     1    0.017654    0.085267    0.061468    0.061468 ^ clk (in)
                                                         clk (net)
                      0.085277    0.000000    0.061468 ^ clkbuf_0_clk/A (sky130_fd_sc_hd__clkbuf_16)
     4    0.040619    0.060320    0.164759    0.226228 ^ clkbuf_0_clk/X (sky130_fd_sc_hd__clkbuf_16)
                                                         clknet_0_clk (net)
                      0.060333    0.000863    0.227091 ^ clkbuf_2_3__f_clk/A (sky130_fd_sc_hd__clkbuf_16)
     8    0.025138    0.046423    0.142476    0.369566 ^ clkbuf_2_3__f_clk/X (sky130_fd_sc_hd__clkbuf_16)
                                                         clknet_2_3__leaf_clk (net)
                      0.046459    0.001196    0.370762 ^ _301_/CLK (sky130_fd_sc_hd__dfxtp_2)
                                  0.250000    0.620762   clock uncertainty
                                 -0.021545    0.599216   clock reconvergence pessimism
                                 -0.030531    0.568686   library hold time
                                              0.568686   data required time
---------------------------------------------------------------------------------------------
                                              0.568686   data required time
                                             -1.012816   data arrival time
---------------------------------------------------------------------------------------------
                                              0.444131   slack (MET)


Startpoint: _307_ (rising edge-triggered flip-flop clocked by clk)
Endpoint: _297_ (rising edge-triggered flip-flop clocked by clk)
Path Group: clk
Path Type: min

Fanout         Cap        Slew       Delay        Time   Description
---------------------------------------------------------------------------------------------
                                  0.000000    0.000000   clock clk (rise edge)
                                  0.000000    0.000000   clock source latency
     1    0.017654    0.085267    0.055614    0.055614 ^ clk (in)
                                                         clk (net)
                      0.085277    0.000000    0.055614 ^ clkbuf_0_clk/A (sky130_fd_sc_hd__clkbuf_16)
     4    0.040619    0.060320    0.149068    0.204682 ^ clkbuf_0_clk/X (sky130_fd_sc_hd__clkbuf_16)
                                                         clknet_0_clk (net)
                      0.060341    0.000954    0.205636 ^ clkbuf_2_0__f_clk/A (sky130_fd_sc_hd__clkbuf_16)
     8    0.027185    0.048240    0.130646    0.336282 ^ clkbuf_2_0__f_clk/X (sky130_fd_sc_hd__clkbuf_16)
                                                         clknet_2_0__leaf_clk (net)
                      0.048317    0.001007    0.337289 ^ _307_/CLK (sky130_fd_sc_hd__dfxtp_2)
     4    0.017251    0.052962    0.321077    0.658366 v _307_/Q (sky130_fd_sc_hd__dfxtp_2)
                                                         a_q[0] (net)
                      0.052962    0.000526    0.658891 v _246_/B2 (sky130_fd_sc_hd__o221ai_2)
     1    0.003030    0.113663    0.114462    0.773353 ^ _246_/Y (sky130_fd_sc_hd__o221ai_2)
                                                         _051_ (net)
                      0.113663    0.000084    0.773438 ^ _247_/B1 (sky130_fd_sc_hd__o22a_2)
     2    0.012455    0.073861    0.180163    0.953601 ^ _247_/X (sky130_fd_sc_hd__o22a_2)
                                                         _052_ (net)
                      0.073864    0.000526    0.954127 ^ _248_/B (sky130_fd_sc_hd__and2_2)
     1    0.001978    0.033235    0.125340    1.079467 ^ _248_/X (sky130_fd_sc_hd__and2_2)
                                                         _001_ (net)
                      0.033235    0.000052    1.079519 ^ _297_/D (sky130_fd_sc_hd__dfxtp_2)
                                              1.079519   data arrival time

                                  0.000000    0.000000   clock clk (rise edge)
                                  0.000000    0.000000   clock source latency
     1    0.017654    0.085267    0.061468    0.061468 ^ clk (in)
                                                         clk (net)
                      0.085277    0.000000    0.061468 ^ clkbuf_0_clk/A (sky130_fd_sc_hd__clkbuf_16)
     4    0.040619    0.060320    0.164759    0.226228 ^ clkbuf_0_clk/X (sky130_fd_sc_hd__clkbuf_16)
                                                         clknet_0_clk (net)
                      0.060337    0.000959    0.227187 ^ clkbuf_2_1__f_clk/A (sky130_fd_sc_hd__clkbuf_16)
     8    0.026846    0.047989    0.143986    0.371173 ^ clkbuf_2_1__f_clk/X (sky130_fd_sc_hd__clkbuf_16)
                                                         clknet_2_1__leaf_clk (net)
                      0.048009    0.000977    0.372150 ^ _297_/CLK (sky130_fd_sc_hd__dfxtp_2)
                                  0.250000    0.622150   clock uncertainty
                                 -0.021545    0.600605   clock reconvergence pessimism
                                 -0.028358    0.572247   library hold time
                                              0.572247   data required time
---------------------------------------------------------------------------------------------
                                              0.572247   data required time
                                             -1.079519   data arrival time
---------------------------------------------------------------------------------------------
                                              0.507272   slack (MET)


Startpoint: _314_ (rising edge-triggered flip-flop clocked by clk)
Endpoint: _306_ (rising edge-triggered flip-flop clocked by clk)
Path Group: clk
Path Type: min

Fanout         Cap        Slew       Delay        Time   Description
---------------------------------------------------------------------------------------------
                                  0.000000    0.000000   clock clk (rise edge)
                                  0.000000    0.000000   clock source latency
     1    0.017654    0.085267    0.055614    0.055614 ^ clk (in)
                                                         clk (net)
                      0.085277    0.000000    0.055614 ^ clkbuf_0_clk/A (sky130_fd_sc_hd__clkbuf_16)
     4    0.040619    0.060320    0.149068    0.204682 ^ clkbuf_0_clk/X (sky130_fd_sc_hd__clkbuf_16)
                                                         clknet_0_clk (net)
                      0.060333    0.000781    0.205463 ^ clkbuf_2_3__f_clk/A (sky130_fd_sc_hd__clkbuf_16)
     8    0.025138    0.046423    0.128907    0.334369 ^ clkbuf_2_3__f_clk/X (sky130_fd_sc_hd__clkbuf_16)
                                                         clknet_2_3__leaf_clk (net)
                      0.046453    0.000994    0.335363 ^ _314_/CLK (sky130_fd_sc_hd__dfxtp_2)
     6    0.028660    0.077440    0.340615    0.675978 v _314_/Q (sky130_fd_sc_hd__dfxtp_2)
                                                         a_q[7] (net)
                      0.077449    0.000773    0.676751 v _167_/A (sky130_fd_sc_hd__nor2_2)
     1    0.003146    0.064965    0.102169    0.778920 ^ _167_/Y (sky130_fd_sc_hd__nor2_2)
                                                         _112_ (net)
                      0.064965    0.000093    0.779013 ^ _169_/B (sky130_fd_sc_hd__or3_2)
     1    0.004502    0.035385    0.107709    0.886722 ^ _169_/X (sky130_fd_sc_hd__or3_2)
                                                         _114_ (net)
                      0.035385    0.000134    0.886856 ^ _170_/B1 (sky130_fd_sc_hd__a21o_2)
     2    0.012707    0.069969    0.105609    0.992465 ^ _170_/X (sky130_fd_sc_hd__a21o_2)
                                                         _115_ (net)
                      0.069969    0.000253    0.992718 ^ _171_/B (sky130_fd_sc_hd__and2_2)
     1    0.002163    0.034034    0.125158    1.117876 ^ _171_/X (sky130_fd_sc_hd__and2_2)
                                                         _010_ (net)
                      0.034034    0.000041    1.117917 ^ _306_/D (sky130_fd_sc_hd__dfxtp_2)
                                              1.117917   data arrival time

                                  0.000000    0.000000   clock clk (rise edge)
                                  0.000000    0.000000   clock source latency
     1    0.017654    0.085267    0.061468    0.061468 ^ clk (in)
                                                         clk (net)
                      0.085277    0.000000    0.061468 ^ clkbuf_0_clk/A (sky130_fd_sc_hd__clkbuf_16)
     4    0.040619    0.060320    0.164759    0.226228 ^ clkbuf_0_clk/X (sky130_fd_sc_hd__clkbuf_16)
                                                         clknet_0_clk (net)
                      0.060333    0.000863    0.227091 ^ clkbuf_2_3__f_clk/A (sky130_fd_sc_hd__clkbuf_16)
     8    0.025138    0.046423    0.142476    0.369566 ^ clkbuf_2_3__f_clk/X (sky130_fd_sc_hd__clkbuf_16)
                                                         clknet_2_3__leaf_clk (net)
                      0.046429    0.000601    0.370168 ^ _306_/CLK (sky130_fd_sc_hd__dfxtp_2)
                                  0.250000    0.620168   clock uncertainty
                                 -0.035197    0.584971   clock reconvergence pessimism
                                 -0.028731    0.556240   library hold time
                                              0.556240   data required time
---------------------------------------------------------------------------------------------
                                              0.556240   data required time
                                             -1.117917   data arrival time
---------------------------------------------------------------------------------------------
                                              0.561677   slack (MET)


Startpoint: _311_ (rising edge-triggered flip-flop clocked by clk)
Endpoint: _302_ (rising edge-triggered flip-flop clocked by clk)
Path Group: clk
Path Type: min

Fanout         Cap        Slew       Delay        Time   Description
---------------------------------------------------------------------------------------------
                                  0.000000    0.000000   clock clk (rise edge)
                                  0.000000    0.000000   clock source latency
     1    0.017654    0.085267    0.055614    0.055614 ^ clk (in)
                                                         clk (net)
                      0.085277    0.000000    0.055614 ^ clkbuf_0_clk/A (sky130_fd_sc_hd__clkbuf_16)
     4    0.040619    0.060320    0.149068    0.204682 ^ clkbuf_0_clk/X (sky130_fd_sc_hd__clkbuf_16)
                                                         clknet_0_clk (net)
                      0.060333    0.000780    0.205462 ^ clkbuf_2_2__f_clk/A (sky130_fd_sc_hd__clkbuf_16)
     8    0.030140    0.051160    0.133101    0.338562 ^ clkbuf_2_2__f_clk/X (sky130_fd_sc_hd__clkbuf_16)
                                                         clknet_2_2__leaf_clk (net)
                      0.051164    0.000867    0.339429 ^ _311_/CLK (sky130_fd_sc_hd__dfxtp_2)
     5    0.025695    0.135691    0.369183    0.708612 ^ _311_/Q (sky130_fd_sc_hd__dfxtp_2)
                                                         a_q[4] (net)
                      0.135693    0.000765    0.709377 ^ _295_/A1 (sky130_fd_sc_hd__a211o_2)
     1    0.004690    0.033190    0.141724    0.851101 ^ _295_/X (sky130_fd_sc_hd__a211o_2)
                                                         _095_ (net)
                      0.033190    0.000155    0.851256 ^ _148_/B1 (sky130_fd_sc_hd__a21o_2)
     1    0.006246    0.040832    0.083343    0.934599 ^ _148_/X (sky130_fd_sc_hd__a21o_2)
                                                         _096_ (net)
                      0.040832    0.000200    0.934799 ^ _150_/B1 (sky130_fd_sc_hd__a211o_4)
     1    0.006161    0.031136    0.084945    1.019744 ^ _150_/X (sky130_fd_sc_hd__a211o_4)
                                                         _098_ (net)
                      0.031136    0.000133    1.019878 ^ _151_/B1 (sky130_fd_sc_hd__o211a_4)
     2    0.013880    0.062754    0.158270    1.178148 ^ _151_/X (sky130_fd_sc_hd__o211a_4)
                                                         _006_ (net)
                      0.062756    0.000416    1.178563 ^ _302_/D (sky130_fd_sc_hd__dfxtp_2)
                                              1.178563   data arrival time

                                  0.000000    0.000000   clock clk (rise edge)
                                  0.000000    0.000000   clock source latency
     1    0.017654    0.085267    0.061468    0.061468 ^ clk (in)
                                                         clk (net)
                      0.085277    0.000000    0.061468 ^ clkbuf_0_clk/A (sky130_fd_sc_hd__clkbuf_16)
     4    0.040619    0.060320    0.164759    0.226228 ^ clkbuf_0_clk/X (sky130_fd_sc_hd__clkbuf_16)
                                                         clknet_0_clk (net)
                      0.060333    0.000863    0.227091 ^ clkbuf_2_3__f_clk/A (sky130_fd_sc_hd__clkbuf_16)
     8    0.025138    0.046423    0.142476    0.369566 ^ clkbuf_2_3__f_clk/X (sky130_fd_sc_hd__clkbuf_16)
                                                         clknet_2_3__leaf_clk (net)
                      0.046441    0.000899    0.370466 ^ _302_/CLK (sky130_fd_sc_hd__dfxtp_2)
                                  0.250000    0.620466   clock uncertainty
                                 -0.021545    0.598920   clock reconvergence pessimism
                                 -0.034677    0.564244   library hold time
                                              0.564244   data required time
---------------------------------------------------------------------------------------------
                                              0.564244   data required time
                                             -1.178563   data arrival time
---------------------------------------------------------------------------------------------
                                              0.614320   slack (MET)


Startpoint: op[1] (input port clocked by clk)
Endpoint: _324_ (rising edge-triggered flip-flop clocked by clk)
Path Group: clk
Path Type: min

Fanout         Cap        Slew       Delay        Time   Description
---------------------------------------------------------------------------------------------
                                  0.000000    0.000000   clock clk (rise edge)
                                  0.000000    0.000000   clock network delay (propagated)
                                  1.000000    1.000000 ^ input external delay
     1    0.003554    0.022999    0.012316    1.012316 ^ op[1] (in)
                                                         op[1] (net)
                      0.023007    0.000000    1.012316 ^ input18/A (sky130_fd_sc_hd__clkdlybuf4s25_1)
     1    0.001801    0.035400    0.216177    1.228492 ^ input18/X (sky130_fd_sc_hd__clkdlybuf4s25_1)
                                                         net18 (net)
                      0.035400    0.000033    1.228526 ^ _192_/B (sky130_fd_sc_hd__and2_2)
     1    0.002160    0.034058    0.115309    1.343835 ^ _192_/X (sky130_fd_sc_hd__and2_2)
                                                         _028_ (net)
                      0.034058    0.000059    1.343894 ^ _324_/D (sky130_fd_sc_hd__dfxtp_4)
                                              1.343894   data arrival time

                                  0.000000    0.000000   clock clk (rise edge)
                                  0.000000    0.000000   clock source latency
     1    0.017654    0.085267    0.061468    0.061468 ^ clk (in)
                                                         clk (net)
                      0.085277    0.000000    0.061468 ^ clkbuf_0_clk/A (sky130_fd_sc_hd__clkbuf_16)
     4    0.040619    0.060320    0.164759    0.226228 ^ clkbuf_0_clk/X (sky130_fd_sc_hd__clkbuf_16)
                                                         clknet_0_clk (net)
                      0.060341    0.001054    0.227282 ^ clkbuf_2_0__f_clk/A (sky130_fd_sc_hd__clkbuf_16)
     8    0.027185    0.048240    0.144399    0.371680 ^ clkbuf_2_0__f_clk/X (sky130_fd_sc_hd__clkbuf_16)
                                                         clknet_2_0__leaf_clk (net)
                      0.048326    0.001247    0.372927 ^ _324_/CLK (sky130_fd_sc_hd__dfxtp_4)
                                  0.250000    0.622927   clock uncertainty
                                  0.000000    0.622927   clock reconvergence pessimism
                                 -0.028637    0.594290   library hold time
                                              0.594290   data required time
---------------------------------------------------------------------------------------------
                                              0.594290   data required time
                                             -1.343894   data arrival time
---------------------------------------------------------------------------------------------
                                              0.749604   slack (MET)


Startpoint: b[1] (input port clocked by clk)
Endpoint: _316_ (rising edge-triggered flip-flop clocked by clk)
Path Group: clk
Path Type: min

Fanout         Cap        Slew       Delay        Time   Description
---------------------------------------------------------------------------------------------
                                  0.000000    0.000000   clock clk (rise edge)
                                  0.000000    0.000000   clock network delay (propagated)
                                  1.000000    1.000000 ^ input external delay
     1    0.003625    0.023307    0.012553    1.012553 ^ b[1] (in)
                                                         b[1] (net)
                      0.023315    0.000000    1.012553 ^ input10/A (sky130_fd_sc_hd__clkdlybuf4s25_1)
     1    0.001876    0.036014    0.216810    1.229363 ^ input10/X (sky130_fd_sc_hd__clkdlybuf4s25_1)
                                                         net10 (net)
                      0.036014    0.000035    1.229398 ^ _184_/B (sky130_fd_sc_hd__and2_2)
     1    0.002090    0.033757    0.115146    1.344543 ^ _184_/X (sky130_fd_sc_hd__and2_2)
                                                         _020_ (net)
                      0.033757    0.000056    1.344600 ^ _316_/D (sky130_fd_sc_hd__dfxtp_2)
                                              1.344600   data arrival time

                                  0.000000    0.000000   clock clk (rise edge)
                                  0.000000    0.000000   clock source latency
     1    0.017654    0.085267    0.061468    0.061468 ^ clk (in)
                                                         clk (net)
                      0.085277    0.000000    0.061468 ^ clkbuf_0_clk/A (sky130_fd_sc_hd__clkbuf_16)
     4    0.040619    0.060320    0.164759    0.226228 ^ clkbuf_0_clk/X (sky130_fd_sc_hd__clkbuf_16)
                                                         clknet_0_clk (net)
                      0.060341    0.001054    0.227282 ^ clkbuf_2_0__f_clk/A (sky130_fd_sc_hd__clkbuf_16)
     8    0.027185    0.048240    0.144399    0.371680 ^ clkbuf_2_0__f_clk/X (sky130_fd_sc_hd__clkbuf_16)
                                                         clknet_2_0__leaf_clk (net)
                      0.048318    0.001130    0.372810 ^ _316_/CLK (sky130_fd_sc_hd__dfxtp_2)
                                  0.250000    0.622810   clock uncertainty
                                  0.000000    0.622810   clock reconvergence pessimism
                                 -0.028425    0.594385   library hold time
                                              0.594385   data required time
---------------------------------------------------------------------------------------------
                                              0.594385   data required time
                                             -1.344600   data arrival time
---------------------------------------------------------------------------------------------
                                              0.750215   slack (MET)


Startpoint: a[0] (input port clocked by clk)
Endpoint: _307_ (rising edge-triggered flip-flop clocked by clk)
Path Group: clk
Path Type: min

Fanout         Cap        Slew       Delay        Time   Description
---------------------------------------------------------------------------------------------
                                  0.000000    0.000000   clock clk (rise edge)
                                  0.000000    0.000000   clock network delay (propagated)
                                  1.000000    1.000000 ^ input external delay
     1    0.003632    0.023339    0.012577    1.012577 ^ a[0] (in)
                                                         a[0] (net)
                      0.023347    0.000000    1.012577 ^ input1/A (sky130_fd_sc_hd__clkdlybuf4s25_1)
     1    0.002136    0.038277    0.218676    1.231253 ^ input1/X (sky130_fd_sc_hd__clkdlybuf4s25_1)
                                                         net1 (net)
                      0.038277    0.000056    1.231309 ^ _175_/B (sky130_fd_sc_hd__and2_2)
     1    0.002134    0.033941    0.116015    1.347324 ^ _175_/X (sky130_fd_sc_hd__and2_2)
                                                         _011_ (net)
                      0.033941    0.000040    1.347364 ^ _307_/D (sky130_fd_sc_hd__dfxtp_2)
                                              1.347364   data arrival time

                                  0.000000    0.000000   clock clk (rise edge)
                                  0.000000    0.000000   clock source latency
     1    0.017654    0.085267    0.061468    0.061468 ^ clk (in)
                                                         clk (net)
                      0.085277    0.000000    0.061468 ^ clkbuf_0_clk/A (sky130_fd_sc_hd__clkbuf_16)
     4    0.040619    0.060320    0.164759    0.226228 ^ clkbuf_0_clk/X (sky130_fd_sc_hd__clkbuf_16)
                                                         clknet_0_clk (net)
                      0.060341    0.001054    0.227282 ^ clkbuf_2_0__f_clk/A (sky130_fd_sc_hd__clkbuf_16)
     8    0.027185    0.048240    0.144399    0.371680 ^ clkbuf_2_0__f_clk/X (sky130_fd_sc_hd__clkbuf_16)
                                                         clknet_2_0__leaf_clk (net)
                      0.048317    0.001113    0.372793 ^ _307_/CLK (sky130_fd_sc_hd__dfxtp_2)
                                  0.250000    0.622793   clock uncertainty
                                  0.000000    0.622793   clock reconvergence pessimism
                                 -0.028463    0.594330   library hold time
                                              0.594330   data required time
---------------------------------------------------------------------------------------------
                                              0.594330   data required time
                                             -1.347364   data arrival time
---------------------------------------------------------------------------------------------
                                              0.753034   slack (MET)


Startpoint: op[0] (input port clocked by clk)
Endpoint: _323_ (rising edge-triggered flip-flop clocked by clk)
Path Group: clk
Path Type: min

Fanout         Cap        Slew       Delay        Time   Description
---------------------------------------------------------------------------------------------
                                  0.000000    0.000000   clock clk (rise edge)
                                  0.000000    0.000000   clock network delay (propagated)
                                  1.000000    1.000000 ^ input external delay
     1    0.003661    0.023467    0.012679    1.012679 ^ op[0] (in)
                                                         op[0] (net)
                      0.023475    0.000000    1.012679 ^ input17/A (sky130_fd_sc_hd__clkdlybuf4s25_1)
     1    0.001981    0.036823    0.217611    1.230289 ^ input17/X (sky130_fd_sc_hd__clkdlybuf4s25_1)
                                                         net17 (net)
                      0.036823    0.000053    1.230343 ^ _191_/B (sky130_fd_sc_hd__and2_2)
     1    0.002412    0.035138    0.116948    1.347291 ^ _191_/X (sky130_fd_sc_hd__and2_2)
                                                         _027_ (net)
                      0.035138    0.000068    1.347359 ^ _323_/D (sky130_fd_sc_hd__dfxtp_4)
                                              1.347359   data arrival time

                                  0.000000    0.000000   clock clk (rise edge)
                                  0.000000    0.000000   clock source latency
     1    0.017654    0.085267    0.061468    0.061468 ^ clk (in)
                                                         clk (net)
                      0.085277    0.000000    0.061468 ^ clkbuf_0_clk/A (sky130_fd_sc_hd__clkbuf_16)
     4    0.040619    0.060320    0.164759    0.226228 ^ clkbuf_0_clk/X (sky130_fd_sc_hd__clkbuf_16)
                                                         clknet_0_clk (net)
                      0.060341    0.001054    0.227282 ^ clkbuf_2_0__f_clk/A (sky130_fd_sc_hd__clkbuf_16)
     8    0.027185    0.048240    0.144399    0.371680 ^ clkbuf_2_0__f_clk/X (sky130_fd_sc_hd__clkbuf_16)
                                                         clknet_2_0__leaf_clk (net)
                      0.048320    0.001159    0.372839 ^ _323_/CLK (sky130_fd_sc_hd__dfxtp_4)
                                  0.250000    0.622839   clock uncertainty
                                  0.000000    0.622839   clock reconvergence pessimism
                                 -0.028864    0.593975   library hold time
                                              0.593975   data required time
---------------------------------------------------------------------------------------------
                                              0.593975   data required time
                                             -1.347359   data arrival time
---------------------------------------------------------------------------------------------
                                              0.753384   slack (MET)


Startpoint: b[0] (input port clocked by clk)
Endpoint: _315_ (rising edge-triggered flip-flop clocked by clk)
Path Group: clk
Path Type: min

Fanout         Cap        Slew       Delay        Time   Description
---------------------------------------------------------------------------------------------
                                  0.000000    0.000000   clock clk (rise edge)
                                  0.000000    0.000000   clock network delay (propagated)
                                  1.000000    1.000000 ^ input external delay
     1    0.003661    0.023468    0.012680    1.012680 ^ b[0] (in)
                                                         b[0] (net)
                      0.023476    0.000000    1.012680 ^ input9/A (sky130_fd_sc_hd__clkdlybuf4s25_1)
     1    0.001919    0.036340    0.217168    1.229847 ^ input9/X (sky130_fd_sc_hd__clkdlybuf4s25_1)
                                                         net9 (net)
                      0.036340    0.000051    1.229898 ^ _183_/B (sky130_fd_sc_hd__and2_2)
     1    0.002690    0.036327    0.118164    1.348062 ^ _183_/X (sky130_fd_sc_hd__and2_2)
                                                         _019_ (net)
                      0.036327    0.000074    1.348136 ^ _315_/D (sky130_fd_sc_hd__dfxtp_2)
                                              1.348136   data arrival time

                                  0.000000    0.000000   clock clk (rise edge)
                                  0.000000    0.000000   clock source latency
     1    0.017654    0.085267    0.061468    0.061468 ^ clk (in)
                                                         clk (net)
                      0.085277    0.000000    0.061468 ^ clkbuf_0_clk/A (sky130_fd_sc_hd__clkbuf_16)
     4    0.040619    0.060320    0.164759    0.226228 ^ clkbuf_0_clk/X (sky130_fd_sc_hd__clkbuf_16)
                                                         clknet_0_clk (net)
                      0.060337    0.000959    0.227187 ^ clkbuf_2_1__f_clk/A (sky130_fd_sc_hd__clkbuf_16)
     8    0.026846    0.047989    0.143986    0.371173 ^ clkbuf_2_1__f_clk/X (sky130_fd_sc_hd__clkbuf_16)
                                                         clknet_2_1__leaf_clk (net)
                      0.048054    0.001591    0.372764 ^ _315_/CLK (sky130_fd_sc_hd__dfxtp_2)
                                  0.250000    0.622764   clock uncertainty
                                  0.000000    0.622764   clock reconvergence pessimism
                                 -0.028992    0.593772   library hold time
                                              0.593772   data required time
---------------------------------------------------------------------------------------------
                                              0.593772   data required time
                                             -1.348136   data arrival time
---------------------------------------------------------------------------------------------
                                              0.754364   slack (MET)


Startpoint: a[2] (input port clocked by clk)
Endpoint: _309_ (rising edge-triggered flip-flop clocked by clk)
Path Group: clk
Path Type: min

Fanout         Cap        Slew       Delay        Time   Description
---------------------------------------------------------------------------------------------
                                  0.000000    0.000000   clock clk (rise edge)
                                  0.000000    0.000000   clock network delay (propagated)
                                  1.000000    1.000000 ^ input external delay
     1    0.003544    0.022959    0.012285    1.012285 ^ a[2] (in)
                                                         a[2] (net)
                      0.022967    0.000000    1.012285 ^ input3/A (sky130_fd_sc_hd__clkdlybuf4s25_1)
     1    0.002366    0.040252    0.220191    1.232476 ^ input3/X (sky130_fd_sc_hd__clkdlybuf4s25_1)
                                                         net3 (net)
                      0.040252    0.000064    1.232540 ^ _177_/B (sky130_fd_sc_hd__and2_2)
     1    0.002124    0.033895    0.116529    1.349069 ^ _177_/X (sky130_fd_sc_hd__and2_2)
                                                         _013_ (net)
                      0.033895    0.000058    1.349126 ^ _309_/D (sky130_fd_sc_hd__dfxtp_2)
                                              1.349126   data arrival time

                                  0.000000    0.000000   clock clk (rise edge)
                                  0.000000    0.000000   clock source latency
     1    0.017654    0.085267    0.061468    0.061468 ^ clk (in)
                                                         clk (net)
                      0.085277    0.000000    0.061468 ^ clkbuf_0_clk/A (sky130_fd_sc_hd__clkbuf_16)
     4    0.040619    0.060320    0.164759    0.226228 ^ clkbuf_0_clk/X (sky130_fd_sc_hd__clkbuf_16)
                                                         clknet_0_clk (net)
                      0.060337    0.000959    0.227187 ^ clkbuf_2_1__f_clk/A (sky130_fd_sc_hd__clkbuf_16)
     8    0.026846    0.047989    0.143986    0.371173 ^ clkbuf_2_1__f_clk/X (sky130_fd_sc_hd__clkbuf_16)
                                                         clknet_2_1__leaf_clk (net)
                      0.048041    0.001435    0.372609 ^ _309_/CLK (sky130_fd_sc_hd__dfxtp_2)
                                  0.250000    0.622609   clock uncertainty
                                  0.000000    0.622609   clock reconvergence pessimism
                                 -0.028490    0.594119   library hold time
                                              0.594119   data required time
---------------------------------------------------------------------------------------------
                                              0.594119   data required time
                                             -1.349126   data arrival time
---------------------------------------------------------------------------------------------
                                              0.755008   slack (MET)


Startpoint: a[6] (input port clocked by clk)
Endpoint: _313_ (rising edge-triggered flip-flop clocked by clk)
Path Group: clk
Path Type: min

Fanout         Cap        Slew       Delay        Time   Description
---------------------------------------------------------------------------------------------
                                  0.000000    0.000000   clock clk (rise edge)
                                  0.000000    0.000000   clock network delay (propagated)
                                  1.000000    1.000000 ^ input external delay
     1    0.003536    0.022924    0.012252    1.012252 ^ a[6] (in)
                                                         a[6] (net)
                      0.022924    0.000000    1.012252 ^ input7/A (sky130_fd_sc_hd__clkdlybuf4s25_1)
     1    0.002839    0.044391    0.223550    1.235802 ^ input7/X (sky130_fd_sc_hd__clkdlybuf4s25_1)
                                                         net7 (net)
                      0.044391    0.000077    1.235879 ^ _181_/B (sky130_fd_sc_hd__and2_2)
     1    0.002201    0.034217    0.118091    1.353970 ^ _181_/X (sky130_fd_sc_hd__and2_2)
                                                         _017_ (net)
                      0.034217    0.000061    1.354031 ^ _313_/D (sky130_fd_sc_hd__dfxtp_2)
                                              1.354031   data arrival time

                                  0.000000    0.000000   clock clk (rise edge)
                                  0.000000    0.000000   clock source latency
     1    0.017654    0.085267    0.061468    0.061468 ^ clk (in)
                                                         clk (net)
                      0.085277    0.000000    0.061468 ^ clkbuf_0_clk/A (sky130_fd_sc_hd__clkbuf_16)
     4    0.040619    0.060320    0.164759    0.226228 ^ clkbuf_0_clk/X (sky130_fd_sc_hd__clkbuf_16)
                                                         clknet_0_clk (net)
                      0.060333    0.000862    0.227089 ^ clkbuf_2_2__f_clk/A (sky130_fd_sc_hd__clkbuf_16)
     8    0.030140    0.051160    0.147111    0.374200 ^ clkbuf_2_2__f_clk/X (sky130_fd_sc_hd__clkbuf_16)
                                                         clknet_2_2__leaf_clk (net)
                      0.051162    0.000715    0.374916 ^ _313_/CLK (sky130_fd_sc_hd__dfxtp_2)
                                  0.250000    0.624916   clock uncertainty
                                  0.000000    0.624916   clock reconvergence pessimism
                                 -0.028146    0.596769   library hold time
                                              0.596769   data required time
---------------------------------------------------------------------------------------------
                                              0.596769   data required time
                                             -1.354031   data arrival time
---------------------------------------------------------------------------------------------
                                              0.757262   slack (MET)


Startpoint: b[2] (input port clocked by clk)
Endpoint: _317_ (rising edge-triggered flip-flop clocked by clk)
Path Group: clk
Path Type: min

Fanout         Cap        Slew       Delay        Time   Description
---------------------------------------------------------------------------------------------
                                  0.000000    0.000000   clock clk (rise edge)
                                  0.000000    0.000000   clock network delay (propagated)
                                  1.000000    1.000000 ^ input external delay
     1    0.003661    0.023468    0.012680    1.012680 ^ b[2] (in)
                                                         b[2] (net)
                      0.023476    0.000000    1.012680 ^ input11/A (sky130_fd_sc_hd__clkdlybuf4s25_1)
     1    0.002043    0.037306    0.218052    1.230732 ^ input11/X (sky130_fd_sc_hd__clkdlybuf4s25_1)
                                                         net11 (net)
                      0.037474    0.000054    1.230786 ^ _185_/B (sky130_fd_sc_hd__and2_2)
     1    0.002990    0.037609    0.119949    1.350735 ^ _185_/X (sky130_fd_sc_hd__and2_2)
                                                         _021_ (net)
                      0.037609    0.000086    1.350821 ^ _317_/D (sky130_fd_sc_hd__dfxtp_2)
                                              1.350821   data arrival time

                                  0.000000    0.000000   clock clk (rise edge)
                                  0.000000    0.000000   clock source latency
     1    0.017654    0.085267    0.061468    0.061468 ^ clk (in)
                                                         clk (net)
                      0.085277    0.000000    0.061468 ^ clkbuf_0_clk/A (sky130_fd_sc_hd__clkbuf_16)
     4    0.040619    0.060320    0.164759    0.226228 ^ clkbuf_0_clk/X (sky130_fd_sc_hd__clkbuf_16)
                                                         clknet_0_clk (net)
                      0.060337    0.000959    0.227187 ^ clkbuf_2_1__f_clk/A (sky130_fd_sc_hd__clkbuf_16)
     8    0.026846    0.047989    0.143986    0.371173 ^ clkbuf_2_1__f_clk/X (sky130_fd_sc_hd__clkbuf_16)
                                                         clknet_2_1__leaf_clk (net)
                      0.048042    0.001451    0.372624 ^ _317_/CLK (sky130_fd_sc_hd__dfxtp_2)
                                  0.250000    0.622624   clock uncertainty
                                  0.000000    0.622624   clock reconvergence pessimism
                                 -0.029259    0.593366   library hold time
                                              0.593366   data required time
---------------------------------------------------------------------------------------------
                                              0.593366   data required time
                                             -1.350821   data arrival time
---------------------------------------------------------------------------------------------
                                              0.757456   slack (MET)


Startpoint: a[5] (input port clocked by clk)
Endpoint: _312_ (rising edge-triggered flip-flop clocked by clk)
Path Group: clk
Path Type: min

Fanout         Cap        Slew       Delay        Time   Description
---------------------------------------------------------------------------------------------
                                  0.000000    0.000000   clock clk (rise edge)
                                  0.000000    0.000000   clock network delay (propagated)
                                  1.000000    1.000000 ^ input external delay
     1    0.003395    0.022310    0.011789    1.011789 ^ a[5] (in)
                                                         a[5] (net)
                      0.022310    0.000000    1.011789 ^ input6/A (sky130_fd_sc_hd__clkdlybuf4s25_1)
     1    0.003131    0.046958    0.225440    1.237229 ^ input6/X (sky130_fd_sc_hd__clkdlybuf4s25_1)
                                                         net6 (net)
                      0.046958    0.000093    1.237323 ^ _180_/B (sky130_fd_sc_hd__and2_2)
     1    0.002118    0.033858    0.118427    1.355750 ^ _180_/X (sky130_fd_sc_hd__and2_2)
                                                         _016_ (net)
                      0.033858    0.000058    1.355808 ^ _312_/D (sky130_fd_sc_hd__dfxtp_2)
                                              1.355808   data arrival time

                                  0.000000    0.000000   clock clk (rise edge)
                                  0.000000    0.000000   clock source latency
     1    0.017654    0.085267    0.061468    0.061468 ^ clk (in)
                                                         clk (net)
                      0.085277    0.000000    0.061468 ^ clkbuf_0_clk/A (sky130_fd_sc_hd__clkbuf_16)
     4    0.040619    0.060320    0.164759    0.226228 ^ clkbuf_0_clk/X (sky130_fd_sc_hd__clkbuf_16)
                                                         clknet_0_clk (net)
                      0.060333    0.000862    0.227089 ^ clkbuf_2_2__f_clk/A (sky130_fd_sc_hd__clkbuf_16)
     8    0.030140    0.051160    0.147111    0.374200 ^ clkbuf_2_2__f_clk/X (sky130_fd_sc_hd__clkbuf_16)
                                                         clknet_2_2__leaf_clk (net)
                      0.051164    0.000928    0.375129 ^ _312_/CLK (sky130_fd_sc_hd__dfxtp_2)
                                  0.250000    0.625129   clock uncertainty
                                  0.000000    0.625129   clock reconvergence pessimism
                                 -0.028072    0.597057   library hold time
                                              0.597057   data required time
---------------------------------------------------------------------------------------------
                                              0.597057   data required time
                                             -1.355808   data arrival time
---------------------------------------------------------------------------------------------
                                              0.758751   slack (MET)


Startpoint: a[1] (input port clocked by clk)
Endpoint: _308_ (rising edge-triggered flip-flop clocked by clk)
Path Group: clk
Path Type: min

Fanout         Cap        Slew       Delay        Time   Description
---------------------------------------------------------------------------------------------
                                  0.000000    0.000000   clock clk (rise edge)
                                  0.000000    0.000000   clock network delay (propagated)
                                  1.000000    1.000000 ^ input external delay
     1    0.003519    0.022849    0.012200    1.012200 ^ a[1] (in)
                                                         a[1] (net)
                      0.022856    0.000000    1.012200 ^ input2/A (sky130_fd_sc_hd__clkdlybuf4s25_1)
     1    0.002538    0.041754    0.221384    1.233584 ^ input2/X (sky130_fd_sc_hd__clkdlybuf4s25_1)
                                                         net2 (net)
                      0.041754    0.000069    1.233653 ^ _176_/B (sky130_fd_sc_hd__and2_2)
     1    0.002844    0.036977    0.120471    1.354124 ^ _176_/X (sky130_fd_sc_hd__and2_2)
                                                         _012_ (net)
                      0.036977    0.000080    1.354204 ^ _308_/D (sky130_fd_sc_hd__dfxtp_2)
                                              1.354204   data arrival time

                                  0.000000    0.000000   clock clk (rise edge)
                                  0.000000    0.000000   clock source latency
     1    0.017654    0.085267    0.061468    0.061468 ^ clk (in)
                                                         clk (net)
                      0.085277    0.000000    0.061468 ^ clkbuf_0_clk/A (sky130_fd_sc_hd__clkbuf_16)
     4    0.040619    0.060320    0.164759    0.226228 ^ clkbuf_0_clk/X (sky130_fd_sc_hd__clkbuf_16)
                                                         clknet_0_clk (net)
                      0.060337    0.000959    0.227187 ^ clkbuf_2_1__f_clk/A (sky130_fd_sc_hd__clkbuf_16)
     8    0.026846    0.047989    0.143986    0.371173 ^ clkbuf_2_1__f_clk/X (sky130_fd_sc_hd__clkbuf_16)
                                                         clknet_2_1__leaf_clk (net)
                      0.048050    0.001539    0.372712 ^ _308_/CLK (sky130_fd_sc_hd__dfxtp_2)
                                  0.250000    0.622712   clock uncertainty
                                  0.000000    0.622712   clock reconvergence pessimism
                                 -0.029127    0.593585   library hold time
                                              0.593585   data required time
---------------------------------------------------------------------------------------------
                                              0.593585   data required time
                                             -1.354204   data arrival time
---------------------------------------------------------------------------------------------
                                              0.760619   slack (MET)


Startpoint: a[4] (input port clocked by clk)
Endpoint: _311_ (rising edge-triggered flip-flop clocked by clk)
Path Group: clk
Path Type: min

Fanout         Cap        Slew       Delay        Time   Description
---------------------------------------------------------------------------------------------
                                  0.000000    0.000000   clock clk (rise edge)
                                  0.000000    0.000000   clock network delay (propagated)
                                  1.000000    1.000000 ^ input external delay
     1    0.003395    0.022310    0.011789    1.011789 ^ a[4] (in)
                                                         a[4] (net)
                      0.022310    0.000000    1.011789 ^ input5/A (sky130_fd_sc_hd__clkdlybuf4s25_1)
     1    0.003248    0.047996    0.226276    1.238065 ^ input5/X (sky130_fd_sc_hd__clkdlybuf4s25_1)
                                                         net5 (net)
                      0.047996    0.000095    1.238160 ^ _179_/B (sky130_fd_sc_hd__and2_2)
     1    0.002297    0.034625    0.119600    1.357761 ^ _179_/X (sky130_fd_sc_hd__and2_2)
                                                         _015_ (net)
                      0.034625    0.000062    1.357822 ^ _311_/D (sky130_fd_sc_hd__dfxtp_2)
                                              1.357822   data arrival time

                                  0.000000    0.000000   clock clk (rise edge)
                                  0.000000    0.000000   clock source latency
     1    0.017654    0.085267    0.061468    0.061468 ^ clk (in)
                                                         clk (net)
                      0.085277    0.000000    0.061468 ^ clkbuf_0_clk/A (sky130_fd_sc_hd__clkbuf_16)
     4    0.040619    0.060320    0.164759    0.226228 ^ clkbuf_0_clk/X (sky130_fd_sc_hd__clkbuf_16)
                                                         clknet_0_clk (net)
                      0.060333    0.000862    0.227089 ^ clkbuf_2_2__f_clk/A (sky130_fd_sc_hd__clkbuf_16)
     8    0.030140    0.051160    0.147111    0.374200 ^ clkbuf_2_2__f_clk/X (sky130_fd_sc_hd__clkbuf_16)
                                                         clknet_2_2__leaf_clk (net)
                      0.051164    0.000958    0.375158 ^ _311_/CLK (sky130_fd_sc_hd__dfxtp_2)
                                  0.250000    0.625158   clock uncertainty
                                  0.000000    0.625158   clock reconvergence pessimism
                                 -0.028231    0.596928   library hold time
                                              0.596928   data required time
---------------------------------------------------------------------------------------------
                                              0.596928   data required time
                                             -1.357822   data arrival time
---------------------------------------------------------------------------------------------
                                              0.760895   slack (MET)


Startpoint: b[5] (input port clocked by clk)
Endpoint: _320_ (rising edge-triggered flip-flop clocked by clk)
Path Group: clk
Path Type: min

Fanout         Cap        Slew       Delay        Time   Description
---------------------------------------------------------------------------------------------
                                  0.000000    0.000000   clock clk (rise edge)
                                  0.000000    0.000000   clock network delay (propagated)
                                  1.000000    1.000000 ^ input external delay
     1    0.003479    0.022674    0.012069    1.012069 ^ b[5] (in)
                                                         b[5] (net)
                      0.022682    0.000000    1.012069 ^ input14/A (sky130_fd_sc_hd__clkdlybuf4s25_1)
     1    0.003502    0.050268    0.228133    1.240202 ^ input14/X (sky130_fd_sc_hd__clkdlybuf4s25_1)
                                                         net14 (net)
                      0.050268    0.000115    1.240317 ^ _188_/B (sky130_fd_sc_hd__and2_2)
     1    0.002005    0.033364    0.118825    1.359142 ^ _188_/X (sky130_fd_sc_hd__and2_2)
                                                         _024_ (net)
                      0.033364    0.000053    1.359195 ^ _320_/D (sky130_fd_sc_hd__dfxtp_2)
                                              1.359195   data arrival time

                                  0.000000    0.000000   clock clk (rise edge)
                                  0.000000    0.000000   clock source latency
     1    0.017654    0.085267    0.061468    0.061468 ^ clk (in)
                                                         clk (net)
                      0.085277    0.000000    0.061468 ^ clkbuf_0_clk/A (sky130_fd_sc_hd__clkbuf_16)
     4    0.040619    0.060320    0.164759    0.226228 ^ clkbuf_0_clk/X (sky130_fd_sc_hd__clkbuf_16)
                                                         clknet_0_clk (net)
                      0.060333    0.000862    0.227089 ^ clkbuf_2_2__f_clk/A (sky130_fd_sc_hd__clkbuf_16)
     8    0.030140    0.051160    0.147111    0.374200 ^ clkbuf_2_2__f_clk/X (sky130_fd_sc_hd__clkbuf_16)
                                                         clknet_2_2__leaf_clk (net)
                      0.051164    0.000957    0.375157 ^ _320_/CLK (sky130_fd_sc_hd__dfxtp_2)
                                  0.250000    0.625157   clock uncertainty
                                  0.000000    0.625157   clock reconvergence pessimism
                                 -0.027970    0.597187   library hold time
                                              0.597187   data required time
---------------------------------------------------------------------------------------------
                                              0.597187   data required time
                                             -1.359195   data arrival time
---------------------------------------------------------------------------------------------
                                              0.762008   slack (MET)


Startpoint: b[4] (input port clocked by clk)
Endpoint: _319_ (rising edge-triggered flip-flop clocked by clk)
Path Group: clk
Path Type: min

Fanout         Cap        Slew       Delay        Time   Description
---------------------------------------------------------------------------------------------
                                  0.000000    0.000000   clock clk (rise edge)
                                  0.000000    0.000000   clock network delay (propagated)
                                  1.000000    1.000000 ^ input external delay
     1    0.003482    0.022688    0.012079    1.012079 ^ b[4] (in)
                                                         b[4] (net)
                      0.022695    0.000000    1.012079 ^ input13/A (sky130_fd_sc_hd__clkdlybuf4s25_1)
     1    0.003216    0.047710    0.226164    1.238243 ^ input13/X (sky130_fd_sc_hd__clkdlybuf4s25_1)
                                                         net13 (net)
                      0.047710    0.000091    1.238334 ^ _187_/B (sky130_fd_sc_hd__and2_2)
     1    0.002025    0.033457    0.118190    1.356524 ^ _187_/X (sky130_fd_sc_hd__and2_2)
                                                         _023_ (net)
                      0.033457    0.000053    1.356577 ^ _319_/D (sky130_fd_sc_hd__dfxtp_2)
                                              1.356577   data arrival time

                                  0.000000    0.000000   clock clk (rise edge)
                                  0.000000    0.000000   clock source latency
     1    0.017654    0.085267    0.061468    0.061468 ^ clk (in)
                                                         clk (net)
                      0.085277    0.000000    0.061468 ^ clkbuf_0_clk/A (sky130_fd_sc_hd__clkbuf_16)
     4    0.040619    0.060320    0.164759    0.226228 ^ clkbuf_0_clk/X (sky130_fd_sc_hd__clkbuf_16)
                                                         clknet_0_clk (net)
                      0.060341    0.001054    0.227282 ^ clkbuf_2_0__f_clk/A (sky130_fd_sc_hd__clkbuf_16)
     8    0.027185    0.048240    0.144399    0.371680 ^ clkbuf_2_0__f_clk/X (sky130_fd_sc_hd__clkbuf_16)
                                                         clknet_2_0__leaf_clk (net)
                      0.048311    0.001023    0.372703 ^ _319_/CLK (sky130_fd_sc_hd__dfxtp_2)
                                  0.250000    0.622703   clock uncertainty
                                  0.000000    0.622703   clock reconvergence pessimism
                                 -0.028364    0.594339   library hold time
                                              0.594339   data required time
---------------------------------------------------------------------------------------------
                                              0.594339   data required time
                                             -1.356577   data arrival time
---------------------------------------------------------------------------------------------
                                              0.762238   slack (MET)


Startpoint: b[7] (input port clocked by clk)
Endpoint: _322_ (rising edge-triggered flip-flop clocked by clk)
Path Group: clk
Path Type: min

Fanout         Cap        Slew       Delay        Time   Description
---------------------------------------------------------------------------------------------
                                  0.000000    0.000000   clock clk (rise edge)
                                  0.000000    0.000000   clock network delay (propagated)
                                  1.000000    1.000000 ^ input external delay
     1    0.003731    0.023772    0.012911    1.012911 ^ b[7] (in)
                                                         b[7] (net)
                      0.023780    0.000000    1.012911 ^ input16/A (sky130_fd_sc_hd__clkdlybuf4s25_1)
     1    0.003418    0.049513    0.227935    1.240846 ^ input16/X (sky130_fd_sc_hd__clkdlybuf4s25_1)
                                                         net16 (net)
                      0.049513    0.000106    1.240952 ^ _190_/B (sky130_fd_sc_hd__and2_2)
     1    0.002071    0.033650    0.118931    1.359883 ^ _190_/X (sky130_fd_sc_hd__and2_2)
                                                         _026_ (net)
                      0.033650    0.000055    1.359938 ^ _322_/D (sky130_fd_sc_hd__dfxtp_2)
                                              1.359938   data arrival time

                                  0.000000    0.000000   clock clk (rise edge)
                                  0.000000    0.000000   clock source latency
     1    0.017654    0.085267    0.061468    0.061468 ^ clk (in)
                                                         clk (net)
                      0.085277    0.000000    0.061468 ^ clkbuf_0_clk/A (sky130_fd_sc_hd__clkbuf_16)
     4    0.040619    0.060320    0.164759    0.226228 ^ clkbuf_0_clk/X (sky130_fd_sc_hd__clkbuf_16)
                                                         clknet_0_clk (net)
                      0.060333    0.000862    0.227089 ^ clkbuf_2_2__f_clk/A (sky130_fd_sc_hd__clkbuf_16)
     8    0.030140    0.051160    0.147111    0.374200 ^ clkbuf_2_2__f_clk/X (sky130_fd_sc_hd__clkbuf_16)
                                                         clknet_2_2__leaf_clk (net)
                      0.051160    0.000318    0.374518 ^ _322_/CLK (sky130_fd_sc_hd__dfxtp_2)
                                  0.250000    0.624518   clock uncertainty
                                  0.000000    0.624518   clock reconvergence pessimism
                                 -0.028029    0.596488   library hold time
                                              0.596488   data required time
---------------------------------------------------------------------------------------------
                                              0.596488   data required time
                                             -1.359938   data arrival time
---------------------------------------------------------------------------------------------
                                              0.763450   slack (MET)


Startpoint: b[3] (input port clocked by clk)
Endpoint: _318_ (rising edge-triggered flip-flop clocked by clk)
Path Group: clk
Path Type: min

Fanout         Cap        Slew       Delay        Time   Description
---------------------------------------------------------------------------------------------
                                  0.000000    0.000000   clock clk (rise edge)
                                  0.000000    0.000000   clock network delay (propagated)
                                  1.000000    1.000000 ^ input external delay
     1    0.003479    0.022674    0.012069    1.012069 ^ b[3] (in)
                                                         b[3] (net)
                      0.022682    0.000000    1.012069 ^ input12/A (sky130_fd_sc_hd__clkdlybuf4s25_1)
     1    0.003304    0.048498    0.226791    1.238859 ^ input12/X (sky130_fd_sc_hd__clkdlybuf4s25_1)
                                                         net12 (net)
                      0.048498    0.000100    1.238959 ^ _186_/B (sky130_fd_sc_hd__and2_2)
     1    0.002154    0.034007    0.119043    1.358001 ^ _186_/X (sky130_fd_sc_hd__and2_2)
                                                         _022_ (net)
                      0.034007    0.000058    1.358060 ^ _318_/D (sky130_fd_sc_hd__dfxtp_2)
                                              1.358060   data arrival time

                                  0.000000    0.000000   clock clk (rise edge)
                                  0.000000    0.000000   clock source latency
     1    0.017654    0.085267    0.061468    0.061468 ^ clk (in)
                                                         clk (net)
                      0.085277    0.000000    0.061468 ^ clkbuf_0_clk/A (sky130_fd_sc_hd__clkbuf_16)
     4    0.040619    0.060320    0.164759    0.226228 ^ clkbuf_0_clk/X (sky130_fd_sc_hd__clkbuf_16)
                                                         clknet_0_clk (net)
                      0.060341    0.001054    0.227282 ^ clkbuf_2_0__f_clk/A (sky130_fd_sc_hd__clkbuf_16)
     8    0.027185    0.048240    0.144399    0.371680 ^ clkbuf_2_0__f_clk/X (sky130_fd_sc_hd__clkbuf_16)
                                                         clknet_2_0__leaf_clk (net)
                      0.048308    0.000973    0.372653 ^ _318_/CLK (sky130_fd_sc_hd__dfxtp_2)
                                  0.250000    0.622653   clock uncertainty
                                  0.000000    0.622653   clock reconvergence pessimism
                                 -0.028478    0.594175   library hold time
                                              0.594175   data required time
---------------------------------------------------------------------------------------------
                                              0.594175   data required time
                                             -1.358060   data arrival time
---------------------------------------------------------------------------------------------
                                              0.763884   slack (MET)


Startpoint: b[6] (input port clocked by clk)
Endpoint: _321_ (rising edge-triggered flip-flop clocked by clk)
Path Group: clk
Path Type: min

Fanout         Cap        Slew       Delay        Time   Description
---------------------------------------------------------------------------------------------
                                  0.000000    0.000000   clock clk (rise edge)
                                  0.000000    0.000000   clock network delay (propagated)
                                  1.000000    1.000000 ^ input external delay
     1    0.003690    0.023590    0.012774    1.012774 ^ b[6] (in)
                                                         b[6] (net)
                      0.023598    0.000000    1.012774 ^ input15/A (sky130_fd_sc_hd__clkdlybuf4s25_1)
     1    0.003579    0.050963    0.228947    1.241721 ^ input15/X (sky130_fd_sc_hd__clkdlybuf4s25_1)
                                                         net15 (net)
                      0.050963    0.000111    1.241833 ^ _189_/B (sky130_fd_sc_hd__and2_2)
     1    0.002162    0.034037    0.119789    1.361622 ^ _189_/X (sky130_fd_sc_hd__and2_2)
                                                         _025_ (net)
                      0.034037    0.000058    1.361680 ^ _321_/D (sky130_fd_sc_hd__dfxtp_2)
                                              1.361680   data arrival time

                                  0.000000    0.000000   clock clk (rise edge)
                                  0.000000    0.000000   clock source latency
     1    0.017654    0.085267    0.061468    0.061468 ^ clk (in)
                                                         clk (net)
                      0.085277    0.000000    0.061468 ^ clkbuf_0_clk/A (sky130_fd_sc_hd__clkbuf_16)
     4    0.040619    0.060320    0.164759    0.226228 ^ clkbuf_0_clk/X (sky130_fd_sc_hd__clkbuf_16)
                                                         clknet_0_clk (net)
                      0.060333    0.000862    0.227089 ^ clkbuf_2_2__f_clk/A (sky130_fd_sc_hd__clkbuf_16)
     8    0.030140    0.051160    0.147111    0.374200 ^ clkbuf_2_2__f_clk/X (sky130_fd_sc_hd__clkbuf_16)
                                                         clknet_2_2__leaf_clk (net)
                      0.051163    0.000809    0.375009 ^ _321_/CLK (sky130_fd_sc_hd__dfxtp_2)
                                  0.250000    0.625009   clock uncertainty
                                  0.000000    0.625009   clock reconvergence pessimism
                                 -0.028109    0.596900   library hold time
                                              0.596900   data required time
---------------------------------------------------------------------------------------------
                                              0.596900   data required time
                                             -1.361680   data arrival time
---------------------------------------------------------------------------------------------
                                              0.764780   slack (MET)


Startpoint: op[2] (input port clocked by clk)
Endpoint: _325_ (rising edge-triggered flip-flop clocked by clk)
Path Group: clk
Path Type: min

Fanout         Cap        Slew       Delay        Time   Description
---------------------------------------------------------------------------------------------
                                  0.000000    0.000000   clock clk (rise edge)
                                  0.000000    0.000000   clock network delay (propagated)
                                  1.000000    1.000000 ^ input external delay
     1    0.003843    0.024257    0.013284    1.013284 ^ op[2] (in)
                                                         op[2] (net)
                      0.024265    0.000000    1.013284 ^ input19/A (sky130_fd_sc_hd__clkdlybuf4s25_1)
     1    0.002828    0.044293    0.223915    1.237200 ^ input19/X (sky130_fd_sc_hd__clkdlybuf4s25_1)
                                                         net19 (net)
                      0.044293    0.000080    1.237280 ^ _193_/B (sky130_fd_sc_hd__and2_2)
     1    0.003148    0.038276    0.122686    1.359965 ^ _193_/X (sky130_fd_sc_hd__and2_2)
                                                         _029_ (net)
                      0.038285    0.000094    1.360059 ^ _325_/D (sky130_fd_sc_hd__dfxtp_4)
                                              1.360059   data arrival time

                                  0.000000    0.000000   clock clk (rise edge)
                                  0.000000    0.000000   clock source latency
     1    0.017654    0.085267    0.061468    0.061468 ^ clk (in)
                                                         clk (net)
                      0.085277    0.000000    0.061468 ^ clkbuf_0_clk/A (sky130_fd_sc_hd__clkbuf_16)
     4    0.040619    0.060320    0.164759    0.226228 ^ clkbuf_0_clk/X (sky130_fd_sc_hd__clkbuf_16)
                                                         clknet_0_clk (net)
                      0.060341    0.001054    0.227282 ^ clkbuf_2_0__f_clk/A (sky130_fd_sc_hd__clkbuf_16)
     8    0.027185    0.048240    0.144399    0.371680 ^ clkbuf_2_0__f_clk/X (sky130_fd_sc_hd__clkbuf_16)
                                                         clknet_2_0__leaf_clk (net)
                      0.048326    0.001247    0.372927 ^ _325_/CLK (sky130_fd_sc_hd__dfxtp_4)
                                  0.250000    0.622927   clock uncertainty
                                  0.000000    0.622927   clock reconvergence pessimism
                                 -0.029522    0.593405   library hold time
                                              0.593405   data required time
---------------------------------------------------------------------------------------------
                                              0.593405   data required time
                                             -1.360059   data arrival time
---------------------------------------------------------------------------------------------
                                              0.766654   slack (MET)


Startpoint: a[7] (input port clocked by clk)
Endpoint: _314_ (rising edge-triggered flip-flop clocked by clk)
Path Group: clk
Path Type: min

Fanout         Cap        Slew       Delay        Time   Description
---------------------------------------------------------------------------------------------
                                  0.000000    0.000000   clock clk (rise edge)
                                  0.000000    0.000000   clock network delay (propagated)
                                  1.000000    1.000000 ^ input external delay
     1    0.003785    0.024005    0.013090    1.013090 ^ a[7] (in)
                                                         a[7] (net)
                      0.024013    0.000000    1.013090 ^ input8/A (sky130_fd_sc_hd__clkdlybuf4s25_1)
     1    0.003258    0.048081    0.226892    1.239982 ^ input8/X (sky130_fd_sc_hd__clkdlybuf4s25_1)
                                                         net8 (net)
                      0.048081    0.000098    1.240079 ^ _182_/B (sky130_fd_sc_hd__and2_2)
     1    0.002112    0.033828    0.118724    1.358803 ^ _182_/X (sky130_fd_sc_hd__and2_2)
                                                         _018_ (net)
                      0.033828    0.000039    1.358842 ^ _314_/D (sky130_fd_sc_hd__dfxtp_2)
                                              1.358842   data arrival time

                                  0.000000    0.000000   clock clk (rise edge)
                                  0.000000    0.000000   clock source latency
     1    0.017654    0.085267    0.061468    0.061468 ^ clk (in)
                                                         clk (net)
                      0.085277    0.000000    0.061468 ^ clkbuf_0_clk/A (sky130_fd_sc_hd__clkbuf_16)
     4    0.040619    0.060320    0.164759    0.226228 ^ clkbuf_0_clk/X (sky130_fd_sc_hd__clkbuf_16)
                                                         clknet_0_clk (net)
                      0.060333    0.000863    0.227091 ^ clkbuf_2_3__f_clk/A (sky130_fd_sc_hd__clkbuf_16)
     8    0.025138    0.046423    0.142476    0.369566 ^ clkbuf_2_3__f_clk/X (sky130_fd_sc_hd__clkbuf_16)
                                                         clknet_2_3__leaf_clk (net)
                      0.046453    0.001098    0.370665 ^ _314_/CLK (sky130_fd_sc_hd__dfxtp_2)
                                  0.250000    0.620665   clock uncertainty
                                  0.000000    0.620665   clock reconvergence pessimism
                                 -0.028685    0.591980   library hold time
                                              0.591980   data required time
---------------------------------------------------------------------------------------------
                                              0.591980   data required time
                                             -1.358842   data arrival time
---------------------------------------------------------------------------------------------
                                              0.766862   slack (MET)


Startpoint: a[3] (input port clocked by clk)
Endpoint: _310_ (rising edge-triggered flip-flop clocked by clk)
Path Group: clk
Path Type: min

Fanout         Cap        Slew       Delay        Time   Description
---------------------------------------------------------------------------------------------
                                  0.000000    0.000000   clock clk (rise edge)
                                  0.000000    0.000000   clock network delay (propagated)
                                  1.000000    1.000000 ^ input external delay
     1    0.003483    0.022692    0.012082    1.012082 ^ a[3] (in)
                                                         a[3] (net)
                      0.022700    0.000000    1.012082 ^ input4/A (sky130_fd_sc_hd__clkdlybuf4s25_1)
     1    0.004043    0.055221    0.231756    1.243838 ^ input4/X (sky130_fd_sc_hd__clkdlybuf4s25_1)
                                                         net4 (net)
                      0.055221    0.000132    1.243970 ^ _178_/B (sky130_fd_sc_hd__and2_2)
     1    0.002257    0.034442    0.121466    1.365435 ^ _178_/X (sky130_fd_sc_hd__and2_2)
                                                         _014_ (net)
                      0.034442    0.000063    1.365498 ^ _310_/D (sky130_fd_sc_hd__dfxtp_2)
                                              1.365498   data arrival time

                                  0.000000    0.000000   clock clk (rise edge)
                                  0.000000    0.000000   clock source latency
     1    0.017654    0.085267    0.061468    0.061468 ^ clk (in)
                                                         clk (net)
                      0.085277    0.000000    0.061468 ^ clkbuf_0_clk/A (sky130_fd_sc_hd__clkbuf_16)
     4    0.040619    0.060320    0.164759    0.226228 ^ clkbuf_0_clk/X (sky130_fd_sc_hd__clkbuf_16)
                                                         clknet_0_clk (net)
                      0.060341    0.001054    0.227282 ^ clkbuf_2_0__f_clk/A (sky130_fd_sc_hd__clkbuf_16)
     8    0.027185    0.048240    0.144399    0.371680 ^ clkbuf_2_0__f_clk/X (sky130_fd_sc_hd__clkbuf_16)
                                                         clknet_2_0__leaf_clk (net)
                      0.048303    0.000893    0.372573 ^ _310_/CLK (sky130_fd_sc_hd__dfxtp_2)
                                  0.250000    0.622573   clock uncertainty
                                  0.000000    0.622573   clock reconvergence pessimism
                                 -0.028569    0.594005   library hold time
                                              0.594005   data required time
---------------------------------------------------------------------------------------------
                                              0.594005   data required time
                                             -1.365498   data arrival time
---------------------------------------------------------------------------------------------
                                              0.771493   slack (MET)


Startpoint: _305_ (rising edge-triggered flip-flop clocked by clk)
Endpoint: zero (output port clocked by clk)
Path Group: clk
Path Type: min

Fanout         Cap        Slew       Delay        Time   Description
---------------------------------------------------------------------------------------------
                                  0.000000    0.000000   clock clk (rise edge)
                                  0.000000    0.000000   clock source latency
     1    0.017654    0.085267    0.055614    0.055614 ^ clk (in)
                                                         clk (net)
                      0.085277    0.000000    0.055614 ^ clkbuf_0_clk/A (sky130_fd_sc_hd__clkbuf_16)
     4    0.040619    0.060320    0.149068    0.204682 ^ clkbuf_0_clk/X (sky130_fd_sc_hd__clkbuf_16)
                                                         clknet_0_clk (net)
                      0.060333    0.000781    0.205463 ^ clkbuf_2_3__f_clk/A (sky130_fd_sc_hd__clkbuf_16)
     8    0.025138    0.046423    0.128907    0.334369 ^ clkbuf_2_3__f_clk/X (sky130_fd_sc_hd__clkbuf_16)
                                                         clknet_2_3__leaf_clk (net)
                      0.046433    0.000658    0.335027 ^ _305_/CLK (sky130_fd_sc_hd__dfxtp_2)
     1    0.002655    0.022241    0.286668    0.621695 v _305_/Q (sky130_fd_sc_hd__dfxtp_2)
                                                         net32 (net)
                      0.022241    0.000073    0.621768 v output32/A (sky130_fd_sc_hd__clkdlybuf4s25_1)
     1    0.034898    0.259612    0.387480    1.009248 v output32/X (sky130_fd_sc_hd__clkdlybuf4s25_1)
                                                         zero (net)
                      0.259612    0.000707    1.009956 v zero (out)
                                              1.009956   data arrival time

                                  0.000000    0.000000   clock clk (rise edge)
                                  0.000000    0.000000   clock network delay (propagated)
                                  0.250000    0.250000   clock uncertainty
                                  0.000000    0.250000   clock reconvergence pessimism
                                 -1.000000   -0.750000   output external delay
                                             -0.750000   data required time
---------------------------------------------------------------------------------------------
                                             -0.750000   data required time
                                             -1.009956   data arrival time
---------------------------------------------------------------------------------------------
                                              1.759955   slack (MET)


Startpoint: _301_ (rising edge-triggered flip-flop clocked by clk)
Endpoint: y[4] (output port clocked by clk)
Path Group: clk
Path Type: min

Fanout         Cap        Slew       Delay        Time   Description
---------------------------------------------------------------------------------------------
                                  0.000000    0.000000   clock clk (rise edge)
                                  0.000000    0.000000   clock source latency
     1    0.017654    0.085267    0.055614    0.055614 ^ clk (in)
                                                         clk (net)
                      0.085277    0.000000    0.055614 ^ clkbuf_0_clk/A (sky130_fd_sc_hd__clkbuf_16)
     4    0.040619    0.060320    0.149068    0.204682 ^ clkbuf_0_clk/X (sky130_fd_sc_hd__clkbuf_16)
                                                         clknet_0_clk (net)
                      0.060333    0.000781    0.205463 ^ clkbuf_2_3__f_clk/A (sky130_fd_sc_hd__clkbuf_16)
     8    0.025138    0.046423    0.128907    0.334369 ^ clkbuf_2_3__f_clk/X (sky130_fd_sc_hd__clkbuf_16)
                                                         clknet_2_3__leaf_clk (net)
                      0.046459    0.001082    0.335451 ^ _301_/CLK (sky130_fd_sc_hd__dfxtp_2)
     1    0.002606    0.022154    0.286512    0.621963 v _301_/Q (sky130_fd_sc_hd__dfxtp_2)
                                                         net28 (net)
                      0.022154    0.000071    0.622034 v output28/A (sky130_fd_sc_hd__clkdlybuf4s25_1)
     1    0.035003    0.260431    0.387824    1.009858 v output28/X (sky130_fd_sc_hd__clkdlybuf4s25_1)
                                                         y[4] (net)
                      0.260431    0.000897    1.010755 v y[4] (out)
                                              1.010755   data arrival time

                                  0.000000    0.000000   clock clk (rise edge)
                                  0.000000    0.000000   clock network delay (propagated)
                                  0.250000    0.250000   clock uncertainty
                                  0.000000    0.250000   clock reconvergence pessimism
                                 -1.000000   -0.750000   output external delay
                                             -0.750000   data required time
---------------------------------------------------------------------------------------------
                                             -0.750000   data required time
                                             -1.010755   data arrival time
---------------------------------------------------------------------------------------------
                                              1.760755   slack (MET)


Startpoint: _299_ (rising edge-triggered flip-flop clocked by clk)
Endpoint: y[2] (output port clocked by clk)
Path Group: clk
Path Type: min

Fanout         Cap        Slew       Delay        Time   Description
---------------------------------------------------------------------------------------------
                                  0.000000    0.000000   clock clk (rise edge)
                                  0.000000    0.000000   clock source latency
     1    0.017654    0.085267    0.055614    0.055614 ^ clk (in)
                                                         clk (net)
                      0.085277    0.000000    0.055614 ^ clkbuf_0_clk/A (sky130_fd_sc_hd__clkbuf_16)
     4    0.040619    0.060320    0.149068    0.204682 ^ clkbuf_0_clk/X (sky130_fd_sc_hd__clkbuf_16)
                                                         clknet_0_clk (net)
                      0.060337    0.000868    0.205550 ^ clkbuf_2_1__f_clk/A (sky130_fd_sc_hd__clkbuf_16)
     8    0.026846    0.047989    0.130273    0.335823 ^ clkbuf_2_1__f_clk/X (sky130_fd_sc_hd__clkbuf_16)
                                                         clknet_2_1__leaf_clk (net)
                      0.048011    0.000915    0.336738 ^ _299_/CLK (sky130_fd_sc_hd__dfxtp_2)
     1    0.002839    0.022581    0.287854    0.624592 v _299_/Q (sky130_fd_sc_hd__dfxtp_2)
                                                         net26 (net)
                      0.022581    0.000081    0.624673 v output26/A (sky130_fd_sc_hd__clkdlybuf4s25_1)
     1    0.035162    0.261555    0.388771    1.013444 v output26/X (sky130_fd_sc_hd__clkdlybuf4s25_1)
                                                         y[2] (net)
                      0.261556    0.000924    1.014368 v y[2] (out)
                                              1.014368   data arrival time

                                  0.000000    0.000000   clock clk (rise edge)
                                  0.000000    0.000000   clock network delay (propagated)
                                  0.250000    0.250000   clock uncertainty
                                  0.000000    0.250000   clock reconvergence pessimism
                                 -1.000000   -0.750000   output external delay
                                             -0.750000   data required time
---------------------------------------------------------------------------------------------
                                             -0.750000   data required time
                                             -1.014368   data arrival time
---------------------------------------------------------------------------------------------
                                              1.764368   slack (MET)


Startpoint: _300_ (rising edge-triggered flip-flop clocked by clk)
Endpoint: y[3] (output port clocked by clk)
Path Group: clk
Path Type: min

Fanout         Cap        Slew       Delay        Time   Description
---------------------------------------------------------------------------------------------
                                  0.000000    0.000000   clock clk (rise edge)
                                  0.000000    0.000000   clock source latency
     1    0.017654    0.085267    0.055614    0.055614 ^ clk (in)
                                                         clk (net)
                      0.085277    0.000000    0.055614 ^ clkbuf_0_clk/A (sky130_fd_sc_hd__clkbuf_16)
     4    0.040619    0.060320    0.149068    0.204682 ^ clkbuf_0_clk/X (sky130_fd_sc_hd__clkbuf_16)
                                                         clknet_0_clk (net)
                      0.060333    0.000781    0.205463 ^ clkbuf_2_3__f_clk/A (sky130_fd_sc_hd__clkbuf_16)
     8    0.025138    0.046423    0.128907    0.334369 ^ clkbuf_2_3__f_clk/X (sky130_fd_sc_hd__clkbuf_16)
                                                         clknet_2_3__leaf_clk (net)
                      0.046460    0.001093    0.335462 ^ _300_/CLK (sky130_fd_sc_hd__dfxtp_2)
     1    0.002750    0.022414    0.287004    0.622467 v _300_/Q (sky130_fd_sc_hd__dfxtp_2)
                                                         net27 (net)
                      0.022414    0.000077    0.622544 v output27/A (sky130_fd_sc_hd__clkdlybuf4s25_1)
     1    0.035602    0.264728    0.390835    1.013379 v output27/X (sky130_fd_sc_hd__clkdlybuf4s25_1)
                                                         y[3] (net)
                      0.264730    0.001017    1.014396 v y[3] (out)
                                              1.014396   data arrival time

                                  0.000000    0.000000   clock clk (rise edge)
                                  0.000000    0.000000   clock network delay (propagated)
                                  0.250000    0.250000   clock uncertainty
                                  0.000000    0.250000   clock reconvergence pessimism
                                 -1.000000   -0.750000   output external delay
                                             -0.750000   data required time
---------------------------------------------------------------------------------------------
                                             -0.750000   data required time
                                             -1.014396   data arrival time
---------------------------------------------------------------------------------------------
                                              1.764396   slack (MET)


Startpoint: _298_ (rising edge-triggered flip-flop clocked by clk)
Endpoint: y[1] (output port clocked by clk)
Path Group: clk
Path Type: min

Fanout         Cap        Slew       Delay        Time   Description
---------------------------------------------------------------------------------------------
                                  0.000000    0.000000   clock clk (rise edge)
                                  0.000000    0.000000   clock source latency
     1    0.017654    0.085267    0.055614    0.055614 ^ clk (in)
                                                         clk (net)
                      0.085277    0.000000    0.055614 ^ clkbuf_0_clk/A (sky130_fd_sc_hd__clkbuf_16)
     4    0.040619    0.060320    0.149068    0.204682 ^ clkbuf_0_clk/X (sky130_fd_sc_hd__clkbuf_16)
                                                         clknet_0_clk (net)
                      0.060337    0.000868    0.205550 ^ clkbuf_2_1__f_clk/A (sky130_fd_sc_hd__clkbuf_16)
     8    0.026846    0.047989    0.130273    0.335823 ^ clkbuf_2_1__f_clk/X (sky130_fd_sc_hd__clkbuf_16)
                                                         clknet_2_1__leaf_clk (net)
                      0.048016    0.000985    0.336809 ^ _298_/CLK (sky130_fd_sc_hd__dfxtp_2)
     1    0.002839    0.022581    0.287856    0.624664 v _298_/Q (sky130_fd_sc_hd__dfxtp_2)
                                                         net25 (net)
                      0.022581    0.000081    0.624745 v output25/A (sky130_fd_sc_hd__clkdlybuf4s25_1)
     1    0.035162    0.261555    0.388771    1.013516 v output25/X (sky130_fd_sc_hd__clkdlybuf4s25_1)
                                                         y[1] (net)
                      0.261556    0.000924    1.014440 v y[1] (out)
                                              1.014440   data arrival time

                                  0.000000    0.000000   clock clk (rise edge)
                                  0.000000    0.000000   clock network delay (propagated)
                                  0.250000    0.250000   clock uncertainty
                                  0.000000    0.250000   clock reconvergence pessimism
                                 -1.000000   -0.750000   output external delay
                                             -0.750000   data required time
---------------------------------------------------------------------------------------------
                                             -0.750000   data required time
                                             -1.014440   data arrival time
---------------------------------------------------------------------------------------------
                                              1.764440   slack (MET)


Startpoint: _302_ (rising edge-triggered flip-flop clocked by clk)
Endpoint: y[5] (output port clocked by clk)
Path Group: clk
Path Type: min

Fanout         Cap        Slew       Delay        Time   Description
---------------------------------------------------------------------------------------------
                                  0.000000    0.000000   clock clk (rise edge)
                                  0.000000    0.000000   clock source latency
     1    0.017654    0.085267    0.055614    0.055614 ^ clk (in)
                                                         clk (net)
                      0.085277    0.000000    0.055614 ^ clkbuf_0_clk/A (sky130_fd_sc_hd__clkbuf_16)
     4    0.040619    0.060320    0.149068    0.204682 ^ clkbuf_0_clk/X (sky130_fd_sc_hd__clkbuf_16)
                                                         clknet_0_clk (net)
                      0.060333    0.000781    0.205463 ^ clkbuf_2_3__f_clk/A (sky130_fd_sc_hd__clkbuf_16)
     8    0.025138    0.046423    0.128907    0.334369 ^ clkbuf_2_3__f_clk/X (sky130_fd_sc_hd__clkbuf_16)
                                                         clknet_2_3__leaf_clk (net)
                      0.046441    0.000814    0.335183 ^ _302_/CLK (sky130_fd_sc_hd__dfxtp_2)
     1    0.003444    0.023924    0.289388    0.624571 v _302_/Q (sky130_fd_sc_hd__dfxtp_2)
                                                         net29 (net)
                      0.023924    0.000097    0.624669 v output29/A (sky130_fd_sc_hd__clkdlybuf4s25_1)
     1    0.035099    0.261038    0.389121    1.013789 v output29/X (sky130_fd_sc_hd__clkdlybuf4s25_1)
                                                         y[5] (net)
                      0.261038    0.000749    1.014539 v y[5] (out)
                                              1.014539   data arrival time

                                  0.000000    0.000000   clock clk (rise edge)
                                  0.000000    0.000000   clock network delay (propagated)
                                  0.250000    0.250000   clock uncertainty
                                  0.000000    0.250000   clock reconvergence pessimism
                                 -1.000000   -0.750000   output external delay
                                             -0.750000   data required time
---------------------------------------------------------------------------------------------
                                             -0.750000   data required time
                                             -1.014539   data arrival time
---------------------------------------------------------------------------------------------
                                              1.764539   slack (MET)


Startpoint: _303_ (rising edge-triggered flip-flop clocked by clk)
Endpoint: y[6] (output port clocked by clk)
Path Group: clk
Path Type: min

Fanout         Cap        Slew       Delay        Time   Description
---------------------------------------------------------------------------------------------
                                  0.000000    0.000000   clock clk (rise edge)
                                  0.000000    0.000000   clock source latency
     1    0.017654    0.085267    0.055614    0.055614 ^ clk (in)
                                                         clk (net)
                      0.085277    0.000000    0.055614 ^ clkbuf_0_clk/A (sky130_fd_sc_hd__clkbuf_16)
     4    0.040619    0.060320    0.149068    0.204682 ^ clkbuf_0_clk/X (sky130_fd_sc_hd__clkbuf_16)
                                                         clknet_0_clk (net)
                      0.060333    0.000781    0.205463 ^ clkbuf_2_3__f_clk/A (sky130_fd_sc_hd__clkbuf_16)
     8    0.025138    0.046423    0.128907    0.334369 ^ clkbuf_2_3__f_clk/X (sky130_fd_sc_hd__clkbuf_16)
                                                         clknet_2_3__leaf_clk (net)
                      0.046430    0.000586    0.334956 ^ _303_/CLK (sky130_fd_sc_hd__dfxtp_2)
     1    0.003552    0.024208    0.289750    0.624706 v _303_/Q (sky130_fd_sc_hd__dfxtp_2)
                                                         net30 (net)
                      0.024208    0.000110    0.624816 v output30/A (sky130_fd_sc_hd__clkdlybuf4s25_1)
     1    0.035045    0.260717    0.388822    1.013637 v output30/X (sky130_fd_sc_hd__clkdlybuf4s25_1)
                                                         y[6] (net)
                      0.260718    0.000934    1.014571 v y[6] (out)
                                              1.014571   data arrival time

                                  0.000000    0.000000   clock clk (rise edge)
                                  0.000000    0.000000   clock network delay (propagated)
                                  0.250000    0.250000   clock uncertainty
                                  0.000000    0.250000   clock reconvergence pessimism
                                 -1.000000   -0.750000   output external delay
                                             -0.750000   data required time
---------------------------------------------------------------------------------------------
                                             -0.750000   data required time
                                             -1.014571   data arrival time
---------------------------------------------------------------------------------------------
                                              1.764571   slack (MET)


Startpoint: _296_ (rising edge-triggered flip-flop clocked by clk)
Endpoint: overflow (output port clocked by clk)
Path Group: clk
Path Type: min

Fanout         Cap        Slew       Delay        Time   Description
---------------------------------------------------------------------------------------------
                                  0.000000    0.000000   clock clk (rise edge)
                                  0.000000    0.000000   clock source latency
     1    0.017654    0.085267    0.055614    0.055614 ^ clk (in)
                                                         clk (net)
                      0.085277    0.000000    0.055614 ^ clkbuf_0_clk/A (sky130_fd_sc_hd__clkbuf_16)
     4    0.040619    0.060320    0.149068    0.204682 ^ clkbuf_0_clk/X (sky130_fd_sc_hd__clkbuf_16)
                                                         clknet_0_clk (net)
                      0.060333    0.000780    0.205462 ^ clkbuf_2_2__f_clk/A (sky130_fd_sc_hd__clkbuf_16)
     8    0.030140    0.051160    0.133101    0.338562 ^ clkbuf_2_2__f_clk/X (sky130_fd_sc_hd__clkbuf_16)
                                                         clknet_2_2__leaf_clk (net)
                      0.051160    0.000324    0.338886 ^ _296_/CLK (sky130_fd_sc_hd__dfxtp_2)
     1    0.002659    0.022251    0.288336    0.627223 v _296_/Q (sky130_fd_sc_hd__dfxtp_2)
                                                         net23 (net)
                      0.022251    0.000074    0.627296 v output23/A (sky130_fd_sc_hd__clkdlybuf4s25_1)
     1    0.034722    0.258335    0.386650    1.013946 v output23/X (sky130_fd_sc_hd__clkdlybuf4s25_1)
                                                         overflow (net)
                      0.258335    0.000645    1.014592 v overflow (out)
                                              1.014592   data arrival time

                                  0.000000    0.000000   clock clk (rise edge)
                                  0.000000    0.000000   clock network delay (propagated)
                                  0.250000    0.250000   clock uncertainty
                                  0.000000    0.250000   clock reconvergence pessimism
                                 -1.000000   -0.750000   output external delay
                                             -0.750000   data required time
---------------------------------------------------------------------------------------------
                                             -0.750000   data required time
                                             -1.014592   data arrival time
---------------------------------------------------------------------------------------------
                                              1.764592   slack (MET)


Startpoint: _304_ (rising edge-triggered flip-flop clocked by clk)
Endpoint: carry (output port clocked by clk)
Path Group: clk
Path Type: min

Fanout         Cap        Slew       Delay        Time   Description
---------------------------------------------------------------------------------------------
                                  0.000000    0.000000   clock clk (rise edge)
                                  0.000000    0.000000   clock source latency
     1    0.017654    0.085267    0.055614    0.055614 ^ clk (in)
                                                         clk (net)
                      0.085277    0.000000    0.055614 ^ clkbuf_0_clk/A (sky130_fd_sc_hd__clkbuf_16)
     4    0.040619    0.060320    0.149068    0.204682 ^ clkbuf_0_clk/X (sky130_fd_sc_hd__clkbuf_16)
                                                         clknet_0_clk (net)
                      0.060333    0.000780    0.205462 ^ clkbuf_2_2__f_clk/A (sky130_fd_sc_hd__clkbuf_16)
     8    0.030140    0.051160    0.133101    0.338562 ^ clkbuf_2_2__f_clk/X (sky130_fd_sc_hd__clkbuf_16)
                                                         clknet_2_2__leaf_clk (net)
                      0.051160    0.000372    0.338935 ^ _304_/CLK (sky130_fd_sc_hd__dfxtp_2)
     1    0.002681    0.022291    0.288413    0.627347 v _304_/Q (sky130_fd_sc_hd__dfxtp_2)
                                                         net21 (net)
                      0.022291    0.000074    0.627421 v output21/A (sky130_fd_sc_hd__clkdlybuf4s25_1)
     1    0.034751    0.258548    0.386795    1.014217 v output21/X (sky130_fd_sc_hd__clkdlybuf4s25_1)
                                                         carry (net)
                      0.258548    0.000665    1.014882 v carry (out)
                                              1.014882   data arrival time

                                  0.000000    0.000000   clock clk (rise edge)
                                  0.000000    0.000000   clock network delay (propagated)
                                  0.250000    0.250000   clock uncertainty
                                  0.000000    0.250000   clock reconvergence pessimism
                                 -1.000000   -0.750000   output external delay
                                             -0.750000   data required time
---------------------------------------------------------------------------------------------
                                             -0.750000   data required time
                                             -1.014882   data arrival time
---------------------------------------------------------------------------------------------
                                              1.764882   slack (MET)


Startpoint: _297_ (rising edge-triggered flip-flop clocked by clk)
Endpoint: y[0] (output port clocked by clk)
Path Group: clk
Path Type: min

Fanout         Cap        Slew       Delay        Time   Description
---------------------------------------------------------------------------------------------
                                  0.000000    0.000000   clock clk (rise edge)
                                  0.000000    0.000000   clock source latency
     1    0.017654    0.085267    0.055614    0.055614 ^ clk (in)
                                                         clk (net)
                      0.085277    0.000000    0.055614 ^ clkbuf_0_clk/A (sky130_fd_sc_hd__clkbuf_16)
     4    0.040619    0.060320    0.149068    0.204682 ^ clkbuf_0_clk/X (sky130_fd_sc_hd__clkbuf_16)
                                                         clknet_0_clk (net)
                      0.060337    0.000868    0.205550 ^ clkbuf_2_1__f_clk/A (sky130_fd_sc_hd__clkbuf_16)
     8    0.026846    0.047989    0.130273    0.335823 ^ clkbuf_2_1__f_clk/X (sky130_fd_sc_hd__clkbuf_16)
                                                         clknet_2_1__leaf_clk (net)
                      0.048009    0.000884    0.336707 ^ _297_/CLK (sky130_fd_sc_hd__dfxtp_2)
     1    0.003321    0.023608    0.289509    0.626217 v _297_/Q (sky130_fd_sc_hd__dfxtp_2)
                                                         net24 (net)
                      0.023608    0.000098    0.626315 v output24/A (sky130_fd_sc_hd__clkdlybuf4s25_1)
     1    0.035131    0.261316    0.389029    1.015343 v output24/X (sky130_fd_sc_hd__clkdlybuf4s25_1)
                                                         y[0] (net)
                      0.261317    0.000911    1.016254 v y[0] (out)
                                              1.016254   data arrival time

                                  0.000000    0.000000   clock clk (rise edge)
                                  0.000000    0.000000   clock network delay (propagated)
                                  0.250000    0.250000   clock uncertainty
                                  0.000000    0.250000   clock reconvergence pessimism
                                 -1.000000   -0.750000   output external delay
                                             -0.750000   data required time
---------------------------------------------------------------------------------------------
                                             -0.750000   data required time
                                             -1.016254   data arrival time
---------------------------------------------------------------------------------------------
                                              1.766254   slack (MET)


Startpoint: _306_ (rising edge-triggered flip-flop clocked by clk)
Endpoint: negative (output port clocked by clk)
Path Group: clk
Path Type: min

Fanout         Cap        Slew       Delay        Time   Description
---------------------------------------------------------------------------------------------
                                  0.000000    0.000000   clock clk (rise edge)
                                  0.000000    0.000000   clock source latency
     1    0.017654    0.085267    0.055614    0.055614 ^ clk (in)
                                                         clk (net)
                      0.085277    0.000000    0.055614 ^ clkbuf_0_clk/A (sky130_fd_sc_hd__clkbuf_16)
     4    0.040619    0.060320    0.149068    0.204682 ^ clkbuf_0_clk/X (sky130_fd_sc_hd__clkbuf_16)
                                                         clknet_0_clk (net)
                      0.060333    0.000781    0.205463 ^ clkbuf_2_3__f_clk/A (sky130_fd_sc_hd__clkbuf_16)
     8    0.025138    0.046423    0.128907    0.334369 ^ clkbuf_2_3__f_clk/X (sky130_fd_sc_hd__clkbuf_16)
                                                         clknet_2_3__leaf_clk (net)
                      0.046429    0.000544    0.334914 ^ _306_/CLK (sky130_fd_sc_hd__dfxtp_2)
     2    0.005391    0.028212    0.294923    0.629836 v _306_/Q (sky130_fd_sc_hd__dfxtp_2)
                                                         net22 (net)
                      0.028212    0.000122    0.629959 v output22/A (sky130_fd_sc_hd__clkdlybuf4s25_1)
     1    0.035441    0.263542    0.392575    1.022534 v output22/X (sky130_fd_sc_hd__clkdlybuf4s25_1)
                                                         negative (net)
                      0.263542    0.000761    1.023295 v negative (out)
                                              1.023295   data arrival time

                                  0.000000    0.000000   clock clk (rise edge)
                                  0.000000    0.000000   clock network delay (propagated)
                                  0.250000    0.250000   clock uncertainty
                                  0.000000    0.250000   clock reconvergence pessimism
                                 -1.000000   -0.750000   output external delay
                                             -0.750000   data required time
---------------------------------------------------------------------------------------------
                                             -0.750000   data required time
                                             -1.023295   data arrival time
---------------------------------------------------------------------------------------------
                                              1.773295   slack (MET)


Startpoint: _306_ (rising edge-triggered flip-flop clocked by clk)
Endpoint: y[7] (output port clocked by clk)
Path Group: clk
Path Type: min

Fanout         Cap        Slew       Delay        Time   Description
---------------------------------------------------------------------------------------------
                                  0.000000    0.000000   clock clk (rise edge)
                                  0.000000    0.000000   clock source latency
     1    0.017654    0.085267    0.055614    0.055614 ^ clk (in)
                                                         clk (net)
                      0.085277    0.000000    0.055614 ^ clkbuf_0_clk/A (sky130_fd_sc_hd__clkbuf_16)
     4    0.040619    0.060320    0.149068    0.204682 ^ clkbuf_0_clk/X (sky130_fd_sc_hd__clkbuf_16)
                                                         clknet_0_clk (net)
                      0.060333    0.000781    0.205463 ^ clkbuf_2_3__f_clk/A (sky130_fd_sc_hd__clkbuf_16)
     8    0.025138    0.046423    0.128907    0.334369 ^ clkbuf_2_3__f_clk/X (sky130_fd_sc_hd__clkbuf_16)
                                                         clknet_2_3__leaf_clk (net)
                      0.046429    0.000544    0.334914 ^ _306_/CLK (sky130_fd_sc_hd__dfxtp_2)
     2    0.005391    0.028212    0.294923    0.629836 v _306_/Q (sky130_fd_sc_hd__dfxtp_2)
                                                         net22 (net)
                      0.028212    0.000115    0.629951 v _326_/A (sky130_fd_sc_hd__buf_2)
     1    0.003301    0.024507    0.102738    0.732689 v _326_/X (sky130_fd_sc_hd__buf_2)
                                                         net31 (net)
                      0.024519    0.000099    0.732788 v output31/A (sky130_fd_sc_hd__clkdlybuf4s25_1)
     1    0.036401    0.270393    0.395750    1.128538 v output31/X (sky130_fd_sc_hd__clkdlybuf4s25_1)
                                                         y[7] (net)
                      0.270394    0.000930    1.129468 v y[7] (out)
                                              1.129468   data arrival time

                                  0.000000    0.000000   clock clk (rise edge)
                                  0.000000    0.000000   clock network delay (propagated)
                                  0.250000    0.250000   clock uncertainty
                                  0.000000    0.250000   clock reconvergence pessimism
                                 -1.000000   -0.750000   output external delay
                                             -0.750000   data required time
---------------------------------------------------------------------------------------------
                                             -0.750000   data required time
                                             -1.129468   data arrival time
---------------------------------------------------------------------------------------------
                                              1.879468   slack (MET)



%OL_END_REPORT
%OL_CREATE_REPORT max.rpt

===========================================================================
report_checks -path_delay max (Setup)
============================================================================
======================= nom_tt_025C_1v80 Corner ===================================

Startpoint: _323_ (rising edge-triggered flip-flop clocked by clk)
Endpoint: _305_ (rising edge-triggered flip-flop clocked by clk)
Path Group: clk
Path Type: max

Fanout         Cap        Slew       Delay        Time   Description
---------------------------------------------------------------------------------------------
                                  0.000000    0.000000   clock clk (rise edge)
                                  0.000000    0.000000   clock source latency
     1    0.017654    0.085267    0.061468    0.061468 ^ clk (in)
                                                         clk (net)
                      0.085277    0.000000    0.061468 ^ clkbuf_0_clk/A (sky130_fd_sc_hd__clkbuf_16)
     4    0.040619    0.060320    0.164759    0.226228 ^ clkbuf_0_clk/X (sky130_fd_sc_hd__clkbuf_16)
                                                         clknet_0_clk (net)
                      0.060341    0.001054    0.227282 ^ clkbuf_2_0__f_clk/A (sky130_fd_sc_hd__clkbuf_16)
     8    0.027185    0.048240    0.144399    0.371680 ^ clkbuf_2_0__f_clk/X (sky130_fd_sc_hd__clkbuf_16)
                                                         clknet_2_0__leaf_clk (net)
                      0.048320    0.001159    0.372839 ^ _323_/CLK (sky130_fd_sc_hd__dfxtp_4)
     2    0.003634    0.029891    0.344292    0.717131 v _323_/Q (sky130_fd_sc_hd__dfxtp_4)
                                                         op_q[0] (net)
                      0.029891    0.000064    0.717196 v rebuffer42/A (sky130_fd_sc_hd__buf_2)
     7    0.023722    0.067129    0.161635    0.878830 v rebuffer42/X (sky130_fd_sc_hd__buf_2)
                                                         net42 (net)
                      0.067136    0.000717    0.879547 v _244_/B (sky130_fd_sc_hd__nand3_2)
     4    0.024615    0.145093    0.155774    1.035321 ^ _244_/Y (sky130_fd_sc_hd__nand3_2)
                                                         _049_ (net)
                      0.145094    0.000336    1.035657 ^ fanout33/A (sky130_fd_sc_hd__dlymetal6s4s_1)
    10    0.058992    0.578570    0.601011    1.636668 ^ fanout33/X (sky130_fd_sc_hd__dlymetal6s4s_1)
                                                         net33 (net)
                      0.578574    0.001426    1.638094 ^ _275_/B1 (sky130_fd_sc_hd__o21ai_2)
     1    0.004404    0.106078    0.116902    1.754996 v _275_/Y (sky130_fd_sc_hd__o21ai_2)
                                                         _077_ (net)
                      0.106078    0.000168    1.755164 v _276_/C1 (sky130_fd_sc_hd__a211o_2)
     1    0.005919    0.055963    0.308538    2.063702 v _276_/X (sky130_fd_sc_hd__a211o_2)
                                                         _078_ (net)
                      0.055963    0.000239    2.063941 v _277_/B1 (sky130_fd_sc_hd__a21o_2)
     1    0.002783    0.033273    0.191736    2.255677 v _277_/X (sky130_fd_sc_hd__a21o_2)
                                                         _079_ (net)
                      0.033273    0.000086    2.255763 v _279_/B1 (sky130_fd_sc_hd__a211o_2)
     2    0.005856    0.055923    0.323562    2.579325 v _279_/X (sky130_fd_sc_hd__a211o_2)
                                                         _081_ (net)
                      0.055923    0.000198    2.579523 v _172_/A1 (sky130_fd_sc_hd__a2111o_2)
     1    0.006063    0.071909    0.449926    3.029449 v _172_/X (sky130_fd_sc_hd__a2111o_2)
                                                         _116_ (net)
                      0.071909    0.000227    3.029676 v _173_/B2 (sky130_fd_sc_hd__a22o_4)
     1    0.009956    0.047288    0.249141    3.278817 v _173_/X (sky130_fd_sc_hd__a22o_4)
                                                         _117_ (net)
                      0.047288    0.000314    3.279130 v _174_/D1 (sky130_fd_sc_hd__a2111oi_4)
     1    0.003208    0.231481    0.183680    3.462811 ^ _174_/Y (sky130_fd_sc_hd__a2111oi_4)
                                                         _009_ (net)
                      0.231481    0.000105    3.462916 ^ _305_/D (sky130_fd_sc_hd__dfxtp_2)
                                              3.462916   data arrival time

                                  5.000000    5.000000   clock clk (rise edge)
                                  0.000000    5.000000   clock source latency
     1    0.017654    0.085267    0.055614    5.055614 ^ clk (in)
                                                         clk (net)
                      0.085277    0.000000    5.055614 ^ clkbuf_0_clk/A (sky130_fd_sc_hd__clkbuf_16)
     4    0.040619    0.060320    0.149068    5.204682 ^ clkbuf_0_clk/X (sky130_fd_sc_hd__clkbuf_16)
                                                         clknet_0_clk (net)
                      0.060333    0.000781    5.205463 ^ clkbuf_2_3__f_clk/A (sky130_fd_sc_hd__clkbuf_16)
     8    0.025138    0.046423    0.128907    5.334370 ^ clkbuf_2_3__f_clk/X (sky130_fd_sc_hd__clkbuf_16)
                                                         clknet_2_3__leaf_clk (net)
                      0.046433    0.000658    5.335027 ^ _305_/CLK (sky130_fd_sc_hd__dfxtp_2)
                                 -0.250000    5.085027   clock uncertainty
                                  0.021545    5.106573   clock reconvergence pessimism
                                 -0.102599    5.003974   library setup time
                                              5.003974   data required time
---------------------------------------------------------------------------------------------
                                              5.003974   data required time
                                             -3.462916   data arrival time
---------------------------------------------------------------------------------------------
                                              1.541058   slack (MET)


Startpoint: _325_ (rising edge-triggered flip-flop clocked by clk)
Endpoint: _306_ (rising edge-triggered flip-flop clocked by clk)
Path Group: clk
Path Type: max

Fanout         Cap        Slew       Delay        Time   Description
---------------------------------------------------------------------------------------------
                                  0.000000    0.000000   clock clk (rise edge)
                                  0.000000    0.000000   clock source latency
     1    0.017654    0.085267    0.061468    0.061468 ^ clk (in)
                                                         clk (net)
                      0.085277    0.000000    0.061468 ^ clkbuf_0_clk/A (sky130_fd_sc_hd__clkbuf_16)
     4    0.040619    0.060320    0.164759    0.226228 ^ clkbuf_0_clk/X (sky130_fd_sc_hd__clkbuf_16)
                                                         clknet_0_clk (net)
                      0.060341    0.001054    0.227282 ^ clkbuf_2_0__f_clk/A (sky130_fd_sc_hd__clkbuf_16)
     8    0.027185    0.048240    0.144399    0.371680 ^ clkbuf_2_0__f_clk/X (sky130_fd_sc_hd__clkbuf_16)
                                                         clknet_2_0__leaf_clk (net)
                      0.048326    0.001247    0.372927 ^ _325_/CLK (sky130_fd_sc_hd__dfxtp_4)
     2    0.005495    0.032784    0.349126    0.722053 v _325_/Q (sky130_fd_sc_hd__dfxtp_4)
                                                         op_q[2] (net)
                      0.032784    0.000130    0.722183 v _201_/A (sky130_fd_sc_hd__or3b_4)
     4    0.034856    0.114361    0.478370    1.200553 v _201_/X (sky130_fd_sc_hd__or3b_4)
                                                         _125_ (net)
                      0.114376    0.001439    1.201993 v _224_/A (sky130_fd_sc_hd__xnor2_4)
     4    0.010501    0.060948    0.182352    1.384345 v _224_/Y (sky130_fd_sc_hd__xnor2_4)
                                                         _030_ (net)
                      0.060948    0.000243    1.384588 v _225_/B (sky130_fd_sc_hd__or2_4)
     4    0.016852    0.064259    0.270740    1.655328 v _225_/X (sky130_fd_sc_hd__or2_4)
                                                         _031_ (net)
                      0.064259    0.000579    1.655907 v _230_/A3 (sky130_fd_sc_hd__a311o_2)
     2    0.007604    0.066489    0.425816    2.081723 v _230_/X (sky130_fd_sc_hd__a311o_2)
                                                         _036_ (net)
                      0.066489    0.000305    2.082028 v _233_/A1 (sky130_fd_sc_hd__a311o_2)
     3    0.014391    0.084169    0.380038    2.462065 v _233_/X (sky130_fd_sc_hd__a311o_2)
                                                         _039_ (net)
                      0.084169    0.000519    2.462584 v _234_/A1 (sky130_fd_sc_hd__a31o_4)
     2    0.013953    0.048457    0.258529    2.721113 v _234_/X (sky130_fd_sc_hd__a31o_4)
                                                         _040_ (net)
                      0.048462    0.000576    2.721689 v _164_/A (sky130_fd_sc_hd__xnor2_2)
     1    0.002944    0.043380    0.131664    2.853353 v _164_/Y (sky130_fd_sc_hd__xnor2_2)
                                                         _109_ (net)
                      0.043380    0.000094    2.853446 v _170_/A2 (sky130_fd_sc_hd__a21o_2)
     2    0.011687    0.055910    0.244597    3.098043 v _170_/X (sky130_fd_sc_hd__a21o_2)
                                                         _115_ (net)
                      0.055910    0.000257    3.098300 v _171_/B (sky130_fd_sc_hd__and2_2)
     1    0.002170    0.035453    0.193348    3.291648 v _171_/X (sky130_fd_sc_hd__and2_2)
                                                         _010_ (net)
                      0.035453    0.000045    3.291693 v _306_/D (sky130_fd_sc_hd__dfxtp_2)
                                              3.291693   data arrival time

                                  5.000000    5.000000   clock clk (rise edge)
                                  0.000000    5.000000   clock source latency
     1    0.017654    0.085267    0.055614    5.055614 ^ clk (in)
                                                         clk (net)
                      0.085277    0.000000    5.055614 ^ clkbuf_0_clk/A (sky130_fd_sc_hd__clkbuf_16)
     4    0.040619    0.060320    0.149068    5.204682 ^ clkbuf_0_clk/X (sky130_fd_sc_hd__clkbuf_16)
                                                         clknet_0_clk (net)
                      0.060333    0.000781    5.205463 ^ clkbuf_2_3__f_clk/A (sky130_fd_sc_hd__clkbuf_16)
     8    0.025138    0.046423    0.128907    5.334370 ^ clkbuf_2_3__f_clk/X (sky130_fd_sc_hd__clkbuf_16)
                                                         clknet_2_3__leaf_clk (net)
                      0.046429    0.000544    5.334914 ^ _306_/CLK (sky130_fd_sc_hd__dfxtp_2)
                                 -0.250000    5.084914   clock uncertainty
                                  0.021545    5.106459   clock reconvergence pessimism
                                 -0.108384    4.998075   library setup time
                                              4.998075   data required time
---------------------------------------------------------------------------------------------
                                              4.998075   data required time
                                             -3.291693   data arrival time
---------------------------------------------------------------------------------------------
                                              1.706382   slack (MET)


Startpoint: _325_ (rising edge-triggered flip-flop clocked by clk)
Endpoint: _304_ (rising edge-triggered flip-flop clocked by clk)
Path Group: clk
Path Type: max

Fanout         Cap        Slew       Delay        Time   Description
---------------------------------------------------------------------------------------------
                                  0.000000    0.000000   clock clk (rise edge)
                                  0.000000    0.000000   clock source latency
     1    0.017654    0.085267    0.061468    0.061468 ^ clk (in)
                                                         clk (net)
                      0.085277    0.000000    0.061468 ^ clkbuf_0_clk/A (sky130_fd_sc_hd__clkbuf_16)
     4    0.040619    0.060320    0.164759    0.226228 ^ clkbuf_0_clk/X (sky130_fd_sc_hd__clkbuf_16)
                                                         clknet_0_clk (net)
                      0.060341    0.001054    0.227282 ^ clkbuf_2_0__f_clk/A (sky130_fd_sc_hd__clkbuf_16)
     8    0.027185    0.048240    0.144399    0.371680 ^ clkbuf_2_0__f_clk/X (sky130_fd_sc_hd__clkbuf_16)
                                                         clknet_2_0__leaf_clk (net)
                      0.048326    0.001247    0.372927 ^ _325_/CLK (sky130_fd_sc_hd__dfxtp_4)
     2    0.005495    0.032784    0.349126    0.722053 v _325_/Q (sky130_fd_sc_hd__dfxtp_4)
                                                         op_q[2] (net)
                      0.032784    0.000130    0.722183 v _201_/A (sky130_fd_sc_hd__or3b_4)
     4    0.034856    0.114361    0.478370    1.200553 v _201_/X (sky130_fd_sc_hd__or3b_4)
                                                         _125_ (net)
                      0.114376    0.001439    1.201993 v _224_/A (sky130_fd_sc_hd__xnor2_4)
     4    0.010501    0.060948    0.182352    1.384345 v _224_/Y (sky130_fd_sc_hd__xnor2_4)
                                                         _030_ (net)
                      0.060948    0.000243    1.384588 v _225_/B (sky130_fd_sc_hd__or2_4)
     4    0.016852    0.064259    0.270740    1.655328 v _225_/X (sky130_fd_sc_hd__or2_4)
                                                         _031_ (net)
                      0.064259    0.000579    1.655907 v _230_/A3 (sky130_fd_sc_hd__a311o_2)
     2    0.007604    0.066489    0.425816    2.081723 v _230_/X (sky130_fd_sc_hd__a311o_2)
                                                         _036_ (net)
                      0.066489    0.000305    2.082028 v _233_/A1 (sky130_fd_sc_hd__a311o_2)
     3    0.014391    0.084169    0.380038    2.462065 v _233_/X (sky130_fd_sc_hd__a311o_2)
                                                         _039_ (net)
                      0.084169    0.000519    2.462584 v _234_/A1 (sky130_fd_sc_hd__a31o_4)
     2    0.013953    0.048457    0.258529    2.721113 v _234_/X (sky130_fd_sc_hd__a31o_4)
                                                         _040_ (net)
                      0.048458    0.000369    2.721482 v rebuffer49/A (sky130_fd_sc_hd__buf_4)
     2    0.007440    0.029500    0.141863    2.863344 v rebuffer49/X (sky130_fd_sc_hd__buf_4)
                                                         net49 (net)
                      0.029500    0.000115    2.863459 v _235_/A2 (sky130_fd_sc_hd__o211a_2)
     2    0.004206    0.045062    0.243771    3.107230 v _235_/X (sky130_fd_sc_hd__o211a_2)
                                                         _041_ (net)
                      0.045062    0.000100    3.107329 v _162_/A (sky130_fd_sc_hd__and2_2)
     1    0.002102    0.034573    0.167076    3.274405 v _162_/X (sky130_fd_sc_hd__and2_2)
                                                         _008_ (net)
                      0.034573    0.000061    3.274467 v _304_/D (sky130_fd_sc_hd__dfxtp_2)
                                              3.274467   data arrival time

                                  5.000000    5.000000   clock clk (rise edge)
                                  0.000000    5.000000   clock source latency
     1    0.017654    0.085267    0.055614    5.055614 ^ clk (in)
                                                         clk (net)
                      0.085277    0.000000    5.055614 ^ clkbuf_0_clk/A (sky130_fd_sc_hd__clkbuf_16)
     4    0.040619    0.060320    0.149068    5.204682 ^ clkbuf_0_clk/X (sky130_fd_sc_hd__clkbuf_16)
                                                         clknet_0_clk (net)
                      0.060333    0.000779    5.205462 ^ clkbuf_2_2__f_clk/A (sky130_fd_sc_hd__clkbuf_16)
     8    0.030140    0.051160    0.133101    5.338562 ^ clkbuf_2_2__f_clk/X (sky130_fd_sc_hd__clkbuf_16)
                                                         clknet_2_2__leaf_clk (net)
                      0.051160    0.000373    5.338935 ^ _304_/CLK (sky130_fd_sc_hd__dfxtp_2)
                                 -0.250000    5.088935   clock uncertainty
                                  0.021545    5.110480   clock reconvergence pessimism
                                 -0.106895    5.003585   library setup time
                                              5.003585   data required time
---------------------------------------------------------------------------------------------
                                              5.003585   data required time
                                             -3.274467   data arrival time
---------------------------------------------------------------------------------------------
                                              1.729118   slack (MET)


Startpoint: _325_ (rising edge-triggered flip-flop clocked by clk)
Endpoint: _296_ (rising edge-triggered flip-flop clocked by clk)
Path Group: clk
Path Type: max

Fanout         Cap        Slew       Delay        Time   Description
---------------------------------------------------------------------------------------------
                                  0.000000    0.000000   clock clk (rise edge)
                                  0.000000    0.000000   clock source latency
     1    0.017654    0.085267    0.061468    0.061468 ^ clk (in)
                                                         clk (net)
                      0.085277    0.000000    0.061468 ^ clkbuf_0_clk/A (sky130_fd_sc_hd__clkbuf_16)
     4    0.040619    0.060320    0.164759    0.226228 ^ clkbuf_0_clk/X (sky130_fd_sc_hd__clkbuf_16)
                                                         clknet_0_clk (net)
                      0.060341    0.001054    0.227282 ^ clkbuf_2_0__f_clk/A (sky130_fd_sc_hd__clkbuf_16)
     8    0.027185    0.048240    0.144399    0.371680 ^ clkbuf_2_0__f_clk/X (sky130_fd_sc_hd__clkbuf_16)
                                                         clknet_2_0__leaf_clk (net)
                      0.048326    0.001247    0.372927 ^ _325_/CLK (sky130_fd_sc_hd__dfxtp_4)
     2    0.005495    0.032784    0.349126    0.722053 v _325_/Q (sky130_fd_sc_hd__dfxtp_4)
                                                         op_q[2] (net)
                      0.032784    0.000130    0.722183 v _201_/A (sky130_fd_sc_hd__or3b_4)
     4    0.034856    0.114361    0.478370    1.200553 v _201_/X (sky130_fd_sc_hd__or3b_4)
                                                         _125_ (net)
                      0.114376    0.001439    1.201993 v _224_/A (sky130_fd_sc_hd__xnor2_4)
     4    0.010501    0.060948    0.182352    1.384345 v _224_/Y (sky130_fd_sc_hd__xnor2_4)
                                                         _030_ (net)
                      0.060948    0.000243    1.384588 v _225_/B (sky130_fd_sc_hd__or2_4)
     4    0.016852    0.064259    0.270740    1.655328 v _225_/X (sky130_fd_sc_hd__or2_4)
                                                         _031_ (net)
                      0.064259    0.000579    1.655907 v _230_/A3 (sky130_fd_sc_hd__a311o_2)
     2    0.007604    0.066489    0.425816    2.081723 v _230_/X (sky130_fd_sc_hd__a311o_2)
                                                         _036_ (net)
                      0.066489    0.000305    2.082028 v _233_/A1 (sky130_fd_sc_hd__a311o_2)
     3    0.014391    0.084169    0.380038    2.462065 v _233_/X (sky130_fd_sc_hd__a311o_2)
                                                         _039_ (net)
                      0.084169    0.000519    2.462584 v _234_/A1 (sky130_fd_sc_hd__a31o_4)
     2    0.013953    0.048457    0.258529    2.721113 v _234_/X (sky130_fd_sc_hd__a31o_4)
                                                         _040_ (net)
                      0.048458    0.000369    2.721482 v rebuffer49/A (sky130_fd_sc_hd__buf_4)
     2    0.007440    0.029500    0.141863    2.863344 v rebuffer49/X (sky130_fd_sc_hd__buf_4)
                                                         net49 (net)
                      0.029500    0.000115    2.863459 v _235_/A2 (sky130_fd_sc_hd__o211a_2)
     2    0.004206    0.045062    0.243771    3.107230 v _235_/X (sky130_fd_sc_hd__o211a_2)
                                                         _041_ (net)
                      0.045062    0.000100    3.107330 v _237_/B1_N (sky130_fd_sc_hd__a21boi_2)
     1    0.002559    0.039815    0.152009    3.259339 v _237_/Y (sky130_fd_sc_hd__a21boi_2)
                                                         _000_ (net)
                      0.039816    0.000081    3.259419 v _296_/D (sky130_fd_sc_hd__dfxtp_2)
                                              3.259419   data arrival time

                                  5.000000    5.000000   clock clk (rise edge)
                                  0.000000    5.000000   clock source latency
     1    0.017654    0.085267    0.055614    5.055614 ^ clk (in)
                                                         clk (net)
                      0.085277    0.000000    5.055614 ^ clkbuf_0_clk/A (sky130_fd_sc_hd__clkbuf_16)
     4    0.040619    0.060320    0.149068    5.204682 ^ clkbuf_0_clk/X (sky130_fd_sc_hd__clkbuf_16)
                                                         clknet_0_clk (net)
                      0.060333    0.000779    5.205462 ^ clkbuf_2_2__f_clk/A (sky130_fd_sc_hd__clkbuf_16)
     8    0.030140    0.051160    0.133101    5.338562 ^ clkbuf_2_2__f_clk/X (sky130_fd_sc_hd__clkbuf_16)
                                                         clknet_2_2__leaf_clk (net)
                      0.051160    0.000325    5.338887 ^ _296_/CLK (sky130_fd_sc_hd__dfxtp_2)
                                 -0.250000    5.088887   clock uncertainty
                                  0.021545    5.110432   clock reconvergence pessimism
                                 -0.109183    5.001249   library setup time
                                              5.001249   data required time
---------------------------------------------------------------------------------------------
                                              5.001249   data required time
                                             -3.259419   data arrival time
---------------------------------------------------------------------------------------------
                                              1.741830   slack (MET)


Startpoint: _325_ (rising edge-triggered flip-flop clocked by clk)
Endpoint: _302_ (rising edge-triggered flip-flop clocked by clk)
Path Group: clk
Path Type: max

Fanout         Cap        Slew       Delay        Time   Description
---------------------------------------------------------------------------------------------
                                  0.000000    0.000000   clock clk (rise edge)
                                  0.000000    0.000000   clock source latency
     1    0.017654    0.085267    0.061468    0.061468 ^ clk (in)
                                                         clk (net)
                      0.085277    0.000000    0.061468 ^ clkbuf_0_clk/A (sky130_fd_sc_hd__clkbuf_16)
     4    0.040619    0.060320    0.164759    0.226228 ^ clkbuf_0_clk/X (sky130_fd_sc_hd__clkbuf_16)
                                                         clknet_0_clk (net)
                      0.060341    0.001054    0.227282 ^ clkbuf_2_0__f_clk/A (sky130_fd_sc_hd__clkbuf_16)
     8    0.027185    0.048240    0.144399    0.371680 ^ clkbuf_2_0__f_clk/X (sky130_fd_sc_hd__clkbuf_16)
                                                         clknet_2_0__leaf_clk (net)
                      0.048326    0.001247    0.372927 ^ _325_/CLK (sky130_fd_sc_hd__dfxtp_4)
     2    0.005495    0.032784    0.349126    0.722053 v _325_/Q (sky130_fd_sc_hd__dfxtp_4)
                                                         op_q[2] (net)
                      0.032784    0.000130    0.722183 v _201_/A (sky130_fd_sc_hd__or3b_4)
     4    0.034856    0.114361    0.478370    1.200553 v _201_/X (sky130_fd_sc_hd__or3b_4)
                                                         _125_ (net)
                      0.114376    0.001439    1.201993 v _224_/A (sky130_fd_sc_hd__xnor2_4)
     4    0.010501    0.060948    0.182352    1.384345 v _224_/Y (sky130_fd_sc_hd__xnor2_4)
                                                         _030_ (net)
                      0.060948    0.000243    1.384588 v _225_/B (sky130_fd_sc_hd__or2_4)
     4    0.016852    0.064259    0.270740    1.655328 v _225_/X (sky130_fd_sc_hd__or2_4)
                                                         _031_ (net)
                      0.064259    0.000579    1.655907 v _230_/A3 (sky130_fd_sc_hd__a311o_2)
     2    0.007604    0.066489    0.425816    2.081723 v _230_/X (sky130_fd_sc_hd__a311o_2)
                                                         _036_ (net)
                      0.066489    0.000274    2.081996 v rebuffer48/A (sky130_fd_sc_hd__buf_2)
     2    0.009693    0.038710    0.149298    2.231294 v rebuffer48/X (sky130_fd_sc_hd__buf_2)
                                                         net48 (net)
                      0.038711    0.000212    2.231506 v _232_/A3 (sky130_fd_sc_hd__a31o_4)
     1    0.009944    0.042552    0.253513    2.485019 v _232_/X (sky130_fd_sc_hd__a31o_4)
                                                         _038_ (net)
                      0.042552    0.000379    2.485397 v _292_/A (sky130_fd_sc_hd__xnor2_2)
     1    0.005427    0.052656    0.139009    2.624407 v _292_/Y (sky130_fd_sc_hd__xnor2_2)
                                                         _092_ (net)
                      0.052656    0.000173    2.624580 v _150_/A2 (sky130_fd_sc_hd__a211o_4)
     1    0.005746    0.051520    0.348018    2.972598 v _150_/X (sky130_fd_sc_hd__a211o_4)
                                                         _098_ (net)
                      0.051520    0.000137    2.972735 v _151_/B1 (sky130_fd_sc_hd__o211a_4)
     2    0.012559    0.049115    0.157899    3.130635 v _151_/X (sky130_fd_sc_hd__o211a_4)
                                                         _006_ (net)
                      0.049115    0.000418    3.131052 v _302_/D (sky130_fd_sc_hd__dfxtp_2)
                                              3.131052   data arrival time

                                  5.000000    5.000000   clock clk (rise edge)
                                  0.000000    5.000000   clock source latency
     1    0.017654    0.085267    0.055614    5.055614 ^ clk (in)
                                                         clk (net)
                      0.085277    0.000000    5.055614 ^ clkbuf_0_clk/A (sky130_fd_sc_hd__clkbuf_16)
     4    0.040619    0.060320    0.149068    5.204682 ^ clkbuf_0_clk/X (sky130_fd_sc_hd__clkbuf_16)
                                                         clknet_0_clk (net)
                      0.060333    0.000781    5.205463 ^ clkbuf_2_3__f_clk/A (sky130_fd_sc_hd__clkbuf_16)
     8    0.025138    0.046423    0.128907    5.334370 ^ clkbuf_2_3__f_clk/X (sky130_fd_sc_hd__clkbuf_16)
                                                         clknet_2_3__leaf_clk (net)
                      0.046441    0.000814    5.335183 ^ _302_/CLK (sky130_fd_sc_hd__dfxtp_2)
                                 -0.250000    5.085183   clock uncertainty
                                  0.021545    5.106729   clock reconvergence pessimism
                                 -0.114344    4.992384   library setup time
                                              4.992384   data required time
---------------------------------------------------------------------------------------------
                                              4.992384   data required time
                                             -3.131052   data arrival time
---------------------------------------------------------------------------------------------
                                              1.861332   slack (MET)


Startpoint: _325_ (rising edge-triggered flip-flop clocked by clk)
Endpoint: _303_ (rising edge-triggered flip-flop clocked by clk)
Path Group: clk
Path Type: max

Fanout         Cap        Slew       Delay        Time   Description
---------------------------------------------------------------------------------------------
                                  0.000000    0.000000   clock clk (rise edge)
                                  0.000000    0.000000   clock source latency
     1    0.017654    0.085267    0.061468    0.061468 ^ clk (in)
                                                         clk (net)
                      0.085277    0.000000    0.061468 ^ clkbuf_0_clk/A (sky130_fd_sc_hd__clkbuf_16)
     4    0.040619    0.060320    0.164759    0.226228 ^ clkbuf_0_clk/X (sky130_fd_sc_hd__clkbuf_16)
                                                         clknet_0_clk (net)
                      0.060341    0.001054    0.227282 ^ clkbuf_2_0__f_clk/A (sky130_fd_sc_hd__clkbuf_16)
     8    0.027185    0.048240    0.144399    0.371680 ^ clkbuf_2_0__f_clk/X (sky130_fd_sc_hd__clkbuf_16)
                                                         clknet_2_0__leaf_clk (net)
                      0.048326    0.001247    0.372927 ^ _325_/CLK (sky130_fd_sc_hd__dfxtp_4)
     2    0.005495    0.032784    0.349126    0.722053 v _325_/Q (sky130_fd_sc_hd__dfxtp_4)
                                                         op_q[2] (net)
                      0.032784    0.000130    0.722183 v _201_/A (sky130_fd_sc_hd__or3b_4)
     4    0.034856    0.114361    0.478370    1.200553 v _201_/X (sky130_fd_sc_hd__or3b_4)
                                                         _125_ (net)
                      0.114376    0.001439    1.201993 v _224_/A (sky130_fd_sc_hd__xnor2_4)
     4    0.010501    0.060948    0.182352    1.384345 v _224_/Y (sky130_fd_sc_hd__xnor2_4)
                                                         _030_ (net)
                      0.060948    0.000243    1.384588 v _225_/B (sky130_fd_sc_hd__or2_4)
     4    0.016852    0.064259    0.270740    1.655328 v _225_/X (sky130_fd_sc_hd__or2_4)
                                                         _031_ (net)
                      0.064259    0.000579    1.655907 v _230_/A3 (sky130_fd_sc_hd__a311o_2)
     2    0.007604    0.066489    0.425816    2.081723 v _230_/X (sky130_fd_sc_hd__a311o_2)
                                                         _036_ (net)
                      0.066489    0.000305    2.082028 v _233_/A1 (sky130_fd_sc_hd__a311o_2)
     3    0.014391    0.084169    0.380038    2.462065 v _233_/X (sky130_fd_sc_hd__a311o_2)
                                                         _039_ (net)
                      0.084169    0.000506    2.462572 v _154_/A1 (sky130_fd_sc_hd__a21bo_2)
     1    0.005743    0.041894    0.222088    2.684660 v _154_/X (sky130_fd_sc_hd__a21bo_2)
                                                         _101_ (net)
                      0.041894    0.000201    2.684860 v _160_/A2 (sky130_fd_sc_hd__a31o_4)
     1    0.007584    0.039642    0.237129    2.921990 v _160_/X (sky130_fd_sc_hd__a31o_4)
                                                         _107_ (net)
                      0.039642    0.000332    2.922322 v _161_/B1 (sky130_fd_sc_hd__o211a_4)
     2    0.010875    0.046629    0.149352    3.071673 v _161_/X (sky130_fd_sc_hd__o211a_4)
                                                         _007_ (net)
                      0.046629    0.000168    3.071841 v _303_/D (sky130_fd_sc_hd__dfxtp_2)
                                              3.071841   data arrival time

                                  5.000000    5.000000   clock clk (rise edge)
                                  0.000000    5.000000   clock source latency
     1    0.017654    0.085267    0.055614    5.055614 ^ clk (in)
                                                         clk (net)
                      0.085277    0.000000    5.055614 ^ clkbuf_0_clk/A (sky130_fd_sc_hd__clkbuf_16)
     4    0.040619    0.060320    0.149068    5.204682 ^ clkbuf_0_clk/X (sky130_fd_sc_hd__clkbuf_16)
                                                         clknet_0_clk (net)
                      0.060333    0.000781    5.205463 ^ clkbuf_2_3__f_clk/A (sky130_fd_sc_hd__clkbuf_16)
     8    0.025138    0.046423    0.128907    5.334370 ^ clkbuf_2_3__f_clk/X (sky130_fd_sc_hd__clkbuf_16)
                                                         clknet_2_3__leaf_clk (net)
                      0.046430    0.000586    5.334956 ^ _303_/CLK (sky130_fd_sc_hd__dfxtp_2)
                                 -0.250000    5.084956   clock uncertainty
                                  0.021545    5.106501   clock reconvergence pessimism
                                 -0.113262    4.993239   library setup time
                                              4.993239   data required time
---------------------------------------------------------------------------------------------
                                              4.993239   data required time
                                             -3.071841   data arrival time
---------------------------------------------------------------------------------------------
                                              1.921398   slack (MET)


Startpoint: _325_ (rising edge-triggered flip-flop clocked by clk)
Endpoint: _301_ (rising edge-triggered flip-flop clocked by clk)
Path Group: clk
Path Type: max

Fanout         Cap        Slew       Delay        Time   Description
---------------------------------------------------------------------------------------------
                                  0.000000    0.000000   clock clk (rise edge)
                                  0.000000    0.000000   clock source latency
     1    0.017654    0.085267    0.061468    0.061468 ^ clk (in)
                                                         clk (net)
                      0.085277    0.000000    0.061468 ^ clkbuf_0_clk/A (sky130_fd_sc_hd__clkbuf_16)
     4    0.040619    0.060320    0.164759    0.226228 ^ clkbuf_0_clk/X (sky130_fd_sc_hd__clkbuf_16)
                                                         clknet_0_clk (net)
                      0.060341    0.001054    0.227282 ^ clkbuf_2_0__f_clk/A (sky130_fd_sc_hd__clkbuf_16)
     8    0.027185    0.048240    0.144399    0.371680 ^ clkbuf_2_0__f_clk/X (sky130_fd_sc_hd__clkbuf_16)
                                                         clknet_2_0__leaf_clk (net)
                      0.048326    0.001247    0.372927 ^ _325_/CLK (sky130_fd_sc_hd__dfxtp_4)
     2    0.005495    0.032784    0.349126    0.722053 v _325_/Q (sky130_fd_sc_hd__dfxtp_4)
                                                         op_q[2] (net)
                      0.032784    0.000130    0.722183 v _201_/A (sky130_fd_sc_hd__or3b_4)
     4    0.034856    0.114361    0.478370    1.200553 v _201_/X (sky130_fd_sc_hd__or3b_4)
                                                         _125_ (net)
                      0.114376    0.001439    1.201993 v _224_/A (sky130_fd_sc_hd__xnor2_4)
     4    0.010501    0.060948    0.182352    1.384345 v _224_/Y (sky130_fd_sc_hd__xnor2_4)
                                                         _030_ (net)
                      0.060948    0.000243    1.384588 v _225_/B (sky130_fd_sc_hd__or2_4)
     4    0.016852    0.064259    0.270740    1.655328 v _225_/X (sky130_fd_sc_hd__or2_4)
                                                         _031_ (net)
                      0.064259    0.000579    1.655907 v _230_/A3 (sky130_fd_sc_hd__a311o_2)
     2    0.007604    0.066489    0.425816    2.081723 v _230_/X (sky130_fd_sc_hd__a311o_2)
                                                         _036_ (net)
                      0.066489    0.000274    2.081996 v rebuffer48/A (sky130_fd_sc_hd__buf_2)
     2    0.009693    0.038710    0.149298    2.231294 v rebuffer48/X (sky130_fd_sc_hd__buf_2)
                                                         net48 (net)
                      0.038710    0.000147    2.231441 v _231_/B (sky130_fd_sc_hd__nand2_2)
     1    0.010485    0.071027    0.085080    2.316521 ^ _231_/Y (sky130_fd_sc_hd__nand2_2)
                                                         _037_ (net)
                      0.071028    0.000372    2.316893 ^ _283_/A (sky130_fd_sc_hd__xor2_2)
     1    0.005234    0.050158    0.074717    2.391610 v _283_/X (sky130_fd_sc_hd__xor2_2)
                                                         _084_ (net)
                      0.050158    0.000170    2.391779 v _288_/A2 (sky130_fd_sc_hd__a211o_4)
     2    0.012410    0.061318    0.364697    2.756477 v _288_/X (sky130_fd_sc_hd__a211o_4)
                                                         _089_ (net)
                      0.061318    0.000605    2.757081 v _290_/A (sky130_fd_sc_hd__and2_2)
     1    0.004096    0.040327    0.183673    2.940754 v _290_/X (sky130_fd_sc_hd__and2_2)
                                                         _005_ (net)
                      0.040327    0.000160    2.940914 v _301_/D (sky130_fd_sc_hd__dfxtp_2)
                                              2.940914   data arrival time

                                  5.000000    5.000000   clock clk (rise edge)
                                  0.000000    5.000000   clock source latency
     1    0.017654    0.085267    0.055614    5.055614 ^ clk (in)
                                                         clk (net)
                      0.085277    0.000000    5.055614 ^ clkbuf_0_clk/A (sky130_fd_sc_hd__clkbuf_16)
     4    0.040619    0.060320    0.149068    5.204682 ^ clkbuf_0_clk/X (sky130_fd_sc_hd__clkbuf_16)
                                                         clknet_0_clk (net)
                      0.060333    0.000781    5.205463 ^ clkbuf_2_3__f_clk/A (sky130_fd_sc_hd__clkbuf_16)
     8    0.025138    0.046423    0.128907    5.334370 ^ clkbuf_2_3__f_clk/X (sky130_fd_sc_hd__clkbuf_16)
                                                         clknet_2_3__leaf_clk (net)
                      0.046459    0.001082    5.335451 ^ _301_/CLK (sky130_fd_sc_hd__dfxtp_2)
                                 -0.250000    5.085451   clock uncertainty
                                  0.021545    5.106997   clock reconvergence pessimism
                                 -0.110504    4.996493   library setup time
                                              4.996493   data required time
---------------------------------------------------------------------------------------------
                                              4.996493   data required time
                                             -2.940914   data arrival time
---------------------------------------------------------------------------------------------
                                              2.055579   slack (MET)


Startpoint: _323_ (rising edge-triggered flip-flop clocked by clk)
Endpoint: _300_ (rising edge-triggered flip-flop clocked by clk)
Path Group: clk
Path Type: max

Fanout         Cap        Slew       Delay        Time   Description
---------------------------------------------------------------------------------------------
                                  0.000000    0.000000   clock clk (rise edge)
                                  0.000000    0.000000   clock source latency
     1    0.017654    0.085267    0.061468    0.061468 ^ clk (in)
                                                         clk (net)
                      0.085277    0.000000    0.061468 ^ clkbuf_0_clk/A (sky130_fd_sc_hd__clkbuf_16)
     4    0.040619    0.060320    0.164759    0.226228 ^ clkbuf_0_clk/X (sky130_fd_sc_hd__clkbuf_16)
                                                         clknet_0_clk (net)
                      0.060341    0.001054    0.227282 ^ clkbuf_2_0__f_clk/A (sky130_fd_sc_hd__clkbuf_16)
     8    0.027185    0.048240    0.144399    0.371680 ^ clkbuf_2_0__f_clk/X (sky130_fd_sc_hd__clkbuf_16)
                                                         clknet_2_0__leaf_clk (net)
                      0.048320    0.001159    0.372839 ^ _323_/CLK (sky130_fd_sc_hd__dfxtp_4)
     2    0.003634    0.029891    0.344292    0.717131 v _323_/Q (sky130_fd_sc_hd__dfxtp_4)
                                                         op_q[0] (net)
                      0.029891    0.000064    0.717196 v rebuffer42/A (sky130_fd_sc_hd__buf_2)
     7    0.023722    0.067129    0.161635    0.878830 v rebuffer42/X (sky130_fd_sc_hd__buf_2)
                                                         net42 (net)
                      0.067136    0.000717    0.879547 v _244_/B (sky130_fd_sc_hd__nand3_2)
     4    0.024615    0.145093    0.155774    1.035321 ^ _244_/Y (sky130_fd_sc_hd__nand3_2)
                                                         _049_ (net)
                      0.145094    0.000336    1.035657 ^ fanout33/A (sky130_fd_sc_hd__dlymetal6s4s_1)
    10    0.058992    0.578570    0.601011    1.636668 ^ fanout33/X (sky130_fd_sc_hd__dlymetal6s4s_1)
                                                         net33 (net)
                      0.578574    0.001426    1.638094 ^ _275_/B1 (sky130_fd_sc_hd__o21ai_2)
     1    0.004404    0.106078    0.116902    1.754996 v _275_/Y (sky130_fd_sc_hd__o21ai_2)
                                                         _077_ (net)
                      0.106078    0.000168    1.755164 v _276_/C1 (sky130_fd_sc_hd__a211o_2)
     1    0.005919    0.055963    0.308538    2.063702 v _276_/X (sky130_fd_sc_hd__a211o_2)
                                                         _078_ (net)
                      0.055963    0.000239    2.063941 v _277_/B1 (sky130_fd_sc_hd__a21o_2)
     1    0.002783    0.033273    0.191736    2.255677 v _277_/X (sky130_fd_sc_hd__a21o_2)
                                                         _079_ (net)
                      0.033273    0.000086    2.255763 v _279_/B1 (sky130_fd_sc_hd__a211o_2)
     2    0.005856    0.055923    0.323562    2.579325 v _279_/X (sky130_fd_sc_hd__a211o_2)
                                                         _081_ (net)
                      0.055923    0.000177    2.579502 v _281_/B (sky130_fd_sc_hd__and3_2)
     1    0.002566    0.036563    0.200286    2.779787 v _281_/X (sky130_fd_sc_hd__and3_2)
                                                         _004_ (net)
                      0.036563    0.000079    2.779866 v _300_/D (sky130_fd_sc_hd__dfxtp_2)
                                              2.779866   data arrival time

                                  5.000000    5.000000   clock clk (rise edge)
                                  0.000000    5.000000   clock source latency
     1    0.017654    0.085267    0.055614    5.055614 ^ clk (in)
                                                         clk (net)
                      0.085277    0.000000    5.055614 ^ clkbuf_0_clk/A (sky130_fd_sc_hd__clkbuf_16)
     4    0.040619    0.060320    0.149068    5.204682 ^ clkbuf_0_clk/X (sky130_fd_sc_hd__clkbuf_16)
                                                         clknet_0_clk (net)
                      0.060333    0.000781    5.205463 ^ clkbuf_2_3__f_clk/A (sky130_fd_sc_hd__clkbuf_16)
     8    0.025138    0.046423    0.128907    5.334370 ^ clkbuf_2_3__f_clk/X (sky130_fd_sc_hd__clkbuf_16)
                                                         clknet_2_3__leaf_clk (net)
                      0.046460    0.001093    5.335463 ^ _300_/CLK (sky130_fd_sc_hd__dfxtp_2)
                                 -0.250000    5.085463   clock uncertainty
                                  0.021545    5.107008   clock reconvergence pessimism
                                 -0.108861    4.998147   library setup time
                                              4.998147   data required time
---------------------------------------------------------------------------------------------
                                              4.998147   data required time
                                             -2.779866   data arrival time
---------------------------------------------------------------------------------------------
                                              2.218281   slack (MET)


Startpoint: _325_ (rising edge-triggered flip-flop clocked by clk)
Endpoint: _299_ (rising edge-triggered flip-flop clocked by clk)
Path Group: clk
Path Type: max

Fanout         Cap        Slew       Delay        Time   Description
---------------------------------------------------------------------------------------------
                                  0.000000    0.000000   clock clk (rise edge)
                                  0.000000    0.000000   clock source latency
     1    0.017654    0.085267    0.061468    0.061468 ^ clk (in)
                                                         clk (net)
                      0.085277    0.000000    0.061468 ^ clkbuf_0_clk/A (sky130_fd_sc_hd__clkbuf_16)
     4    0.040619    0.060320    0.164759    0.226228 ^ clkbuf_0_clk/X (sky130_fd_sc_hd__clkbuf_16)
                                                         clknet_0_clk (net)
                      0.060341    0.001054    0.227282 ^ clkbuf_2_0__f_clk/A (sky130_fd_sc_hd__clkbuf_16)
     8    0.027185    0.048240    0.144399    0.371680 ^ clkbuf_2_0__f_clk/X (sky130_fd_sc_hd__clkbuf_16)
                                                         clknet_2_0__leaf_clk (net)
                      0.048326    0.001247    0.372927 ^ _325_/CLK (sky130_fd_sc_hd__dfxtp_4)
     2    0.005495    0.032784    0.349126    0.722053 v _325_/Q (sky130_fd_sc_hd__dfxtp_4)
                                                         op_q[2] (net)
                      0.032784    0.000130    0.722183 v _201_/A (sky130_fd_sc_hd__or3b_4)
     4    0.034856    0.114361    0.478370    1.200553 v _201_/X (sky130_fd_sc_hd__or3b_4)
                                                         _125_ (net)
                      0.114385    0.001716    1.202269 v _220_/A (sky130_fd_sc_hd__xor2_2)
     2    0.006446    0.055412    0.210291    1.412560 v _220_/X (sky130_fd_sc_hd__xor2_2)
                                                         _144_ (net)
                      0.055412    0.000165    1.412725 v _223_/A (sky130_fd_sc_hd__or2_4)
     2    0.008121    0.051488    0.268473    1.681198 v _223_/X (sky130_fd_sc_hd__or2_4)
                                                         _147_ (net)
                      0.051488    0.000259    1.681457 v _263_/A2 (sky130_fd_sc_hd__a22o_4)
     1    0.002584    0.035601    0.256375    1.937832 v _263_/X (sky130_fd_sc_hd__a22o_4)
                                                         _066_ (net)
                      0.035601    0.000054    1.937886 v _264_/C (sky130_fd_sc_hd__and3_4)
     1    0.004722    0.033407    0.178072    2.115958 v _264_/X (sky130_fd_sc_hd__and3_4)
                                                         _067_ (net)
                      0.033407    0.000154    2.116112 v _270_/A2 (sky130_fd_sc_hd__o32a_4)
     2    0.006427    0.056116    0.365952    2.482064 v _270_/X (sky130_fd_sc_hd__o32a_4)
                                                         _073_ (net)
                      0.056116    0.000196    2.482260 v _271_/B (sky130_fd_sc_hd__and2_2)
     1    0.001875    0.033989    0.192024    2.674284 v _271_/X (sky130_fd_sc_hd__and2_2)
                                                         _003_ (net)
                      0.033989    0.000054    2.674338 v _299_/D (sky130_fd_sc_hd__dfxtp_2)
                                              2.674338   data arrival time

                                  5.000000    5.000000   clock clk (rise edge)
                                  0.000000    5.000000   clock source latency
     1    0.017654    0.085267    0.055614    5.055614 ^ clk (in)
                                                         clk (net)
                      0.085277    0.000000    5.055614 ^ clkbuf_0_clk/A (sky130_fd_sc_hd__clkbuf_16)
     4    0.040619    0.060320    0.149068    5.204682 ^ clkbuf_0_clk/X (sky130_fd_sc_hd__clkbuf_16)
                                                         clknet_0_clk (net)
                      0.060337    0.000868    5.205550 ^ clkbuf_2_1__f_clk/A (sky130_fd_sc_hd__clkbuf_16)
     8    0.026846    0.047989    0.130274    5.335824 ^ clkbuf_2_1__f_clk/X (sky130_fd_sc_hd__clkbuf_16)
                                                         clknet_2_1__leaf_clk (net)
                      0.048011    0.000915    5.336738 ^ _299_/CLK (sky130_fd_sc_hd__dfxtp_2)
                                 -0.250000    5.086738   clock uncertainty
                                  0.021545    5.108284   clock reconvergence pessimism
                                 -0.107376    5.000908   library setup time
                                              5.000908   data required time
---------------------------------------------------------------------------------------------
                                              5.000908   data required time
                                             -2.674338   data arrival time
---------------------------------------------------------------------------------------------
                                              2.326570   slack (MET)


Startpoint: _325_ (rising edge-triggered flip-flop clocked by clk)
Endpoint: _298_ (rising edge-triggered flip-flop clocked by clk)
Path Group: clk
Path Type: max

Fanout         Cap        Slew       Delay        Time   Description
---------------------------------------------------------------------------------------------
                                  0.000000    0.000000   clock clk (rise edge)
                                  0.000000    0.000000   clock source latency
     1    0.017654    0.085267    0.061468    0.061468 ^ clk (in)
                                                         clk (net)
                      0.085277    0.000000    0.061468 ^ clkbuf_0_clk/A (sky130_fd_sc_hd__clkbuf_16)
     4    0.040619    0.060320    0.164759    0.226228 ^ clkbuf_0_clk/X (sky130_fd_sc_hd__clkbuf_16)
                                                         clknet_0_clk (net)
                      0.060341    0.001054    0.227282 ^ clkbuf_2_0__f_clk/A (sky130_fd_sc_hd__clkbuf_16)
     8    0.027185    0.048240    0.144399    0.371680 ^ clkbuf_2_0__f_clk/X (sky130_fd_sc_hd__clkbuf_16)
                                                         clknet_2_0__leaf_clk (net)
                      0.048326    0.001247    0.372927 ^ _325_/CLK (sky130_fd_sc_hd__dfxtp_4)
     2    0.005495    0.032784    0.349126    0.722053 v _325_/Q (sky130_fd_sc_hd__dfxtp_4)
                                                         op_q[2] (net)
                      0.032784    0.000099    0.722152 v rebuffer43/A (sky130_fd_sc_hd__buf_4)
     8    0.028404    0.052267    0.164053    0.886204 v rebuffer43/X (sky130_fd_sc_hd__buf_4)
                                                         net43 (net)
                      0.052276    0.000719    0.886924 v _239_/B (sky130_fd_sc_hd__nand2_2)
     5    0.024999    0.140651    0.143500    1.030424 ^ _239_/Y (sky130_fd_sc_hd__nand2_2)
                                                         _044_ (net)
                      0.140655    0.000623    1.031046 ^ _245_/B (sky130_fd_sc_hd__or2_2)
     5    0.035462    0.185972    0.256622    1.287668 ^ _245_/X (sky130_fd_sc_hd__or2_2)
                                                         _050_ (net)
                      0.185973    0.000945    1.288613 ^ _254_/A2_N (sky130_fd_sc_hd__a2bb2o_2)
     1    0.003254    0.044062    0.299628    1.588241 v _254_/X (sky130_fd_sc_hd__a2bb2o_2)
                                                         _058_ (net)
                      0.044062    0.000101    1.588343 v _257_/A (sky130_fd_sc_hd__or3_4)
     1    0.006071    0.068502    0.401736    1.990079 v _257_/X (sky130_fd_sc_hd__or3_4)
                                                         _061_ (net)
                      0.068502    0.000236    1.990315 v _258_/C1 (sky130_fd_sc_hd__a211o_4)
     1    0.003621    0.047020    0.275689    2.266004 v _258_/X (sky130_fd_sc_hd__a211o_4)
                                                         _062_ (net)
                      0.047020    0.000128    2.266132 v _259_/B1 (sky130_fd_sc_hd__o21a_2)
     2    0.007419    0.044748    0.130540    2.396672 v _259_/X (sky130_fd_sc_hd__o21a_2)
                                                         _063_ (net)
                      0.044748    0.000146    2.396818 v _260_/B (sky130_fd_sc_hd__and2_2)
     1    0.002176    0.034792    0.188160    2.584978 v _260_/X (sky130_fd_sc_hd__and2_2)
                                                         _002_ (net)
                      0.034792    0.000064    2.585042 v _298_/D (sky130_fd_sc_hd__dfxtp_2)
                                              2.585042   data arrival time

                                  5.000000    5.000000   clock clk (rise edge)
                                  0.000000    5.000000   clock source latency
     1    0.017654    0.085267    0.055614    5.055614 ^ clk (in)
                                                         clk (net)
                      0.085277    0.000000    5.055614 ^ clkbuf_0_clk/A (sky130_fd_sc_hd__clkbuf_16)
     4    0.040619    0.060320    0.149068    5.204682 ^ clkbuf_0_clk/X (sky130_fd_sc_hd__clkbuf_16)
                                                         clknet_0_clk (net)
                      0.060337    0.000868    5.205550 ^ clkbuf_2_1__f_clk/A (sky130_fd_sc_hd__clkbuf_16)
     8    0.026846    0.047989    0.130274    5.335824 ^ clkbuf_2_1__f_clk/X (sky130_fd_sc_hd__clkbuf_16)
                                                         clknet_2_1__leaf_clk (net)
                      0.048016    0.000985    5.336809 ^ _298_/CLK (sky130_fd_sc_hd__dfxtp_2)
                                 -0.250000    5.086809   clock uncertainty
                                  0.021545    5.108354   clock reconvergence pessimism
                                 -0.107725    5.000629   library setup time
                                              5.000629   data required time
---------------------------------------------------------------------------------------------
                                              5.000629   data required time
                                             -2.585042   data arrival time
---------------------------------------------------------------------------------------------
                                              2.415587   slack (MET)


Startpoint: _306_ (rising edge-triggered flip-flop clocked by clk)
Endpoint: y[7] (output port clocked by clk)
Path Group: clk
Path Type: max

Fanout         Cap        Slew       Delay        Time   Description
---------------------------------------------------------------------------------------------
                                  0.000000    0.000000   clock clk (rise edge)
                                  0.000000    0.000000   clock source latency
     1    0.017654    0.085267    0.061468    0.061468 ^ clk (in)
                                                         clk (net)
                      0.085277    0.000000    0.061468 ^ clkbuf_0_clk/A (sky130_fd_sc_hd__clkbuf_16)
     4    0.040619    0.060320    0.164759    0.226228 ^ clkbuf_0_clk/X (sky130_fd_sc_hd__clkbuf_16)
                                                         clknet_0_clk (net)
                      0.060333    0.000863    0.227091 ^ clkbuf_2_3__f_clk/A (sky130_fd_sc_hd__clkbuf_16)
     8    0.025138    0.046423    0.142476    0.369566 ^ clkbuf_2_3__f_clk/X (sky130_fd_sc_hd__clkbuf_16)
                                                         clknet_2_3__leaf_clk (net)
                      0.046429    0.000601    0.370168 ^ _306_/CLK (sky130_fd_sc_hd__dfxtp_2)
     2    0.005776    0.042572    0.332386    0.702554 ^ _306_/Q (sky130_fd_sc_hd__dfxtp_2)
                                                         net22 (net)
                      0.042572    0.000137    0.702691 ^ _326_/A (sky130_fd_sc_hd__buf_2)
     1    0.003526    0.029785    0.097378    0.800070 ^ _326_/X (sky130_fd_sc_hd__buf_2)
                                                         net31 (net)
                      0.029785    0.000118    0.800187 ^ output31/A (sky130_fd_sc_hd__clkdlybuf4s25_1)
     1    0.036401    0.367247    0.491716    1.291903 ^ output31/X (sky130_fd_sc_hd__clkdlybuf4s25_1)
                                                         y[7] (net)
                      0.367247    0.001029    1.292931 ^ y[7] (out)
                                              1.292931   data arrival time

                                  5.000000    5.000000   clock clk (rise edge)
                                  0.000000    5.000000   clock network delay (propagated)
                                 -0.250000    4.750000   clock uncertainty
                                  0.000000    4.750000   clock reconvergence pessimism
                                 -1.000000    3.750000   output external delay
                                              3.750000   data required time
---------------------------------------------------------------------------------------------
                                              3.750000   data required time
                                             -1.292931   data arrival time
---------------------------------------------------------------------------------------------
                                              2.457069   slack (MET)


Startpoint: _306_ (rising edge-triggered flip-flop clocked by clk)
Endpoint: negative (output port clocked by clk)
Path Group: clk
Path Type: max

Fanout         Cap        Slew       Delay        Time   Description
---------------------------------------------------------------------------------------------
                                  0.000000    0.000000   clock clk (rise edge)
                                  0.000000    0.000000   clock source latency
     1    0.017654    0.085267    0.061468    0.061468 ^ clk (in)
                                                         clk (net)
                      0.085277    0.000000    0.061468 ^ clkbuf_0_clk/A (sky130_fd_sc_hd__clkbuf_16)
     4    0.040619    0.060320    0.164759    0.226228 ^ clkbuf_0_clk/X (sky130_fd_sc_hd__clkbuf_16)
                                                         clknet_0_clk (net)
                      0.060333    0.000863    0.227091 ^ clkbuf_2_3__f_clk/A (sky130_fd_sc_hd__clkbuf_16)
     8    0.025138    0.046423    0.142476    0.369566 ^ clkbuf_2_3__f_clk/X (sky130_fd_sc_hd__clkbuf_16)
                                                         clknet_2_3__leaf_clk (net)
                      0.046429    0.000601    0.370168 ^ _306_/CLK (sky130_fd_sc_hd__dfxtp_2)
     2    0.005776    0.042572    0.332386    0.702554 ^ _306_/Q (sky130_fd_sc_hd__dfxtp_2)
                                                         net22 (net)
                      0.042572    0.000146    0.702700 ^ output22/A (sky130_fd_sc_hd__clkdlybuf4s25_1)
     1    0.035441    0.357510    0.489676    1.192376 ^ output22/X (sky130_fd_sc_hd__clkdlybuf4s25_1)
                                                         negative (net)
                      0.357510    0.000841    1.193217 ^ negative (out)
                                              1.193217   data arrival time

                                  5.000000    5.000000   clock clk (rise edge)
                                  0.000000    5.000000   clock network delay (propagated)
                                 -0.250000    4.750000   clock uncertainty
                                  0.000000    4.750000   clock reconvergence pessimism
                                 -1.000000    3.750000   output external delay
                                              3.750000   data required time
---------------------------------------------------------------------------------------------
                                              3.750000   data required time
                                             -1.193217   data arrival time
---------------------------------------------------------------------------------------------
                                              2.556783   slack (MET)


Startpoint: _297_ (rising edge-triggered flip-flop clocked by clk)
Endpoint: y[0] (output port clocked by clk)
Path Group: clk
Path Type: max

Fanout         Cap        Slew       Delay        Time   Description
---------------------------------------------------------------------------------------------
                                  0.000000    0.000000   clock clk (rise edge)
                                  0.000000    0.000000   clock source latency
     1    0.017654    0.085267    0.061468    0.061468 ^ clk (in)
                                                         clk (net)
                      0.085277    0.000000    0.061468 ^ clkbuf_0_clk/A (sky130_fd_sc_hd__clkbuf_16)
     4    0.040619    0.060320    0.164759    0.226228 ^ clkbuf_0_clk/X (sky130_fd_sc_hd__clkbuf_16)
                                                         clknet_0_clk (net)
                      0.060337    0.000959    0.227187 ^ clkbuf_2_1__f_clk/A (sky130_fd_sc_hd__clkbuf_16)
     8    0.026846    0.047989    0.143986    0.371173 ^ clkbuf_2_1__f_clk/X (sky130_fd_sc_hd__clkbuf_16)
                                                         clknet_2_1__leaf_clk (net)
                      0.048009    0.000977    0.372150 ^ _297_/CLK (sky130_fd_sc_hd__dfxtp_2)
     1    0.003546    0.032658    0.323628    0.695778 ^ _297_/Q (sky130_fd_sc_hd__dfxtp_2)
                                                         net24 (net)
                      0.032658    0.000117    0.695895 ^ output24/A (sky130_fd_sc_hd__clkdlybuf4s25_1)
     1    0.035131    0.354789    0.483668    1.179563 ^ output24/X (sky130_fd_sc_hd__clkdlybuf4s25_1)
                                                         y[0] (net)
                      0.354789    0.001007    1.180570 ^ y[0] (out)
                                              1.180570   data arrival time

                                  5.000000    5.000000   clock clk (rise edge)
                                  0.000000    5.000000   clock network delay (propagated)
                                 -0.250000    4.750000   clock uncertainty
                                  0.000000    4.750000   clock reconvergence pessimism
                                 -1.000000    3.750000   output external delay
                                              3.750000   data required time
---------------------------------------------------------------------------------------------
                                              3.750000   data required time
                                             -1.180570   data arrival time
---------------------------------------------------------------------------------------------
                                              2.569431   slack (MET)


Startpoint: _303_ (rising edge-triggered flip-flop clocked by clk)
Endpoint: y[6] (output port clocked by clk)
Path Group: clk
Path Type: max

Fanout         Cap        Slew       Delay        Time   Description
---------------------------------------------------------------------------------------------
                                  0.000000    0.000000   clock clk (rise edge)
                                  0.000000    0.000000   clock source latency
     1    0.017654    0.085267    0.061468    0.061468 ^ clk (in)
                                                         clk (net)
                      0.085277    0.000000    0.061468 ^ clkbuf_0_clk/A (sky130_fd_sc_hd__clkbuf_16)
     4    0.040619    0.060320    0.164759    0.226228 ^ clkbuf_0_clk/X (sky130_fd_sc_hd__clkbuf_16)
                                                         clknet_0_clk (net)
                      0.060333    0.000863    0.227091 ^ clkbuf_2_3__f_clk/A (sky130_fd_sc_hd__clkbuf_16)
     8    0.025138    0.046423    0.142476    0.369566 ^ clkbuf_2_3__f_clk/X (sky130_fd_sc_hd__clkbuf_16)
                                                         clknet_2_3__leaf_clk (net)
                      0.046430    0.000648    0.370214 ^ _303_/CLK (sky130_fd_sc_hd__dfxtp_2)
     1    0.003777    0.033662    0.324126    0.694340 ^ _303_/Q (sky130_fd_sc_hd__dfxtp_2)
                                                         net30 (net)
                      0.033662    0.000131    0.694471 ^ output30/A (sky130_fd_sc_hd__clkdlybuf4s25_1)
     1    0.035045    0.353928    0.483399    1.177871 ^ output30/X (sky130_fd_sc_hd__clkdlybuf4s25_1)
                                                         y[6] (net)
                      0.353928    0.001033    1.178903 ^ y[6] (out)
                                              1.178903   data arrival time

                                  5.000000    5.000000   clock clk (rise edge)
                                  0.000000    5.000000   clock network delay (propagated)
                                 -0.250000    4.750000   clock uncertainty
                                  0.000000    4.750000   clock reconvergence pessimism
                                 -1.000000    3.750000   output external delay
                                              3.750000   data required time
---------------------------------------------------------------------------------------------
                                              3.750000   data required time
                                             -1.178903   data arrival time
---------------------------------------------------------------------------------------------
                                              2.571097   slack (MET)


Startpoint: _302_ (rising edge-triggered flip-flop clocked by clk)
Endpoint: y[5] (output port clocked by clk)
Path Group: clk
Path Type: max

Fanout         Cap        Slew       Delay        Time   Description
---------------------------------------------------------------------------------------------
                                  0.000000    0.000000   clock clk (rise edge)
                                  0.000000    0.000000   clock source latency
     1    0.017654    0.085267    0.061468    0.061468 ^ clk (in)
                                                         clk (net)
                      0.085277    0.000000    0.061468 ^ clkbuf_0_clk/A (sky130_fd_sc_hd__clkbuf_16)
     4    0.040619    0.060320    0.164759    0.226228 ^ clkbuf_0_clk/X (sky130_fd_sc_hd__clkbuf_16)
                                                         clknet_0_clk (net)
                      0.060333    0.000863    0.227091 ^ clkbuf_2_3__f_clk/A (sky130_fd_sc_hd__clkbuf_16)
     8    0.025138    0.046423    0.142476    0.369566 ^ clkbuf_2_3__f_clk/X (sky130_fd_sc_hd__clkbuf_16)
                                                         clknet_2_3__leaf_clk (net)
                      0.046441    0.000899    0.370466 ^ _302_/CLK (sky130_fd_sc_hd__dfxtp_2)
     1    0.003669    0.033195    0.323615    0.694081 ^ _302_/Q (sky130_fd_sc_hd__dfxtp_2)
                                                         net29 (net)
                      0.033195    0.000116    0.694197 ^ output29/A (sky130_fd_sc_hd__clkdlybuf4s25_1)
     1    0.035099    0.354425    0.483761    1.177958 ^ output29/X (sky130_fd_sc_hd__clkdlybuf4s25_1)
                                                         y[5] (net)
                      0.354425    0.000828    1.178787 ^ y[5] (out)
                                              1.178787   data arrival time

                                  5.000000    5.000000   clock clk (rise edge)
                                  0.000000    5.000000   clock network delay (propagated)
                                 -0.250000    4.750000   clock uncertainty
                                  0.000000    4.750000   clock reconvergence pessimism
                                 -1.000000    3.750000   output external delay
                                              3.750000   data required time
---------------------------------------------------------------------------------------------
                                              3.750000   data required time
                                             -1.178787   data arrival time
---------------------------------------------------------------------------------------------
                                              2.571213   slack (MET)


Startpoint: _300_ (rising edge-triggered flip-flop clocked by clk)
Endpoint: y[3] (output port clocked by clk)
Path Group: clk
Path Type: max

Fanout         Cap        Slew       Delay        Time   Description
---------------------------------------------------------------------------------------------
                                  0.000000    0.000000   clock clk (rise edge)
                                  0.000000    0.000000   clock source latency
     1    0.017654    0.085267    0.061468    0.061468 ^ clk (in)
                                                         clk (net)
                      0.085277    0.000000    0.061468 ^ clkbuf_0_clk/A (sky130_fd_sc_hd__clkbuf_16)
     4    0.040619    0.060320    0.164759    0.226228 ^ clkbuf_0_clk/X (sky130_fd_sc_hd__clkbuf_16)
                                                         clknet_0_clk (net)
                      0.060333    0.000863    0.227091 ^ clkbuf_2_3__f_clk/A (sky130_fd_sc_hd__clkbuf_16)
     8    0.025138    0.046423    0.142476    0.369566 ^ clkbuf_2_3__f_clk/X (sky130_fd_sc_hd__clkbuf_16)
                                                         clknet_2_3__leaf_clk (net)
                      0.046460    0.001208    0.370774 ^ _300_/CLK (sky130_fd_sc_hd__dfxtp_2)
     1    0.002975    0.030396    0.320265    0.691039 ^ _300_/Q (sky130_fd_sc_hd__dfxtp_2)
                                                         net27 (net)
                      0.030396    0.000093    0.691132 ^ output27/A (sky130_fd_sc_hd__clkdlybuf4s25_1)
     1    0.035602    0.359467    0.486133    1.177265 ^ output27/X (sky130_fd_sc_hd__clkdlybuf4s25_1)
                                                         y[3] (net)
                      0.359467    0.001124    1.178389 ^ y[3] (out)
                                              1.178389   data arrival time

                                  5.000000    5.000000   clock clk (rise edge)
                                  0.000000    5.000000   clock network delay (propagated)
                                 -0.250000    4.750000   clock uncertainty
                                  0.000000    4.750000   clock reconvergence pessimism
                                 -1.000000    3.750000   output external delay
                                              3.750000   data required time
---------------------------------------------------------------------------------------------
                                              3.750000   data required time
                                             -1.178389   data arrival time
---------------------------------------------------------------------------------------------
                                              2.571611   slack (MET)


Startpoint: _298_ (rising edge-triggered flip-flop clocked by clk)
Endpoint: y[1] (output port clocked by clk)
Path Group: clk
Path Type: max

Fanout         Cap        Slew       Delay        Time   Description
---------------------------------------------------------------------------------------------
                                  0.000000    0.000000   clock clk (rise edge)
                                  0.000000    0.000000   clock source latency
     1    0.017654    0.085267    0.061468    0.061468 ^ clk (in)
                                                         clk (net)
                      0.085277    0.000000    0.061468 ^ clkbuf_0_clk/A (sky130_fd_sc_hd__clkbuf_16)
     4    0.040619    0.060320    0.164759    0.226228 ^ clkbuf_0_clk/X (sky130_fd_sc_hd__clkbuf_16)
                                                         clknet_0_clk (net)
                      0.060337    0.000959    0.227187 ^ clkbuf_2_1__f_clk/A (sky130_fd_sc_hd__clkbuf_16)
     8    0.026846    0.047989    0.143986    0.371173 ^ clkbuf_2_1__f_clk/X (sky130_fd_sc_hd__clkbuf_16)
                                                         clknet_2_1__leaf_clk (net)
                      0.048016    0.001089    0.372262 ^ _298_/CLK (sky130_fd_sc_hd__dfxtp_2)
     1    0.003064    0.030709    0.321302    0.693564 ^ _298_/Q (sky130_fd_sc_hd__dfxtp_2)
                                                         net25 (net)
                      0.030709    0.000097    0.693661 ^ output25/A (sky130_fd_sc_hd__clkdlybuf4s25_1)
     1    0.035162    0.355153    0.483166    1.176827 ^ output25/X (sky130_fd_sc_hd__clkdlybuf4s25_1)
                                                         y[1] (net)
                      0.355153    0.001021    1.177848 ^ y[1] (out)
                                              1.177848   data arrival time

                                  5.000000    5.000000   clock clk (rise edge)
                                  0.000000    5.000000   clock network delay (propagated)
                                 -0.250000    4.750000   clock uncertainty
                                  0.000000    4.750000   clock reconvergence pessimism
                                 -1.000000    3.750000   output external delay
                                              3.750000   data required time
---------------------------------------------------------------------------------------------
                                              3.750000   data required time
                                             -1.177848   data arrival time
---------------------------------------------------------------------------------------------
                                              2.572152   slack (MET)


Startpoint: _299_ (rising edge-triggered flip-flop clocked by clk)
Endpoint: y[2] (output port clocked by clk)
Path Group: clk
Path Type: max

Fanout         Cap        Slew       Delay        Time   Description
---------------------------------------------------------------------------------------------
                                  0.000000    0.000000   clock clk (rise edge)
                                  0.000000    0.000000   clock source latency
     1    0.017654    0.085267    0.061468    0.061468 ^ clk (in)
                                                         clk (net)
                      0.085277    0.000000    0.061468 ^ clkbuf_0_clk/A (sky130_fd_sc_hd__clkbuf_16)
     4    0.040619    0.060320    0.164759    0.226228 ^ clkbuf_0_clk/X (sky130_fd_sc_hd__clkbuf_16)
                                                         clknet_0_clk (net)
                      0.060337    0.000959    0.227187 ^ clkbuf_2_1__f_clk/A (sky130_fd_sc_hd__clkbuf_16)
     8    0.026846    0.047989    0.143986    0.371173 ^ clkbuf_2_1__f_clk/X (sky130_fd_sc_hd__clkbuf_16)
                                                         clknet_2_1__leaf_clk (net)
                      0.048011    0.001011    0.372184 ^ _299_/CLK (sky130_fd_sc_hd__dfxtp_2)
     1    0.003064    0.030709    0.321300    0.693484 ^ _299_/Q (sky130_fd_sc_hd__dfxtp_2)
                                                         net26 (net)
                      0.030709    0.000097    0.693582 ^ output26/A (sky130_fd_sc_hd__clkdlybuf4s25_1)
     1    0.035162    0.355153    0.483166    1.176747 ^ output26/X (sky130_fd_sc_hd__clkdlybuf4s25_1)
                                                         y[2] (net)
                      0.355153    0.001021    1.177768 ^ y[2] (out)
                                              1.177768   data arrival time

                                  5.000000    5.000000   clock clk (rise edge)
                                  0.000000    5.000000   clock network delay (propagated)
                                 -0.250000    4.750000   clock uncertainty
                                  0.000000    4.750000   clock reconvergence pessimism
                                 -1.000000    3.750000   output external delay
                                              3.750000   data required time
---------------------------------------------------------------------------------------------
                                              3.750000   data required time
                                             -1.177768   data arrival time
---------------------------------------------------------------------------------------------
                                              2.572232   slack (MET)


Startpoint: _304_ (rising edge-triggered flip-flop clocked by clk)
Endpoint: carry (output port clocked by clk)
Path Group: clk
Path Type: max

Fanout         Cap        Slew       Delay        Time   Description
---------------------------------------------------------------------------------------------
                                  0.000000    0.000000   clock clk (rise edge)
                                  0.000000    0.000000   clock source latency
     1    0.017654    0.085267    0.061468    0.061468 ^ clk (in)
                                                         clk (net)
                      0.085277    0.000000    0.061468 ^ clkbuf_0_clk/A (sky130_fd_sc_hd__clkbuf_16)
     4    0.040619    0.060320    0.164759    0.226228 ^ clkbuf_0_clk/X (sky130_fd_sc_hd__clkbuf_16)
                                                         clknet_0_clk (net)
                      0.060333    0.000862    0.227089 ^ clkbuf_2_2__f_clk/A (sky130_fd_sc_hd__clkbuf_16)
     8    0.030140    0.051160    0.147111    0.374200 ^ clkbuf_2_2__f_clk/X (sky130_fd_sc_hd__clkbuf_16)
                                                         clknet_2_2__leaf_clk (net)
                      0.051160    0.000412    0.374612 ^ _304_/CLK (sky130_fd_sc_hd__dfxtp_2)
     1    0.002906    0.030131    0.321763    0.696375 ^ _304_/Q (sky130_fd_sc_hd__dfxtp_2)
                                                         net21 (net)
                      0.030131    0.000090    0.696465 ^ output21/A (sky130_fd_sc_hd__clkdlybuf4s25_1)
     1    0.034751    0.351101    0.480195    1.176660 ^ output21/X (sky130_fd_sc_hd__clkdlybuf4s25_1)
                                                         carry (net)
                      0.351101    0.000736    1.177395 ^ carry (out)
                                              1.177395   data arrival time

                                  5.000000    5.000000   clock clk (rise edge)
                                  0.000000    5.000000   clock network delay (propagated)
                                 -0.250000    4.750000   clock uncertainty
                                  0.000000    4.750000   clock reconvergence pessimism
                                 -1.000000    3.750000   output external delay
                                              3.750000   data required time
---------------------------------------------------------------------------------------------
                                              3.750000   data required time
                                             -1.177395   data arrival time
---------------------------------------------------------------------------------------------
                                              2.572605   slack (MET)


Startpoint: _296_ (rising edge-triggered flip-flop clocked by clk)
Endpoint: overflow (output port clocked by clk)
Path Group: clk
Path Type: max

Fanout         Cap        Slew       Delay        Time   Description
---------------------------------------------------------------------------------------------
                                  0.000000    0.000000   clock clk (rise edge)
                                  0.000000    0.000000   clock source latency
     1    0.017654    0.085267    0.061468    0.061468 ^ clk (in)
                                                         clk (net)
                      0.085277    0.000000    0.061468 ^ clkbuf_0_clk/A (sky130_fd_sc_hd__clkbuf_16)
     4    0.040619    0.060320    0.164759    0.226228 ^ clkbuf_0_clk/X (sky130_fd_sc_hd__clkbuf_16)
                                                         clknet_0_clk (net)
                      0.060333    0.000862    0.227089 ^ clkbuf_2_2__f_clk/A (sky130_fd_sc_hd__clkbuf_16)
     8    0.030140    0.051160    0.147111    0.374200 ^ clkbuf_2_2__f_clk/X (sky130_fd_sc_hd__clkbuf_16)
                                                         clknet_2_2__leaf_clk (net)
                      0.051160    0.000359    0.374559 ^ _296_/CLK (sky130_fd_sc_hd__dfxtp_2)
     1    0.002884    0.030052    0.321656    0.696215 ^ _296_/Q (sky130_fd_sc_hd__dfxtp_2)
                                                         net23 (net)
                      0.030052    0.000089    0.696304 ^ output23/A (sky130_fd_sc_hd__clkdlybuf4s25_1)
     1    0.034722    0.350815    0.479973    1.176277 ^ output23/X (sky130_fd_sc_hd__clkdlybuf4s25_1)
                                                         overflow (net)
                      0.350815    0.000713    1.176990 ^ overflow (out)
                                              1.176990   data arrival time

                                  5.000000    5.000000   clock clk (rise edge)
                                  0.000000    5.000000   clock network delay (propagated)
                                 -0.250000    4.750000   clock uncertainty
                                  0.000000    4.750000   clock reconvergence pessimism
                                 -1.000000    3.750000   output external delay
                                              3.750000   data required time
---------------------------------------------------------------------------------------------
                                              3.750000   data required time
                                             -1.176990   data arrival time
---------------------------------------------------------------------------------------------
                                              2.573010   slack (MET)


Startpoint: _301_ (rising edge-triggered flip-flop clocked by clk)
Endpoint: y[4] (output port clocked by clk)
Path Group: clk
Path Type: max

Fanout         Cap        Slew       Delay        Time   Description
---------------------------------------------------------------------------------------------
                                  0.000000    0.000000   clock clk (rise edge)
                                  0.000000    0.000000   clock source latency
     1    0.017654    0.085267    0.061468    0.061468 ^ clk (in)
                                                         clk (net)
                      0.085277    0.000000    0.061468 ^ clkbuf_0_clk/A (sky130_fd_sc_hd__clkbuf_16)
     4    0.040619    0.060320    0.164759    0.226228 ^ clkbuf_0_clk/X (sky130_fd_sc_hd__clkbuf_16)
                                                         clknet_0_clk (net)
                      0.060333    0.000863    0.227091 ^ clkbuf_2_3__f_clk/A (sky130_fd_sc_hd__clkbuf_16)
     8    0.025138    0.046423    0.142476    0.369566 ^ clkbuf_2_3__f_clk/X (sky130_fd_sc_hd__clkbuf_16)
                                                         clknet_2_3__leaf_clk (net)
                      0.046459    0.001196    0.370762 ^ _301_/CLK (sky130_fd_sc_hd__dfxtp_2)
     1    0.002831    0.029888    0.319572    0.690334 ^ _301_/Q (sky130_fd_sc_hd__dfxtp_2)
                                                         net28 (net)
                      0.029888    0.000086    0.690420 ^ output28/A (sky130_fd_sc_hd__clkdlybuf4s25_1)
     1    0.035003    0.353620    0.481732    1.172152 ^ output28/X (sky130_fd_sc_hd__clkdlybuf4s25_1)
                                                         y[4] (net)
                      0.353620    0.000992    1.173144 ^ y[4] (out)
                                              1.173144   data arrival time

                                  5.000000    5.000000   clock clk (rise edge)
                                  0.000000    5.000000   clock network delay (propagated)
                                 -0.250000    4.750000   clock uncertainty
                                  0.000000    4.750000   clock reconvergence pessimism
                                 -1.000000    3.750000   output external delay
                                              3.750000   data required time
---------------------------------------------------------------------------------------------
                                              3.750000   data required time
                                             -1.173144   data arrival time
---------------------------------------------------------------------------------------------
                                              2.576856   slack (MET)


Startpoint: _305_ (rising edge-triggered flip-flop clocked by clk)
Endpoint: zero (output port clocked by clk)
Path Group: clk
Path Type: max

Fanout         Cap        Slew       Delay        Time   Description
---------------------------------------------------------------------------------------------
                                  0.000000    0.000000   clock clk (rise edge)
                                  0.000000    0.000000   clock source latency
     1    0.017654    0.085267    0.061468    0.061468 ^ clk (in)
                                                         clk (net)
                      0.085277    0.000000    0.061468 ^ clkbuf_0_clk/A (sky130_fd_sc_hd__clkbuf_16)
     4    0.040619    0.060320    0.164759    0.226228 ^ clkbuf_0_clk/X (sky130_fd_sc_hd__clkbuf_16)
                                                         clknet_0_clk (net)
                      0.060333    0.000863    0.227091 ^ clkbuf_2_3__f_clk/A (sky130_fd_sc_hd__clkbuf_16)
     8    0.025138    0.046423    0.142476    0.369566 ^ clkbuf_2_3__f_clk/X (sky130_fd_sc_hd__clkbuf_16)
                                                         clknet_2_3__leaf_clk (net)
                      0.046433    0.000727    0.370293 ^ _305_/CLK (sky130_fd_sc_hd__dfxtp_2)
     1    0.002880    0.030058    0.319794    0.690087 ^ _305_/Q (sky130_fd_sc_hd__dfxtp_2)
                                                         net32 (net)
                      0.030058    0.000089    0.690176 ^ output32/A (sky130_fd_sc_hd__clkdlybuf4s25_1)
     1    0.034898    0.352544    0.481192    1.171368 ^ output32/X (sky130_fd_sc_hd__clkdlybuf4s25_1)
                                                         zero (net)
                      0.352544    0.000782    1.172149 ^ zero (out)
                                              1.172149   data arrival time

                                  5.000000    5.000000   clock clk (rise edge)
                                  0.000000    5.000000   clock network delay (propagated)
                                 -0.250000    4.750000   clock uncertainty
                                  0.000000    4.750000   clock reconvergence pessimism
                                 -1.000000    3.750000   output external delay
                                              3.750000   data required time
---------------------------------------------------------------------------------------------
                                              3.750000   data required time
                                             -1.172149   data arrival time
---------------------------------------------------------------------------------------------
                                              2.577851   slack (MET)


Startpoint: _323_ (rising edge-triggered flip-flop clocked by clk)
Endpoint: _297_ (rising edge-triggered flip-flop clocked by clk)
Path Group: clk
Path Type: max

Fanout         Cap        Slew       Delay        Time   Description
---------------------------------------------------------------------------------------------
                                  0.000000    0.000000   clock clk (rise edge)
                                  0.000000    0.000000   clock source latency
     1    0.017654    0.085267    0.061468    0.061468 ^ clk (in)
                                                         clk (net)
                      0.085277    0.000000    0.061468 ^ clkbuf_0_clk/A (sky130_fd_sc_hd__clkbuf_16)
     4    0.040619    0.060320    0.164759    0.226228 ^ clkbuf_0_clk/X (sky130_fd_sc_hd__clkbuf_16)
                                                         clknet_0_clk (net)
                      0.060341    0.001054    0.227282 ^ clkbuf_2_0__f_clk/A (sky130_fd_sc_hd__clkbuf_16)
     8    0.027185    0.048240    0.144399    0.371680 ^ clkbuf_2_0__f_clk/X (sky130_fd_sc_hd__clkbuf_16)
                                                         clknet_2_0__leaf_clk (net)
                      0.048320    0.001159    0.372839 ^ _323_/CLK (sky130_fd_sc_hd__dfxtp_4)
     2    0.003634    0.029891    0.344292    0.717131 v _323_/Q (sky130_fd_sc_hd__dfxtp_4)
                                                         op_q[0] (net)
                      0.029891    0.000064    0.717196 v rebuffer42/A (sky130_fd_sc_hd__buf_2)
     7    0.023722    0.067129    0.161635    0.878830 v rebuffer42/X (sky130_fd_sc_hd__buf_2)
                                                         net42 (net)
                      0.067136    0.000717    0.879547 v _244_/B (sky130_fd_sc_hd__nand3_2)
     4    0.024615    0.145093    0.155774    1.035321 ^ _244_/Y (sky130_fd_sc_hd__nand3_2)
                                                         _049_ (net)
                      0.145094    0.000336    1.035657 ^ fanout33/A (sky130_fd_sc_hd__dlymetal6s4s_1)
    10    0.058992    0.578570    0.601011    1.636668 ^ fanout33/X (sky130_fd_sc_hd__dlymetal6s4s_1)
                                                         net33 (net)
                      0.578571    0.000750    1.637418 ^ _246_/C1 (sky130_fd_sc_hd__o221ai_2)
     1    0.002855    0.124979    0.182980    1.820398 v _246_/Y (sky130_fd_sc_hd__o221ai_2)
                                                         _051_ (net)
                      0.124979    0.000088    1.820486 v _247_/B1 (sky130_fd_sc_hd__o22a_2)
     2    0.012026    0.064241    0.272844    2.093329 v _247_/X (sky130_fd_sc_hd__o22a_2)
                                                         _052_ (net)
                      0.064244    0.000558    2.093887 v _248_/B (sky130_fd_sc_hd__and2_2)
     1    0.001985    0.034271    0.196476    2.290363 v _248_/X (sky130_fd_sc_hd__and2_2)
                                                         _001_ (net)
                      0.034271    0.000058    2.290420 v _297_/D (sky130_fd_sc_hd__dfxtp_2)
                                              2.290420   data arrival time

                                  5.000000    5.000000   clock clk (rise edge)
                                  0.000000    5.000000   clock source latency
     1    0.017654    0.085267    0.055614    5.055614 ^ clk (in)
                                                         clk (net)
                      0.085277    0.000000    5.055614 ^ clkbuf_0_clk/A (sky130_fd_sc_hd__clkbuf_16)
     4    0.040619    0.060320    0.149068    5.204682 ^ clkbuf_0_clk/X (sky130_fd_sc_hd__clkbuf_16)
                                                         clknet_0_clk (net)
                      0.060337    0.000868    5.205550 ^ clkbuf_2_1__f_clk/A (sky130_fd_sc_hd__clkbuf_16)
     8    0.026846    0.047989    0.130274    5.335824 ^ clkbuf_2_1__f_clk/X (sky130_fd_sc_hd__clkbuf_16)
                                                         clknet_2_1__leaf_clk (net)
                      0.048009    0.000884    5.336708 ^ _297_/CLK (sky130_fd_sc_hd__dfxtp_2)
                                 -0.250000    5.086708   clock uncertainty
                                  0.021545    5.108253   clock reconvergence pessimism
                                 -0.107499    5.000754   library setup time
                                              5.000754   data required time
---------------------------------------------------------------------------------------------
                                              5.000754   data required time
                                             -2.290420   data arrival time
---------------------------------------------------------------------------------------------
                                              2.710333   slack (MET)


Startpoint: rst_n (input port clocked by clk)
Endpoint: _311_ (rising edge-triggered flip-flop clocked by clk)
Path Group: clk
Path Type: max

Fanout         Cap        Slew       Delay        Time   Description
---------------------------------------------------------------------------------------------
                                  0.000000    0.000000   clock clk (rise edge)
                                  0.000000    0.000000   clock network delay (propagated)
                                  1.000000    1.000000 ^ input external delay
     1    0.003576    0.023096    0.013697    1.013697 ^ rst_n (in)
                                                         rst_n (net)
                      0.023103    0.000000    1.013697 ^ input20/A (sky130_fd_sc_hd__clkdlybuf4s25_1)
     4    0.017311    0.181674    0.352469    1.366167 ^ input20/X (sky130_fd_sc_hd__clkdlybuf4s25_1)
                                                         net20 (net)
                      0.181674    0.000607    1.366774 ^ fanout37/A (sky130_fd_sc_hd__clkdlybuf4s25_1)
    10    0.049487    0.495232    0.633468    2.000242 ^ fanout37/X (sky130_fd_sc_hd__clkdlybuf4s25_1)
                                                         net37 (net)
                      0.495245    0.003322    2.003563 ^ _179_/A (sky130_fd_sc_hd__and2_2)
     1    0.002297    0.044950    0.242794    2.246357 ^ _179_/X (sky130_fd_sc_hd__and2_2)
                                                         _015_ (net)
                      0.044950    0.000068    2.246426 ^ _311_/D (sky130_fd_sc_hd__dfxtp_2)
                                              2.246426   data arrival time

                                  5.000000    5.000000   clock clk (rise edge)
                                  0.000000    5.000000   clock source latency
     1    0.017654    0.085267    0.055614    5.055614 ^ clk (in)
                                                         clk (net)
                      0.085277    0.000000    5.055614 ^ clkbuf_0_clk/A (sky130_fd_sc_hd__clkbuf_16)
     4    0.040619    0.060320    0.149068    5.204682 ^ clkbuf_0_clk/X (sky130_fd_sc_hd__clkbuf_16)
                                                         clknet_0_clk (net)
                      0.060333    0.000779    5.205462 ^ clkbuf_2_2__f_clk/A (sky130_fd_sc_hd__clkbuf_16)
     8    0.030140    0.051160    0.133101    5.338562 ^ clkbuf_2_2__f_clk/X (sky130_fd_sc_hd__clkbuf_16)
                                                         clknet_2_2__leaf_clk (net)
                      0.051164    0.000867    5.339429 ^ _311_/CLK (sky130_fd_sc_hd__dfxtp_2)
                                 -0.250000    5.089429   clock uncertainty
                                  0.000000    5.089429   clock reconvergence pessimism
                                 -0.057939    5.031490   library setup time
                                              5.031490   data required time
---------------------------------------------------------------------------------------------
                                              5.031490   data required time
                                             -2.246426   data arrival time
---------------------------------------------------------------------------------------------
                                              2.785064   slack (MET)


Startpoint: rst_n (input port clocked by clk)
Endpoint: _313_ (rising edge-triggered flip-flop clocked by clk)
Path Group: clk
Path Type: max

Fanout         Cap        Slew       Delay        Time   Description
---------------------------------------------------------------------------------------------
                                  0.000000    0.000000   clock clk (rise edge)
                                  0.000000    0.000000   clock network delay (propagated)
                                  1.000000    1.000000 ^ input external delay
     1    0.003576    0.023096    0.013697    1.013697 ^ rst_n (in)
                                                         rst_n (net)
                      0.023103    0.000000    1.013697 ^ input20/A (sky130_fd_sc_hd__clkdlybuf4s25_1)
     4    0.017311    0.181674    0.352469    1.366167 ^ input20/X (sky130_fd_sc_hd__clkdlybuf4s25_1)
                                                         net20 (net)
                      0.181674    0.000607    1.366774 ^ fanout37/A (sky130_fd_sc_hd__clkdlybuf4s25_1)
    10    0.049487    0.495232    0.633468    2.000242 ^ fanout37/X (sky130_fd_sc_hd__clkdlybuf4s25_1)
                                                         net37 (net)
                      0.495244    0.003243    2.003485 ^ _181_/A (sky130_fd_sc_hd__and2_2)
     1    0.002201    0.044581    0.242193    2.245678 ^ _181_/X (sky130_fd_sc_hd__and2_2)
                                                         _017_ (net)
                      0.044581    0.000067    2.245745 ^ _313_/D (sky130_fd_sc_hd__dfxtp_2)
                                              2.245745   data arrival time

                                  5.000000    5.000000   clock clk (rise edge)
                                  0.000000    5.000000   clock source latency
     1    0.017654    0.085267    0.055614    5.055614 ^ clk (in)
                                                         clk (net)
                      0.085277    0.000000    5.055614 ^ clkbuf_0_clk/A (sky130_fd_sc_hd__clkbuf_16)
     4    0.040619    0.060320    0.149068    5.204682 ^ clkbuf_0_clk/X (sky130_fd_sc_hd__clkbuf_16)
                                                         clknet_0_clk (net)
                      0.060333    0.000779    5.205462 ^ clkbuf_2_2__f_clk/A (sky130_fd_sc_hd__clkbuf_16)
     8    0.030140    0.051160    0.133101    5.338562 ^ clkbuf_2_2__f_clk/X (sky130_fd_sc_hd__clkbuf_16)
                                                         clknet_2_2__leaf_clk (net)
                      0.051162    0.000647    5.339210 ^ _313_/CLK (sky130_fd_sc_hd__dfxtp_2)
                                 -0.250000    5.089210   clock uncertainty
                                  0.000000    5.089210   clock reconvergence pessimism
                                 -0.057853    5.031357   library setup time
                                              5.031357   data required time
---------------------------------------------------------------------------------------------
                                              5.031357   data required time
                                             -2.245745   data arrival time
---------------------------------------------------------------------------------------------
                                              2.785612   slack (MET)


Startpoint: rst_n (input port clocked by clk)
Endpoint: _321_ (rising edge-triggered flip-flop clocked by clk)
Path Group: clk
Path Type: max

Fanout         Cap        Slew       Delay        Time   Description
---------------------------------------------------------------------------------------------
                                  0.000000    0.000000   clock clk (rise edge)
                                  0.000000    0.000000   clock network delay (propagated)
                                  1.000000    1.000000 ^ input external delay
     1    0.003576    0.023096    0.013697    1.013697 ^ rst_n (in)
                                                         rst_n (net)
                      0.023103    0.000000    1.013697 ^ input20/A (sky130_fd_sc_hd__clkdlybuf4s25_1)
     4    0.017311    0.181674    0.352469    1.366167 ^ input20/X (sky130_fd_sc_hd__clkdlybuf4s25_1)
                                                         net20 (net)
                      0.181674    0.000607    1.366774 ^ fanout37/A (sky130_fd_sc_hd__clkdlybuf4s25_1)
    10    0.049487    0.495232    0.633468    2.000242 ^ fanout37/X (sky130_fd_sc_hd__clkdlybuf4s25_1)
                                                         net37 (net)
                      0.495244    0.003227    2.003469 ^ _189_/A (sky130_fd_sc_hd__and2_2)
     1    0.002162    0.044430    0.241950    2.245419 ^ _189_/X (sky130_fd_sc_hd__and2_2)
                                                         _025_ (net)
                      0.044430    0.000064    2.245483 ^ _321_/D (sky130_fd_sc_hd__dfxtp_2)
                                              2.245483   data arrival time

                                  5.000000    5.000000   clock clk (rise edge)
                                  0.000000    5.000000   clock source latency
     1    0.017654    0.085267    0.055614    5.055614 ^ clk (in)
                                                         clk (net)
                      0.085277    0.000000    5.055614 ^ clkbuf_0_clk/A (sky130_fd_sc_hd__clkbuf_16)
     4    0.040619    0.060320    0.149068    5.204682 ^ clkbuf_0_clk/X (sky130_fd_sc_hd__clkbuf_16)
                                                         clknet_0_clk (net)
                      0.060333    0.000779    5.205462 ^ clkbuf_2_2__f_clk/A (sky130_fd_sc_hd__clkbuf_16)
     8    0.030140    0.051160    0.133101    5.338562 ^ clkbuf_2_2__f_clk/X (sky130_fd_sc_hd__clkbuf_16)
                                                         clknet_2_2__leaf_clk (net)
                      0.051163    0.000732    5.339294 ^ _321_/CLK (sky130_fd_sc_hd__dfxtp_2)
                                 -0.250000    5.089294   clock uncertainty
                                  0.000000    5.089294   clock reconvergence pessimism
                                 -0.057817    5.031477   library setup time
                                              5.031477   data required time
---------------------------------------------------------------------------------------------
                                              5.031477   data required time
                                             -2.245483   data arrival time
---------------------------------------------------------------------------------------------
                                              2.785994   slack (MET)


Startpoint: rst_n (input port clocked by clk)
Endpoint: _312_ (rising edge-triggered flip-flop clocked by clk)
Path Group: clk
Path Type: max

Fanout         Cap        Slew       Delay        Time   Description
---------------------------------------------------------------------------------------------
                                  0.000000    0.000000   clock clk (rise edge)
                                  0.000000    0.000000   clock network delay (propagated)
                                  1.000000    1.000000 ^ input external delay
     1    0.003576    0.023096    0.013697    1.013697 ^ rst_n (in)
                                                         rst_n (net)
                      0.023103    0.000000    1.013697 ^ input20/A (sky130_fd_sc_hd__clkdlybuf4s25_1)
     4    0.017311    0.181674    0.352469    1.366167 ^ input20/X (sky130_fd_sc_hd__clkdlybuf4s25_1)
                                                         net20 (net)
                      0.181674    0.000607    1.366774 ^ fanout37/A (sky130_fd_sc_hd__clkdlybuf4s25_1)
    10    0.049487    0.495232    0.633468    2.000242 ^ fanout37/X (sky130_fd_sc_hd__clkdlybuf4s25_1)
                                                         net37 (net)
                      0.495244    0.003263    2.003505 ^ _180_/A (sky130_fd_sc_hd__and2_2)
     1    0.002118    0.044264    0.241682    2.245187 ^ _180_/X (sky130_fd_sc_hd__and2_2)
                                                         _016_ (net)
                      0.044264    0.000064    2.245251 ^ _312_/D (sky130_fd_sc_hd__dfxtp_2)
                                              2.245251   data arrival time

                                  5.000000    5.000000   clock clk (rise edge)
                                  0.000000    5.000000   clock source latency
     1    0.017654    0.085267    0.055614    5.055614 ^ clk (in)
                                                         clk (net)
                      0.085277    0.000000    5.055614 ^ clkbuf_0_clk/A (sky130_fd_sc_hd__clkbuf_16)
     4    0.040619    0.060320    0.149068    5.204682 ^ clkbuf_0_clk/X (sky130_fd_sc_hd__clkbuf_16)
                                                         clknet_0_clk (net)
                      0.060333    0.000779    5.205462 ^ clkbuf_2_2__f_clk/A (sky130_fd_sc_hd__clkbuf_16)
     8    0.030140    0.051160    0.133101    5.338562 ^ clkbuf_2_2__f_clk/X (sky130_fd_sc_hd__clkbuf_16)
                                                         clknet_2_2__leaf_clk (net)
                      0.051164    0.000840    5.339402 ^ _312_/CLK (sky130_fd_sc_hd__dfxtp_2)
                                 -0.250000    5.089402   clock uncertainty
                                  0.000000    5.089402   clock reconvergence pessimism
                                 -0.057778    5.031625   library setup time
                                              5.031625   data required time
---------------------------------------------------------------------------------------------
                                              5.031625   data required time
                                             -2.245251   data arrival time
---------------------------------------------------------------------------------------------
                                              2.786374   slack (MET)


Startpoint: rst_n (input port clocked by clk)
Endpoint: _320_ (rising edge-triggered flip-flop clocked by clk)
Path Group: clk
Path Type: max

Fanout         Cap        Slew       Delay        Time   Description
---------------------------------------------------------------------------------------------
                                  0.000000    0.000000   clock clk (rise edge)
                                  0.000000    0.000000   clock network delay (propagated)
                                  1.000000    1.000000 ^ input external delay
     1    0.003576    0.023096    0.013697    1.013697 ^ rst_n (in)
                                                         rst_n (net)
                      0.023103    0.000000    1.013697 ^ input20/A (sky130_fd_sc_hd__clkdlybuf4s25_1)
     4    0.017311    0.181674    0.352469    1.366167 ^ input20/X (sky130_fd_sc_hd__clkdlybuf4s25_1)
                                                         net20 (net)
                      0.181674    0.000607    1.366774 ^ fanout37/A (sky130_fd_sc_hd__clkdlybuf4s25_1)
    10    0.049487    0.495232    0.633468    2.000242 ^ fanout37/X (sky130_fd_sc_hd__clkdlybuf4s25_1)
                                                         net37 (net)
                      0.495245    0.003307    2.003549 ^ _188_/A (sky130_fd_sc_hd__and2_2)
     1    0.002005    0.043827    0.240979    2.244527 ^ _188_/X (sky130_fd_sc_hd__and2_2)
                                                         _024_ (net)
                      0.043827    0.000059    2.244586 ^ _320_/D (sky130_fd_sc_hd__dfxtp_2)
                                              2.244586   data arrival time

                                  5.000000    5.000000   clock clk (rise edge)
                                  0.000000    5.000000   clock source latency
     1    0.017654    0.085267    0.055614    5.055614 ^ clk (in)
                                                         clk (net)
                      0.085277    0.000000    5.055614 ^ clkbuf_0_clk/A (sky130_fd_sc_hd__clkbuf_16)
     4    0.040619    0.060320    0.149068    5.204682 ^ clkbuf_0_clk/X (sky130_fd_sc_hd__clkbuf_16)
                                                         clknet_0_clk (net)
                      0.060333    0.000779    5.205462 ^ clkbuf_2_2__f_clk/A (sky130_fd_sc_hd__clkbuf_16)
     8    0.030140    0.051160    0.133101    5.338562 ^ clkbuf_2_2__f_clk/X (sky130_fd_sc_hd__clkbuf_16)
                                                         clknet_2_2__leaf_clk (net)
                      0.051164    0.000866    5.339428 ^ _320_/CLK (sky130_fd_sc_hd__dfxtp_2)
                                 -0.250000    5.089427   clock uncertainty
                                  0.000000    5.089427   clock reconvergence pessimism
                                 -0.057675    5.031753   library setup time
                                              5.031753   data required time
---------------------------------------------------------------------------------------------
                                              5.031753   data required time
                                             -2.244586   data arrival time
---------------------------------------------------------------------------------------------
                                              2.787167   slack (MET)


Startpoint: rst_n (input port clocked by clk)
Endpoint: _325_ (rising edge-triggered flip-flop clocked by clk)
Path Group: clk
Path Type: max

Fanout         Cap        Slew       Delay        Time   Description
---------------------------------------------------------------------------------------------
                                  0.000000    0.000000   clock clk (rise edge)
                                  0.000000    0.000000   clock network delay (propagated)
                                  1.000000    1.000000 v input external delay
     1    0.003351    0.009913    0.005641    1.005641 v rst_n (in)
                                                         rst_n (net)
                      0.009913    0.000000    1.005641 v input20/A (sky130_fd_sc_hd__clkdlybuf4s25_1)
     4    0.016411    0.130575    0.320089    1.325730 v input20/X (sky130_fd_sc_hd__clkdlybuf4s25_1)
                                                         net20 (net)
                      0.130575    0.000232    1.325963 v fanout35/A (sky130_fd_sc_hd__clkdlybuf4s25_1)
    10    0.028129    0.211390    0.439038    1.765000 v fanout35/X (sky130_fd_sc_hd__clkdlybuf4s25_1)
                                                         net35 (net)
                      0.211396    0.001406    1.766406 v _193_/A (sky130_fd_sc_hd__and2_2)
     1    0.003060    0.037057    0.250851    2.017258 v _193_/X (sky130_fd_sc_hd__and2_2)
                                                         _029_ (net)
                      0.037057    0.000101    2.017358 v _325_/D (sky130_fd_sc_hd__dfxtp_4)
                                              2.017358   data arrival time

                                  5.000000    5.000000   clock clk (rise edge)
                                  0.000000    5.000000   clock source latency
     1    0.017654    0.085267    0.055614    5.055614 ^ clk (in)
                                                         clk (net)
                      0.085277    0.000000    5.055614 ^ clkbuf_0_clk/A (sky130_fd_sc_hd__clkbuf_16)
     4    0.040619    0.060320    0.149068    5.204682 ^ clkbuf_0_clk/X (sky130_fd_sc_hd__clkbuf_16)
                                                         clknet_0_clk (net)
                      0.060341    0.000953    5.205636 ^ clkbuf_2_0__f_clk/A (sky130_fd_sc_hd__clkbuf_16)
     8    0.027185    0.048240    0.130647    5.336282 ^ clkbuf_2_0__f_clk/X (sky130_fd_sc_hd__clkbuf_16)
                                                         clknet_2_0__leaf_clk (net)
                      0.048326    0.001128    5.337410 ^ _325_/CLK (sky130_fd_sc_hd__dfxtp_4)
                                 -0.250000    5.087410   clock uncertainty
                                  0.000000    5.087410   clock reconvergence pessimism
                                 -0.107702    4.979708   library setup time
                                              4.979708   data required time
---------------------------------------------------------------------------------------------
                                              4.979708   data required time
                                             -2.017358   data arrival time
---------------------------------------------------------------------------------------------
                                              2.962350   slack (MET)


Startpoint: rst_n (input port clocked by clk)
Endpoint: _308_ (rising edge-triggered flip-flop clocked by clk)
Path Group: clk
Path Type: max

Fanout         Cap        Slew       Delay        Time   Description
---------------------------------------------------------------------------------------------
                                  0.000000    0.000000   clock clk (rise edge)
                                  0.000000    0.000000   clock network delay (propagated)
                                  1.000000    1.000000 v input external delay
     1    0.003351    0.009913    0.005641    1.005641 v rst_n (in)
                                                         rst_n (net)
                      0.009913    0.000000    1.005641 v input20/A (sky130_fd_sc_hd__clkdlybuf4s25_1)
     4    0.016411    0.130575    0.320089    1.325730 v input20/X (sky130_fd_sc_hd__clkdlybuf4s25_1)
                                                         net20 (net)
                      0.130575    0.000232    1.325963 v fanout35/A (sky130_fd_sc_hd__clkdlybuf4s25_1)
    10    0.028129    0.211390    0.439038    1.765000 v fanout35/X (sky130_fd_sc_hd__clkdlybuf4s25_1)
                                                         net35 (net)
                      0.211391    0.000828    1.765828 v _176_/A (sky130_fd_sc_hd__and2_2)
     1    0.002851    0.036524    0.249889    2.015717 v _176_/X (sky130_fd_sc_hd__and2_2)
                                                         _012_ (net)
                      0.036524    0.000089    2.015806 v _308_/D (sky130_fd_sc_hd__dfxtp_2)
                                              2.015806   data arrival time

                                  5.000000    5.000000   clock clk (rise edge)
                                  0.000000    5.000000   clock source latency
     1    0.017654    0.085267    0.055614    5.055614 ^ clk (in)
                                                         clk (net)
                      0.085277    0.000000    5.055614 ^ clkbuf_0_clk/A (sky130_fd_sc_hd__clkbuf_16)
     4    0.040619    0.060320    0.149068    5.204682 ^ clkbuf_0_clk/X (sky130_fd_sc_hd__clkbuf_16)
                                                         clknet_0_clk (net)
                      0.060337    0.000868    5.205550 ^ clkbuf_2_1__f_clk/A (sky130_fd_sc_hd__clkbuf_16)
     8    0.026846    0.047989    0.130274    5.335824 ^ clkbuf_2_1__f_clk/X (sky130_fd_sc_hd__clkbuf_16)
                                                         clknet_2_1__leaf_clk (net)
                      0.048050    0.001392    5.337216 ^ _308_/CLK (sky130_fd_sc_hd__dfxtp_2)
                                 -0.250000    5.087216   clock uncertainty
                                  0.000000    5.087216   clock reconvergence pessimism
                                 -0.108473    4.978743   library setup time
                                              4.978743   data required time
---------------------------------------------------------------------------------------------
                                              4.978743   data required time
                                             -2.015806   data arrival time
---------------------------------------------------------------------------------------------
                                              2.962937   slack (MET)


Startpoint: rst_n (input port clocked by clk)
Endpoint: _310_ (rising edge-triggered flip-flop clocked by clk)
Path Group: clk
Path Type: max

Fanout         Cap        Slew       Delay        Time   Description
---------------------------------------------------------------------------------------------
                                  0.000000    0.000000   clock clk (rise edge)
                                  0.000000    0.000000   clock network delay (propagated)
                                  1.000000    1.000000 v input external delay
     1    0.003351    0.009913    0.005641    1.005641 v rst_n (in)
                                                         rst_n (net)
                      0.009913    0.000000    1.005641 v input20/A (sky130_fd_sc_hd__clkdlybuf4s25_1)
     4    0.016411    0.130575    0.320089    1.325730 v input20/X (sky130_fd_sc_hd__clkdlybuf4s25_1)
                                                         net20 (net)
                      0.130575    0.000232    1.325963 v fanout35/A (sky130_fd_sc_hd__clkdlybuf4s25_1)
    10    0.028129    0.211390    0.439038    1.765000 v fanout35/X (sky130_fd_sc_hd__clkdlybuf4s25_1)
                                                         net35 (net)
                      0.211400    0.001711    1.766711 v _178_/A (sky130_fd_sc_hd__and2_2)
     1    0.002264    0.035020    0.247194    2.013906 v _178_/X (sky130_fd_sc_hd__and2_2)
                                                         _014_ (net)
                      0.035020    0.000069    2.013975 v _310_/D (sky130_fd_sc_hd__dfxtp_2)
                                              2.013975   data arrival time

                                  5.000000    5.000000   clock clk (rise edge)
                                  0.000000    5.000000   clock source latency
     1    0.017654    0.085267    0.055614    5.055614 ^ clk (in)
                                                         clk (net)
                      0.085277    0.000000    5.055614 ^ clkbuf_0_clk/A (sky130_fd_sc_hd__clkbuf_16)
     4    0.040619    0.060320    0.149068    5.204682 ^ clkbuf_0_clk/X (sky130_fd_sc_hd__clkbuf_16)
                                                         clknet_0_clk (net)
                      0.060341    0.000953    5.205636 ^ clkbuf_2_0__f_clk/A (sky130_fd_sc_hd__clkbuf_16)
     8    0.027185    0.048240    0.130647    5.336282 ^ clkbuf_2_0__f_clk/X (sky130_fd_sc_hd__clkbuf_16)
                                                         clknet_2_0__leaf_clk (net)
                      0.048303    0.000808    5.337090 ^ _310_/CLK (sky130_fd_sc_hd__dfxtp_2)
                                 -0.250000    5.087090   clock uncertainty
                                  0.000000    5.087090   clock reconvergence pessimism
                                 -0.107757    4.979332   library setup time
                                              4.979332   data required time
---------------------------------------------------------------------------------------------
                                              4.979332   data required time
                                             -2.013975   data arrival time
---------------------------------------------------------------------------------------------
                                              2.965358   slack (MET)


Startpoint: rst_n (input port clocked by clk)
Endpoint: _318_ (rising edge-triggered flip-flop clocked by clk)
Path Group: clk
Path Type: max

Fanout         Cap        Slew       Delay        Time   Description
---------------------------------------------------------------------------------------------
                                  0.000000    0.000000   clock clk (rise edge)
                                  0.000000    0.000000   clock network delay (propagated)
                                  1.000000    1.000000 v input external delay
     1    0.003351    0.009913    0.005641    1.005641 v rst_n (in)
                                                         rst_n (net)
                      0.009913    0.000000    1.005641 v input20/A (sky130_fd_sc_hd__clkdlybuf4s25_1)
     4    0.016411    0.130575    0.320089    1.325730 v input20/X (sky130_fd_sc_hd__clkdlybuf4s25_1)
                                                         net20 (net)
                      0.130575    0.000232    1.325963 v fanout35/A (sky130_fd_sc_hd__clkdlybuf4s25_1)
    10    0.028129    0.211390    0.439038    1.765000 v fanout35/X (sky130_fd_sc_hd__clkdlybuf4s25_1)
                                                         net35 (net)
                      0.211400    0.001704    1.766704 v _186_/A (sky130_fd_sc_hd__and2_2)
     1    0.002161    0.034756    0.246720    2.013424 v _186_/X (sky130_fd_sc_hd__and2_2)
                                                         _022_ (net)
                      0.034756    0.000064    2.013488 v _318_/D (sky130_fd_sc_hd__dfxtp_2)
                                              2.013488   data arrival time

                                  5.000000    5.000000   clock clk (rise edge)
                                  0.000000    5.000000   clock source latency
     1    0.017654    0.085267    0.055614    5.055614 ^ clk (in)
                                                         clk (net)
                      0.085277    0.000000    5.055614 ^ clkbuf_0_clk/A (sky130_fd_sc_hd__clkbuf_16)
     4    0.040619    0.060320    0.149068    5.204682 ^ clkbuf_0_clk/X (sky130_fd_sc_hd__clkbuf_16)
                                                         clknet_0_clk (net)
                      0.060341    0.000953    5.205636 ^ clkbuf_2_0__f_clk/A (sky130_fd_sc_hd__clkbuf_16)
     8    0.027185    0.048240    0.130647    5.336282 ^ clkbuf_2_0__f_clk/X (sky130_fd_sc_hd__clkbuf_16)
                                                         clknet_2_0__leaf_clk (net)
                      0.048308    0.000880    5.337162 ^ _318_/CLK (sky130_fd_sc_hd__dfxtp_2)
                                 -0.250000    5.087162   clock uncertainty
                                  0.000000    5.087162   clock reconvergence pessimism
                                 -0.107641    4.979521   library setup time
                                              4.979521   data required time
---------------------------------------------------------------------------------------------
                                              4.979521   data required time
                                             -2.013488   data arrival time
---------------------------------------------------------------------------------------------
                                              2.966033   slack (MET)


Startpoint: rst_n (input port clocked by clk)
Endpoint: _323_ (rising edge-triggered flip-flop clocked by clk)
Path Group: clk
Path Type: max

Fanout         Cap        Slew       Delay        Time   Description
---------------------------------------------------------------------------------------------
                                  0.000000    0.000000   clock clk (rise edge)
                                  0.000000    0.000000   clock network delay (propagated)
                                  1.000000    1.000000 v input external delay
     1    0.003351    0.009913    0.005641    1.005641 v rst_n (in)
                                                         rst_n (net)
                      0.009913    0.000000    1.005641 v input20/A (sky130_fd_sc_hd__clkdlybuf4s25_1)
     4    0.016411    0.130575    0.320089    1.325730 v input20/X (sky130_fd_sc_hd__clkdlybuf4s25_1)
                                                         net20 (net)
                      0.130575    0.000232    1.325963 v fanout35/A (sky130_fd_sc_hd__clkdlybuf4s25_1)
    10    0.028129    0.211390    0.439038    1.765000 v fanout35/X (sky130_fd_sc_hd__clkdlybuf4s25_1)
                                                         net35 (net)
                      0.211394    0.001241    1.766241 v _191_/A (sky130_fd_sc_hd__and2_2)
     1    0.002324    0.035184    0.247470    2.013711 v _191_/X (sky130_fd_sc_hd__and2_2)
                                                         _027_ (net)
                      0.035184    0.000072    2.013783 v _323_/D (sky130_fd_sc_hd__dfxtp_4)
                                              2.013783   data arrival time

                                  5.000000    5.000000   clock clk (rise edge)
                                  0.000000    5.000000   clock source latency
     1    0.017654    0.085267    0.055614    5.055614 ^ clk (in)
                                                         clk (net)
                      0.085277    0.000000    5.055614 ^ clkbuf_0_clk/A (sky130_fd_sc_hd__clkbuf_16)
     4    0.040619    0.060320    0.149068    5.204682 ^ clkbuf_0_clk/X (sky130_fd_sc_hd__clkbuf_16)
                                                         clknet_0_clk (net)
                      0.060341    0.000953    5.205636 ^ clkbuf_2_0__f_clk/A (sky130_fd_sc_hd__clkbuf_16)
     8    0.027185    0.048240    0.130647    5.336282 ^ clkbuf_2_0__f_clk/X (sky130_fd_sc_hd__clkbuf_16)
                                                         clknet_2_0__leaf_clk (net)
                      0.048320    0.001048    5.337331 ^ _323_/CLK (sky130_fd_sc_hd__dfxtp_4)
                                 -0.250000    5.087331   clock uncertainty
                                  0.000000    5.087331   clock reconvergence pessimism
                                 -0.106886    4.980444   library setup time
                                              4.980444   data required time
---------------------------------------------------------------------------------------------
                                              4.980444   data required time
                                             -2.013783   data arrival time
---------------------------------------------------------------------------------------------
                                              2.966661   slack (MET)


Startpoint: rst_n (input port clocked by clk)
Endpoint: _319_ (rising edge-triggered flip-flop clocked by clk)
Path Group: clk
Path Type: max

Fanout         Cap        Slew       Delay        Time   Description
---------------------------------------------------------------------------------------------
                                  0.000000    0.000000   clock clk (rise edge)
                                  0.000000    0.000000   clock network delay (propagated)
                                  1.000000    1.000000 v input external delay
     1    0.003351    0.009913    0.005641    1.005641 v rst_n (in)
                                                         rst_n (net)
                      0.009913    0.000000    1.005641 v input20/A (sky130_fd_sc_hd__clkdlybuf4s25_1)
     4    0.016411    0.130575    0.320089    1.325730 v input20/X (sky130_fd_sc_hd__clkdlybuf4s25_1)
                                                         net20 (net)
                      0.130575    0.000232    1.325963 v fanout35/A (sky130_fd_sc_hd__clkdlybuf4s25_1)
    10    0.028129    0.211390    0.439038    1.765000 v fanout35/X (sky130_fd_sc_hd__clkdlybuf4s25_1)
                                                         net35 (net)
                      0.211401    0.001749    1.766749 v _187_/A (sky130_fd_sc_hd__and2_2)
     1    0.002032    0.034423    0.246131    2.012880 v _187_/X (sky130_fd_sc_hd__and2_2)
                                                         _023_ (net)
                      0.034423    0.000059    2.012939 v _319_/D (sky130_fd_sc_hd__dfxtp_2)
                                              2.012939   data arrival time

                                  5.000000    5.000000   clock clk (rise edge)
                                  0.000000    5.000000   clock source latency
     1    0.017654    0.085267    0.055614    5.055614 ^ clk (in)
                                                         clk (net)
                      0.085277    0.000000    5.055614 ^ clkbuf_0_clk/A (sky130_fd_sc_hd__clkbuf_16)
     4    0.040619    0.060320    0.149068    5.204682 ^ clkbuf_0_clk/X (sky130_fd_sc_hd__clkbuf_16)
                                                         clknet_0_clk (net)
                      0.060341    0.000953    5.205636 ^ clkbuf_2_0__f_clk/A (sky130_fd_sc_hd__clkbuf_16)
     8    0.027185    0.048240    0.130647    5.336282 ^ clkbuf_2_0__f_clk/X (sky130_fd_sc_hd__clkbuf_16)
                                                         clknet_2_0__leaf_clk (net)
                      0.048311    0.000925    5.337207 ^ _319_/CLK (sky130_fd_sc_hd__dfxtp_2)
                                 -0.250000    5.087207   clock uncertainty
                                  0.000000    5.087207   clock reconvergence pessimism
                                 -0.107495    4.979712   library setup time
                                              4.979712   data required time
---------------------------------------------------------------------------------------------
                                              4.979712   data required time
                                             -2.012939   data arrival time
---------------------------------------------------------------------------------------------
                                              2.966773   slack (MET)


Startpoint: rst_n (input port clocked by clk)
Endpoint: _307_ (rising edge-triggered flip-flop clocked by clk)
Path Group: clk
Path Type: max

Fanout         Cap        Slew       Delay        Time   Description
---------------------------------------------------------------------------------------------
                                  0.000000    0.000000   clock clk (rise edge)
                                  0.000000    0.000000   clock network delay (propagated)
                                  1.000000    1.000000 v input external delay
     1    0.003351    0.009913    0.005641    1.005641 v rst_n (in)
                                                         rst_n (net)
                      0.009913    0.000000    1.005641 v input20/A (sky130_fd_sc_hd__clkdlybuf4s25_1)
     4    0.016411    0.130575    0.320089    1.325730 v input20/X (sky130_fd_sc_hd__clkdlybuf4s25_1)
                                                         net20 (net)
                      0.130575    0.000232    1.325963 v fanout35/A (sky130_fd_sc_hd__clkdlybuf4s25_1)
    10    0.028129    0.211390    0.439038    1.765000 v fanout35/X (sky130_fd_sc_hd__clkdlybuf4s25_1)
                                                         net35 (net)
                      0.211393    0.001155    1.766155 v _175_/A (sky130_fd_sc_hd__and2_2)
     1    0.002141    0.034711    0.246631    2.012787 v _175_/X (sky130_fd_sc_hd__and2_2)
                                                         _011_ (net)
                      0.034711    0.000044    2.012831 v _307_/D (sky130_fd_sc_hd__dfxtp_2)
                                              2.012831   data arrival time

                                  5.000000    5.000000   clock clk (rise edge)
                                  0.000000    5.000000   clock source latency
     1    0.017654    0.085267    0.055614    5.055614 ^ clk (in)
                                                         clk (net)
                      0.085277    0.000000    5.055614 ^ clkbuf_0_clk/A (sky130_fd_sc_hd__clkbuf_16)
     4    0.040619    0.060320    0.149068    5.204682 ^ clkbuf_0_clk/X (sky130_fd_sc_hd__clkbuf_16)
                                                         clknet_0_clk (net)
                      0.060341    0.000953    5.205636 ^ clkbuf_2_0__f_clk/A (sky130_fd_sc_hd__clkbuf_16)
     8    0.027185    0.048240    0.130647    5.336282 ^ clkbuf_2_0__f_clk/X (sky130_fd_sc_hd__clkbuf_16)
                                                         clknet_2_0__leaf_clk (net)
                      0.048317    0.001007    5.337289 ^ _307_/CLK (sky130_fd_sc_hd__dfxtp_2)
                                 -0.250000    5.087289   clock uncertainty
                                  0.000000    5.087289   clock reconvergence pessimism
                                 -0.107619    4.979670   library setup time
                                              4.979670   data required time
---------------------------------------------------------------------------------------------
                                              4.979670   data required time
                                             -2.012831   data arrival time
---------------------------------------------------------------------------------------------
                                              2.966839   slack (MET)


Startpoint: rst_n (input port clocked by clk)
Endpoint: _316_ (rising edge-triggered flip-flop clocked by clk)
Path Group: clk
Path Type: max

Fanout         Cap        Slew       Delay        Time   Description
---------------------------------------------------------------------------------------------
                                  0.000000    0.000000   clock clk (rise edge)
                                  0.000000    0.000000   clock network delay (propagated)
                                  1.000000    1.000000 v input external delay
     1    0.003351    0.009913    0.005641    1.005641 v rst_n (in)
                                                         rst_n (net)
                      0.009913    0.000000    1.005641 v input20/A (sky130_fd_sc_hd__clkdlybuf4s25_1)
     4    0.016411    0.130575    0.320089    1.325730 v input20/X (sky130_fd_sc_hd__clkdlybuf4s25_1)
                                                         net20 (net)
                      0.130575    0.000232    1.325963 v fanout35/A (sky130_fd_sc_hd__clkdlybuf4s25_1)
    10    0.028129    0.211390    0.439038    1.765000 v fanout35/X (sky130_fd_sc_hd__clkdlybuf4s25_1)
                                                         net35 (net)
                      0.211393    0.001129    1.766129 v _184_/A (sky130_fd_sc_hd__and2_2)
     1    0.002097    0.034601    0.246424    2.012553 v _184_/X (sky130_fd_sc_hd__and2_2)
                                                         _020_ (net)
                      0.034601    0.000063    2.012615 v _316_/D (sky130_fd_sc_hd__dfxtp_2)
                                              2.012615   data arrival time

                                  5.000000    5.000000   clock clk (rise edge)
                                  0.000000    5.000000   clock source latency
     1    0.017654    0.085267    0.055614    5.055614 ^ clk (in)
                                                         clk (net)
                      0.085277    0.000000    5.055614 ^ clkbuf_0_clk/A (sky130_fd_sc_hd__clkbuf_16)
     4    0.040619    0.060320    0.149068    5.204682 ^ clkbuf_0_clk/X (sky130_fd_sc_hd__clkbuf_16)
                                                         clknet_0_clk (net)
                      0.060341    0.000953    5.205636 ^ clkbuf_2_0__f_clk/A (sky130_fd_sc_hd__clkbuf_16)
     8    0.027185    0.048240    0.130647    5.336282 ^ clkbuf_2_0__f_clk/X (sky130_fd_sc_hd__clkbuf_16)
                                                         clknet_2_0__leaf_clk (net)
                      0.048318    0.001022    5.337304 ^ _316_/CLK (sky130_fd_sc_hd__dfxtp_2)
                                 -0.250000    5.087304   clock uncertainty
                                  0.000000    5.087304   clock reconvergence pessimism
                                 -0.107571    4.979733   library setup time
                                              4.979733   data required time
---------------------------------------------------------------------------------------------
                                              4.979733   data required time
                                             -2.012615   data arrival time
---------------------------------------------------------------------------------------------
                                              2.967117   slack (MET)


Startpoint: rst_n (input port clocked by clk)
Endpoint: _309_ (rising edge-triggered flip-flop clocked by clk)
Path Group: clk
Path Type: max

Fanout         Cap        Slew       Delay        Time   Description
---------------------------------------------------------------------------------------------
                                  0.000000    0.000000   clock clk (rise edge)
                                  0.000000    0.000000   clock network delay (propagated)
                                  1.000000    1.000000 v input external delay
     1    0.003351    0.009913    0.005641    1.005641 v rst_n (in)
                                                         rst_n (net)
                      0.009913    0.000000    1.005641 v input20/A (sky130_fd_sc_hd__clkdlybuf4s25_1)
     4    0.016411    0.130575    0.320089    1.325730 v input20/X (sky130_fd_sc_hd__clkdlybuf4s25_1)
                                                         net20 (net)
                      0.130575    0.000232    1.325963 v fanout35/A (sky130_fd_sc_hd__clkdlybuf4s25_1)
    10    0.028129    0.211390    0.439038    1.765000 v fanout35/X (sky130_fd_sc_hd__clkdlybuf4s25_1)
                                                         net35 (net)
                      0.211390    0.000046    1.765047 v _177_/A (sky130_fd_sc_hd__and2_2)
     1    0.002131    0.034686    0.246579    2.011626 v _177_/X (sky130_fd_sc_hd__and2_2)
                                                         _013_ (net)
                      0.034686    0.000064    2.011690 v _309_/D (sky130_fd_sc_hd__dfxtp_2)
                                              2.011690   data arrival time

                                  5.000000    5.000000   clock clk (rise edge)
                                  0.000000    5.000000   clock source latency
     1    0.017654    0.085267    0.055614    5.055614 ^ clk (in)
                                                         clk (net)
                      0.085277    0.000000    5.055614 ^ clkbuf_0_clk/A (sky130_fd_sc_hd__clkbuf_16)
     4    0.040619    0.060320    0.149068    5.204682 ^ clkbuf_0_clk/X (sky130_fd_sc_hd__clkbuf_16)
                                                         clknet_0_clk (net)
                      0.060337    0.000868    5.205550 ^ clkbuf_2_1__f_clk/A (sky130_fd_sc_hd__clkbuf_16)
     8    0.026846    0.047989    0.130274    5.335824 ^ clkbuf_2_1__f_clk/X (sky130_fd_sc_hd__clkbuf_16)
                                                         clknet_2_1__leaf_clk (net)
                      0.048041    0.001299    5.337122 ^ _309_/CLK (sky130_fd_sc_hd__dfxtp_2)
                                 -0.250000    5.087122   clock uncertainty
                                  0.000000    5.087122   clock reconvergence pessimism
                                 -0.107673    4.979449   library setup time
                                              4.979449   data required time
---------------------------------------------------------------------------------------------
                                              4.979449   data required time
                                             -2.011690   data arrival time
---------------------------------------------------------------------------------------------
                                              2.967760   slack (MET)


Startpoint: rst_n (input port clocked by clk)
Endpoint: _324_ (rising edge-triggered flip-flop clocked by clk)
Path Group: clk
Path Type: max

Fanout         Cap        Slew       Delay        Time   Description
---------------------------------------------------------------------------------------------
                                  0.000000    0.000000   clock clk (rise edge)
                                  0.000000    0.000000   clock network delay (propagated)
                                  1.000000    1.000000 v input external delay
     1    0.003351    0.009913    0.005641    1.005641 v rst_n (in)
                                                         rst_n (net)
                      0.009913    0.000000    1.005641 v input20/A (sky130_fd_sc_hd__clkdlybuf4s25_1)
     4    0.016411    0.130575    0.320089    1.325730 v input20/X (sky130_fd_sc_hd__clkdlybuf4s25_1)
                                                         net20 (net)
                      0.130575    0.000232    1.325963 v fanout35/A (sky130_fd_sc_hd__clkdlybuf4s25_1)
    10    0.028129    0.211390    0.439038    1.765000 v fanout35/X (sky130_fd_sc_hd__clkdlybuf4s25_1)
                                                         net35 (net)
                      0.211397    0.001479    1.766479 v _192_/A (sky130_fd_sc_hd__and2_2)
     1    0.002072    0.034536    0.246310    2.012789 v _192_/X (sky130_fd_sc_hd__and2_2)
                                                         _028_ (net)
                      0.034536    0.000063    2.012851 v _324_/D (sky130_fd_sc_hd__dfxtp_4)
                                              2.012851   data arrival time

                                  5.000000    5.000000   clock clk (rise edge)
                                  0.000000    5.000000   clock source latency
     1    0.017654    0.085267    0.055614    5.055614 ^ clk (in)
                                                         clk (net)
                      0.085277    0.000000    5.055614 ^ clkbuf_0_clk/A (sky130_fd_sc_hd__clkbuf_16)
     4    0.040619    0.060320    0.149068    5.204682 ^ clkbuf_0_clk/X (sky130_fd_sc_hd__clkbuf_16)
                                                         clknet_0_clk (net)
                      0.060341    0.000953    5.205636 ^ clkbuf_2_0__f_clk/A (sky130_fd_sc_hd__clkbuf_16)
     8    0.027185    0.048240    0.130647    5.336282 ^ clkbuf_2_0__f_clk/X (sky130_fd_sc_hd__clkbuf_16)
                                                         clknet_2_0__leaf_clk (net)
                      0.048326    0.001128    5.337410 ^ _324_/CLK (sky130_fd_sc_hd__dfxtp_4)
                                 -0.250000    5.087410   clock uncertainty
                                  0.000000    5.087410   clock reconvergence pessimism
                                 -0.106602    4.980808   library setup time
                                              4.980808   data required time
---------------------------------------------------------------------------------------------
                                              4.980808   data required time
                                             -2.012851   data arrival time
---------------------------------------------------------------------------------------------
                                              2.967957   slack (MET)


Startpoint: rst_n (input port clocked by clk)
Endpoint: _314_ (rising edge-triggered flip-flop clocked by clk)
Path Group: clk
Path Type: max

Fanout         Cap        Slew       Delay        Time   Description
---------------------------------------------------------------------------------------------
                                  0.000000    0.000000   clock clk (rise edge)
                                  0.000000    0.000000   clock network delay (propagated)
                                  1.000000    1.000000 v input external delay
     1    0.003351    0.009913    0.005641    1.005641 v rst_n (in)
                                                         rst_n (net)
                      0.009913    0.000000    1.005641 v input20/A (sky130_fd_sc_hd__clkdlybuf4s25_1)
     4    0.016411    0.130575    0.320089    1.325730 v input20/X (sky130_fd_sc_hd__clkdlybuf4s25_1)
                                                         net20 (net)
                      0.130576    0.000532    1.326263 v fanout38/A (sky130_fd_sc_hd__clkdlybuf4s25_1)
     5    0.018088    0.142052    0.383344    1.709607 v fanout38/X (sky130_fd_sc_hd__clkdlybuf4s25_1)
                                                         net38 (net)
                      0.142052    0.000435    1.710042 v _182_/A (sky130_fd_sc_hd__and2_2)
     1    0.002119    0.034646    0.212701    1.922742 v _182_/X (sky130_fd_sc_hd__and2_2)
                                                         _018_ (net)
                      0.034646    0.000044    1.922786 v _314_/D (sky130_fd_sc_hd__dfxtp_2)
                                              1.922786   data arrival time

                                  5.000000    5.000000   clock clk (rise edge)
                                  0.000000    5.000000   clock source latency
     1    0.017654    0.085267    0.055614    5.055614 ^ clk (in)
                                                         clk (net)
                      0.085277    0.000000    5.055614 ^ clkbuf_0_clk/A (sky130_fd_sc_hd__clkbuf_16)
     4    0.040619    0.060320    0.149068    5.204682 ^ clkbuf_0_clk/X (sky130_fd_sc_hd__clkbuf_16)
                                                         clknet_0_clk (net)
                      0.060333    0.000781    5.205463 ^ clkbuf_2_3__f_clk/A (sky130_fd_sc_hd__clkbuf_16)
     8    0.025138    0.046423    0.128907    5.334370 ^ clkbuf_2_3__f_clk/X (sky130_fd_sc_hd__clkbuf_16)
                                                         clknet_2_3__leaf_clk (net)
                      0.046453    0.000994    5.335363 ^ _314_/CLK (sky130_fd_sc_hd__dfxtp_2)
                                 -0.250000    5.085363   clock uncertainty
                                  0.000000    5.085363   clock reconvergence pessimism
                                 -0.108026    4.977337   library setup time
                                              4.977337   data required time
---------------------------------------------------------------------------------------------
                                              4.977337   data required time
                                             -1.922786   data arrival time
---------------------------------------------------------------------------------------------
                                              3.054551   slack (MET)


Startpoint: rst_n (input port clocked by clk)
Endpoint: _322_ (rising edge-triggered flip-flop clocked by clk)
Path Group: clk
Path Type: max

Fanout         Cap        Slew       Delay        Time   Description
---------------------------------------------------------------------------------------------
                                  0.000000    0.000000   clock clk (rise edge)
                                  0.000000    0.000000   clock network delay (propagated)
                                  1.000000    1.000000 v input external delay
     1    0.003351    0.009913    0.005641    1.005641 v rst_n (in)
                                                         rst_n (net)
                      0.009913    0.000000    1.005641 v input20/A (sky130_fd_sc_hd__clkdlybuf4s25_1)
     4    0.016411    0.130575    0.320089    1.325730 v input20/X (sky130_fd_sc_hd__clkdlybuf4s25_1)
                                                         net20 (net)
                      0.130576    0.000532    1.326263 v fanout38/A (sky130_fd_sc_hd__clkdlybuf4s25_1)
     5    0.018088    0.142052    0.383344    1.709607 v fanout38/X (sky130_fd_sc_hd__clkdlybuf4s25_1)
                                                         net38 (net)
                      0.142052    0.000417    1.710023 v _190_/A (sky130_fd_sc_hd__and2_2)
     1    0.002078    0.034540    0.212507    1.922531 v _190_/X (sky130_fd_sc_hd__and2_2)
                                                         _026_ (net)
                      0.034540    0.000061    1.922592 v _322_/D (sky130_fd_sc_hd__dfxtp_2)
                                              1.922592   data arrival time

                                  5.000000    5.000000   clock clk (rise edge)
                                  0.000000    5.000000   clock source latency
     1    0.017654    0.085267    0.055614    5.055614 ^ clk (in)
                                                         clk (net)
                      0.085277    0.000000    5.055614 ^ clkbuf_0_clk/A (sky130_fd_sc_hd__clkbuf_16)
     4    0.040619    0.060320    0.149068    5.204682 ^ clkbuf_0_clk/X (sky130_fd_sc_hd__clkbuf_16)
                                                         clknet_0_clk (net)
                      0.060333    0.000779    5.205462 ^ clkbuf_2_2__f_clk/A (sky130_fd_sc_hd__clkbuf_16)
     8    0.030140    0.051160    0.133101    5.338562 ^ clkbuf_2_2__f_clk/X (sky130_fd_sc_hd__clkbuf_16)
                                                         clknet_2_2__leaf_clk (net)
                      0.051160    0.000287    5.338850 ^ _322_/CLK (sky130_fd_sc_hd__dfxtp_2)
                                 -0.250000    5.088850   clock uncertainty
                                  0.000000    5.088850   clock reconvergence pessimism
                                 -0.106881    4.981968   library setup time
                                              4.981968   data required time
---------------------------------------------------------------------------------------------
                                              4.981968   data required time
                                             -1.922592   data arrival time
---------------------------------------------------------------------------------------------
                                              3.059376   slack (MET)


Startpoint: rst_n (input port clocked by clk)
Endpoint: _317_ (rising edge-triggered flip-flop clocked by clk)
Path Group: clk
Path Type: max

Fanout         Cap        Slew       Delay        Time   Description
---------------------------------------------------------------------------------------------
                                  0.000000    0.000000   clock clk (rise edge)
                                  0.000000    0.000000   clock network delay (propagated)
                                  1.000000    1.000000 v input external delay
     1    0.003351    0.009913    0.005641    1.005641 v rst_n (in)
                                                         rst_n (net)
                      0.009913    0.000000    1.005641 v input20/A (sky130_fd_sc_hd__clkdlybuf4s25_1)
     4    0.016411    0.130575    0.320089    1.325730 v input20/X (sky130_fd_sc_hd__clkdlybuf4s25_1)
                                                         net20 (net)
                      0.130575    0.000324    1.326054 v fanout36/A (sky130_fd_sc_hd__clkdlybuf4s25_1)
     5    0.016648    0.132035    0.375371    1.701425 v fanout36/X (sky130_fd_sc_hd__clkdlybuf4s25_1)
                                                         net36 (net)
                      0.132035    0.000129    1.701553 v _185_/A (sky130_fd_sc_hd__and2_2)
     1    0.002997    0.036891    0.211875    1.913428 v _185_/X (sky130_fd_sc_hd__and2_2)
                                                         _021_ (net)
                      0.036891    0.000095    1.913524 v _317_/D (sky130_fd_sc_hd__dfxtp_2)
                                              1.913524   data arrival time

                                  5.000000    5.000000   clock clk (rise edge)
                                  0.000000    5.000000   clock source latency
     1    0.017654    0.085267    0.055614    5.055614 ^ clk (in)
                                                         clk (net)
                      0.085277    0.000000    5.055614 ^ clkbuf_0_clk/A (sky130_fd_sc_hd__clkbuf_16)
     4    0.040619    0.060320    0.149068    5.204682 ^ clkbuf_0_clk/X (sky130_fd_sc_hd__clkbuf_16)
                                                         clknet_0_clk (net)
                      0.060337    0.000868    5.205550 ^ clkbuf_2_1__f_clk/A (sky130_fd_sc_hd__clkbuf_16)
     8    0.026846    0.047989    0.130274    5.335824 ^ clkbuf_2_1__f_clk/X (sky130_fd_sc_hd__clkbuf_16)
                                                         clknet_2_1__leaf_clk (net)
                      0.048042    0.001313    5.337136 ^ _317_/CLK (sky130_fd_sc_hd__dfxtp_2)
                                 -0.250000    5.087136   clock uncertainty
                                  0.000000    5.087136   clock reconvergence pessimism
                                 -0.108635    4.978501   library setup time
                                              4.978501   data required time
---------------------------------------------------------------------------------------------
                                              4.978501   data required time
                                             -1.913524   data arrival time
---------------------------------------------------------------------------------------------
                                              3.064977   slack (MET)


Startpoint: rst_n (input port clocked by clk)
Endpoint: _315_ (rising edge-triggered flip-flop clocked by clk)
Path Group: clk
Path Type: max

Fanout         Cap        Slew       Delay        Time   Description
---------------------------------------------------------------------------------------------
                                  0.000000    0.000000   clock clk (rise edge)
                                  0.000000    0.000000   clock network delay (propagated)
                                  1.000000    1.000000 v input external delay
     1    0.003351    0.009913    0.005641    1.005641 v rst_n (in)
                                                         rst_n (net)
                      0.009913    0.000000    1.005641 v input20/A (sky130_fd_sc_hd__clkdlybuf4s25_1)
     4    0.016411    0.130575    0.320089    1.325730 v input20/X (sky130_fd_sc_hd__clkdlybuf4s25_1)
                                                         net20 (net)
                      0.130575    0.000324    1.326054 v fanout36/A (sky130_fd_sc_hd__clkdlybuf4s25_1)
     5    0.016648    0.132035    0.375371    1.701425 v fanout36/X (sky130_fd_sc_hd__clkdlybuf4s25_1)
                                                         net36 (net)
                      0.132035    0.000201    1.701626 v _183_/A (sky130_fd_sc_hd__and2_2)
     1    0.002697    0.036131    0.210489    1.912115 v _183_/X (sky130_fd_sc_hd__and2_2)
                                                         _019_ (net)
                      0.036131    0.000082    1.912197 v _315_/D (sky130_fd_sc_hd__dfxtp_2)
                                              1.912197   data arrival time

                                  5.000000    5.000000   clock clk (rise edge)
                                  0.000000    5.000000   clock source latency
     1    0.017654    0.085267    0.055614    5.055614 ^ clk (in)
                                                         clk (net)
                      0.085277    0.000000    5.055614 ^ clkbuf_0_clk/A (sky130_fd_sc_hd__clkbuf_16)
     4    0.040619    0.060320    0.149068    5.204682 ^ clkbuf_0_clk/X (sky130_fd_sc_hd__clkbuf_16)
                                                         clknet_0_clk (net)
                      0.060337    0.000868    5.205550 ^ clkbuf_2_1__f_clk/A (sky130_fd_sc_hd__clkbuf_16)
     8    0.026846    0.047989    0.130274    5.335824 ^ clkbuf_2_1__f_clk/X (sky130_fd_sc_hd__clkbuf_16)
                                                         clknet_2_1__leaf_clk (net)
                      0.048054    0.001439    5.337263 ^ _315_/CLK (sky130_fd_sc_hd__dfxtp_2)
                                 -0.250000    5.087263   clock uncertainty
                                  0.000000    5.087263   clock reconvergence pessimism
                                 -0.108300    4.978962   library setup time
                                              4.978962   data required time
---------------------------------------------------------------------------------------------
                                              4.978962   data required time
                                             -1.912197   data arrival time
---------------------------------------------------------------------------------------------
                                              3.066766   slack (MET)



%OL_END_REPORT
%OL_CREATE_REPORT checks.rpt

===========================================================================
report_checks -unconstrained
===========================================================================
======================= nom_tt_025C_1v80 Corner ===================================

Startpoint: _323_ (rising edge-triggered flip-flop clocked by clk)
Endpoint: _305_ (rising edge-triggered flip-flop clocked by clk)
Path Group: clk
Path Type: max

Fanout         Cap        Slew       Delay        Time   Description
---------------------------------------------------------------------------------------------
                                  0.000000    0.000000   clock clk (rise edge)
                                  0.000000    0.000000   clock source latency
     1    0.017654    0.085267    0.061468    0.061468 ^ clk (in)
                                                         clk (net)
                      0.085277    0.000000    0.061468 ^ clkbuf_0_clk/A (sky130_fd_sc_hd__clkbuf_16)
     4    0.040619    0.060320    0.164759    0.226228 ^ clkbuf_0_clk/X (sky130_fd_sc_hd__clkbuf_16)
                                                         clknet_0_clk (net)
                      0.060341    0.001054    0.227282 ^ clkbuf_2_0__f_clk/A (sky130_fd_sc_hd__clkbuf_16)
     8    0.027185    0.048240    0.144399    0.371680 ^ clkbuf_2_0__f_clk/X (sky130_fd_sc_hd__clkbuf_16)
                                                         clknet_2_0__leaf_clk (net)
                      0.048320    0.001159    0.372839 ^ _323_/CLK (sky130_fd_sc_hd__dfxtp_4)
     2    0.003634    0.029891    0.344292    0.717131 v _323_/Q (sky130_fd_sc_hd__dfxtp_4)
                                                         op_q[0] (net)
                      0.029891    0.000064    0.717196 v rebuffer42/A (sky130_fd_sc_hd__buf_2)
     7    0.023722    0.067129    0.161635    0.878830 v rebuffer42/X (sky130_fd_sc_hd__buf_2)
                                                         net42 (net)
                      0.067136    0.000717    0.879547 v _244_/B (sky130_fd_sc_hd__nand3_2)
     4    0.024615    0.145093    0.155774    1.035321 ^ _244_/Y (sky130_fd_sc_hd__nand3_2)
                                                         _049_ (net)
                      0.145094    0.000336    1.035657 ^ fanout33/A (sky130_fd_sc_hd__dlymetal6s4s_1)
    10    0.058992    0.578570    0.601011    1.636668 ^ fanout33/X (sky130_fd_sc_hd__dlymetal6s4s_1)
                                                         net33 (net)
                      0.578574    0.001426    1.638094 ^ _275_/B1 (sky130_fd_sc_hd__o21ai_2)
     1    0.004404    0.106078    0.116902    1.754996 v _275_/Y (sky130_fd_sc_hd__o21ai_2)
                                                         _077_ (net)
                      0.106078    0.000168    1.755164 v _276_/C1 (sky130_fd_sc_hd__a211o_2)
     1    0.005919    0.055963    0.308538    2.063702 v _276_/X (sky130_fd_sc_hd__a211o_2)
                                                         _078_ (net)
                      0.055963    0.000239    2.063941 v _277_/B1 (sky130_fd_sc_hd__a21o_2)
     1    0.002783    0.033273    0.191736    2.255677 v _277_/X (sky130_fd_sc_hd__a21o_2)
                                                         _079_ (net)
                      0.033273    0.000086    2.255763 v _279_/B1 (sky130_fd_sc_hd__a211o_2)
     2    0.005856    0.055923    0.323562    2.579325 v _279_/X (sky130_fd_sc_hd__a211o_2)
                                                         _081_ (net)
                      0.055923    0.000198    2.579523 v _172_/A1 (sky130_fd_sc_hd__a2111o_2)
     1    0.006063    0.071909    0.449926    3.029449 v _172_/X (sky130_fd_sc_hd__a2111o_2)
                                                         _116_ (net)
                      0.071909    0.000227    3.029676 v _173_/B2 (sky130_fd_sc_hd__a22o_4)
     1    0.009956    0.047288    0.249141    3.278817 v _173_/X (sky130_fd_sc_hd__a22o_4)
                                                         _117_ (net)
                      0.047288    0.000314    3.279130 v _174_/D1 (sky130_fd_sc_hd__a2111oi_4)
     1    0.003208    0.231481    0.183680    3.462811 ^ _174_/Y (sky130_fd_sc_hd__a2111oi_4)
                                                         _009_ (net)
                      0.231481    0.000105    3.462916 ^ _305_/D (sky130_fd_sc_hd__dfxtp_2)
                                              3.462916   data arrival time

                                  5.000000    5.000000   clock clk (rise edge)
                                  0.000000    5.000000   clock source latency
     1    0.017654    0.085267    0.055614    5.055614 ^ clk (in)
                                                         clk (net)
                      0.085277    0.000000    5.055614 ^ clkbuf_0_clk/A (sky130_fd_sc_hd__clkbuf_16)
     4    0.040619    0.060320    0.149068    5.204682 ^ clkbuf_0_clk/X (sky130_fd_sc_hd__clkbuf_16)
                                                         clknet_0_clk (net)
                      0.060333    0.000781    5.205463 ^ clkbuf_2_3__f_clk/A (sky130_fd_sc_hd__clkbuf_16)
     8    0.025138    0.046423    0.128907    5.334370 ^ clkbuf_2_3__f_clk/X (sky130_fd_sc_hd__clkbuf_16)
                                                         clknet_2_3__leaf_clk (net)
                      0.046433    0.000658    5.335027 ^ _305_/CLK (sky130_fd_sc_hd__dfxtp_2)
                                 -0.250000    5.085027   clock uncertainty
                                  0.021545    5.106573   clock reconvergence pessimism
                                 -0.102599    5.003974   library setup time
                                              5.003974   data required time
---------------------------------------------------------------------------------------------
                                              5.003974   data required time
                                             -3.462916   data arrival time
---------------------------------------------------------------------------------------------
                                              1.541058   slack (MET)




===========================================================================
report_checks --slack_max -0.01
============================================================================
======================= nom_tt_025C_1v80 Corner ===================================

No paths found.


===========================================================================
 report_check_types -max_slew -max_cap -max_fanout -violators
============================================================================
======================= nom_tt_025C_1v80 Corner ===================================



===========================================================================
report_parasitic_annotation -report_unannotated
============================================================================
Found 2 unannotated drivers.
 clkload0/X
 clkload1/X
Found 0 partially unannotated drivers.

===========================================================================
max slew violation count 0
%OL_METRIC_I design__max_slew_violation__count__corner:nom_tt_025C_1v80 0
max fanout violation count 0
%OL_METRIC_I design__max_fanout_violation__count__corner:nom_tt_025C_1v80 0
max cap violation count 0
%OL_METRIC_I design__max_cap_violation__count__corner:nom_tt_025C_1v80 0
============================================================================

===========================================================================
check_setup -verbose -unconstrained_endpoints -multiple_clock -no_clock -no_input_delay -loops -generated_clocks
===========================================================================
%OL_END_REPORT
%OL_CREATE_REPORT power.rpt

===========================================================================
 report_power
============================================================================
======================= nom_tt_025C_1v80 Corner ===================================

Group                    Internal    Switching      Leakage        Total
                            Power        Power        Power        Power (Watts)
------------------------------------------------------------------------
Sequential           2.601389e-04 1.408758e-05 2.589371e-10 2.742267e-04  34.8%
Combinational        1.188143e-04 1.062573e-04 8.166374e-10 2.250724e-04  28.6%
Clock                1.918356e-04 9.715324e-05 4.065816e-09 2.889929e-04  36.7%
Macro                0.000000e+00 0.000000e+00 0.000000e+00 0.000000e+00   0.0%
Pad                  0.000000e+00 0.000000e+00 0.000000e+00 0.000000e+00   0.0%
------------------------------------------------------------------------
Total                5.707887e-04 2.174981e-04 5.141392e-09 7.882920e-04 100.0%
                            72.4%        27.6%         0.0%
%OL_METRIC_F power__internal__total 0.0005707887466996908
%OL_METRIC_F power__switching__total 0.00021749813458882272
%OL_METRIC_F power__leakage__total 5.141391756779967e-9
%OL_METRIC_F power__total 0.0007882920326665044

%OL_END_REPORT
%OL_CREATE_REPORT skew.min.rpt

===========================================================================
Clock Skew (Hold)
============================================================================
%OL_METRIC_F clock__skew__worst_hold__corner:nom_tt_025C_1v80 -0.32140044313443056
======================= nom_tt_025C_1v80 Corner ===================================

Clock clk
0.338850 source latency _322_/CLK ^
-0.374612 target latency _304_/CLK ^
-0.250000 clock uncertainty
-0.035638 CRPR
--------------
-0.321400 hold skew

%OL_END_REPORT
%OL_CREATE_REPORT skew.max.rpt

===========================================================================
Clock Skew (Setup)
============================================================================
%OL_METRIC_F clock__skew__worst_setup__corner:nom_tt_025C_1v80 0.2686991816212787
======================= nom_tt_025C_1v80 Corner ===================================

Clock clk
0.375158 source latency _311_/CLK ^
-0.334914 target latency _306_/CLK ^
0.250000 clock uncertainty
-0.021545 CRPR
--------------
0.268699 setup skew

%OL_END_REPORT
%OL_CREATE_REPORT ws.min.rpt

===========================================================================
Worst Slack (Hold)
============================================================================
%OL_METRIC_F timing__hold__ws__corner:nom_tt_025C_1v80 0.35233278403197266
nom_tt_025C_1v80: 0.35233278403197266
%OL_END_REPORT
%OL_CREATE_REPORT ws.max.rpt

===========================================================================
Worst Slack (Setup)
============================================================================
%OL_METRIC_F timing__setup__ws__corner:nom_tt_025C_1v80 1.5410582135467419
nom_tt_025C_1v80: 1.5410582135467419
%OL_END_REPORT
%OL_CREATE_REPORT tns.min.rpt

===========================================================================
Total Negative Slack (Hold)
============================================================================
%OL_METRIC_F timing__hold__tns__corner:nom_tt_025C_1v80 0.0
nom_tt_025C_1v80: 0.0
%OL_END_REPORT
%OL_CREATE_REPORT tns.max.rpt

===========================================================================
Total Negative Slack (Setup)
============================================================================
%OL_METRIC_F timing__setup__tns__corner:nom_tt_025C_1v80 0.0
nom_tt_025C_1v80: 0.0
%OL_END_REPORT
%OL_CREATE_REPORT wns.min.rpt

===========================================================================
Worst Negative Slack (Hold)
============================================================================
%OL_METRIC_F timing__hold__wns__corner:nom_tt_025C_1v80 0
nom_tt_025C_1v80: 0
%OL_END_REPORT
%OL_CREATE_REPORT wns.max.rpt

===========================================================================
Worst Negative Slack (Setup)
============================================================================
%OL_METRIC_F timing__setup__wns__corner:nom_tt_025C_1v80 0.0
nom_tt_025C_1v80: 0.0
%OL_END_REPORT
%OL_CREATE_REPORT violator_list.rpt

===========================================================================
Violator List
============================================================================
%OL_METRIC_I timing__hold_vio__count__corner:nom_tt_025C_1v80 0
%OL_METRIC_F timing__hold_r2r__ws__corner:nom_tt_025C_1v80 0.352333
%OL_METRIC_I timing__hold_r2r_vio__count__corner:nom_tt_025C_1v80 0
%OL_METRIC_I timing__setup_vio__count__corner:nom_tt_025C_1v80 0
%OL_METRIC_F timing__setup_r2r__ws__corner:nom_tt_025C_1v80 1.541058
%OL_METRIC_I timing__setup_r2r_vio__count__corner:nom_tt_025C_1v80 0
%OL_END_REPORT
%OL_CREATE_REPORT unpropagated.rpt
%OL_END_REPORT
%OL_CREATE_REPORT clock.rpt
Clock: clk
Sources: clk 
Generated: no
Virtual: yes
Propagated: no
Period: 5.000000

===========================================================================
report_clock_properties
============================================================================
Clock                   Period          Waveform
----------------------------------------------------
clk                   5.000000    0.000000  2.500000

===========================================================================
report_clock_latency
============================================================================
Clock clk
rise -> rise
    min     max
0.000000 0.000000 source latency
0.334914         network latency _306_/CLK
        0.375158 network latency _311_/CLK
---------------
0.334914 0.375158 latency
        0.040245 skew

fall -> fall
    min     max
0.000000 0.000000 source latency
0.316608         network latency _306_/CLK
        0.354469 network latency _311_/CLK
---------------
0.316608 0.354469 latency
        0.037861 skew



===========================================================================
report_clock_min_period
============================================================================
clk period_min = 3.46 fmax = 289.11
%OL_END_REPORT
Writing SDF files for all corners…
Removing Clock latencies before writing libs…
Writing timing models for all corners…
Writing timing models for the nom_tt_025C_1v80 corner to /home/runner/work/ASIC_101/ASIC_101/files/alu/pd/runs/rca-5ns/55-openroad-stapostpnr/nom_tt_025C_1v80/alu_top__nom_tt_025C_1v80.lib…
