+ define_corners min_ff_n40C_1v95
Reading timing models for corner min_ff_n40C_1v95…
Reading cell library for the 'min_ff_n40C_1v95' corner at '/home/runner/.ciel/ciel/sky130/versions/8afc8346a57fe1ab7934ba5a6056ea8b43078e71/sky130A/libs.ref/sky130_fd_sc_hd/lib/sky130_fd_sc_hd__ff_n40C_1v95.lib'…
Reading top-level netlist at '/home/runner/work/ASIC_101/ASIC_101/files/alu/pd/runs/csel-10ns/52-openroad-fillinsertion/alu_top.nl.v'…
Linking design 'alu_top' from netlist…
Warning: /home/runner/work/ASIC_101/ASIC_101/files/alu/pd/runs/csel-10ns/52-openroad-fillinsertion/alu_top.nl.v line 236, module sky130_fd_sc_hd__fill_1 not found. Creating black box for FILLER_0_111.
Warning: /home/runner/work/ASIC_101/ASIC_101/files/alu/pd/runs/csel-10ns/52-openroad-fillinsertion/alu_top.nl.v line 261, module sky130_fd_sc_hd__fill_2 not found. Creating black box for FILLER_0_190.
Warning: /home/runner/work/ASIC_101/ASIC_101/files/alu/pd/runs/csel-10ns/52-openroad-fillinsertion/alu_top.nl.v line 1714, module sky130_fd_sc_hd__tapvpwrvgnd_1 not found. Creating black box for TAP_TAPCELL_ROW_0_64.
Reading design constraints file at '/nix/store/8y4m6wgn5kqlbig1qwnwbxijqqp0jwib-python3-3.13.9-env/lib/python3.13/site-packages/librelane/scripts/base.sdc'…
[INFO] Using clock clk…
[INFO] Setting output delay to: 2.0
[INFO] Setting input delay to: 2.0
[INFO] Setting load to: 0.033442
[INFO] Setting clock uncertainty to: 0.25
[INFO] Setting clock transition to: 0.1499999999999999944488848768742172978818416595458984375
[INFO] Setting timing derate to: 5.0%
Reading top-level design parasitics for the 'min_ff_n40C_1v95' corner at '/home/runner/work/ASIC_101/ASIC_101/files/alu/pd/runs/csel-10ns/54-openroad-rcx/min/alu_top.min.spef'…
%OL_CREATE_REPORT min.rpt

===========================================================================
report_checks -path_delay min (Hold)
============================================================================
======================= min_ff_n40C_1v95 Corner ===================================

Startpoint: _305_ (rising edge-triggered flip-flop clocked by clk)
Endpoint: _323_ (rising edge-triggered flip-flop clocked by clk)
Path Group: clk
Path Type: min

Fanout         Cap        Slew       Delay        Time   Description
---------------------------------------------------------------------------------------------
                                  0.000000    0.000000   clock clk (rise edge)
                                  0.000000    0.000000   clock source latency
     1    0.015844    0.057962    0.037485    0.037485 ^ clk (in)
                                                         clk (net)
                      0.057979    0.000000    0.037485 ^ clkbuf_0_clk/A (sky130_fd_sc_hd__clkbuf_16)
     4    0.038999    0.044539    0.098920    0.136404 ^ clkbuf_0_clk/X (sky130_fd_sc_hd__clkbuf_16)
                                                         clknet_0_clk (net)
                      0.044541    0.000338    0.136742 ^ clkbuf_2_1__f_clk/A (sky130_fd_sc_hd__clkbuf_16)
     8    0.028762    0.037231    0.089584    0.226326 ^ clkbuf_2_1__f_clk/X (sky130_fd_sc_hd__clkbuf_16)
                                                         clknet_2_1__leaf_clk (net)
                      0.037245    0.000635    0.226961 ^ _305_/CLK (sky130_fd_sc_hd__dfxtp_2)
     4    0.021720    0.087107    0.227045    0.454005 ^ _305_/Q (sky130_fd_sc_hd__dfxtp_2)
                                                         a_q[4] (net)
                      0.087109    0.000581    0.454587 ^ _156_/B2 (sky130_fd_sc_hd__o32a_2)
     2    0.006452    0.032483    0.071234    0.525821 ^ _156_/X (sky130_fd_sc_hd__o32a_2)
                                                         _086_ (net)
                      0.032483    0.000055    0.525876 ^ _212_/B (sky130_fd_sc_hd__and2_2)
     1    0.002131    0.022716    0.072608    0.598485 ^ _212_/X (sky130_fd_sc_hd__and2_2)
                                                         _025_ (net)
                      0.022716    0.000018    0.598503 ^ _323_/D (sky130_fd_sc_hd__dfxtp_2)
                                              0.598503   data arrival time

                                  0.000000    0.000000   clock clk (rise edge)
                                  0.000000    0.000000   clock source latency
     1    0.015844    0.057962    0.041430    0.041430 ^ clk (in)
                                                         clk (net)
                      0.057979    0.000000    0.041430 ^ clkbuf_0_clk/A (sky130_fd_sc_hd__clkbuf_16)
     4    0.038999    0.044539    0.109332    0.150762 ^ clkbuf_0_clk/X (sky130_fd_sc_hd__clkbuf_16)
                                                         clknet_0_clk (net)
                      0.044541    0.000373    0.151136 ^ clkbuf_2_1__f_clk/A (sky130_fd_sc_hd__clkbuf_16)
     8    0.028762    0.037231    0.099013    0.250149 ^ clkbuf_2_1__f_clk/X (sky130_fd_sc_hd__clkbuf_16)
                                                         clknet_2_1__leaf_clk (net)
                      0.037242    0.000635    0.250784 ^ _323_/CLK (sky130_fd_sc_hd__dfxtp_2)
                                  0.250000    0.500784   clock uncertainty
                                 -0.023824    0.476960   clock reconvergence pessimism
                                 -0.016565    0.460395   library hold time
                                              0.460395   data required time
---------------------------------------------------------------------------------------------
                                              0.460395   data required time
                                             -0.598503   data arrival time
---------------------------------------------------------------------------------------------
                                              0.138108   slack (MET)


Startpoint: _307_ (rising edge-triggered flip-flop clocked by clk)
Endpoint: _325_ (rising edge-triggered flip-flop clocked by clk)
Path Group: clk
Path Type: min

Fanout         Cap        Slew       Delay        Time   Description
---------------------------------------------------------------------------------------------
                                  0.000000    0.000000   clock clk (rise edge)
                                  0.000000    0.000000   clock source latency
     1    0.015844    0.057962    0.037485    0.037485 ^ clk (in)
                                                         clk (net)
                      0.057979    0.000000    0.037485 ^ clkbuf_0_clk/A (sky130_fd_sc_hd__clkbuf_16)
     4    0.038999    0.044539    0.098920    0.136404 ^ clkbuf_0_clk/X (sky130_fd_sc_hd__clkbuf_16)
                                                         clknet_0_clk (net)
                      0.044547    0.000501    0.136905 ^ clkbuf_2_2__f_clk/A (sky130_fd_sc_hd__clkbuf_16)
     8    0.025447    0.034886    0.087458    0.224363 ^ clkbuf_2_2__f_clk/X (sky130_fd_sc_hd__clkbuf_16)
                                                         clknet_2_2__leaf_clk (net)
                      0.034892    0.000405    0.224768 ^ _307_/CLK (sky130_fd_sc_hd__dfxtp_2)
     5    0.020472    0.042716    0.209957    0.434725 v _307_/Q (sky130_fd_sc_hd__dfxtp_2)
                                                         a_q[6] (net)
                      0.042724    0.000552    0.435277 v _188_/A1_N (sky130_fd_sc_hd__a2bb2o_2)
     2    0.009353    0.043706    0.159144    0.594421 ^ _188_/X (sky130_fd_sc_hd__a2bb2o_2)
                                                         _118_ (net)
                      0.043706    0.000145    0.594566 ^ _214_/B (sky130_fd_sc_hd__nor2_2)
     1    0.002359    0.013948    0.015801    0.610367 v _214_/Y (sky130_fd_sc_hd__nor2_2)
                                                         _027_ (net)
                      0.013948    0.000023    0.610389 v _325_/D (sky130_fd_sc_hd__dfxtp_2)
                                              0.610389   data arrival time

                                  0.000000    0.000000   clock clk (rise edge)
                                  0.000000    0.000000   clock source latency
     1    0.015844    0.057962    0.041430    0.041430 ^ clk (in)
                                                         clk (net)
                      0.057979    0.000000    0.041430 ^ clkbuf_0_clk/A (sky130_fd_sc_hd__clkbuf_16)
     4    0.038999    0.044539    0.109332    0.150762 ^ clkbuf_0_clk/X (sky130_fd_sc_hd__clkbuf_16)
                                                         clknet_0_clk (net)
                      0.044547    0.000551    0.151314 ^ clkbuf_2_3__f_clk/A (sky130_fd_sc_hd__clkbuf_16)
     8    0.025602    0.034993    0.096629    0.247943 ^ clkbuf_2_3__f_clk/X (sky130_fd_sc_hd__clkbuf_16)
                                                         clknet_2_3__leaf_clk (net)
                      0.035027    0.000978    0.248921 ^ _325_/CLK (sky130_fd_sc_hd__dfxtp_2)
                                  0.250000    0.498921   clock uncertainty
                                 -0.014358    0.484563   clock reconvergence pessimism
                                 -0.028590    0.455973   library hold time
                                              0.455973   data required time
---------------------------------------------------------------------------------------------
                                              0.455973   data required time
                                             -0.610389   data arrival time
---------------------------------------------------------------------------------------------
                                              0.154416   slack (MET)


Startpoint: _308_ (rising edge-triggered flip-flop clocked by clk)
Endpoint: _326_ (rising edge-triggered flip-flop clocked by clk)
Path Group: clk
Path Type: min

Fanout         Cap        Slew       Delay        Time   Description
---------------------------------------------------------------------------------------------
                                  0.000000    0.000000   clock clk (rise edge)
                                  0.000000    0.000000   clock source latency
     1    0.015844    0.057962    0.037485    0.037485 ^ clk (in)
                                                         clk (net)
                      0.057979    0.000000    0.037485 ^ clkbuf_0_clk/A (sky130_fd_sc_hd__clkbuf_16)
     4    0.038999    0.044539    0.098920    0.136404 ^ clkbuf_0_clk/X (sky130_fd_sc_hd__clkbuf_16)
                                                         clknet_0_clk (net)
                      0.044547    0.000501    0.136905 ^ clkbuf_2_2__f_clk/A (sky130_fd_sc_hd__clkbuf_16)
     8    0.025447    0.034886    0.087458    0.224363 ^ clkbuf_2_2__f_clk/X (sky130_fd_sc_hd__clkbuf_16)
                                                         clknet_2_2__leaf_clk (net)
                      0.034891    0.000390    0.224753 ^ _308_/CLK (sky130_fd_sc_hd__dfxtp_2)
     5    0.020986    0.043446    0.210618    0.435371 v _308_/Q (sky130_fd_sc_hd__dfxtp_2)
                                                         a_q[7] (net)
                      0.043454    0.000557    0.435928 v _288_/A1_N (sky130_fd_sc_hd__a2bb2o_2)
     2    0.011334    0.050689    0.164529    0.600457 ^ _288_/X (sky130_fd_sc_hd__a2bb2o_2)
                                                         _069_ (net)
                      0.050689    0.000200    0.600657 ^ _215_/B (sky130_fd_sc_hd__nor2_2)
     1    0.002775    0.015924    0.017179    0.617836 v _215_/Y (sky130_fd_sc_hd__nor2_2)
                                                         _028_ (net)
                      0.015924    0.000032    0.617868 v _326_/D (sky130_fd_sc_hd__dfxtp_2)
                                              0.617868   data arrival time

                                  0.000000    0.000000   clock clk (rise edge)
                                  0.000000    0.000000   clock source latency
     1    0.015844    0.057962    0.041430    0.041430 ^ clk (in)
                                                         clk (net)
                      0.057979    0.000000    0.041430 ^ clkbuf_0_clk/A (sky130_fd_sc_hd__clkbuf_16)
     4    0.038999    0.044539    0.109332    0.150762 ^ clkbuf_0_clk/X (sky130_fd_sc_hd__clkbuf_16)
                                                         clknet_0_clk (net)
                      0.044547    0.000551    0.151314 ^ clkbuf_2_3__f_clk/A (sky130_fd_sc_hd__clkbuf_16)
     8    0.025602    0.034993    0.096629    0.247943 ^ clkbuf_2_3__f_clk/X (sky130_fd_sc_hd__clkbuf_16)
                                                         clknet_2_3__leaf_clk (net)
                      0.035011    0.000751    0.248694 ^ _326_/CLK (sky130_fd_sc_hd__dfxtp_2)
                                  0.250000    0.498694   clock uncertainty
                                 -0.014358    0.484335   clock reconvergence pessimism
                                 -0.029248    0.455087   library hold time
                                              0.455087   data required time
---------------------------------------------------------------------------------------------
                                              0.455087   data required time
                                             -0.617868   data arrival time
---------------------------------------------------------------------------------------------
                                              0.162781   slack (MET)


Startpoint: _308_ (rising edge-triggered flip-flop clocked by clk)
Endpoint: _299_ (rising edge-triggered flip-flop clocked by clk)
Path Group: clk
Path Type: min

Fanout         Cap        Slew       Delay        Time   Description
---------------------------------------------------------------------------------------------
                                  0.000000    0.000000   clock clk (rise edge)
                                  0.000000    0.000000   clock source latency
     1    0.015844    0.057962    0.037485    0.037485 ^ clk (in)
                                                         clk (net)
                      0.057979    0.000000    0.037485 ^ clkbuf_0_clk/A (sky130_fd_sc_hd__clkbuf_16)
     4    0.038999    0.044539    0.098920    0.136404 ^ clkbuf_0_clk/X (sky130_fd_sc_hd__clkbuf_16)
                                                         clknet_0_clk (net)
                      0.044547    0.000501    0.136905 ^ clkbuf_2_2__f_clk/A (sky130_fd_sc_hd__clkbuf_16)
     8    0.025447    0.034886    0.087458    0.224363 ^ clkbuf_2_2__f_clk/X (sky130_fd_sc_hd__clkbuf_16)
                                                         clknet_2_2__leaf_clk (net)
                      0.034891    0.000390    0.224753 ^ _308_/CLK (sky130_fd_sc_hd__dfxtp_2)
     5    0.022500    0.089949    0.228356    0.453110 ^ _308_/Q (sky130_fd_sc_hd__dfxtp_2)
                                                         a_q[7] (net)
                      0.089952    0.000601    0.453710 ^ _217_/A (sky130_fd_sc_hd__inv_2)
     2    0.006433    0.026216    0.022371    0.476081 v _217_/Y (sky130_fd_sc_hd__inv_2)
                                                         _119_ (net)
                      0.026216    0.000035    0.476116 v _256_/A (sky130_fd_sc_hd__nand2_2)
     3    0.009380    0.043660    0.045668    0.521785 ^ _256_/Y (sky130_fd_sc_hd__nand2_2)
                                                         _039_ (net)
                      0.043674    0.000065    0.521850 ^ _261_/C (sky130_fd_sc_hd__and4_2)
     1    0.002543    0.030210    0.110688    0.632538 ^ _261_/X (sky130_fd_sc_hd__and4_2)
                                                         _001_ (net)
                      0.030210    0.000017    0.632555 ^ _299_/D (sky130_fd_sc_hd__dfxtp_2)
                                              0.632555   data arrival time

                                  0.000000    0.000000   clock clk (rise edge)
                                  0.000000    0.000000   clock source latency
     1    0.015844    0.057962    0.041430    0.041430 ^ clk (in)
                                                         clk (net)
                      0.057979    0.000000    0.041430 ^ clkbuf_0_clk/A (sky130_fd_sc_hd__clkbuf_16)
     4    0.038999    0.044539    0.109332    0.150762 ^ clkbuf_0_clk/X (sky130_fd_sc_hd__clkbuf_16)
                                                         clknet_0_clk (net)
                      0.044547    0.000551    0.151314 ^ clkbuf_2_3__f_clk/A (sky130_fd_sc_hd__clkbuf_16)
     8    0.025602    0.034993    0.096629    0.247943 ^ clkbuf_2_3__f_clk/X (sky130_fd_sc_hd__clkbuf_16)
                                                         clknet_2_3__leaf_clk (net)
                      0.034994    0.000373    0.248315 ^ _299_/CLK (sky130_fd_sc_hd__dfxtp_2)
                                  0.250000    0.498315   clock uncertainty
                                 -0.014358    0.483957   clock reconvergence pessimism
                                 -0.017149    0.466808   library hold time
                                              0.466808   data required time
---------------------------------------------------------------------------------------------
                                              0.466808   data required time
                                             -0.632555   data arrival time
---------------------------------------------------------------------------------------------
                                              0.165747   slack (MET)


Startpoint: _306_ (rising edge-triggered flip-flop clocked by clk)
Endpoint: _324_ (rising edge-triggered flip-flop clocked by clk)
Path Group: clk
Path Type: min

Fanout         Cap        Slew       Delay        Time   Description
---------------------------------------------------------------------------------------------
                                  0.000000    0.000000   clock clk (rise edge)
                                  0.000000    0.000000   clock source latency
     1    0.015844    0.057962    0.037485    0.037485 ^ clk (in)
                                                         clk (net)
                      0.057979    0.000000    0.037485 ^ clkbuf_0_clk/A (sky130_fd_sc_hd__clkbuf_16)
     4    0.038999    0.044539    0.098920    0.136404 ^ clkbuf_0_clk/X (sky130_fd_sc_hd__clkbuf_16)
                                                         clknet_0_clk (net)
                      0.044547    0.000501    0.136905 ^ clkbuf_2_2__f_clk/A (sky130_fd_sc_hd__clkbuf_16)
     8    0.025447    0.034886    0.087458    0.224363 ^ clkbuf_2_2__f_clk/X (sky130_fd_sc_hd__clkbuf_16)
                                                         clknet_2_2__leaf_clk (net)
                      0.034893    0.000423    0.224786 ^ _306_/CLK (sky130_fd_sc_hd__dfxtp_2)
     5    0.022884    0.091370    0.229201    0.453987 ^ _306_/Q (sky130_fd_sc_hd__dfxtp_2)
                                                         a_q[5] (net)
                      0.091376    0.000748    0.454735 ^ _297_/B2 (sky130_fd_sc_hd__o2bb2a_2)
     2    0.007417    0.039237    0.109523    0.564258 ^ _297_/X (sky130_fd_sc_hd__o2bb2a_2)
                                                         _078_ (net)
                      0.039237    0.000111    0.564370 ^ _213_/B (sky130_fd_sc_hd__and2_2)
     1    0.002398    0.023547    0.075093    0.639462 ^ _213_/X (sky130_fd_sc_hd__and2_2)
                                                         _026_ (net)
                      0.023547    0.000023    0.639485 ^ _324_/D (sky130_fd_sc_hd__dfxtp_2)
                                              0.639485   data arrival time

                                  0.000000    0.000000   clock clk (rise edge)
                                  0.000000    0.000000   clock source latency
     1    0.015844    0.057962    0.041430    0.041430 ^ clk (in)
                                                         clk (net)
                      0.057979    0.000000    0.041430 ^ clkbuf_0_clk/A (sky130_fd_sc_hd__clkbuf_16)
     4    0.038999    0.044539    0.109332    0.150762 ^ clkbuf_0_clk/X (sky130_fd_sc_hd__clkbuf_16)
                                                         clknet_0_clk (net)
                      0.044541    0.000373    0.151136 ^ clkbuf_2_1__f_clk/A (sky130_fd_sc_hd__clkbuf_16)
     8    0.028762    0.037231    0.099013    0.250149 ^ clkbuf_2_1__f_clk/X (sky130_fd_sc_hd__clkbuf_16)
                                                         clknet_2_1__leaf_clk (net)
                      0.037249    0.000772    0.250921 ^ _324_/CLK (sky130_fd_sc_hd__dfxtp_2)
                                  0.250000    0.500921   clock uncertainty
                                 -0.014358    0.486562   clock reconvergence pessimism
                                 -0.016624    0.469939   library hold time
                                              0.469939   data required time
---------------------------------------------------------------------------------------------
                                              0.469939   data required time
                                             -0.639485   data arrival time
---------------------------------------------------------------------------------------------
                                              0.169546   slack (MET)


Startpoint: _308_ (rising edge-triggered flip-flop clocked by clk)
Endpoint: _298_ (rising edge-triggered flip-flop clocked by clk)
Path Group: clk
Path Type: min

Fanout         Cap        Slew       Delay        Time   Description
---------------------------------------------------------------------------------------------
                                  0.000000    0.000000   clock clk (rise edge)
                                  0.000000    0.000000   clock source latency
     1    0.015844    0.057962    0.037485    0.037485 ^ clk (in)
                                                         clk (net)
                      0.057979    0.000000    0.037485 ^ clkbuf_0_clk/A (sky130_fd_sc_hd__clkbuf_16)
     4    0.038999    0.044539    0.098920    0.136404 ^ clkbuf_0_clk/X (sky130_fd_sc_hd__clkbuf_16)
                                                         clknet_0_clk (net)
                      0.044547    0.000501    0.136905 ^ clkbuf_2_2__f_clk/A (sky130_fd_sc_hd__clkbuf_16)
     8    0.025447    0.034886    0.087458    0.224363 ^ clkbuf_2_2__f_clk/X (sky130_fd_sc_hd__clkbuf_16)
                                                         clknet_2_2__leaf_clk (net)
                      0.034891    0.000390    0.224753 ^ _308_/CLK (sky130_fd_sc_hd__dfxtp_2)
     5    0.022500    0.089949    0.228356    0.453110 ^ _308_/Q (sky130_fd_sc_hd__dfxtp_2)
                                                         a_q[7] (net)
                      0.089952    0.000601    0.453710 ^ _217_/A (sky130_fd_sc_hd__inv_2)
     2    0.006433    0.026216    0.022371    0.476081 v _217_/Y (sky130_fd_sc_hd__inv_2)
                                                         _119_ (net)
                      0.026216    0.000035    0.476116 v _256_/A (sky130_fd_sc_hd__nand2_2)
     3    0.009380    0.043660    0.045668    0.521785 ^ _256_/Y (sky130_fd_sc_hd__nand2_2)
                                                         _039_ (net)
                      0.043674    0.000052    0.521837 ^ _259_/A0 (sky130_fd_sc_hd__mux2_1)
     1    0.005889    0.047139    0.085394    0.607231 ^ _259_/X (sky130_fd_sc_hd__mux2_1)
                                                         _042_ (net)
                      0.047139    0.000072    0.607302 ^ _260_/C (sky130_fd_sc_hd__nor3_2)
     1    0.002708    0.016395    0.019524    0.626827 v _260_/Y (sky130_fd_sc_hd__nor3_2)
                                                         _000_ (net)
                      0.016395    0.000031    0.626858 v _298_/D (sky130_fd_sc_hd__dfxtp_2)
                                              0.626858   data arrival time

                                  0.000000    0.000000   clock clk (rise edge)
                                  0.000000    0.000000   clock source latency
     1    0.015844    0.057962    0.041430    0.041430 ^ clk (in)
                                                         clk (net)
                      0.057979    0.000000    0.041430 ^ clkbuf_0_clk/A (sky130_fd_sc_hd__clkbuf_16)
     4    0.038999    0.044539    0.109332    0.150762 ^ clkbuf_0_clk/X (sky130_fd_sc_hd__clkbuf_16)
                                                         clknet_0_clk (net)
                      0.044547    0.000551    0.151314 ^ clkbuf_2_3__f_clk/A (sky130_fd_sc_hd__clkbuf_16)
     8    0.025602    0.034993    0.096629    0.247943 ^ clkbuf_2_3__f_clk/X (sky130_fd_sc_hd__clkbuf_16)
                                                         clknet_2_3__leaf_clk (net)
                      0.035004    0.000620    0.248563 ^ _298_/CLK (sky130_fd_sc_hd__dfxtp_2)
                                  0.250000    0.498563   clock uncertainty
                                 -0.014358    0.484204   clock reconvergence pessimism
                                 -0.029406    0.454799   library hold time
                                              0.454799   data required time
---------------------------------------------------------------------------------------------
                                              0.454799   data required time
                                             -0.626858   data arrival time
---------------------------------------------------------------------------------------------
                                              0.172059   slack (MET)


Startpoint: _304_ (rising edge-triggered flip-flop clocked by clk)
Endpoint: _322_ (rising edge-triggered flip-flop clocked by clk)
Path Group: clk
Path Type: min

Fanout         Cap        Slew       Delay        Time   Description
---------------------------------------------------------------------------------------------
                                  0.000000    0.000000   clock clk (rise edge)
                                  0.000000    0.000000   clock source latency
     1    0.015844    0.057962    0.037485    0.037485 ^ clk (in)
                                                         clk (net)
                      0.057979    0.000000    0.037485 ^ clkbuf_0_clk/A (sky130_fd_sc_hd__clkbuf_16)
     4    0.038999    0.044539    0.098920    0.136404 ^ clkbuf_0_clk/X (sky130_fd_sc_hd__clkbuf_16)
                                                         clknet_0_clk (net)
                      0.044541    0.000338    0.136742 ^ clkbuf_2_1__f_clk/A (sky130_fd_sc_hd__clkbuf_16)
     8    0.028762    0.037231    0.089584    0.226326 ^ clkbuf_2_1__f_clk/X (sky130_fd_sc_hd__clkbuf_16)
                                                         clknet_2_1__leaf_clk (net)
                      0.037236    0.000433    0.226758 ^ _304_/CLK (sky130_fd_sc_hd__dfxtp_2)
     6    0.025526    0.050003    0.216997    0.443755 v _304_/Q (sky130_fd_sc_hd__dfxtp_2)
                                                         a_q[3] (net)
                      0.050005    0.000330    0.444085 v _177_/A1_N (sky130_fd_sc_hd__a2bb2o_2)
     2    0.013089    0.056929    0.171288    0.615373 ^ _177_/X (sky130_fd_sc_hd__a2bb2o_2)
                                                         _107_ (net)
                      0.056930    0.000361    0.615734 ^ _211_/B (sky130_fd_sc_hd__nor2_2)
     1    0.002717    0.016855    0.017111    0.632845 v _211_/Y (sky130_fd_sc_hd__nor2_2)
                                                         _024_ (net)
                      0.016855    0.000030    0.632876 v _322_/D (sky130_fd_sc_hd__dfxtp_2)
                                              0.632876   data arrival time

                                  0.000000    0.000000   clock clk (rise edge)
                                  0.000000    0.000000   clock source latency
     1    0.015844    0.057962    0.041430    0.041430 ^ clk (in)
                                                         clk (net)
                      0.057979    0.000000    0.041430 ^ clkbuf_0_clk/A (sky130_fd_sc_hd__clkbuf_16)
     4    0.038999    0.044539    0.109332    0.150762 ^ clkbuf_0_clk/X (sky130_fd_sc_hd__clkbuf_16)
                                                         clknet_0_clk (net)
                      0.044547    0.000551    0.151314 ^ clkbuf_2_3__f_clk/A (sky130_fd_sc_hd__clkbuf_16)
     8    0.025602    0.034993    0.096629    0.247943 ^ clkbuf_2_3__f_clk/X (sky130_fd_sc_hd__clkbuf_16)
                                                         clknet_2_3__leaf_clk (net)
                      0.035024    0.000942    0.248885 ^ _322_/CLK (sky130_fd_sc_hd__dfxtp_2)
                                  0.250000    0.498885   clock uncertainty
                                 -0.014358    0.484527   clock reconvergence pessimism
                                 -0.029557    0.454970   library hold time
                                              0.454970   data required time
---------------------------------------------------------------------------------------------
                                              0.454970   data required time
                                             -0.632876   data arrival time
---------------------------------------------------------------------------------------------
                                              0.177905   slack (MET)


Startpoint: _303_ (rising edge-triggered flip-flop clocked by clk)
Endpoint: _321_ (rising edge-triggered flip-flop clocked by clk)
Path Group: clk
Path Type: min

Fanout         Cap        Slew       Delay        Time   Description
---------------------------------------------------------------------------------------------
                                  0.000000    0.000000   clock clk (rise edge)
                                  0.000000    0.000000   clock source latency
     1    0.015844    0.057962    0.037485    0.037485 ^ clk (in)
                                                         clk (net)
                      0.057979    0.000000    0.037485 ^ clkbuf_0_clk/A (sky130_fd_sc_hd__clkbuf_16)
     4    0.038999    0.044539    0.098920    0.136404 ^ clkbuf_0_clk/X (sky130_fd_sc_hd__clkbuf_16)
                                                         clknet_0_clk (net)
                      0.044541    0.000335    0.136739 ^ clkbuf_2_0__f_clk/A (sky130_fd_sc_hd__clkbuf_16)
     8    0.026699    0.035767    0.088207    0.224947 ^ clkbuf_2_0__f_clk/X (sky130_fd_sc_hd__clkbuf_16)
                                                         clknet_2_0__leaf_clk (net)
                      0.035790    0.000750    0.225697 ^ _303_/CLK (sky130_fd_sc_hd__dfxtp_2)
     6    0.024487    0.097200    0.233506    0.459203 ^ _303_/Q (sky130_fd_sc_hd__dfxtp_2)
                                                         a_q[2] (net)
                      0.097201    0.000463    0.459666 ^ _164_/A (sky130_fd_sc_hd__or2_2)
     2    0.009674    0.045474    0.094124    0.553790 ^ _164_/X (sky130_fd_sc_hd__or2_2)
                                                         _094_ (net)
                      0.045474    0.000114    0.553904 ^ _210_/C (sky130_fd_sc_hd__and3_2)
     1    0.002157    0.025160    0.092330    0.646234 ^ _210_/X (sky130_fd_sc_hd__and3_2)
                                                         _023_ (net)
                      0.025160    0.000018    0.646252 ^ _321_/D (sky130_fd_sc_hd__dfxtp_2)
                                              0.646252   data arrival time

                                  0.000000    0.000000   clock clk (rise edge)
                                  0.000000    0.000000   clock source latency
     1    0.015844    0.057962    0.041430    0.041430 ^ clk (in)
                                                         clk (net)
                      0.057979    0.000000    0.041430 ^ clkbuf_0_clk/A (sky130_fd_sc_hd__clkbuf_16)
     4    0.038999    0.044539    0.109332    0.150762 ^ clkbuf_0_clk/X (sky130_fd_sc_hd__clkbuf_16)
                                                         clknet_0_clk (net)
                      0.044541    0.000370    0.151133 ^ clkbuf_2_0__f_clk/A (sky130_fd_sc_hd__clkbuf_16)
     8    0.026699    0.035767    0.097492    0.248625 ^ clkbuf_2_0__f_clk/X (sky130_fd_sc_hd__clkbuf_16)
                                                         clknet_2_0__leaf_clk (net)
                      0.035774    0.000522    0.249148 ^ _321_/CLK (sky130_fd_sc_hd__dfxtp_2)
                                  0.250000    0.499148   clock uncertainty
                                 -0.023679    0.475469   clock reconvergence pessimism
                                 -0.016773    0.458696   library hold time
                                              0.458696   data required time
---------------------------------------------------------------------------------------------
                                              0.458696   data required time
                                             -0.646252   data arrival time
---------------------------------------------------------------------------------------------
                                              0.187556   slack (MET)


Startpoint: _308_ (rising edge-triggered flip-flop clocked by clk)
Endpoint: _327_ (rising edge-triggered flip-flop clocked by clk)
Path Group: clk
Path Type: min

Fanout         Cap        Slew       Delay        Time   Description
---------------------------------------------------------------------------------------------
                                  0.000000    0.000000   clock clk (rise edge)
                                  0.000000    0.000000   clock source latency
     1    0.015844    0.057962    0.037485    0.037485 ^ clk (in)
                                                         clk (net)
                      0.057979    0.000000    0.037485 ^ clkbuf_0_clk/A (sky130_fd_sc_hd__clkbuf_16)
     4    0.038999    0.044539    0.098920    0.136404 ^ clkbuf_0_clk/X (sky130_fd_sc_hd__clkbuf_16)
                                                         clknet_0_clk (net)
                      0.044547    0.000501    0.136905 ^ clkbuf_2_2__f_clk/A (sky130_fd_sc_hd__clkbuf_16)
     8    0.025447    0.034886    0.087458    0.224363 ^ clkbuf_2_2__f_clk/X (sky130_fd_sc_hd__clkbuf_16)
                                                         clknet_2_2__leaf_clk (net)
                      0.034891    0.000390    0.224753 ^ _308_/CLK (sky130_fd_sc_hd__dfxtp_2)
     5    0.022500    0.089949    0.228356    0.453110 ^ _308_/Q (sky130_fd_sc_hd__dfxtp_2)
                                                         a_q[7] (net)
                      0.089951    0.000476    0.453586 ^ _274_/A1 (sky130_fd_sc_hd__o211a_2)
     1    0.007298    0.043279    0.114902    0.568488 ^ _274_/X (sky130_fd_sc_hd__o211a_2)
                                                         _055_ (net)
                      0.043280    0.000198    0.568686 ^ _275_/B1 (sky130_fd_sc_hd__o21a_2)
     2    0.009129    0.042038    0.072323    0.641009 ^ _275_/X (sky130_fd_sc_hd__o21a_2)
                                                         _056_ (net)
                      0.042038    0.000088    0.641097 ^ _216_/B (sky130_fd_sc_hd__nor2_2)
     1    0.002263    0.013503    0.015503    0.656601 v _216_/Y (sky130_fd_sc_hd__nor2_2)
                                                         _029_ (net)
                      0.013503    0.000021    0.656622 v _327_/D (sky130_fd_sc_hd__dfxtp_2)
                                              0.656622   data arrival time

                                  0.000000    0.000000   clock clk (rise edge)
                                  0.000000    0.000000   clock source latency
     1    0.015844    0.057962    0.041430    0.041430 ^ clk (in)
                                                         clk (net)
                      0.057979    0.000000    0.041430 ^ clkbuf_0_clk/A (sky130_fd_sc_hd__clkbuf_16)
     4    0.038999    0.044539    0.109332    0.150762 ^ clkbuf_0_clk/X (sky130_fd_sc_hd__clkbuf_16)
                                                         clknet_0_clk (net)
                      0.044547    0.000551    0.151314 ^ clkbuf_2_3__f_clk/A (sky130_fd_sc_hd__clkbuf_16)
     8    0.025602    0.034993    0.096629    0.247943 ^ clkbuf_2_3__f_clk/X (sky130_fd_sc_hd__clkbuf_16)
                                                         clknet_2_3__leaf_clk (net)
                      0.035018    0.000855    0.248798 ^ _327_/CLK (sky130_fd_sc_hd__dfxtp_2)
                                  0.250000    0.498798   clock uncertainty
                                 -0.014358    0.484439   clock reconvergence pessimism
                                 -0.028442    0.455997   library hold time
                                              0.455997   data required time
---------------------------------------------------------------------------------------------
                                              0.455997   data required time
                                             -0.656622   data arrival time
---------------------------------------------------------------------------------------------
                                              0.200624   slack (MET)


Startpoint: _309_ (rising edge-triggered flip-flop clocked by clk)
Endpoint: _320_ (rising edge-triggered flip-flop clocked by clk)
Path Group: clk
Path Type: min

Fanout         Cap        Slew       Delay        Time   Description
---------------------------------------------------------------------------------------------
                                  0.000000    0.000000   clock clk (rise edge)
                                  0.000000    0.000000   clock source latency
     1    0.015844    0.057962    0.037485    0.037485 ^ clk (in)
                                                         clk (net)
                      0.057979    0.000000    0.037485 ^ clkbuf_0_clk/A (sky130_fd_sc_hd__clkbuf_16)
     4    0.038999    0.044539    0.098920    0.136404 ^ clkbuf_0_clk/X (sky130_fd_sc_hd__clkbuf_16)
                                                         clknet_0_clk (net)
                      0.044547    0.000501    0.136905 ^ clkbuf_2_2__f_clk/A (sky130_fd_sc_hd__clkbuf_16)
     8    0.025447    0.034886    0.087458    0.224363 ^ clkbuf_2_2__f_clk/X (sky130_fd_sc_hd__clkbuf_16)
                                                         clknet_2_2__leaf_clk (net)
                      0.034895    0.000472    0.224835 ^ _309_/CLK (sky130_fd_sc_hd__dfxtp_2)
     3    0.012232    0.053045    0.203385    0.428219 ^ _309_/Q (sky130_fd_sc_hd__dfxtp_2)
                                                         b_q[0] (net)
                      0.053045    0.000124    0.428344 ^ _238_/B (sky130_fd_sc_hd__nand2_2)
     3    0.010713    0.034782    0.042913    0.471257 v _238_/Y (sky130_fd_sc_hd__nand2_2)
                                                         _140_ (net)
                      0.034782    0.000090    0.471347 v _167_/B2 (sky130_fd_sc_hd__o22ai_2)
     1    0.003626    0.055215    0.053731    0.525078 ^ _167_/Y (sky130_fd_sc_hd__o22ai_2)
                                                         _097_ (net)
                      0.055215    0.000041    0.525119 ^ _168_/C1 (sky130_fd_sc_hd__a311o_2)
     2    0.008251    0.038018    0.073123    0.598242 ^ _168_/X (sky130_fd_sc_hd__a311o_2)
                                                         _098_ (net)
                      0.038018    0.000083    0.598325 ^ _209_/B (sky130_fd_sc_hd__and2_2)
     1    0.002189    0.022896    0.074120    0.672446 ^ _209_/X (sky130_fd_sc_hd__and2_2)
                                                         _022_ (net)
                      0.022896    0.000019    0.672465 ^ _320_/D (sky130_fd_sc_hd__dfxtp_2)
                                              0.672465   data arrival time

                                  0.000000    0.000000   clock clk (rise edge)
                                  0.000000    0.000000   clock source latency
     1    0.015844    0.057962    0.041430    0.041430 ^ clk (in)
                                                         clk (net)
                      0.057979    0.000000    0.041430 ^ clkbuf_0_clk/A (sky130_fd_sc_hd__clkbuf_16)
     4    0.038999    0.044539    0.109332    0.150762 ^ clkbuf_0_clk/X (sky130_fd_sc_hd__clkbuf_16)
                                                         clknet_0_clk (net)
                      0.044541    0.000370    0.151133 ^ clkbuf_2_0__f_clk/A (sky130_fd_sc_hd__clkbuf_16)
     8    0.026699    0.035767    0.097492    0.248625 ^ clkbuf_2_0__f_clk/X (sky130_fd_sc_hd__clkbuf_16)
                                                         clknet_2_0__leaf_clk (net)
                      0.035773    0.000470    0.249095 ^ _320_/CLK (sky130_fd_sc_hd__dfxtp_2)
                                  0.250000    0.499095   clock uncertainty
                                 -0.014358    0.484737   clock reconvergence pessimism
                                 -0.016613    0.468124   library hold time
                                              0.468124   data required time
---------------------------------------------------------------------------------------------
                                              0.468124   data required time
                                             -0.672465   data arrival time
---------------------------------------------------------------------------------------------
                                              0.204341   slack (MET)


Startpoint: _307_ (rising edge-triggered flip-flop clocked by clk)
Endpoint: _300_ (rising edge-triggered flip-flop clocked by clk)
Path Group: clk
Path Type: min

Fanout         Cap        Slew       Delay        Time   Description
---------------------------------------------------------------------------------------------
                                  0.000000    0.000000   clock clk (rise edge)
                                  0.000000    0.000000   clock source latency
     1    0.015844    0.057962    0.037485    0.037485 ^ clk (in)
                                                         clk (net)
                      0.057979    0.000000    0.037485 ^ clkbuf_0_clk/A (sky130_fd_sc_hd__clkbuf_16)
     4    0.038999    0.044539    0.098920    0.136404 ^ clkbuf_0_clk/X (sky130_fd_sc_hd__clkbuf_16)
                                                         clknet_0_clk (net)
                      0.044547    0.000501    0.136905 ^ clkbuf_2_2__f_clk/A (sky130_fd_sc_hd__clkbuf_16)
     8    0.025447    0.034886    0.087458    0.224363 ^ clkbuf_2_2__f_clk/X (sky130_fd_sc_hd__clkbuf_16)
                                                         clknet_2_2__leaf_clk (net)
                      0.034892    0.000405    0.224768 ^ _307_/CLK (sky130_fd_sc_hd__dfxtp_2)
     5    0.020472    0.042716    0.209957    0.434725 v _307_/Q (sky130_fd_sc_hd__dfxtp_2)
                                                         a_q[6] (net)
                      0.042724    0.000552    0.435277 v _188_/A1_N (sky130_fd_sc_hd__a2bb2o_2)
     2    0.009353    0.043706    0.159144    0.594421 ^ _188_/X (sky130_fd_sc_hd__a2bb2o_2)
                                                         _118_ (net)
                      0.043706    0.000144    0.594565 ^ _189_/A4 (sky130_fd_sc_hd__a41o_2)
     1    0.002927    0.020139    0.098460    0.693024 ^ _189_/X (sky130_fd_sc_hd__a41o_2)
                                                         _002_ (net)
                      0.020139    0.000036    0.693061 ^ _300_/D (sky130_fd_sc_hd__dfxtp_2)
                                              0.693061   data arrival time

                                  0.000000    0.000000   clock clk (rise edge)
                                  0.000000    0.000000   clock source latency
     1    0.015844    0.057962    0.041430    0.041430 ^ clk (in)
                                                         clk (net)
                      0.057979    0.000000    0.041430 ^ clkbuf_0_clk/A (sky130_fd_sc_hd__clkbuf_16)
     4    0.038999    0.044539    0.109332    0.150762 ^ clkbuf_0_clk/X (sky130_fd_sc_hd__clkbuf_16)
                                                         clknet_0_clk (net)
                      0.044547    0.000551    0.151314 ^ clkbuf_2_3__f_clk/A (sky130_fd_sc_hd__clkbuf_16)
     8    0.025602    0.034993    0.096629    0.247943 ^ clkbuf_2_3__f_clk/X (sky130_fd_sc_hd__clkbuf_16)
                                                         clknet_2_3__leaf_clk (net)
                      0.035023    0.000926    0.248869 ^ _300_/CLK (sky130_fd_sc_hd__dfxtp_2)
                                  0.250000    0.498869   clock uncertainty
                                 -0.014358    0.484510   clock reconvergence pessimism
                                 -0.016436    0.468074   library hold time
                                              0.468074   data required time
---------------------------------------------------------------------------------------------
                                              0.468074   data required time
                                             -0.693061   data arrival time
---------------------------------------------------------------------------------------------
                                              0.224986   slack (MET)


Startpoint: a[1] (input port clocked by clk)
Endpoint: _302_ (rising edge-triggered flip-flop clocked by clk)
Path Group: clk
Path Type: min

Fanout         Cap        Slew       Delay        Time   Description
---------------------------------------------------------------------------------------------
                                  0.000000    0.000000   clock clk (rise edge)
                                  0.000000    0.000000   clock network delay (propagated)
                                  2.000000    2.000000 ^ input external delay
     1    0.003623    0.016873    0.008916    2.008915 ^ a[1] (in)
                                                         a[1] (net)
                      0.016873    0.000000    2.008915 ^ input2/A (sky130_fd_sc_hd__clkdlybuf4s25_1)
     1    0.002039    0.026787    0.142140    2.151056 ^ input2/X (sky130_fd_sc_hd__clkdlybuf4s25_1)
                                                         net2 (net)
                      0.026787    0.000017    2.151073 ^ _191_/B (sky130_fd_sc_hd__and2_2)
     1    0.002087    0.022579    0.071105    2.222178 ^ _191_/X (sky130_fd_sc_hd__and2_2)
                                                         _004_ (net)
                      0.022579    0.000010    2.222188 ^ _302_/D (sky130_fd_sc_hd__dfxtp_2)
                                              2.222188   data arrival time

                                  0.000000    0.000000   clock clk (rise edge)
                                  0.000000    0.000000   clock source latency
     1    0.015844    0.057962    0.041430    0.041430 ^ clk (in)
                                                         clk (net)
                      0.057979    0.000000    0.041430 ^ clkbuf_0_clk/A (sky130_fd_sc_hd__clkbuf_16)
     4    0.038999    0.044539    0.109332    0.150762 ^ clkbuf_0_clk/X (sky130_fd_sc_hd__clkbuf_16)
                                                         clknet_0_clk (net)
                      0.044541    0.000370    0.151133 ^ clkbuf_2_0__f_clk/A (sky130_fd_sc_hd__clkbuf_16)
     8    0.026699    0.035767    0.097492    0.248625 ^ clkbuf_2_0__f_clk/X (sky130_fd_sc_hd__clkbuf_16)
                                                         clknet_2_0__leaf_clk (net)
                      0.035780    0.000649    0.249274 ^ _302_/CLK (sky130_fd_sc_hd__dfxtp_2)
                                  0.250000    0.499274   clock uncertainty
                                  0.000000    0.499274   clock reconvergence pessimism
                                 -0.016590    0.482684   library hold time
                                              0.482684   data required time
---------------------------------------------------------------------------------------------
                                              0.482684   data required time
                                             -2.222188   data arrival time
---------------------------------------------------------------------------------------------
                                              1.739504   slack (MET)


Startpoint: a[0] (input port clocked by clk)
Endpoint: _301_ (rising edge-triggered flip-flop clocked by clk)
Path Group: clk
Path Type: min

Fanout         Cap        Slew       Delay        Time   Description
---------------------------------------------------------------------------------------------
                                  0.000000    0.000000   clock clk (rise edge)
                                  0.000000    0.000000   clock network delay (propagated)
                                  2.000000    2.000000 ^ input external delay
     1    0.003520    0.016501    0.008656    2.008656 ^ a[0] (in)
                                                         a[0] (net)
                      0.016501    0.000000    2.008656 ^ input1/A (sky130_fd_sc_hd__clkdlybuf4s25_1)
     1    0.002186    0.027744    0.142801    2.151457 ^ input1/X (sky130_fd_sc_hd__clkdlybuf4s25_1)
                                                         net1 (net)
                      0.027744    0.000020    2.151477 ^ _190_/B (sky130_fd_sc_hd__and2_2)
     1    0.002094    0.022601    0.071357    2.222834 ^ _190_/X (sky130_fd_sc_hd__and2_2)
                                                         _003_ (net)
                      0.022601    0.000010    2.222844 ^ _301_/D (sky130_fd_sc_hd__dfxtp_2)
                                              2.222844   data arrival time

                                  0.000000    0.000000   clock clk (rise edge)
                                  0.000000    0.000000   clock source latency
     1    0.015844    0.057962    0.041430    0.041430 ^ clk (in)
                                                         clk (net)
                      0.057979    0.000000    0.041430 ^ clkbuf_0_clk/A (sky130_fd_sc_hd__clkbuf_16)
     4    0.038999    0.044539    0.109332    0.150762 ^ clkbuf_0_clk/X (sky130_fd_sc_hd__clkbuf_16)
                                                         clknet_0_clk (net)
                      0.044541    0.000370    0.151133 ^ clkbuf_2_0__f_clk/A (sky130_fd_sc_hd__clkbuf_16)
     8    0.026699    0.035767    0.097492    0.248625 ^ clkbuf_2_0__f_clk/X (sky130_fd_sc_hd__clkbuf_16)
                                                         clknet_2_0__leaf_clk (net)
                      0.035775    0.000546    0.249171 ^ _301_/CLK (sky130_fd_sc_hd__dfxtp_2)
                                  0.250000    0.499171   clock uncertainty
                                  0.000000    0.499171   clock reconvergence pessimism
                                 -0.016592    0.482579   library hold time
                                              0.482579   data required time
---------------------------------------------------------------------------------------------
                                              0.482579   data required time
                                             -2.222844   data arrival time
---------------------------------------------------------------------------------------------
                                              1.740265   slack (MET)


Startpoint: op[1] (input port clocked by clk)
Endpoint: _318_ (rising edge-triggered flip-flop clocked by clk)
Path Group: clk
Path Type: min

Fanout         Cap        Slew       Delay        Time   Description
---------------------------------------------------------------------------------------------
                                  0.000000    0.000000   clock clk (rise edge)
                                  0.000000    0.000000   clock network delay (propagated)
                                  2.000000    2.000000 ^ input external delay
     1    0.003653    0.016980    0.008991    2.008991 ^ op[1] (in)
                                                         op[1] (net)
                      0.016980    0.000000    2.008991 ^ input18/A (sky130_fd_sc_hd__clkdlybuf4s25_1)
     1    0.002081    0.027058    0.142382    2.151372 ^ input18/X (sky130_fd_sc_hd__clkdlybuf4s25_1)
                                                         net18 (net)
                      0.027058    0.000018    2.151390 ^ _207_/B (sky130_fd_sc_hd__and2_2)
     1    0.002040    0.022433    0.071017    2.222408 ^ _207_/X (sky130_fd_sc_hd__and2_2)
                                                         _020_ (net)
                      0.022433    0.000009    2.222417 ^ _318_/D (sky130_fd_sc_hd__dfxtp_2)
                                              2.222417   data arrival time

                                  0.000000    0.000000   clock clk (rise edge)
                                  0.000000    0.000000   clock source latency
     1    0.015844    0.057962    0.041430    0.041430 ^ clk (in)
                                                         clk (net)
                      0.057979    0.000000    0.041430 ^ clkbuf_0_clk/A (sky130_fd_sc_hd__clkbuf_16)
     4    0.038999    0.044539    0.109332    0.150762 ^ clkbuf_0_clk/X (sky130_fd_sc_hd__clkbuf_16)
                                                         clknet_0_clk (net)
                      0.044547    0.000554    0.151316 ^ clkbuf_2_2__f_clk/A (sky130_fd_sc_hd__clkbuf_16)
     8    0.025447    0.034886    0.096664    0.247980 ^ clkbuf_2_2__f_clk/X (sky130_fd_sc_hd__clkbuf_16)
                                                         clknet_2_2__leaf_clk (net)
                      0.034894    0.000502    0.248482 ^ _318_/CLK (sky130_fd_sc_hd__dfxtp_2)
                                  0.250000    0.498482   clock uncertainty
                                  0.000000    0.498482   clock reconvergence pessimism
                                 -0.016601    0.481880   library hold time
                                              0.481880   data required time
---------------------------------------------------------------------------------------------
                                              0.481880   data required time
                                             -2.222417   data arrival time
---------------------------------------------------------------------------------------------
                                              1.740536   slack (MET)


Startpoint: b[0] (input port clocked by clk)
Endpoint: _309_ (rising edge-triggered flip-flop clocked by clk)
Path Group: clk
Path Type: min

Fanout         Cap        Slew       Delay        Time   Description
---------------------------------------------------------------------------------------------
                                  0.000000    0.000000   clock clk (rise edge)
                                  0.000000    0.000000   clock network delay (propagated)
                                  2.000000    2.000000 ^ input external delay
     1    0.003673    0.017051    0.009033    2.009032 ^ b[0] (in)
                                                         b[0] (net)
                      0.017051    0.000000    2.009032 ^ input9/A (sky130_fd_sc_hd__clkdlybuf4s25_1)
     1    0.002082    0.027064    0.142404    2.151437 ^ input9/X (sky130_fd_sc_hd__clkdlybuf4s25_1)
                                                         net9 (net)
                      0.027064    0.000018    2.151455 ^ _198_/B (sky130_fd_sc_hd__and2_2)
     1    0.002029    0.022398    0.070982    2.222436 ^ _198_/X (sky130_fd_sc_hd__and2_2)
                                                         _011_ (net)
                      0.022398    0.000009    2.222445 ^ _309_/D (sky130_fd_sc_hd__dfxtp_2)
                                              2.222445   data arrival time

                                  0.000000    0.000000   clock clk (rise edge)
                                  0.000000    0.000000   clock source latency
     1    0.015844    0.057962    0.041430    0.041430 ^ clk (in)
                                                         clk (net)
                      0.057979    0.000000    0.041430 ^ clkbuf_0_clk/A (sky130_fd_sc_hd__clkbuf_16)
     4    0.038999    0.044539    0.109332    0.150762 ^ clkbuf_0_clk/X (sky130_fd_sc_hd__clkbuf_16)
                                                         clknet_0_clk (net)
                      0.044547    0.000554    0.151316 ^ clkbuf_2_2__f_clk/A (sky130_fd_sc_hd__clkbuf_16)
     8    0.025447    0.034886    0.096664    0.247980 ^ clkbuf_2_2__f_clk/X (sky130_fd_sc_hd__clkbuf_16)
                                                         clknet_2_2__leaf_clk (net)
                      0.034895    0.000522    0.248502 ^ _309_/CLK (sky130_fd_sc_hd__dfxtp_2)
                                  0.250000    0.498502   clock uncertainty
                                  0.000000    0.498502   clock reconvergence pessimism
                                 -0.016599    0.481903   library hold time
                                              0.481903   data required time
---------------------------------------------------------------------------------------------
                                              0.481903   data required time
                                             -2.222445   data arrival time
---------------------------------------------------------------------------------------------
                                              1.740542   slack (MET)


Startpoint: op[0] (input port clocked by clk)
Endpoint: _317_ (rising edge-triggered flip-flop clocked by clk)
Path Group: clk
Path Type: min

Fanout         Cap        Slew       Delay        Time   Description
---------------------------------------------------------------------------------------------
                                  0.000000    0.000000   clock clk (rise edge)
                                  0.000000    0.000000   clock network delay (propagated)
                                  2.000000    2.000000 ^ input external delay
     1    0.003657    0.016995    0.009000    2.009000 ^ op[0] (in)
                                                         op[0] (net)
                      0.016995    0.000000    2.009000 ^ input17/A (sky130_fd_sc_hd__clkdlybuf4s25_1)
     1    0.002082    0.027064    0.142390    2.151390 ^ input17/X (sky130_fd_sc_hd__clkdlybuf4s25_1)
                                                         net17 (net)
                      0.027064    0.000018    2.151408 ^ _206_/B (sky130_fd_sc_hd__and2_2)
     1    0.002040    0.022433    0.071019    2.222427 ^ _206_/X (sky130_fd_sc_hd__and2_2)
                                                         _019_ (net)
                      0.022433    0.000009    2.222436 ^ _317_/D (sky130_fd_sc_hd__dfxtp_2)
                                              2.222436   data arrival time

                                  0.000000    0.000000   clock clk (rise edge)
                                  0.000000    0.000000   clock source latency
     1    0.015844    0.057962    0.041430    0.041430 ^ clk (in)
                                                         clk (net)
                      0.057979    0.000000    0.041430 ^ clkbuf_0_clk/A (sky130_fd_sc_hd__clkbuf_16)
     4    0.038999    0.044539    0.109332    0.150762 ^ clkbuf_0_clk/X (sky130_fd_sc_hd__clkbuf_16)
                                                         clknet_0_clk (net)
                      0.044547    0.000554    0.151316 ^ clkbuf_2_2__f_clk/A (sky130_fd_sc_hd__clkbuf_16)
     8    0.025447    0.034886    0.096664    0.247980 ^ clkbuf_2_2__f_clk/X (sky130_fd_sc_hd__clkbuf_16)
                                                         clknet_2_2__leaf_clk (net)
                      0.034894    0.000508    0.248488 ^ _317_/CLK (sky130_fd_sc_hd__dfxtp_2)
                                  0.250000    0.498488   clock uncertainty
                                  0.000000    0.498488   clock reconvergence pessimism
                                 -0.016601    0.481887   library hold time
                                              0.481887   data required time
---------------------------------------------------------------------------------------------
                                              0.481887   data required time
                                             -2.222436   data arrival time
---------------------------------------------------------------------------------------------
                                              1.740549   slack (MET)


Startpoint: b[1] (input port clocked by clk)
Endpoint: _310_ (rising edge-triggered flip-flop clocked by clk)
Path Group: clk
Path Type: min

Fanout         Cap        Slew       Delay        Time   Description
---------------------------------------------------------------------------------------------
                                  0.000000    0.000000   clock clk (rise edge)
                                  0.000000    0.000000   clock network delay (propagated)
                                  2.000000    2.000000 ^ input external delay
     1    0.003665    0.017023    0.009021    2.009021 ^ b[1] (in)
                                                         b[1] (net)
                      0.017023    0.000000    2.009021 ^ input10/A (sky130_fd_sc_hd__clkdlybuf4s25_1)
     1    0.002082    0.027064    0.142397    2.151418 ^ input10/X (sky130_fd_sc_hd__clkdlybuf4s25_1)
                                                         net10 (net)
                      0.027064    0.000018    2.151436 ^ _199_/B (sky130_fd_sc_hd__and2_2)
     1    0.002432    0.023653    0.072295    2.223731 ^ _199_/X (sky130_fd_sc_hd__and2_2)
                                                         _012_ (net)
                      0.023653    0.000023    2.223753 ^ _310_/D (sky130_fd_sc_hd__dfxtp_2)
                                              2.223753   data arrival time

                                  0.000000    0.000000   clock clk (rise edge)
                                  0.000000    0.000000   clock source latency
     1    0.015844    0.057962    0.041430    0.041430 ^ clk (in)
                                                         clk (net)
                      0.057979    0.000000    0.041430 ^ clkbuf_0_clk/A (sky130_fd_sc_hd__clkbuf_16)
     4    0.038999    0.044539    0.109332    0.150762 ^ clkbuf_0_clk/X (sky130_fd_sc_hd__clkbuf_16)
                                                         clknet_0_clk (net)
                      0.044541    0.000370    0.151133 ^ clkbuf_2_0__f_clk/A (sky130_fd_sc_hd__clkbuf_16)
     8    0.026699    0.035767    0.097492    0.248625 ^ clkbuf_2_0__f_clk/X (sky130_fd_sc_hd__clkbuf_16)
                                                         clknet_2_0__leaf_clk (net)
                      0.035782    0.000690    0.249316 ^ _310_/CLK (sky130_fd_sc_hd__dfxtp_2)
                                  0.250000    0.499316   clock uncertainty
                                  0.000000    0.499316   clock reconvergence pessimism
                                 -0.016666    0.482649   library hold time
                                              0.482649   data required time
---------------------------------------------------------------------------------------------
                                              0.482649   data required time
                                             -2.223753   data arrival time
---------------------------------------------------------------------------------------------
                                              1.741104   slack (MET)


Startpoint: a[4] (input port clocked by clk)
Endpoint: _305_ (rising edge-triggered flip-flop clocked by clk)
Path Group: clk
Path Type: min

Fanout         Cap        Slew       Delay        Time   Description
---------------------------------------------------------------------------------------------
                                  0.000000    0.000000   clock clk (rise edge)
                                  0.000000    0.000000   clock network delay (propagated)
                                  2.000000    2.000000 ^ input external delay
     1    0.003508    0.016458    0.008630    2.008630 ^ a[4] (in)
                                                         a[4] (net)
                      0.016458    0.000000    2.008630 ^ input5/A (sky130_fd_sc_hd__clkdlybuf4s25_1)
     1    0.002592    0.030406    0.144891    2.153521 ^ input5/X (sky130_fd_sc_hd__clkdlybuf4s25_1)
                                                         net5 (net)
                      0.030406    0.000027    2.153548 ^ _194_/B (sky130_fd_sc_hd__and2_2)
     1    0.002070    0.022524    0.071911    2.225459 ^ _194_/X (sky130_fd_sc_hd__and2_2)
                                                         _007_ (net)
                      0.022524    0.000017    2.225477 ^ _305_/D (sky130_fd_sc_hd__dfxtp_2)
                                              2.225477   data arrival time

                                  0.000000    0.000000   clock clk (rise edge)
                                  0.000000    0.000000   clock source latency
     1    0.015844    0.057962    0.041430    0.041430 ^ clk (in)
                                                         clk (net)
                      0.057979    0.000000    0.041430 ^ clkbuf_0_clk/A (sky130_fd_sc_hd__clkbuf_16)
     4    0.038999    0.044539    0.109332    0.150762 ^ clkbuf_0_clk/X (sky130_fd_sc_hd__clkbuf_16)
                                                         clknet_0_clk (net)
                      0.044541    0.000373    0.151136 ^ clkbuf_2_1__f_clk/A (sky130_fd_sc_hd__clkbuf_16)
     8    0.028762    0.037231    0.099013    0.250149 ^ clkbuf_2_1__f_clk/X (sky130_fd_sc_hd__clkbuf_16)
                                                         clknet_2_1__leaf_clk (net)
                      0.037245    0.000702    0.250851 ^ _305_/CLK (sky130_fd_sc_hd__dfxtp_2)
                                  0.250000    0.500852   clock uncertainty
                                  0.000000    0.500852   clock reconvergence pessimism
                                 -0.016552    0.484300   library hold time
                                              0.484300   data required time
---------------------------------------------------------------------------------------------
                                              0.484300   data required time
                                             -2.225477   data arrival time
---------------------------------------------------------------------------------------------
                                              1.741177   slack (MET)


Startpoint: a[6] (input port clocked by clk)
Endpoint: _307_ (rising edge-triggered flip-flop clocked by clk)
Path Group: clk
Path Type: min

Fanout         Cap        Slew       Delay        Time   Description
---------------------------------------------------------------------------------------------
                                  0.000000    0.000000   clock clk (rise edge)
                                  0.000000    0.000000   clock network delay (propagated)
                                  2.000000    2.000000 ^ input external delay
     1    0.003639    0.016932    0.008961    2.008961 ^ a[6] (in)
                                                         a[6] (net)
                      0.016932    0.000000    2.008961 ^ input7/A (sky130_fd_sc_hd__clkdlybuf4s25_1)
     1    0.002221    0.027975    0.143093    2.152054 ^ input7/X (sky130_fd_sc_hd__clkdlybuf4s25_1)
                                                         net7 (net)
                      0.027975    0.000020    2.152074 ^ _196_/B (sky130_fd_sc_hd__and2_2)
     1    0.002224    0.023006    0.071834    2.223908 ^ _196_/X (sky130_fd_sc_hd__and2_2)
                                                         _009_ (net)
                      0.023006    0.000020    2.223928 ^ _307_/D (sky130_fd_sc_hd__dfxtp_2)
                                              2.223928   data arrival time

                                  0.000000    0.000000   clock clk (rise edge)
                                  0.000000    0.000000   clock source latency
     1    0.015844    0.057962    0.041430    0.041430 ^ clk (in)
                                                         clk (net)
                      0.057979    0.000000    0.041430 ^ clkbuf_0_clk/A (sky130_fd_sc_hd__clkbuf_16)
     4    0.038999    0.044539    0.109332    0.150762 ^ clkbuf_0_clk/X (sky130_fd_sc_hd__clkbuf_16)
                                                         clknet_0_clk (net)
                      0.044547    0.000554    0.151316 ^ clkbuf_2_2__f_clk/A (sky130_fd_sc_hd__clkbuf_16)
     8    0.025447    0.034886    0.096664    0.247980 ^ clkbuf_2_2__f_clk/X (sky130_fd_sc_hd__clkbuf_16)
                                                         clknet_2_2__leaf_clk (net)
                      0.034892    0.000448    0.248428 ^ _307_/CLK (sky130_fd_sc_hd__dfxtp_2)
                                  0.250000    0.498428   clock uncertainty
                                  0.000000    0.498428   clock reconvergence pessimism
                                 -0.016642    0.481786   library hold time
                                              0.481786   data required time
---------------------------------------------------------------------------------------------
                                              0.481786   data required time
                                             -2.223928   data arrival time
---------------------------------------------------------------------------------------------
                                              1.742142   slack (MET)


Startpoint: b[3] (input port clocked by clk)
Endpoint: _312_ (rising edge-triggered flip-flop clocked by clk)
Path Group: clk
Path Type: min

Fanout         Cap        Slew       Delay        Time   Description
---------------------------------------------------------------------------------------------
                                  0.000000    0.000000   clock clk (rise edge)
                                  0.000000    0.000000   clock network delay (propagated)
                                  2.000000    2.000000 ^ input external delay
     1    0.003445    0.016230    0.008473    2.008473 ^ b[3] (in)
                                                         b[3] (net)
                      0.016230    0.000000    2.008473 ^ input12/A (sky130_fd_sc_hd__clkdlybuf4s25_1)
     1    0.002808    0.031828    0.145943    2.154417 ^ input12/X (sky130_fd_sc_hd__clkdlybuf4s25_1)
                                                         net12 (net)
                      0.031828    0.000035    2.154451 ^ _201_/B (sky130_fd_sc_hd__and2_2)
     1    0.002023    0.022377    0.072099    2.226550 ^ _201_/X (sky130_fd_sc_hd__and2_2)
                                                         _014_ (net)
                      0.022377    0.000016    2.226566 ^ _312_/D (sky130_fd_sc_hd__dfxtp_2)
                                              2.226566   data arrival time

                                  0.000000    0.000000   clock clk (rise edge)
                                  0.000000    0.000000   clock source latency
     1    0.015844    0.057962    0.041430    0.041430 ^ clk (in)
                                                         clk (net)
                      0.057979    0.000000    0.041430 ^ clkbuf_0_clk/A (sky130_fd_sc_hd__clkbuf_16)
     4    0.038999    0.044539    0.109332    0.150762 ^ clkbuf_0_clk/X (sky130_fd_sc_hd__clkbuf_16)
                                                         clknet_0_clk (net)
                      0.044541    0.000373    0.151136 ^ clkbuf_2_1__f_clk/A (sky130_fd_sc_hd__clkbuf_16)
     8    0.028762    0.037231    0.099013    0.250149 ^ clkbuf_2_1__f_clk/X (sky130_fd_sc_hd__clkbuf_16)
                                                         clknet_2_1__leaf_clk (net)
                      0.037238    0.000526    0.250676 ^ _312_/CLK (sky130_fd_sc_hd__dfxtp_2)
                                  0.250000    0.500675   clock uncertainty
                                  0.000000    0.500675   clock reconvergence pessimism
                                 -0.016541    0.484134   library hold time
                                              0.484134   data required time
---------------------------------------------------------------------------------------------
                                              0.484134   data required time
                                             -2.226566   data arrival time
---------------------------------------------------------------------------------------------
                                              1.742432   slack (MET)


Startpoint: a[5] (input port clocked by clk)
Endpoint: _306_ (rising edge-triggered flip-flop clocked by clk)
Path Group: clk
Path Type: min

Fanout         Cap        Slew       Delay        Time   Description
---------------------------------------------------------------------------------------------
                                  0.000000    0.000000   clock clk (rise edge)
                                  0.000000    0.000000   clock network delay (propagated)
                                  2.000000    2.000000 ^ input external delay
     1    0.003688    0.017108    0.009082    2.009082 ^ a[5] (in)
                                                         a[5] (net)
                      0.017108    0.000000    2.009082 ^ input6/A (sky130_fd_sc_hd__clkdlybuf4s25_1)
     1    0.002219    0.027963    0.143129    2.152210 ^ input6/X (sky130_fd_sc_hd__clkdlybuf4s25_1)
                                                         net6 (net)
                      0.027963    0.000021    2.152232 ^ _195_/B (sky130_fd_sc_hd__and2_2)
     1    0.002373    0.023468    0.072315    2.224547 ^ _195_/X (sky130_fd_sc_hd__and2_2)
                                                         _008_ (net)
                      0.023468    0.000022    2.224569 ^ _306_/D (sky130_fd_sc_hd__dfxtp_2)
                                              2.224569   data arrival time

                                  0.000000    0.000000   clock clk (rise edge)
                                  0.000000    0.000000   clock source latency
     1    0.015844    0.057962    0.041430    0.041430 ^ clk (in)
                                                         clk (net)
                      0.057979    0.000000    0.041430 ^ clkbuf_0_clk/A (sky130_fd_sc_hd__clkbuf_16)
     4    0.038999    0.044539    0.109332    0.150762 ^ clkbuf_0_clk/X (sky130_fd_sc_hd__clkbuf_16)
                                                         clknet_0_clk (net)
                      0.044547    0.000554    0.151316 ^ clkbuf_2_2__f_clk/A (sky130_fd_sc_hd__clkbuf_16)
     8    0.025447    0.034886    0.096664    0.247980 ^ clkbuf_2_2__f_clk/X (sky130_fd_sc_hd__clkbuf_16)
                                                         clknet_2_2__leaf_clk (net)
                      0.034893    0.000468    0.248448 ^ _306_/CLK (sky130_fd_sc_hd__dfxtp_2)
                                  0.250000    0.498448   clock uncertainty
                                  0.000000    0.498448   clock reconvergence pessimism
                                 -0.016674    0.481773   library hold time
                                              0.481773   data required time
---------------------------------------------------------------------------------------------
                                              0.481773   data required time
                                             -2.224569   data arrival time
---------------------------------------------------------------------------------------------
                                              1.742795   slack (MET)


Startpoint: b[5] (input port clocked by clk)
Endpoint: _314_ (rising edge-triggered flip-flop clocked by clk)
Path Group: clk
Path Type: min

Fanout         Cap        Slew       Delay        Time   Description
---------------------------------------------------------------------------------------------
                                  0.000000    0.000000   clock clk (rise edge)
                                  0.000000    0.000000   clock network delay (propagated)
                                  2.000000    2.000000 ^ input external delay
     1    0.003523    0.016510    0.008662    2.008662 ^ b[5] (in)
                                                         b[5] (net)
                      0.016510    0.000000    2.008662 ^ input14/A (sky130_fd_sc_hd__clkdlybuf4s25_1)
     1    0.002512    0.029880    0.144489    2.153151 ^ input14/X (sky130_fd_sc_hd__clkdlybuf4s25_1)
                                                         net14 (net)
                      0.029880    0.000025    2.153176 ^ _203_/B (sky130_fd_sc_hd__and2_2)
     1    0.002210    0.022961    0.072242    2.225417 ^ _203_/X (sky130_fd_sc_hd__and2_2)
                                                         _016_ (net)
                      0.022961    0.000020    2.225437 ^ _314_/D (sky130_fd_sc_hd__dfxtp_2)
                                              2.225437   data arrival time

                                  0.000000    0.000000   clock clk (rise edge)
                                  0.000000    0.000000   clock source latency
     1    0.015844    0.057962    0.041430    0.041430 ^ clk (in)
                                                         clk (net)
                      0.057979    0.000000    0.041430 ^ clkbuf_0_clk/A (sky130_fd_sc_hd__clkbuf_16)
     4    0.038999    0.044539    0.109332    0.150762 ^ clkbuf_0_clk/X (sky130_fd_sc_hd__clkbuf_16)
                                                         clknet_0_clk (net)
                      0.044541    0.000370    0.151133 ^ clkbuf_2_0__f_clk/A (sky130_fd_sc_hd__clkbuf_16)
     8    0.026699    0.035767    0.097492    0.248625 ^ clkbuf_2_0__f_clk/X (sky130_fd_sc_hd__clkbuf_16)
                                                         clknet_2_0__leaf_clk (net)
                      0.035774    0.000511    0.249136 ^ _314_/CLK (sky130_fd_sc_hd__dfxtp_2)
                                  0.250000    0.499136   clock uncertainty
                                  0.000000    0.499136   clock reconvergence pessimism
                                 -0.016618    0.482519   library hold time
                                              0.482519   data required time
---------------------------------------------------------------------------------------------
                                              0.482519   data required time
                                             -2.225437   data arrival time
---------------------------------------------------------------------------------------------
                                              1.742918   slack (MET)


Startpoint: a[2] (input port clocked by clk)
Endpoint: _303_ (rising edge-triggered flip-flop clocked by clk)
Path Group: clk
Path Type: min

Fanout         Cap        Slew       Delay        Time   Description
---------------------------------------------------------------------------------------------
                                  0.000000    0.000000   clock clk (rise edge)
                                  0.000000    0.000000   clock network delay (propagated)
                                  2.000000    2.000000 ^ input external delay
     1    0.003445    0.016230    0.008473    2.008473 ^ a[2] (in)
                                                         a[2] (net)
                      0.016230    0.000000    2.008473 ^ input3/A (sky130_fd_sc_hd__clkdlybuf4s25_1)
     1    0.002883    0.032333    0.146333    2.154805 ^ input3/X (sky130_fd_sc_hd__clkdlybuf4s25_1)
                                                         net3 (net)
                      0.032333    0.000036    2.154842 ^ _192_/B (sky130_fd_sc_hd__and2_2)
     1    0.002015    0.022354    0.072195    2.227037 ^ _192_/X (sky130_fd_sc_hd__and2_2)
                                                         _005_ (net)
                      0.022354    0.000016    2.227053 ^ _303_/D (sky130_fd_sc_hd__dfxtp_2)
                                              2.227053   data arrival time

                                  0.000000    0.000000   clock clk (rise edge)
                                  0.000000    0.000000   clock source latency
     1    0.015844    0.057962    0.041430    0.041430 ^ clk (in)
                                                         clk (net)
                      0.057979    0.000000    0.041430 ^ clkbuf_0_clk/A (sky130_fd_sc_hd__clkbuf_16)
     4    0.038999    0.044539    0.109332    0.150762 ^ clkbuf_0_clk/X (sky130_fd_sc_hd__clkbuf_16)
                                                         clknet_0_clk (net)
                      0.044541    0.000370    0.151133 ^ clkbuf_2_0__f_clk/A (sky130_fd_sc_hd__clkbuf_16)
     8    0.026699    0.035767    0.097492    0.248625 ^ clkbuf_2_0__f_clk/X (sky130_fd_sc_hd__clkbuf_16)
                                                         clknet_2_0__leaf_clk (net)
                      0.035790    0.000829    0.249455 ^ _303_/CLK (sky130_fd_sc_hd__dfxtp_2)
                                  0.250000    0.499455   clock uncertainty
                                  0.000000    0.499455   clock reconvergence pessimism
                                 -0.016574    0.482880   library hold time
                                              0.482880   data required time
---------------------------------------------------------------------------------------------
                                              0.482880   data required time
                                             -2.227053   data arrival time
---------------------------------------------------------------------------------------------
                                              1.744172   slack (MET)


Startpoint: op[2] (input port clocked by clk)
Endpoint: _319_ (rising edge-triggered flip-flop clocked by clk)
Path Group: clk
Path Type: min

Fanout         Cap        Slew       Delay        Time   Description
---------------------------------------------------------------------------------------------
                                  0.000000    0.000000   clock clk (rise edge)
                                  0.000000    0.000000   clock network delay (propagated)
                                  2.000000    2.000000 ^ input external delay
     1    0.003877    0.017782    0.009553    2.009553 ^ op[2] (in)
                                                         op[2] (net)
                      0.017783    0.000000    2.009553 ^ input19/A (sky130_fd_sc_hd__clkdlybuf4s25_1)
     1    0.002639    0.030711    0.145470    2.155023 ^ input19/X (sky130_fd_sc_hd__clkdlybuf4s25_1)
                                                         net19 (net)
                      0.030711    0.000028    2.155051 ^ _208_/B (sky130_fd_sc_hd__and2_2)
     1    0.002255    0.023100    0.072587    2.227639 ^ _208_/X (sky130_fd_sc_hd__and2_2)
                                                         _021_ (net)
                      0.023100    0.000020    2.227659 ^ _319_/D (sky130_fd_sc_hd__dfxtp_2)
                                              2.227659   data arrival time

                                  0.000000    0.000000   clock clk (rise edge)
                                  0.000000    0.000000   clock source latency
     1    0.015844    0.057962    0.041430    0.041430 ^ clk (in)
                                                         clk (net)
                      0.057979    0.000000    0.041430 ^ clkbuf_0_clk/A (sky130_fd_sc_hd__clkbuf_16)
     4    0.038999    0.044539    0.109332    0.150762 ^ clkbuf_0_clk/X (sky130_fd_sc_hd__clkbuf_16)
                                                         clknet_0_clk (net)
                      0.044547    0.000554    0.151316 ^ clkbuf_2_2__f_clk/A (sky130_fd_sc_hd__clkbuf_16)
     8    0.025447    0.034886    0.096664    0.247980 ^ clkbuf_2_2__f_clk/X (sky130_fd_sc_hd__clkbuf_16)
                                                         clknet_2_2__leaf_clk (net)
                      0.034894    0.000509    0.248489 ^ _319_/CLK (sky130_fd_sc_hd__dfxtp_2)
                                  0.250000    0.498489   clock uncertainty
                                  0.000000    0.498489   clock reconvergence pessimism
                                 -0.016648    0.481840   library hold time
                                              0.481840   data required time
---------------------------------------------------------------------------------------------
                                              0.481840   data required time
                                             -2.227659   data arrival time
---------------------------------------------------------------------------------------------
                                              1.745818   slack (MET)


Startpoint: b[7] (input port clocked by clk)
Endpoint: _316_ (rising edge-triggered flip-flop clocked by clk)
Path Group: clk
Path Type: min

Fanout         Cap        Slew       Delay        Time   Description
---------------------------------------------------------------------------------------------
                                  0.000000    0.000000   clock clk (rise edge)
                                  0.000000    0.000000   clock network delay (propagated)
                                  2.000000    2.000000 ^ input external delay
     1    0.003570    0.016682    0.008787    2.008787 ^ b[7] (in)
                                                         b[7] (net)
                      0.016682    0.000000    2.008787 ^ input16/A (sky130_fd_sc_hd__clkdlybuf4s25_1)
     1    0.002822    0.031922    0.146131    2.154918 ^ input16/X (sky130_fd_sc_hd__clkdlybuf4s25_1)
                                                         net16 (net)
                      0.031922    0.000036    2.154954 ^ _205_/B (sky130_fd_sc_hd__and2_2)
     1    0.002242    0.023061    0.072835    2.227789 ^ _205_/X (sky130_fd_sc_hd__and2_2)
                                                         _018_ (net)
                      0.023061    0.000020    2.227809 ^ _316_/D (sky130_fd_sc_hd__dfxtp_2)
                                              2.227809   data arrival time

                                  0.000000    0.000000   clock clk (rise edge)
                                  0.000000    0.000000   clock source latency
     1    0.015844    0.057962    0.041430    0.041430 ^ clk (in)
                                                         clk (net)
                      0.057979    0.000000    0.041430 ^ clkbuf_0_clk/A (sky130_fd_sc_hd__clkbuf_16)
     4    0.038999    0.044539    0.109332    0.150762 ^ clkbuf_0_clk/X (sky130_fd_sc_hd__clkbuf_16)
                                                         clknet_0_clk (net)
                      0.044547    0.000554    0.151316 ^ clkbuf_2_2__f_clk/A (sky130_fd_sc_hd__clkbuf_16)
     8    0.025447    0.034886    0.096664    0.247980 ^ clkbuf_2_2__f_clk/X (sky130_fd_sc_hd__clkbuf_16)
                                                         clknet_2_2__leaf_clk (net)
                      0.034890    0.000388    0.248368 ^ _316_/CLK (sky130_fd_sc_hd__dfxtp_2)
                                  0.250000    0.498368   clock uncertainty
                                  0.000000    0.498368   clock reconvergence pessimism
                                 -0.016646    0.481722   library hold time
                                              0.481722   data required time
---------------------------------------------------------------------------------------------
                                              0.481722   data required time
                                             -2.227809   data arrival time
---------------------------------------------------------------------------------------------
                                              1.746087   slack (MET)


Startpoint: b[2] (input port clocked by clk)
Endpoint: _311_ (rising edge-triggered flip-flop clocked by clk)
Path Group: clk
Path Type: min

Fanout         Cap        Slew       Delay        Time   Description
---------------------------------------------------------------------------------------------
                                  0.000000    0.000000   clock clk (rise edge)
                                  0.000000    0.000000   clock network delay (propagated)
                                  2.000000    2.000000 ^ input external delay
     1    0.003371    0.015964    0.008288    2.008288 ^ b[2] (in)
                                                         b[2] (net)
                      0.015964    0.000000    2.008288 ^ input11/A (sky130_fd_sc_hd__clkdlybuf4s25_1)
     1    0.003167    0.034239    0.147729    2.156018 ^ input11/X (sky130_fd_sc_hd__clkdlybuf4s25_1)
                                                         net11 (net)
                      0.034239    0.000044    2.156062 ^ _200_/B (sky130_fd_sc_hd__and2_2)
     1    0.002176    0.022855    0.073174    2.229236 ^ _200_/X (sky130_fd_sc_hd__and2_2)
                                                         _013_ (net)
                      0.022855    0.000020    2.229255 ^ _311_/D (sky130_fd_sc_hd__dfxtp_2)
                                              2.229255   data arrival time

                                  0.000000    0.000000   clock clk (rise edge)
                                  0.000000    0.000000   clock source latency
     1    0.015844    0.057962    0.041430    0.041430 ^ clk (in)
                                                         clk (net)
                      0.057979    0.000000    0.041430 ^ clkbuf_0_clk/A (sky130_fd_sc_hd__clkbuf_16)
     4    0.038999    0.044539    0.109332    0.150762 ^ clkbuf_0_clk/X (sky130_fd_sc_hd__clkbuf_16)
                                                         clknet_0_clk (net)
                      0.044541    0.000370    0.151133 ^ clkbuf_2_0__f_clk/A (sky130_fd_sc_hd__clkbuf_16)
     8    0.026699    0.035767    0.097492    0.248625 ^ clkbuf_2_0__f_clk/X (sky130_fd_sc_hd__clkbuf_16)
                                                         clknet_2_0__leaf_clk (net)
                      0.035788    0.000788    0.249413 ^ _311_/CLK (sky130_fd_sc_hd__dfxtp_2)
                                  0.250000    0.499413   clock uncertainty
                                  0.000000    0.499413   clock reconvergence pessimism
                                 -0.016610    0.482803   library hold time
                                              0.482803   data required time
---------------------------------------------------------------------------------------------
                                              0.482803   data required time
                                             -2.229255   data arrival time
---------------------------------------------------------------------------------------------
                                              1.746452   slack (MET)


Startpoint: a[7] (input port clocked by clk)
Endpoint: _308_ (rising edge-triggered flip-flop clocked by clk)
Path Group: clk
Path Type: min

Fanout         Cap        Slew       Delay        Time   Description
---------------------------------------------------------------------------------------------
                                  0.000000    0.000000   clock clk (rise edge)
                                  0.000000    0.000000   clock network delay (propagated)
                                  2.000000    2.000000 ^ input external delay
     1    0.003569    0.016677    0.008783    2.008783 ^ a[7] (in)
                                                         a[7] (net)
                      0.016677    0.000000    2.008783 ^ input8/A (sky130_fd_sc_hd__clkdlybuf4s25_1)
     1    0.002990    0.033051    0.147000    2.155784 ^ input8/X (sky130_fd_sc_hd__clkdlybuf4s25_1)
                                                         net8 (net)
                      0.033051    0.000038    2.155821 ^ _197_/B (sky130_fd_sc_hd__and2_2)
     1    0.002130    0.022713    0.072744    2.228565 ^ _197_/X (sky130_fd_sc_hd__and2_2)
                                                         _010_ (net)
                      0.022713    0.000010    2.228575 ^ _308_/D (sky130_fd_sc_hd__dfxtp_2)
                                              2.228575   data arrival time

                                  0.000000    0.000000   clock clk (rise edge)
                                  0.000000    0.000000   clock source latency
     1    0.015844    0.057962    0.041430    0.041430 ^ clk (in)
                                                         clk (net)
                      0.057979    0.000000    0.041430 ^ clkbuf_0_clk/A (sky130_fd_sc_hd__clkbuf_16)
     4    0.038999    0.044539    0.109332    0.150762 ^ clkbuf_0_clk/X (sky130_fd_sc_hd__clkbuf_16)
                                                         clknet_0_clk (net)
                      0.044547    0.000554    0.151316 ^ clkbuf_2_2__f_clk/A (sky130_fd_sc_hd__clkbuf_16)
     8    0.025447    0.034886    0.096664    0.247980 ^ clkbuf_2_2__f_clk/X (sky130_fd_sc_hd__clkbuf_16)
                                                         clknet_2_2__leaf_clk (net)
                      0.034891    0.000432    0.248412 ^ _308_/CLK (sky130_fd_sc_hd__dfxtp_2)
                                  0.250000    0.498412   clock uncertainty
                                  0.000000    0.498412   clock reconvergence pessimism
                                 -0.016621    0.481791   library hold time
                                              0.481791   data required time
---------------------------------------------------------------------------------------------
                                              0.481791   data required time
                                             -2.228575   data arrival time
---------------------------------------------------------------------------------------------
                                              1.746784   slack (MET)


Startpoint: a[3] (input port clocked by clk)
Endpoint: _304_ (rising edge-triggered flip-flop clocked by clk)
Path Group: clk
Path Type: min

Fanout         Cap        Slew       Delay        Time   Description
---------------------------------------------------------------------------------------------
                                  0.000000    0.000000   clock clk (rise edge)
                                  0.000000    0.000000   clock network delay (propagated)
                                  2.000000    2.000000 ^ input external delay
     1    0.003638    0.016926    0.008956    2.008956 ^ a[3] (in)
                                                         a[3] (net)
                      0.016926    0.000000    2.008956 ^ input4/A (sky130_fd_sc_hd__clkdlybuf4s25_1)
     1    0.003163    0.034214    0.147955    2.156912 ^ input4/X (sky130_fd_sc_hd__clkdlybuf4s25_1)
                                                         net4 (net)
                      0.034214    0.000043    2.156955 ^ _193_/B (sky130_fd_sc_hd__and2_2)
     1    0.002535    0.023973    0.074339    2.231294 ^ _193_/X (sky130_fd_sc_hd__and2_2)
                                                         _006_ (net)
                      0.023973    0.000026    2.231320 ^ _304_/D (sky130_fd_sc_hd__dfxtp_2)
                                              2.231320   data arrival time

                                  0.000000    0.000000   clock clk (rise edge)
                                  0.000000    0.000000   clock source latency
     1    0.015844    0.057962    0.041430    0.041430 ^ clk (in)
                                                         clk (net)
                      0.057979    0.000000    0.041430 ^ clkbuf_0_clk/A (sky130_fd_sc_hd__clkbuf_16)
     4    0.038999    0.044539    0.109332    0.150762 ^ clkbuf_0_clk/X (sky130_fd_sc_hd__clkbuf_16)
                                                         clknet_0_clk (net)
                      0.044541    0.000373    0.151136 ^ clkbuf_2_1__f_clk/A (sky130_fd_sc_hd__clkbuf_16)
     8    0.028762    0.037231    0.099013    0.250149 ^ clkbuf_2_1__f_clk/X (sky130_fd_sc_hd__clkbuf_16)
                                                         clknet_2_1__leaf_clk (net)
                      0.037236    0.000478    0.250628 ^ _304_/CLK (sky130_fd_sc_hd__dfxtp_2)
                                  0.250000    0.500628   clock uncertainty
                                  0.000000    0.500628   clock reconvergence pessimism
                                 -0.016654    0.483973   library hold time
                                              0.483973   data required time
---------------------------------------------------------------------------------------------
                                              0.483973   data required time
                                             -2.231320   data arrival time
---------------------------------------------------------------------------------------------
                                              1.747347   slack (MET)


Startpoint: b[4] (input port clocked by clk)
Endpoint: _313_ (rising edge-triggered flip-flop clocked by clk)
Path Group: clk
Path Type: min

Fanout         Cap        Slew       Delay        Time   Description
---------------------------------------------------------------------------------------------
                                  0.000000    0.000000   clock clk (rise edge)
                                  0.000000    0.000000   clock network delay (propagated)
                                  2.000000    2.000000 ^ input external delay
     1    0.003444    0.016228    0.008472    2.008472 ^ b[4] (in)
                                                         b[4] (net)
                      0.016228    0.000000    2.008472 ^ input13/A (sky130_fd_sc_hd__clkdlybuf4s25_1)
     1    0.004070    0.040437    0.152355    2.160827 ^ input13/X (sky130_fd_sc_hd__clkdlybuf4s25_1)
                                                         net13 (net)
                      0.040437    0.000070    2.160897 ^ _202_/B (sky130_fd_sc_hd__and2_2)
     1    0.002311    0.023275    0.075095    2.235992 ^ _202_/X (sky130_fd_sc_hd__and2_2)
                                                         _015_ (net)
                      0.023275    0.000022    2.236014 ^ _313_/D (sky130_fd_sc_hd__dfxtp_2)
                                              2.236014   data arrival time

                                  0.000000    0.000000   clock clk (rise edge)
                                  0.000000    0.000000   clock source latency
     1    0.015844    0.057962    0.041430    0.041430 ^ clk (in)
                                                         clk (net)
                      0.057979    0.000000    0.041430 ^ clkbuf_0_clk/A (sky130_fd_sc_hd__clkbuf_16)
     4    0.038999    0.044539    0.109332    0.150762 ^ clkbuf_0_clk/X (sky130_fd_sc_hd__clkbuf_16)
                                                         clknet_0_clk (net)
                      0.044541    0.000373    0.151136 ^ clkbuf_2_1__f_clk/A (sky130_fd_sc_hd__clkbuf_16)
     8    0.028762    0.037231    0.099013    0.250149 ^ clkbuf_2_1__f_clk/X (sky130_fd_sc_hd__clkbuf_16)
                                                         clknet_2_1__leaf_clk (net)
                      0.037249    0.000764    0.250914 ^ _313_/CLK (sky130_fd_sc_hd__dfxtp_2)
                                  0.250000    0.500914   clock uncertainty
                                  0.000000    0.500914   clock reconvergence pessimism
                                 -0.016605    0.484309   library hold time
                                              0.484309   data required time
---------------------------------------------------------------------------------------------
                                              0.484309   data required time
                                             -2.236014   data arrival time
---------------------------------------------------------------------------------------------
                                              1.751705   slack (MET)


Startpoint: b[6] (input port clocked by clk)
Endpoint: _315_ (rising edge-triggered flip-flop clocked by clk)
Path Group: clk
Path Type: min

Fanout         Cap        Slew       Delay        Time   Description
---------------------------------------------------------------------------------------------
                                  0.000000    0.000000   clock clk (rise edge)
                                  0.000000    0.000000   clock network delay (propagated)
                                  2.000000    2.000000 ^ input external delay
     1    0.003627    0.016886    0.008928    2.008928 ^ b[6] (in)
                                                         b[6] (net)
                      0.016886    0.000000    2.008928 ^ input15/A (sky130_fd_sc_hd__clkdlybuf4s25_1)
     1    0.004654    0.044523    0.155371    2.164300 ^ input15/X (sky130_fd_sc_hd__clkdlybuf4s25_1)
                                                         net15 (net)
                      0.044523    0.000093    2.164393 ^ _204_/B (sky130_fd_sc_hd__and2_2)
     1    0.002000    0.022302    0.075056    2.239450 ^ _204_/X (sky130_fd_sc_hd__and2_2)
                                                         _017_ (net)
                      0.022302    0.000016    2.239465 ^ _315_/D (sky130_fd_sc_hd__dfxtp_2)
                                              2.239465   data arrival time

                                  0.000000    0.000000   clock clk (rise edge)
                                  0.000000    0.000000   clock source latency
     1    0.015844    0.057962    0.041430    0.041430 ^ clk (in)
                                                         clk (net)
                      0.057979    0.000000    0.041430 ^ clkbuf_0_clk/A (sky130_fd_sc_hd__clkbuf_16)
     4    0.038999    0.044539    0.109332    0.150762 ^ clkbuf_0_clk/X (sky130_fd_sc_hd__clkbuf_16)
                                                         clknet_0_clk (net)
                      0.044541    0.000373    0.151136 ^ clkbuf_2_1__f_clk/A (sky130_fd_sc_hd__clkbuf_16)
     8    0.028762    0.037231    0.099013    0.250149 ^ clkbuf_2_1__f_clk/X (sky130_fd_sc_hd__clkbuf_16)
                                                         clknet_2_1__leaf_clk (net)
                      0.037235    0.000430    0.250579 ^ _315_/CLK (sky130_fd_sc_hd__dfxtp_2)
                                  0.250000    0.500579   clock uncertainty
                                  0.000000    0.500579   clock reconvergence pessimism
                                 -0.016536    0.484043   library hold time
                                              0.484043   data required time
---------------------------------------------------------------------------------------------
                                              0.484043   data required time
                                             -2.239465   data arrival time
---------------------------------------------------------------------------------------------
                                              1.755423   slack (MET)


Startpoint: _322_ (rising edge-triggered flip-flop clocked by clk)
Endpoint: y[2] (output port clocked by clk)
Path Group: clk
Path Type: min

Fanout         Cap        Slew       Delay        Time   Description
---------------------------------------------------------------------------------------------
                                  0.000000    0.000000   clock clk (rise edge)
                                  0.000000    0.000000   clock source latency
     1    0.015844    0.057962    0.037485    0.037485 ^ clk (in)
                                                         clk (net)
                      0.057979    0.000000    0.037485 ^ clkbuf_0_clk/A (sky130_fd_sc_hd__clkbuf_16)
     4    0.038999    0.044539    0.098920    0.136404 ^ clkbuf_0_clk/X (sky130_fd_sc_hd__clkbuf_16)
                                                         clknet_0_clk (net)
                      0.044547    0.000499    0.136903 ^ clkbuf_2_3__f_clk/A (sky130_fd_sc_hd__clkbuf_16)
     8    0.025602    0.034993    0.087426    0.224329 ^ clkbuf_2_3__f_clk/X (sky130_fd_sc_hd__clkbuf_16)
                                                         clknet_2_3__leaf_clk (net)
                      0.035024    0.000853    0.225182 ^ _322_/CLK (sky130_fd_sc_hd__dfxtp_2)
     1    0.002356    0.016224    0.180947    0.406129 v _322_/Q (sky130_fd_sc_hd__dfxtp_2)
                                                         net26 (net)
                      0.016224    0.000019    0.406149 v output26/A (sky130_fd_sc_hd__clkdlybuf4s25_1)
     1    0.034959    0.178835    0.259653    0.665802 v output26/X (sky130_fd_sc_hd__clkdlybuf4s25_1)
                                                         y[2] (net)
                      0.178835    0.000503    0.666305 v y[2] (out)
                                              0.666305   data arrival time

                                  0.000000    0.000000   clock clk (rise edge)
                                  0.000000    0.000000   clock network delay (propagated)
                                  0.250000    0.250000   clock uncertainty
                                  0.000000    0.250000   clock reconvergence pessimism
                                 -2.000000   -1.750000   output external delay
                                             -1.750000   data required time
---------------------------------------------------------------------------------------------
                                             -1.750000   data required time
                                             -0.666305   data arrival time
---------------------------------------------------------------------------------------------
                                              2.416305   slack (MET)


Startpoint: _299_ (rising edge-triggered flip-flop clocked by clk)
Endpoint: carry (output port clocked by clk)
Path Group: clk
Path Type: min

Fanout         Cap        Slew       Delay        Time   Description
---------------------------------------------------------------------------------------------
                                  0.000000    0.000000   clock clk (rise edge)
                                  0.000000    0.000000   clock source latency
     1    0.015844    0.057962    0.037485    0.037485 ^ clk (in)
                                                         clk (net)
                      0.057979    0.000000    0.037485 ^ clkbuf_0_clk/A (sky130_fd_sc_hd__clkbuf_16)
     4    0.038999    0.044539    0.098920    0.136404 ^ clkbuf_0_clk/X (sky130_fd_sc_hd__clkbuf_16)
                                                         clknet_0_clk (net)
                      0.044547    0.000499    0.136903 ^ clkbuf_2_3__f_clk/A (sky130_fd_sc_hd__clkbuf_16)
     8    0.025602    0.034993    0.087426    0.224329 ^ clkbuf_2_3__f_clk/X (sky130_fd_sc_hd__clkbuf_16)
                                                         clknet_2_3__leaf_clk (net)
                      0.034994    0.000337    0.224666 ^ _299_/CLK (sky130_fd_sc_hd__dfxtp_2)
     1    0.002984    0.017027    0.182463    0.407130 v _299_/Q (sky130_fd_sc_hd__dfxtp_2)
                                                         net21 (net)
                      0.017027    0.000034    0.407163 v output21/A (sky130_fd_sc_hd__clkdlybuf4s25_1)
     1    0.034653    0.177226    0.259094    0.666258 v output21/X (sky130_fd_sc_hd__clkdlybuf4s25_1)
                                                         carry (net)
                      0.177226    0.000221    0.666479 v carry (out)
                                              0.666479   data arrival time

                                  0.000000    0.000000   clock clk (rise edge)
                                  0.000000    0.000000   clock network delay (propagated)
                                  0.250000    0.250000   clock uncertainty
                                  0.000000    0.250000   clock reconvergence pessimism
                                 -2.000000   -1.750000   output external delay
                                             -1.750000   data required time
---------------------------------------------------------------------------------------------
                                             -1.750000   data required time
                                             -0.666479   data arrival time
---------------------------------------------------------------------------------------------
                                              2.416479   slack (MET)


Startpoint: _320_ (rising edge-triggered flip-flop clocked by clk)
Endpoint: y[0] (output port clocked by clk)
Path Group: clk
Path Type: min

Fanout         Cap        Slew       Delay        Time   Description
---------------------------------------------------------------------------------------------
                                  0.000000    0.000000   clock clk (rise edge)
                                  0.000000    0.000000   clock source latency
     1    0.015844    0.057962    0.037485    0.037485 ^ clk (in)
                                                         clk (net)
                      0.057979    0.000000    0.037485 ^ clkbuf_0_clk/A (sky130_fd_sc_hd__clkbuf_16)
     4    0.038999    0.044539    0.098920    0.136404 ^ clkbuf_0_clk/X (sky130_fd_sc_hd__clkbuf_16)
                                                         clknet_0_clk (net)
                      0.044541    0.000335    0.136739 ^ clkbuf_2_0__f_clk/A (sky130_fd_sc_hd__clkbuf_16)
     8    0.026699    0.035767    0.088207    0.224947 ^ clkbuf_2_0__f_clk/X (sky130_fd_sc_hd__clkbuf_16)
                                                         clknet_2_0__leaf_clk (net)
                      0.035773    0.000425    0.225372 ^ _320_/CLK (sky130_fd_sc_hd__dfxtp_2)
     1    0.002540    0.016480    0.181610    0.406983 v _320_/Q (sky130_fd_sc_hd__dfxtp_2)
                                                         net24 (net)
                      0.016480    0.000023    0.407005 v output24/A (sky130_fd_sc_hd__clkdlybuf4s25_1)
     1    0.034803    0.178018    0.259319    0.666324 v output24/X (sky130_fd_sc_hd__clkdlybuf4s25_1)
                                                         y[0] (net)
                      0.178018    0.000353    0.666678 v y[0] (out)
                                              0.666678   data arrival time

                                  0.000000    0.000000   clock clk (rise edge)
                                  0.000000    0.000000   clock network delay (propagated)
                                  0.250000    0.250000   clock uncertainty
                                  0.000000    0.250000   clock reconvergence pessimism
                                 -2.000000   -1.750000   output external delay
                                             -1.750000   data required time
---------------------------------------------------------------------------------------------
                                             -1.750000   data required time
                                             -0.666678   data arrival time
---------------------------------------------------------------------------------------------
                                              2.416678   slack (MET)


Startpoint: _326_ (rising edge-triggered flip-flop clocked by clk)
Endpoint: y[6] (output port clocked by clk)
Path Group: clk
Path Type: min

Fanout         Cap        Slew       Delay        Time   Description
---------------------------------------------------------------------------------------------
                                  0.000000    0.000000   clock clk (rise edge)
                                  0.000000    0.000000   clock source latency
     1    0.015844    0.057962    0.037485    0.037485 ^ clk (in)
                                                         clk (net)
                      0.057979    0.000000    0.037485 ^ clkbuf_0_clk/A (sky130_fd_sc_hd__clkbuf_16)
     4    0.038999    0.044539    0.098920    0.136404 ^ clkbuf_0_clk/X (sky130_fd_sc_hd__clkbuf_16)
                                                         clknet_0_clk (net)
                      0.044547    0.000499    0.136903 ^ clkbuf_2_3__f_clk/A (sky130_fd_sc_hd__clkbuf_16)
     8    0.025602    0.034993    0.087426    0.224329 ^ clkbuf_2_3__f_clk/X (sky130_fd_sc_hd__clkbuf_16)
                                                         clknet_2_3__leaf_clk (net)
                      0.035011    0.000679    0.225009 ^ _326_/CLK (sky130_fd_sc_hd__dfxtp_2)
     1    0.002516    0.016452    0.181331    0.406340 v _326_/Q (sky130_fd_sc_hd__dfxtp_2)
                                                         net30 (net)
                      0.016452    0.000022    0.406361 v output30/A (sky130_fd_sc_hd__clkdlybuf4s25_1)
     1    0.035138    0.179701    0.260347    0.666708 v output30/X (sky130_fd_sc_hd__clkdlybuf4s25_1)
                                                         y[6] (net)
                      0.179701    0.000508    0.667216 v y[6] (out)
                                              0.667216   data arrival time

                                  0.000000    0.000000   clock clk (rise edge)
                                  0.000000    0.000000   clock network delay (propagated)
                                  0.250000    0.250000   clock uncertainty
                                  0.000000    0.250000   clock reconvergence pessimism
                                 -2.000000   -1.750000   output external delay
                                             -1.750000   data required time
---------------------------------------------------------------------------------------------
                                             -1.750000   data required time
                                             -0.667216   data arrival time
---------------------------------------------------------------------------------------------
                                              2.417216   slack (MET)


Startpoint: _321_ (rising edge-triggered flip-flop clocked by clk)
Endpoint: y[1] (output port clocked by clk)
Path Group: clk
Path Type: min

Fanout         Cap        Slew       Delay        Time   Description
---------------------------------------------------------------------------------------------
                                  0.000000    0.000000   clock clk (rise edge)
                                  0.000000    0.000000   clock source latency
     1    0.015844    0.057962    0.037485    0.037485 ^ clk (in)
                                                         clk (net)
                      0.057979    0.000000    0.037485 ^ clkbuf_0_clk/A (sky130_fd_sc_hd__clkbuf_16)
     4    0.038999    0.044539    0.098920    0.136404 ^ clkbuf_0_clk/X (sky130_fd_sc_hd__clkbuf_16)
                                                         clknet_0_clk (net)
                      0.044541    0.000335    0.136739 ^ clkbuf_2_0__f_clk/A (sky130_fd_sc_hd__clkbuf_16)
     8    0.026699    0.035767    0.088207    0.224947 ^ clkbuf_2_0__f_clk/X (sky130_fd_sc_hd__clkbuf_16)
                                                         clknet_2_0__leaf_clk (net)
                      0.035774    0.000473    0.225419 ^ _321_/CLK (sky130_fd_sc_hd__dfxtp_2)
     1    0.002864    0.016872    0.182398    0.407817 v _321_/Q (sky130_fd_sc_hd__dfxtp_2)
                                                         net25 (net)
                      0.016872    0.000028    0.407845 v output25/A (sky130_fd_sc_hd__clkdlybuf4s25_1)
     1    0.034706    0.177530    0.259133    0.666978 v output25/X (sky130_fd_sc_hd__clkdlybuf4s25_1)
                                                         y[1] (net)
                      0.177530    0.000335    0.667314 v y[1] (out)
                                              0.667314   data arrival time

                                  0.000000    0.000000   clock clk (rise edge)
                                  0.000000    0.000000   clock network delay (propagated)
                                  0.250000    0.250000   clock uncertainty
                                  0.000000    0.250000   clock reconvergence pessimism
                                 -2.000000   -1.750000   output external delay
                                             -1.750000   data required time
---------------------------------------------------------------------------------------------
                                             -1.750000   data required time
                                             -0.667314   data arrival time
---------------------------------------------------------------------------------------------
                                              2.417314   slack (MET)


Startpoint: _298_ (rising edge-triggered flip-flop clocked by clk)
Endpoint: overflow (output port clocked by clk)
Path Group: clk
Path Type: min

Fanout         Cap        Slew       Delay        Time   Description
---------------------------------------------------------------------------------------------
                                  0.000000    0.000000   clock clk (rise edge)
                                  0.000000    0.000000   clock source latency
     1    0.015844    0.057962    0.037485    0.037485 ^ clk (in)
                                                         clk (net)
                      0.057979    0.000000    0.037485 ^ clkbuf_0_clk/A (sky130_fd_sc_hd__clkbuf_16)
     4    0.038999    0.044539    0.098920    0.136404 ^ clkbuf_0_clk/X (sky130_fd_sc_hd__clkbuf_16)
                                                         clknet_0_clk (net)
                      0.044547    0.000499    0.136903 ^ clkbuf_2_3__f_clk/A (sky130_fd_sc_hd__clkbuf_16)
     8    0.025602    0.034993    0.087426    0.224329 ^ clkbuf_2_3__f_clk/X (sky130_fd_sc_hd__clkbuf_16)
                                                         clknet_2_3__leaf_clk (net)
                      0.035004    0.000561    0.224890 ^ _298_/CLK (sky130_fd_sc_hd__dfxtp_2)
     1    0.002921    0.016945    0.182314    0.407204 v _298_/Q (sky130_fd_sc_hd__dfxtp_2)
                                                         net23 (net)
                      0.016945    0.000031    0.407235 v output23/A (sky130_fd_sc_hd__clkdlybuf4s25_1)
     1    0.035069    0.179370    0.260255    0.667490 v output23/X (sky130_fd_sc_hd__clkdlybuf4s25_1)
                                                         overflow (net)
                      0.179370    0.000546    0.668036 v overflow (out)
                                              0.668036   data arrival time

                                  0.000000    0.000000   clock clk (rise edge)
                                  0.000000    0.000000   clock network delay (propagated)
                                  0.250000    0.250000   clock uncertainty
                                  0.000000    0.250000   clock reconvergence pessimism
                                 -2.000000   -1.750000   output external delay
                                             -1.750000   data required time
---------------------------------------------------------------------------------------------
                                             -1.750000   data required time
                                             -0.668036   data arrival time
---------------------------------------------------------------------------------------------
                                              2.418036   slack (MET)


Startpoint: _325_ (rising edge-triggered flip-flop clocked by clk)
Endpoint: y[5] (output port clocked by clk)
Path Group: clk
Path Type: min

Fanout         Cap        Slew       Delay        Time   Description
---------------------------------------------------------------------------------------------
                                  0.000000    0.000000   clock clk (rise edge)
                                  0.000000    0.000000   clock source latency
     1    0.015844    0.057962    0.037485    0.037485 ^ clk (in)
                                                         clk (net)
                      0.057979    0.000000    0.037485 ^ clkbuf_0_clk/A (sky130_fd_sc_hd__clkbuf_16)
     4    0.038999    0.044539    0.098920    0.136404 ^ clkbuf_0_clk/X (sky130_fd_sc_hd__clkbuf_16)
                                                         clknet_0_clk (net)
                      0.044547    0.000499    0.136903 ^ clkbuf_2_3__f_clk/A (sky130_fd_sc_hd__clkbuf_16)
     8    0.025602    0.034993    0.087426    0.224329 ^ clkbuf_2_3__f_clk/X (sky130_fd_sc_hd__clkbuf_16)
                                                         clknet_2_3__leaf_clk (net)
                      0.035027    0.000885    0.225214 ^ _325_/CLK (sky130_fd_sc_hd__dfxtp_2)
     1    0.002928    0.016954    0.182338    0.407552 v _325_/Q (sky130_fd_sc_hd__dfxtp_2)
                                                         net29 (net)
                      0.016954    0.000032    0.407584 v output29/A (sky130_fd_sc_hd__clkdlybuf4s25_1)
     1    0.035132    0.179663    0.260498    0.668082 v output29/X (sky130_fd_sc_hd__clkdlybuf4s25_1)
                                                         y[5] (net)
                      0.179664    0.000517    0.668599 v y[5] (out)
                                              0.668599   data arrival time

                                  0.000000    0.000000   clock clk (rise edge)
                                  0.000000    0.000000   clock network delay (propagated)
                                  0.250000    0.250000   clock uncertainty
                                  0.000000    0.250000   clock reconvergence pessimism
                                 -2.000000   -1.750000   output external delay
                                             -1.750000   data required time
---------------------------------------------------------------------------------------------
                                             -1.750000   data required time
                                             -0.668599   data arrival time
---------------------------------------------------------------------------------------------
                                              2.418599   slack (MET)


Startpoint: _300_ (rising edge-triggered flip-flop clocked by clk)
Endpoint: zero (output port clocked by clk)
Path Group: clk
Path Type: min

Fanout         Cap        Slew       Delay        Time   Description
---------------------------------------------------------------------------------------------
                                  0.000000    0.000000   clock clk (rise edge)
                                  0.000000    0.000000   clock source latency
     1    0.015844    0.057962    0.037485    0.037485 ^ clk (in)
                                                         clk (net)
                      0.057979    0.000000    0.037485 ^ clkbuf_0_clk/A (sky130_fd_sc_hd__clkbuf_16)
     4    0.038999    0.044539    0.098920    0.136404 ^ clkbuf_0_clk/X (sky130_fd_sc_hd__clkbuf_16)
                                                         clknet_0_clk (net)
                      0.044547    0.000499    0.136903 ^ clkbuf_2_3__f_clk/A (sky130_fd_sc_hd__clkbuf_16)
     8    0.025602    0.034993    0.087426    0.224329 ^ clkbuf_2_3__f_clk/X (sky130_fd_sc_hd__clkbuf_16)
                                                         clknet_2_3__leaf_clk (net)
                      0.035023    0.000838    0.225167 ^ _300_/CLK (sky130_fd_sc_hd__dfxtp_2)
     1    0.003069    0.017144    0.182679    0.407846 v _300_/Q (sky130_fd_sc_hd__dfxtp_2)
                                                         net32 (net)
                      0.017144    0.000032    0.407878 v output32/A (sky130_fd_sc_hd__clkdlybuf4s25_1)
     1    0.035241    0.180208    0.260899    0.668777 v output32/X (sky130_fd_sc_hd__clkdlybuf4s25_1)
                                                         zero (net)
                      0.180208    0.000571    0.669349 v zero (out)
                                              0.669349   data arrival time

                                  0.000000    0.000000   clock clk (rise edge)
                                  0.000000    0.000000   clock network delay (propagated)
                                  0.250000    0.250000   clock uncertainty
                                  0.000000    0.250000   clock reconvergence pessimism
                                 -2.000000   -1.750000   output external delay
                                             -1.750000   data required time
---------------------------------------------------------------------------------------------
                                             -1.750000   data required time
                                             -0.669349   data arrival time
---------------------------------------------------------------------------------------------
                                              2.419348   slack (MET)


Startpoint: _324_ (rising edge-triggered flip-flop clocked by clk)
Endpoint: y[4] (output port clocked by clk)
Path Group: clk
Path Type: min

Fanout         Cap        Slew       Delay        Time   Description
---------------------------------------------------------------------------------------------
                                  0.000000    0.000000   clock clk (rise edge)
                                  0.000000    0.000000   clock source latency
     1    0.015844    0.057962    0.037485    0.037485 ^ clk (in)
                                                         clk (net)
                      0.057979    0.000000    0.037485 ^ clkbuf_0_clk/A (sky130_fd_sc_hd__clkbuf_16)
     4    0.038999    0.044539    0.098920    0.136404 ^ clkbuf_0_clk/X (sky130_fd_sc_hd__clkbuf_16)
                                                         clknet_0_clk (net)
                      0.044541    0.000338    0.136742 ^ clkbuf_2_1__f_clk/A (sky130_fd_sc_hd__clkbuf_16)
     8    0.028762    0.037231    0.089584    0.226326 ^ clkbuf_2_1__f_clk/X (sky130_fd_sc_hd__clkbuf_16)
                                                         clknet_2_1__leaf_clk (net)
                      0.037249    0.000698    0.227024 ^ _324_/CLK (sky130_fd_sc_hd__dfxtp_2)
     1    0.003090    0.017173    0.183373    0.410397 v _324_/Q (sky130_fd_sc_hd__dfxtp_2)
                                                         net28 (net)
                      0.017173    0.000026    0.410423 v output28/A (sky130_fd_sc_hd__clkdlybuf4s25_1)
     1    0.034647    0.177195    0.259125    0.669548 v output28/X (sky130_fd_sc_hd__clkdlybuf4s25_1)
                                                         y[4] (net)
                      0.177195    0.000221    0.669769 v y[4] (out)
                                              0.669769   data arrival time

                                  0.000000    0.000000   clock clk (rise edge)
                                  0.000000    0.000000   clock network delay (propagated)
                                  0.250000    0.250000   clock uncertainty
                                  0.000000    0.250000   clock reconvergence pessimism
                                 -2.000000   -1.750000   output external delay
                                             -1.750000   data required time
---------------------------------------------------------------------------------------------
                                             -1.750000   data required time
                                             -0.669769   data arrival time
---------------------------------------------------------------------------------------------
                                              2.419769   slack (MET)


Startpoint: _323_ (rising edge-triggered flip-flop clocked by clk)
Endpoint: y[3] (output port clocked by clk)
Path Group: clk
Path Type: min

Fanout         Cap        Slew       Delay        Time   Description
---------------------------------------------------------------------------------------------
                                  0.000000    0.000000   clock clk (rise edge)
                                  0.000000    0.000000   clock source latency
     1    0.015844    0.057962    0.037485    0.037485 ^ clk (in)
                                                         clk (net)
                      0.057979    0.000000    0.037485 ^ clkbuf_0_clk/A (sky130_fd_sc_hd__clkbuf_16)
     4    0.038999    0.044539    0.098920    0.136404 ^ clkbuf_0_clk/X (sky130_fd_sc_hd__clkbuf_16)
                                                         clknet_0_clk (net)
                      0.044541    0.000338    0.136742 ^ clkbuf_2_1__f_clk/A (sky130_fd_sc_hd__clkbuf_16)
     8    0.028762    0.037231    0.089584    0.226326 ^ clkbuf_2_1__f_clk/X (sky130_fd_sc_hd__clkbuf_16)
                                                         clknet_2_1__leaf_clk (net)
                      0.037242    0.000574    0.226900 ^ _323_/CLK (sky130_fd_sc_hd__dfxtp_2)
     1    0.003074    0.017149    0.183330    0.410229 v _323_/Q (sky130_fd_sc_hd__dfxtp_2)
                                                         net27 (net)
                      0.017149    0.000035    0.410265 v output27/A (sky130_fd_sc_hd__clkdlybuf4s25_1)
     1    0.035323    0.180605    0.261196    0.671461 v output27/X (sky130_fd_sc_hd__clkdlybuf4s25_1)
                                                         y[3] (net)
                      0.180605    0.000559    0.672020 v y[3] (out)
                                              0.672020   data arrival time

                                  0.000000    0.000000   clock clk (rise edge)
                                  0.000000    0.000000   clock network delay (propagated)
                                  0.250000    0.250000   clock uncertainty
                                  0.000000    0.250000   clock reconvergence pessimism
                                 -2.000000   -1.750000   output external delay
                                             -1.750000   data required time
---------------------------------------------------------------------------------------------
                                             -1.750000   data required time
                                             -0.672020   data arrival time
---------------------------------------------------------------------------------------------
                                              2.422020   slack (MET)


Startpoint: _327_ (rising edge-triggered flip-flop clocked by clk)
Endpoint: negative (output port clocked by clk)
Path Group: clk
Path Type: min

Fanout         Cap        Slew       Delay        Time   Description
---------------------------------------------------------------------------------------------
                                  0.000000    0.000000   clock clk (rise edge)
                                  0.000000    0.000000   clock source latency
     1    0.015844    0.057962    0.037485    0.037485 ^ clk (in)
                                                         clk (net)
                      0.057979    0.000000    0.037485 ^ clkbuf_0_clk/A (sky130_fd_sc_hd__clkbuf_16)
     4    0.038999    0.044539    0.098920    0.136404 ^ clkbuf_0_clk/X (sky130_fd_sc_hd__clkbuf_16)
                                                         clknet_0_clk (net)
                      0.044547    0.000499    0.136903 ^ clkbuf_2_3__f_clk/A (sky130_fd_sc_hd__clkbuf_16)
     8    0.025602    0.034993    0.087426    0.224329 ^ clkbuf_2_3__f_clk/X (sky130_fd_sc_hd__clkbuf_16)
                                                         clknet_2_3__leaf_clk (net)
                      0.035018    0.000774    0.225103 ^ _327_/CLK (sky130_fd_sc_hd__dfxtp_2)
     2    0.004596    0.020005    0.186400    0.411503 v _327_/Q (sky130_fd_sc_hd__dfxtp_2)
                                                         net22 (net)
                      0.020005    0.000030    0.411533 v output22/A (sky130_fd_sc_hd__clkdlybuf4s25_1)
     1    0.035510    0.181453    0.262859    0.674392 v output22/X (sky130_fd_sc_hd__clkdlybuf4s25_1)
                                                         negative (net)
                      0.181454    0.000547    0.674940 v negative (out)
                                              0.674940   data arrival time

                                  0.000000    0.000000   clock clk (rise edge)
                                  0.000000    0.000000   clock network delay (propagated)
                                  0.250000    0.250000   clock uncertainty
                                  0.000000    0.250000   clock reconvergence pessimism
                                 -2.000000   -1.750000   output external delay
                                             -1.750000   data required time
---------------------------------------------------------------------------------------------
                                             -1.750000   data required time
                                             -0.674940   data arrival time
---------------------------------------------------------------------------------------------
                                              2.424940   slack (MET)


Startpoint: _327_ (rising edge-triggered flip-flop clocked by clk)
Endpoint: y[7] (output port clocked by clk)
Path Group: clk
Path Type: min

Fanout         Cap        Slew       Delay        Time   Description
---------------------------------------------------------------------------------------------
                                  0.000000    0.000000   clock clk (rise edge)
                                  0.000000    0.000000   clock source latency
     1    0.015844    0.057962    0.037485    0.037485 ^ clk (in)
                                                         clk (net)
                      0.057979    0.000000    0.037485 ^ clkbuf_0_clk/A (sky130_fd_sc_hd__clkbuf_16)
     4    0.038999    0.044539    0.098920    0.136404 ^ clkbuf_0_clk/X (sky130_fd_sc_hd__clkbuf_16)
                                                         clknet_0_clk (net)
                      0.044547    0.000499    0.136903 ^ clkbuf_2_3__f_clk/A (sky130_fd_sc_hd__clkbuf_16)
     8    0.025602    0.034993    0.087426    0.224329 ^ clkbuf_2_3__f_clk/X (sky130_fd_sc_hd__clkbuf_16)
                                                         clknet_2_3__leaf_clk (net)
                      0.035018    0.000774    0.225103 ^ _327_/CLK (sky130_fd_sc_hd__dfxtp_2)
     2    0.004596    0.020005    0.186400    0.411503 v _327_/Q (sky130_fd_sc_hd__dfxtp_2)
                                                         net22 (net)
                      0.020005    0.000027    0.411530 v _328_/A (sky130_fd_sc_hd__buf_2)
     1    0.003516    0.018063    0.065258    0.476787 v _328_/X (sky130_fd_sc_hd__buf_2)
                                                         net31 (net)
                      0.018063    0.000044    0.476831 v output31/A (sky130_fd_sc_hd__clkdlybuf4s25_1)
     1    0.035762    0.182746    0.262986    0.739818 v output31/X (sky130_fd_sc_hd__clkdlybuf4s25_1)
                                                         y[7] (net)
                      0.182747    0.000628    0.740446 v y[7] (out)
                                              0.740446   data arrival time

                                  0.000000    0.000000   clock clk (rise edge)
                                  0.000000    0.000000   clock network delay (propagated)
                                  0.250000    0.250000   clock uncertainty
                                  0.000000    0.250000   clock reconvergence pessimism
                                 -2.000000   -1.750000   output external delay
                                             -1.750000   data required time
---------------------------------------------------------------------------------------------
                                             -1.750000   data required time
                                             -0.740446   data arrival time
---------------------------------------------------------------------------------------------
                                              2.490446   slack (MET)



%OL_END_REPORT
%OL_CREATE_REPORT max.rpt

===========================================================================
report_checks -path_delay max (Setup)
============================================================================
======================= min_ff_n40C_1v95 Corner ===================================

Startpoint: _327_ (rising edge-triggered flip-flop clocked by clk)
Endpoint: y[7] (output port clocked by clk)
Path Group: clk
Path Type: max

Fanout         Cap        Slew       Delay        Time   Description
---------------------------------------------------------------------------------------------
                                  0.000000    0.000000   clock clk (rise edge)
                                  0.000000    0.000000   clock source latency
     1    0.015844    0.057962    0.041430    0.041430 ^ clk (in)
                                                         clk (net)
                      0.057979    0.000000    0.041430 ^ clkbuf_0_clk/A (sky130_fd_sc_hd__clkbuf_16)
     4    0.038999    0.044539    0.109332    0.150762 ^ clkbuf_0_clk/X (sky130_fd_sc_hd__clkbuf_16)
                                                         clknet_0_clk (net)
                      0.044547    0.000551    0.151314 ^ clkbuf_2_3__f_clk/A (sky130_fd_sc_hd__clkbuf_16)
     8    0.025602    0.034993    0.096629    0.247943 ^ clkbuf_2_3__f_clk/X (sky130_fd_sc_hd__clkbuf_16)
                                                         clknet_2_3__leaf_clk (net)
                      0.035018    0.000855    0.248798 ^ _327_/CLK (sky130_fd_sc_hd__dfxtp_2)
     2    0.004981    0.028413    0.204543    0.453341 ^ _327_/Q (sky130_fd_sc_hd__dfxtp_2)
                                                         net22 (net)
                      0.028413    0.000032    0.453373 ^ _328_/A (sky130_fd_sc_hd__buf_2)
     1    0.003742    0.021953    0.063339    0.516712 ^ _328_/X (sky130_fd_sc_hd__buf_2)
                                                         net31 (net)
                      0.021953    0.000052    0.516764 ^ output31/A (sky130_fd_sc_hd__clkdlybuf4s25_1)
     1    0.035762    0.270462    0.339454    0.856218 ^ output31/X (sky130_fd_sc_hd__clkdlybuf4s25_1)
                                                         y[7] (net)
                      0.270462    0.000695    0.856913 ^ y[7] (out)
                                              0.856913   data arrival time

                                 10.000000   10.000000   clock clk (rise edge)
                                  0.000000   10.000000   clock network delay (propagated)
                                 -0.250000    9.750000   clock uncertainty
                                  0.000000    9.750000   clock reconvergence pessimism
                                 -2.000000    7.750000   output external delay
                                              7.750000   data required time
---------------------------------------------------------------------------------------------
                                              7.750000   data required time
                                             -0.856913   data arrival time
---------------------------------------------------------------------------------------------
                                              6.893087   slack (MET)


Startpoint: rst_n (input port clocked by clk)
Endpoint: _321_ (rising edge-triggered flip-flop clocked by clk)
Path Group: clk
Path Type: max

Fanout         Cap        Slew       Delay        Time   Description
---------------------------------------------------------------------------------------------
                                  0.000000    0.000000   clock clk (rise edge)
                                  0.000000    0.000000   clock network delay (propagated)
                                  2.000000    2.000000 ^ input external delay
     1    0.004088    0.018528    0.011129    2.011129 ^ rst_n (in)
                                                         rst_n (net)
                      0.018528    0.000000    2.011129 ^ input20/A (sky130_fd_sc_hd__clkdlybuf4s25_1)
     1    0.003338    0.035411    0.164982    2.176111 ^ input20/X (sky130_fd_sc_hd__clkdlybuf4s25_1)
                                                         net20 (net)
                      0.035411    0.000042    2.176153 ^ fanout38/A (sky130_fd_sc_hd__clkdlybuf4s25_1)
     7    0.037509    0.283149    0.352666    2.528819 ^ fanout38/X (sky130_fd_sc_hd__clkdlybuf4s25_1)
                                                         net38 (net)
                      0.283149    0.000151    2.528970 ^ fanout36/A (sky130_fd_sc_hd__clkdlybuf4s25_1)
    10    0.028776    0.219440    0.340030    2.868999 ^ fanout36/X (sky130_fd_sc_hd__clkdlybuf4s25_1)
                                                         net36 (net)
                      0.219440    0.000612    2.869612 ^ _210_/A (sky130_fd_sc_hd__and3_2)
     1    0.002157    0.028645    0.131357    3.000968 ^ _210_/X (sky130_fd_sc_hd__and3_2)
                                                         _023_ (net)
                      0.028645    0.000020    3.000988 ^ _321_/D (sky130_fd_sc_hd__dfxtp_2)
                                              3.000988   data arrival time

                                 10.000000   10.000000   clock clk (rise edge)
                                  0.000000   10.000000   clock source latency
     1    0.015844    0.057962    0.037485   10.037485 ^ clk (in)
                                                         clk (net)
                      0.057979    0.000000   10.037485 ^ clkbuf_0_clk/A (sky130_fd_sc_hd__clkbuf_16)
     4    0.038999    0.044539    0.098919   10.136404 ^ clkbuf_0_clk/X (sky130_fd_sc_hd__clkbuf_16)
                                                         clknet_0_clk (net)
                      0.044541    0.000336   10.136740 ^ clkbuf_2_0__f_clk/A (sky130_fd_sc_hd__clkbuf_16)
     8    0.026699    0.035767    0.088207   10.224947 ^ clkbuf_2_0__f_clk/X (sky130_fd_sc_hd__clkbuf_16)
                                                         clknet_2_0__leaf_clk (net)
                      0.035774    0.000473   10.225420 ^ _321_/CLK (sky130_fd_sc_hd__dfxtp_2)
                                 -0.250000    9.975420   clock uncertainty
                                  0.000000    9.975420   clock reconvergence pessimism
                                 -0.031084    9.944336   library setup time
                                              9.944336   data required time
---------------------------------------------------------------------------------------------
                                              9.944336   data required time
                                             -3.000988   data arrival time
---------------------------------------------------------------------------------------------
                                              6.943348   slack (MET)


Startpoint: _327_ (rising edge-triggered flip-flop clocked by clk)
Endpoint: negative (output port clocked by clk)
Path Group: clk
Path Type: max

Fanout         Cap        Slew       Delay        Time   Description
---------------------------------------------------------------------------------------------
                                  0.000000    0.000000   clock clk (rise edge)
                                  0.000000    0.000000   clock source latency
     1    0.015844    0.057962    0.041430    0.041430 ^ clk (in)
                                                         clk (net)
                      0.057979    0.000000    0.041430 ^ clkbuf_0_clk/A (sky130_fd_sc_hd__clkbuf_16)
     4    0.038999    0.044539    0.109332    0.150762 ^ clkbuf_0_clk/X (sky130_fd_sc_hd__clkbuf_16)
                                                         clknet_0_clk (net)
                      0.044547    0.000551    0.151314 ^ clkbuf_2_3__f_clk/A (sky130_fd_sc_hd__clkbuf_16)
     8    0.025602    0.034993    0.096629    0.247943 ^ clkbuf_2_3__f_clk/X (sky130_fd_sc_hd__clkbuf_16)
                                                         clknet_2_3__leaf_clk (net)
                      0.035018    0.000855    0.248798 ^ _327_/CLK (sky130_fd_sc_hd__dfxtp_2)
     2    0.004981    0.028413    0.204543    0.453341 ^ _327_/Q (sky130_fd_sc_hd__dfxtp_2)
                                                         net22 (net)
                      0.028413    0.000036    0.453377 ^ output22/A (sky130_fd_sc_hd__clkdlybuf4s25_1)
     1    0.035510    0.268533    0.340102    0.793479 ^ output22/X (sky130_fd_sc_hd__clkdlybuf4s25_1)
                                                         negative (net)
                      0.268533    0.000605    0.794084 ^ negative (out)
                                              0.794084   data arrival time

                                 10.000000   10.000000   clock clk (rise edge)
                                  0.000000   10.000000   clock network delay (propagated)
                                 -0.250000    9.750000   clock uncertainty
                                  0.000000    9.750000   clock reconvergence pessimism
                                 -2.000000    7.750000   output external delay
                                              7.750000   data required time
---------------------------------------------------------------------------------------------
                                              7.750000   data required time
                                             -0.794084   data arrival time
---------------------------------------------------------------------------------------------
                                              6.955915   slack (MET)


Startpoint: rst_n (input port clocked by clk)
Endpoint: _310_ (rising edge-triggered flip-flop clocked by clk)
Path Group: clk
Path Type: max

Fanout         Cap        Slew       Delay        Time   Description
---------------------------------------------------------------------------------------------
                                  0.000000    0.000000   clock clk (rise edge)
                                  0.000000    0.000000   clock network delay (propagated)
                                  2.000000    2.000000 ^ input external delay
     1    0.004088    0.018528    0.011129    2.011129 ^ rst_n (in)
                                                         rst_n (net)
                      0.018528    0.000000    2.011129 ^ input20/A (sky130_fd_sc_hd__clkdlybuf4s25_1)
     1    0.003338    0.035411    0.164982    2.176111 ^ input20/X (sky130_fd_sc_hd__clkdlybuf4s25_1)
                                                         net20 (net)
                      0.035411    0.000042    2.176153 ^ fanout38/A (sky130_fd_sc_hd__clkdlybuf4s25_1)
     7    0.037509    0.283149    0.352666    2.528819 ^ fanout38/X (sky130_fd_sc_hd__clkdlybuf4s25_1)
                                                         net38 (net)
                      0.283149    0.000151    2.528970 ^ fanout36/A (sky130_fd_sc_hd__clkdlybuf4s25_1)
    10    0.028776    0.219440    0.340030    2.868999 ^ fanout36/X (sky130_fd_sc_hd__clkdlybuf4s25_1)
                                                         net36 (net)
                      0.219440    0.000924    2.869923 ^ _199_/A (sky130_fd_sc_hd__and2_2)
     1    0.002432    0.028453    0.114196    2.984119 ^ _199_/X (sky130_fd_sc_hd__and2_2)
                                                         _012_ (net)
                      0.028453    0.000025    2.984144 ^ _310_/D (sky130_fd_sc_hd__dfxtp_2)
                                              2.984144   data arrival time

                                 10.000000   10.000000   clock clk (rise edge)
                                  0.000000   10.000000   clock source latency
     1    0.015844    0.057962    0.037485   10.037485 ^ clk (in)
                                                         clk (net)
                      0.057979    0.000000   10.037485 ^ clkbuf_0_clk/A (sky130_fd_sc_hd__clkbuf_16)
     4    0.038999    0.044539    0.098919   10.136404 ^ clkbuf_0_clk/X (sky130_fd_sc_hd__clkbuf_16)
                                                         clknet_0_clk (net)
                      0.044541    0.000336   10.136740 ^ clkbuf_2_0__f_clk/A (sky130_fd_sc_hd__clkbuf_16)
     8    0.026699    0.035767    0.088207   10.224947 ^ clkbuf_2_0__f_clk/X (sky130_fd_sc_hd__clkbuf_16)
                                                         clknet_2_0__leaf_clk (net)
                      0.035782    0.000625   10.225572 ^ _310_/CLK (sky130_fd_sc_hd__dfxtp_2)
                                 -0.250000    9.975572   clock uncertainty
                                  0.000000    9.975572   clock reconvergence pessimism
                                 -0.031065    9.944507   library setup time
                                              9.944507   data required time
---------------------------------------------------------------------------------------------
                                              9.944507   data required time
                                             -2.984144   data arrival time
---------------------------------------------------------------------------------------------
                                              6.960362   slack (MET)


Startpoint: rst_n (input port clocked by clk)
Endpoint: _304_ (rising edge-triggered flip-flop clocked by clk)
Path Group: clk
Path Type: max

Fanout         Cap        Slew       Delay        Time   Description
---------------------------------------------------------------------------------------------
                                  0.000000    0.000000   clock clk (rise edge)
                                  0.000000    0.000000   clock network delay (propagated)
                                  2.000000    2.000000 ^ input external delay
     1    0.004088    0.018528    0.011129    2.011129 ^ rst_n (in)
                                                         rst_n (net)
                      0.018528    0.000000    2.011129 ^ input20/A (sky130_fd_sc_hd__clkdlybuf4s25_1)
     1    0.003338    0.035411    0.164982    2.176111 ^ input20/X (sky130_fd_sc_hd__clkdlybuf4s25_1)
                                                         net20 (net)
                      0.035411    0.000042    2.176153 ^ fanout38/A (sky130_fd_sc_hd__clkdlybuf4s25_1)
     7    0.037509    0.283149    0.352666    2.528819 ^ fanout38/X (sky130_fd_sc_hd__clkdlybuf4s25_1)
                                                         net38 (net)
                      0.283149    0.000151    2.528970 ^ fanout36/A (sky130_fd_sc_hd__clkdlybuf4s25_1)
    10    0.028776    0.219440    0.340030    2.868999 ^ fanout36/X (sky130_fd_sc_hd__clkdlybuf4s25_1)
                                                         net36 (net)
                      0.219444    0.001409    2.870408 ^ _193_/A (sky130_fd_sc_hd__and2_2)
     1    0.002535    0.028753    0.114604    2.985013 ^ _193_/X (sky130_fd_sc_hd__and2_2)
                                                         _006_ (net)
                      0.028753    0.000029    2.985041 ^ _304_/D (sky130_fd_sc_hd__dfxtp_2)
                                              2.985041   data arrival time

                                 10.000000   10.000000   clock clk (rise edge)
                                  0.000000   10.000000   clock source latency
     1    0.015844    0.057962    0.037485   10.037485 ^ clk (in)
                                                         clk (net)
                      0.057979    0.000000   10.037485 ^ clkbuf_0_clk/A (sky130_fd_sc_hd__clkbuf_16)
     4    0.038999    0.044539    0.098919   10.136404 ^ clkbuf_0_clk/X (sky130_fd_sc_hd__clkbuf_16)
                                                         clknet_0_clk (net)
                      0.044541    0.000338   10.136743 ^ clkbuf_2_1__f_clk/A (sky130_fd_sc_hd__clkbuf_16)
     8    0.028762    0.037231    0.089583   10.226326 ^ clkbuf_2_1__f_clk/X (sky130_fd_sc_hd__clkbuf_16)
                                                         clknet_2_1__leaf_clk (net)
                      0.037236    0.000433   10.226758 ^ _304_/CLK (sky130_fd_sc_hd__dfxtp_2)
                                 -0.250000    9.976758   clock uncertainty
                                  0.000000    9.976758   clock reconvergence pessimism
                                 -0.031048    9.945711   library setup time
                                              9.945711   data required time
---------------------------------------------------------------------------------------------
                                              9.945711   data required time
                                             -2.985041   data arrival time
---------------------------------------------------------------------------------------------
                                              6.960670   slack (MET)


Startpoint: rst_n (input port clocked by clk)
Endpoint: _311_ (rising edge-triggered flip-flop clocked by clk)
Path Group: clk
Path Type: max

Fanout         Cap        Slew       Delay        Time   Description
---------------------------------------------------------------------------------------------
                                  0.000000    0.000000   clock clk (rise edge)
                                  0.000000    0.000000   clock network delay (propagated)
                                  2.000000    2.000000 ^ input external delay
     1    0.004088    0.018528    0.011129    2.011129 ^ rst_n (in)
                                                         rst_n (net)
                      0.018528    0.000000    2.011129 ^ input20/A (sky130_fd_sc_hd__clkdlybuf4s25_1)
     1    0.003338    0.035411    0.164982    2.176111 ^ input20/X (sky130_fd_sc_hd__clkdlybuf4s25_1)
                                                         net20 (net)
                      0.035411    0.000042    2.176153 ^ fanout38/A (sky130_fd_sc_hd__clkdlybuf4s25_1)
     7    0.037509    0.283149    0.352666    2.528819 ^ fanout38/X (sky130_fd_sc_hd__clkdlybuf4s25_1)
                                                         net38 (net)
                      0.283149    0.000151    2.528970 ^ fanout36/A (sky130_fd_sc_hd__clkdlybuf4s25_1)
    10    0.028776    0.219440    0.340030    2.868999 ^ fanout36/X (sky130_fd_sc_hd__clkdlybuf4s25_1)
                                                         net36 (net)
                      0.219442    0.001215    2.870214 ^ _200_/A (sky130_fd_sc_hd__and2_2)
     1    0.002176    0.027705    0.113182    2.983397 ^ _200_/X (sky130_fd_sc_hd__and2_2)
                                                         _013_ (net)
                      0.027705    0.000022    2.983418 ^ _311_/D (sky130_fd_sc_hd__dfxtp_2)
                                              2.983418   data arrival time

                                 10.000000   10.000000   clock clk (rise edge)
                                  0.000000   10.000000   clock source latency
     1    0.015844    0.057962    0.037485   10.037485 ^ clk (in)
                                                         clk (net)
                      0.057979    0.000000   10.037485 ^ clkbuf_0_clk/A (sky130_fd_sc_hd__clkbuf_16)
     4    0.038999    0.044539    0.098919   10.136404 ^ clkbuf_0_clk/X (sky130_fd_sc_hd__clkbuf_16)
                                                         clknet_0_clk (net)
                      0.044541    0.000336   10.136740 ^ clkbuf_2_0__f_clk/A (sky130_fd_sc_hd__clkbuf_16)
     8    0.026699    0.035767    0.088207   10.224947 ^ clkbuf_2_0__f_clk/X (sky130_fd_sc_hd__clkbuf_16)
                                                         clknet_2_0__leaf_clk (net)
                      0.035788    0.000713   10.225659 ^ _311_/CLK (sky130_fd_sc_hd__dfxtp_2)
                                 -0.250000    9.975659   clock uncertainty
                                  0.000000    9.975659   clock reconvergence pessimism
                                 -0.030992    9.944668   library setup time
                                              9.944668   data required time
---------------------------------------------------------------------------------------------
                                              9.944668   data required time
                                             -2.983418   data arrival time
---------------------------------------------------------------------------------------------
                                              6.961249   slack (MET)


Startpoint: _323_ (rising edge-triggered flip-flop clocked by clk)
Endpoint: y[3] (output port clocked by clk)
Path Group: clk
Path Type: max

Fanout         Cap        Slew       Delay        Time   Description
---------------------------------------------------------------------------------------------
                                  0.000000    0.000000   clock clk (rise edge)
                                  0.000000    0.000000   clock source latency
     1    0.015844    0.057962    0.041430    0.041430 ^ clk (in)
                                                         clk (net)
                      0.057979    0.000000    0.041430 ^ clkbuf_0_clk/A (sky130_fd_sc_hd__clkbuf_16)
     4    0.038999    0.044539    0.109332    0.150762 ^ clkbuf_0_clk/X (sky130_fd_sc_hd__clkbuf_16)
                                                         clknet_0_clk (net)
                      0.044541    0.000373    0.151136 ^ clkbuf_2_1__f_clk/A (sky130_fd_sc_hd__clkbuf_16)
     8    0.028762    0.037231    0.099013    0.250149 ^ clkbuf_2_1__f_clk/X (sky130_fd_sc_hd__clkbuf_16)
                                                         clknet_2_1__leaf_clk (net)
                      0.037242    0.000635    0.250784 ^ _323_/CLK (sky130_fd_sc_hd__dfxtp_2)
     1    0.003300    0.023199    0.199779    0.450563 ^ _323_/Q (sky130_fd_sc_hd__dfxtp_2)
                                                         net27 (net)
                      0.023199    0.000042    0.450605 ^ output27/A (sky130_fd_sc_hd__clkdlybuf4s25_1)
     1    0.035323    0.267231    0.337509    0.788114 ^ output27/X (sky130_fd_sc_hd__clkdlybuf4s25_1)
                                                         y[3] (net)
                      0.267231    0.000618    0.788732 ^ y[3] (out)
                                              0.788732   data arrival time

                                 10.000000   10.000000   clock clk (rise edge)
                                  0.000000   10.000000   clock network delay (propagated)
                                 -0.250000    9.750000   clock uncertainty
                                  0.000000    9.750000   clock reconvergence pessimism
                                 -2.000000    7.750000   output external delay
                                              7.750000   data required time
---------------------------------------------------------------------------------------------
                                              7.750000   data required time
                                             -0.788732   data arrival time
---------------------------------------------------------------------------------------------
                                              6.961268   slack (MET)


Startpoint: rst_n (input port clocked by clk)
Endpoint: _320_ (rising edge-triggered flip-flop clocked by clk)
Path Group: clk
Path Type: max

Fanout         Cap        Slew       Delay        Time   Description
---------------------------------------------------------------------------------------------
                                  0.000000    0.000000   clock clk (rise edge)
                                  0.000000    0.000000   clock network delay (propagated)
                                  2.000000    2.000000 ^ input external delay
     1    0.004088    0.018528    0.011129    2.011129 ^ rst_n (in)
                                                         rst_n (net)
                      0.018528    0.000000    2.011129 ^ input20/A (sky130_fd_sc_hd__clkdlybuf4s25_1)
     1    0.003338    0.035411    0.164982    2.176111 ^ input20/X (sky130_fd_sc_hd__clkdlybuf4s25_1)
                                                         net20 (net)
                      0.035411    0.000042    2.176153 ^ fanout38/A (sky130_fd_sc_hd__clkdlybuf4s25_1)
     7    0.037509    0.283149    0.352666    2.528819 ^ fanout38/X (sky130_fd_sc_hd__clkdlybuf4s25_1)
                                                         net38 (net)
                      0.283149    0.000151    2.528970 ^ fanout36/A (sky130_fd_sc_hd__clkdlybuf4s25_1)
    10    0.028776    0.219440    0.340030    2.868999 ^ fanout36/X (sky130_fd_sc_hd__clkdlybuf4s25_1)
                                                         net36 (net)
                      0.219440    0.000425    2.869424 ^ _209_/A (sky130_fd_sc_hd__and2_2)
     1    0.002189    0.027744    0.113235    2.982659 ^ _209_/X (sky130_fd_sc_hd__and2_2)
                                                         _022_ (net)
                      0.027744    0.000022    2.982681 ^ _320_/D (sky130_fd_sc_hd__dfxtp_2)
                                              2.982681   data arrival time

                                 10.000000   10.000000   clock clk (rise edge)
                                  0.000000   10.000000   clock source latency
     1    0.015844    0.057962    0.037485   10.037485 ^ clk (in)
                                                         clk (net)
                      0.057979    0.000000   10.037485 ^ clkbuf_0_clk/A (sky130_fd_sc_hd__clkbuf_16)
     4    0.038999    0.044539    0.098919   10.136404 ^ clkbuf_0_clk/X (sky130_fd_sc_hd__clkbuf_16)
                                                         clknet_0_clk (net)
                      0.044541    0.000336   10.136740 ^ clkbuf_2_0__f_clk/A (sky130_fd_sc_hd__clkbuf_16)
     8    0.026699    0.035767    0.088207   10.224947 ^ clkbuf_2_0__f_clk/X (sky130_fd_sc_hd__clkbuf_16)
                                                         clknet_2_0__leaf_clk (net)
                      0.035773    0.000425   10.225372 ^ _320_/CLK (sky130_fd_sc_hd__dfxtp_2)
                                 -0.250000    9.975372   clock uncertainty
                                  0.000000    9.975372   clock reconvergence pessimism
                                 -0.030997    9.944375   library setup time
                                              9.944375   data required time
---------------------------------------------------------------------------------------------
                                              9.944375   data required time
                                             -2.982681   data arrival time
---------------------------------------------------------------------------------------------
                                              6.961695   slack (MET)


Startpoint: rst_n (input port clocked by clk)
Endpoint: _303_ (rising edge-triggered flip-flop clocked by clk)
Path Group: clk
Path Type: max

Fanout         Cap        Slew       Delay        Time   Description
---------------------------------------------------------------------------------------------
                                  0.000000    0.000000   clock clk (rise edge)
                                  0.000000    0.000000   clock network delay (propagated)
                                  2.000000    2.000000 ^ input external delay
     1    0.004088    0.018528    0.011129    2.011129 ^ rst_n (in)
                                                         rst_n (net)
                      0.018528    0.000000    2.011129 ^ input20/A (sky130_fd_sc_hd__clkdlybuf4s25_1)
     1    0.003338    0.035411    0.164982    2.176111 ^ input20/X (sky130_fd_sc_hd__clkdlybuf4s25_1)
                                                         net20 (net)
                      0.035411    0.000042    2.176153 ^ fanout38/A (sky130_fd_sc_hd__clkdlybuf4s25_1)
     7    0.037509    0.283149    0.352666    2.528819 ^ fanout38/X (sky130_fd_sc_hd__clkdlybuf4s25_1)
                                                         net38 (net)
                      0.283149    0.000151    2.528970 ^ fanout36/A (sky130_fd_sc_hd__clkdlybuf4s25_1)
    10    0.028776    0.219440    0.340030    2.868999 ^ fanout36/X (sky130_fd_sc_hd__clkdlybuf4s25_1)
                                                         net36 (net)
                      0.219444    0.001344    2.870344 ^ _192_/A (sky130_fd_sc_hd__and2_2)
     1    0.002015    0.027233    0.112546    2.982890 ^ _192_/X (sky130_fd_sc_hd__and2_2)
                                                         _005_ (net)
                      0.027233    0.000018    2.982908 ^ _303_/D (sky130_fd_sc_hd__dfxtp_2)
                                              2.982908   data arrival time

                                 10.000000   10.000000   clock clk (rise edge)
                                  0.000000   10.000000   clock source latency
     1    0.015844    0.057962    0.037485   10.037485 ^ clk (in)
                                                         clk (net)
                      0.057979    0.000000   10.037485 ^ clkbuf_0_clk/A (sky130_fd_sc_hd__clkbuf_16)
     4    0.038999    0.044539    0.098919   10.136404 ^ clkbuf_0_clk/X (sky130_fd_sc_hd__clkbuf_16)
                                                         clknet_0_clk (net)
                      0.044541    0.000336   10.136740 ^ clkbuf_2_0__f_clk/A (sky130_fd_sc_hd__clkbuf_16)
     8    0.026699    0.035767    0.088207   10.224947 ^ clkbuf_2_0__f_clk/X (sky130_fd_sc_hd__clkbuf_16)
                                                         clknet_2_0__leaf_clk (net)
                      0.035790    0.000751   10.225697 ^ _303_/CLK (sky130_fd_sc_hd__dfxtp_2)
                                 -0.250000    9.975697   clock uncertainty
                                  0.000000    9.975697   clock reconvergence pessimism
                                 -0.030946    9.944750   library setup time
                                              9.944750   data required time
---------------------------------------------------------------------------------------------
                                              9.944750   data required time
                                             -2.982908   data arrival time
---------------------------------------------------------------------------------------------
                                              6.961843   slack (MET)


Startpoint: rst_n (input port clocked by clk)
Endpoint: _302_ (rising edge-triggered flip-flop clocked by clk)
Path Group: clk
Path Type: max

Fanout         Cap        Slew       Delay        Time   Description
---------------------------------------------------------------------------------------------
                                  0.000000    0.000000   clock clk (rise edge)
                                  0.000000    0.000000   clock network delay (propagated)
                                  2.000000    2.000000 ^ input external delay
     1    0.004088    0.018528    0.011129    2.011129 ^ rst_n (in)
                                                         rst_n (net)
                      0.018528    0.000000    2.011129 ^ input20/A (sky130_fd_sc_hd__clkdlybuf4s25_1)
     1    0.003338    0.035411    0.164982    2.176111 ^ input20/X (sky130_fd_sc_hd__clkdlybuf4s25_1)
                                                         net20 (net)
                      0.035411    0.000042    2.176153 ^ fanout38/A (sky130_fd_sc_hd__clkdlybuf4s25_1)
     7    0.037509    0.283149    0.352666    2.528819 ^ fanout38/X (sky130_fd_sc_hd__clkdlybuf4s25_1)
                                                         net38 (net)
                      0.283149    0.000151    2.528970 ^ fanout36/A (sky130_fd_sc_hd__clkdlybuf4s25_1)
    10    0.028776    0.219440    0.340030    2.868999 ^ fanout36/X (sky130_fd_sc_hd__clkdlybuf4s25_1)
                                                         net36 (net)
                      0.219440    0.000815    2.869814 ^ _191_/A (sky130_fd_sc_hd__and2_2)
     1    0.002087    0.027443    0.112831    2.982646 ^ _191_/X (sky130_fd_sc_hd__and2_2)
                                                         _004_ (net)
                      0.027443    0.000011    2.982656 ^ _302_/D (sky130_fd_sc_hd__dfxtp_2)
                                              2.982656   data arrival time

                                 10.000000   10.000000   clock clk (rise edge)
                                  0.000000   10.000000   clock source latency
     1    0.015844    0.057962    0.037485   10.037485 ^ clk (in)
                                                         clk (net)
                      0.057979    0.000000   10.037485 ^ clkbuf_0_clk/A (sky130_fd_sc_hd__clkbuf_16)
     4    0.038999    0.044539    0.098919   10.136404 ^ clkbuf_0_clk/X (sky130_fd_sc_hd__clkbuf_16)
                                                         clknet_0_clk (net)
                      0.044541    0.000336   10.136740 ^ clkbuf_2_0__f_clk/A (sky130_fd_sc_hd__clkbuf_16)
     8    0.026699    0.035767    0.088207   10.224947 ^ clkbuf_2_0__f_clk/X (sky130_fd_sc_hd__clkbuf_16)
                                                         clknet_2_0__leaf_clk (net)
                      0.035780    0.000588   10.225534 ^ _302_/CLK (sky130_fd_sc_hd__dfxtp_2)
                                 -0.250000    9.975534   clock uncertainty
                                  0.000000    9.975534   clock reconvergence pessimism
                                 -0.030967    9.944568   library setup time
                                              9.944568   data required time
---------------------------------------------------------------------------------------------
                                              9.944568   data required time
                                             -2.982656   data arrival time
---------------------------------------------------------------------------------------------
                                              6.961911   slack (MET)


Startpoint: rst_n (input port clocked by clk)
Endpoint: _314_ (rising edge-triggered flip-flop clocked by clk)
Path Group: clk
Path Type: max

Fanout         Cap        Slew       Delay        Time   Description
---------------------------------------------------------------------------------------------
                                  0.000000    0.000000   clock clk (rise edge)
                                  0.000000    0.000000   clock network delay (propagated)
                                  2.000000    2.000000 ^ input external delay
     1    0.004088    0.018528    0.011129    2.011129 ^ rst_n (in)
                                                         rst_n (net)
                      0.018528    0.000000    2.011129 ^ input20/A (sky130_fd_sc_hd__clkdlybuf4s25_1)
     1    0.003338    0.035411    0.164982    2.176111 ^ input20/X (sky130_fd_sc_hd__clkdlybuf4s25_1)
                                                         net20 (net)
                      0.035411    0.000042    2.176153 ^ fanout38/A (sky130_fd_sc_hd__clkdlybuf4s25_1)
     7    0.037509    0.283149    0.352666    2.528819 ^ fanout38/X (sky130_fd_sc_hd__clkdlybuf4s25_1)
                                                         net38 (net)
                      0.283149    0.000151    2.528970 ^ fanout36/A (sky130_fd_sc_hd__clkdlybuf4s25_1)
    10    0.028776    0.219440    0.340030    2.868999 ^ fanout36/X (sky130_fd_sc_hd__clkdlybuf4s25_1)
                                                         net36 (net)
                      0.219440    0.000161    2.869160 ^ _203_/A (sky130_fd_sc_hd__and2_2)
     1    0.002210    0.027803    0.113315    2.982475 ^ _203_/X (sky130_fd_sc_hd__and2_2)
                                                         _016_ (net)
                      0.027803    0.000022    2.982497 ^ _314_/D (sky130_fd_sc_hd__dfxtp_2)
                                              2.982497   data arrival time

                                 10.000000   10.000000   clock clk (rise edge)
                                  0.000000   10.000000   clock source latency
     1    0.015844    0.057962    0.037485   10.037485 ^ clk (in)
                                                         clk (net)
                      0.057979    0.000000   10.037485 ^ clkbuf_0_clk/A (sky130_fd_sc_hd__clkbuf_16)
     4    0.038999    0.044539    0.098919   10.136404 ^ clkbuf_0_clk/X (sky130_fd_sc_hd__clkbuf_16)
                                                         clknet_0_clk (net)
                      0.044541    0.000336   10.136740 ^ clkbuf_2_0__f_clk/A (sky130_fd_sc_hd__clkbuf_16)
     8    0.026699    0.035767    0.088207   10.224947 ^ clkbuf_2_0__f_clk/X (sky130_fd_sc_hd__clkbuf_16)
                                                         clknet_2_0__leaf_clk (net)
                      0.035774    0.000463   10.225410 ^ _314_/CLK (sky130_fd_sc_hd__dfxtp_2)
                                 -0.250000    9.975410   clock uncertainty
                                  0.000000    9.975410   clock reconvergence pessimism
                                 -0.031002    9.944407   library setup time
                                              9.944407   data required time
---------------------------------------------------------------------------------------------
                                              9.944407   data required time
                                             -2.982497   data arrival time
---------------------------------------------------------------------------------------------
                                              6.961911   slack (MET)


Startpoint: rst_n (input port clocked by clk)
Endpoint: _305_ (rising edge-triggered flip-flop clocked by clk)
Path Group: clk
Path Type: max

Fanout         Cap        Slew       Delay        Time   Description
---------------------------------------------------------------------------------------------
                                  0.000000    0.000000   clock clk (rise edge)
                                  0.000000    0.000000   clock network delay (propagated)
                                  2.000000    2.000000 ^ input external delay
     1    0.004088    0.018528    0.011129    2.011129 ^ rst_n (in)
                                                         rst_n (net)
                      0.018528    0.000000    2.011129 ^ input20/A (sky130_fd_sc_hd__clkdlybuf4s25_1)
     1    0.003338    0.035411    0.164982    2.176111 ^ input20/X (sky130_fd_sc_hd__clkdlybuf4s25_1)
                                                         net20 (net)
                      0.035411    0.000042    2.176153 ^ fanout38/A (sky130_fd_sc_hd__clkdlybuf4s25_1)
     7    0.037509    0.283149    0.352666    2.528819 ^ fanout38/X (sky130_fd_sc_hd__clkdlybuf4s25_1)
                                                         net38 (net)
                      0.283149    0.000151    2.528970 ^ fanout36/A (sky130_fd_sc_hd__clkdlybuf4s25_1)
    10    0.028776    0.219440    0.340030    2.868999 ^ fanout36/X (sky130_fd_sc_hd__clkdlybuf4s25_1)
                                                         net36 (net)
                      0.219445    0.001494    2.870493 ^ _194_/A (sky130_fd_sc_hd__and2_2)
     1    0.002070    0.027393    0.112761    2.983254 ^ _194_/X (sky130_fd_sc_hd__and2_2)
                                                         _007_ (net)
                      0.027393    0.000019    2.983274 ^ _305_/D (sky130_fd_sc_hd__dfxtp_2)
                                              2.983274   data arrival time

                                 10.000000   10.000000   clock clk (rise edge)
                                  0.000000   10.000000   clock source latency
     1    0.015844    0.057962    0.037485   10.037485 ^ clk (in)
                                                         clk (net)
                      0.057979    0.000000   10.037485 ^ clkbuf_0_clk/A (sky130_fd_sc_hd__clkbuf_16)
     4    0.038999    0.044539    0.098919   10.136404 ^ clkbuf_0_clk/X (sky130_fd_sc_hd__clkbuf_16)
                                                         clknet_0_clk (net)
                      0.044541    0.000338   10.136743 ^ clkbuf_2_1__f_clk/A (sky130_fd_sc_hd__clkbuf_16)
     8    0.028762    0.037231    0.089583   10.226326 ^ clkbuf_2_1__f_clk/X (sky130_fd_sc_hd__clkbuf_16)
                                                         clknet_2_1__leaf_clk (net)
                      0.037245    0.000635   10.226961 ^ _305_/CLK (sky130_fd_sc_hd__dfxtp_2)
                                 -0.250000    9.976961   clock uncertainty
                                  0.000000    9.976961   clock reconvergence pessimism
                                 -0.030915    9.946045   library setup time
                                              9.946045   data required time
---------------------------------------------------------------------------------------------
                                              9.946045   data required time
                                             -2.983274   data arrival time
---------------------------------------------------------------------------------------------
                                              6.962772   slack (MET)


Startpoint: rst_n (input port clocked by clk)
Endpoint: _312_ (rising edge-triggered flip-flop clocked by clk)
Path Group: clk
Path Type: max

Fanout         Cap        Slew       Delay        Time   Description
---------------------------------------------------------------------------------------------
                                  0.000000    0.000000   clock clk (rise edge)
                                  0.000000    0.000000   clock network delay (propagated)
                                  2.000000    2.000000 ^ input external delay
     1    0.004088    0.018528    0.011129    2.011129 ^ rst_n (in)
                                                         rst_n (net)
                      0.018528    0.000000    2.011129 ^ input20/A (sky130_fd_sc_hd__clkdlybuf4s25_1)
     1    0.003338    0.035411    0.164982    2.176111 ^ input20/X (sky130_fd_sc_hd__clkdlybuf4s25_1)
                                                         net20 (net)
                      0.035411    0.000042    2.176153 ^ fanout38/A (sky130_fd_sc_hd__clkdlybuf4s25_1)
     7    0.037509    0.283149    0.352666    2.528819 ^ fanout38/X (sky130_fd_sc_hd__clkdlybuf4s25_1)
                                                         net38 (net)
                      0.283149    0.000151    2.528970 ^ fanout36/A (sky130_fd_sc_hd__clkdlybuf4s25_1)
    10    0.028776    0.219440    0.340030    2.868999 ^ fanout36/X (sky130_fd_sc_hd__clkdlybuf4s25_1)
                                                         net36 (net)
                      0.219445    0.001449    2.870448 ^ _201_/A (sky130_fd_sc_hd__and2_2)
     1    0.002023    0.027255    0.112576    2.983024 ^ _201_/X (sky130_fd_sc_hd__and2_2)
                                                         _014_ (net)
                      0.027255    0.000018    2.983042 ^ _312_/D (sky130_fd_sc_hd__dfxtp_2)
                                              2.983042   data arrival time

                                 10.000000   10.000000   clock clk (rise edge)
                                  0.000000   10.000000   clock source latency
     1    0.015844    0.057962    0.037485   10.037485 ^ clk (in)
                                                         clk (net)
                      0.057979    0.000000   10.037485 ^ clkbuf_0_clk/A (sky130_fd_sc_hd__clkbuf_16)
     4    0.038999    0.044539    0.098919   10.136404 ^ clkbuf_0_clk/X (sky130_fd_sc_hd__clkbuf_16)
                                                         clknet_0_clk (net)
                      0.044541    0.000338   10.136743 ^ clkbuf_2_1__f_clk/A (sky130_fd_sc_hd__clkbuf_16)
     8    0.028762    0.037231    0.089583   10.226326 ^ clkbuf_2_1__f_clk/X (sky130_fd_sc_hd__clkbuf_16)
                                                         clknet_2_1__leaf_clk (net)
                      0.037238    0.000476   10.226802 ^ _312_/CLK (sky130_fd_sc_hd__dfxtp_2)
                                 -0.250000    9.976802   clock uncertainty
                                  0.000000    9.976802   clock reconvergence pessimism
                                 -0.030902    9.945900   library setup time
                                              9.945900   data required time
---------------------------------------------------------------------------------------------
                                              9.945900   data required time
                                             -2.983042   data arrival time
---------------------------------------------------------------------------------------------
                                              6.962857   slack (MET)


Startpoint: _300_ (rising edge-triggered flip-flop clocked by clk)
Endpoint: zero (output port clocked by clk)
Path Group: clk
Path Type: max

Fanout         Cap        Slew       Delay        Time   Description
---------------------------------------------------------------------------------------------
                                  0.000000    0.000000   clock clk (rise edge)
                                  0.000000    0.000000   clock source latency
     1    0.015844    0.057962    0.041430    0.041430 ^ clk (in)
                                                         clk (net)
                      0.057979    0.000000    0.041430 ^ clkbuf_0_clk/A (sky130_fd_sc_hd__clkbuf_16)
     4    0.038999    0.044539    0.109332    0.150762 ^ clkbuf_0_clk/X (sky130_fd_sc_hd__clkbuf_16)
                                                         clknet_0_clk (net)
                      0.044547    0.000551    0.151314 ^ clkbuf_2_3__f_clk/A (sky130_fd_sc_hd__clkbuf_16)
     8    0.025602    0.034993    0.096629    0.247943 ^ clkbuf_2_3__f_clk/X (sky130_fd_sc_hd__clkbuf_16)
                                                         clknet_2_3__leaf_clk (net)
                      0.035023    0.000926    0.248869 ^ _300_/CLK (sky130_fd_sc_hd__dfxtp_2)
     1    0.003295    0.023184    0.199065    0.447933 ^ _300_/Q (sky130_fd_sc_hd__dfxtp_2)
                                                         net32 (net)
                      0.023184    0.000038    0.447972 ^ output32/A (sky130_fd_sc_hd__clkdlybuf4s25_1)
     1    0.035241    0.266627    0.337055    0.785027 ^ output32/X (sky130_fd_sc_hd__clkdlybuf4s25_1)
                                                         zero (net)
                      0.266627    0.000631    0.785658 ^ zero (out)
                                              0.785658   data arrival time

                                 10.000000   10.000000   clock clk (rise edge)
                                  0.000000   10.000000   clock network delay (propagated)
                                 -0.250000    9.750000   clock uncertainty
                                  0.000000    9.750000   clock reconvergence pessimism
                                 -2.000000    7.750000   output external delay
                                              7.750000   data required time
---------------------------------------------------------------------------------------------
                                              7.750000   data required time
                                             -0.785658   data arrival time
---------------------------------------------------------------------------------------------
                                              6.964342   slack (MET)


Startpoint: _324_ (rising edge-triggered flip-flop clocked by clk)
Endpoint: y[4] (output port clocked by clk)
Path Group: clk
Path Type: max

Fanout         Cap        Slew       Delay        Time   Description
---------------------------------------------------------------------------------------------
                                  0.000000    0.000000   clock clk (rise edge)
                                  0.000000    0.000000   clock source latency
     1    0.015844    0.057962    0.041430    0.041430 ^ clk (in)
                                                         clk (net)
                      0.057979    0.000000    0.041430 ^ clkbuf_0_clk/A (sky130_fd_sc_hd__clkbuf_16)
     4    0.038999    0.044539    0.109332    0.150762 ^ clkbuf_0_clk/X (sky130_fd_sc_hd__clkbuf_16)
                                                         clknet_0_clk (net)
                      0.044541    0.000373    0.151136 ^ clkbuf_2_1__f_clk/A (sky130_fd_sc_hd__clkbuf_16)
     8    0.028762    0.037231    0.099013    0.250149 ^ clkbuf_2_1__f_clk/X (sky130_fd_sc_hd__clkbuf_16)
                                                         clknet_2_1__leaf_clk (net)
                      0.037249    0.000772    0.250921 ^ _324_/CLK (sky130_fd_sc_hd__dfxtp_2)
     1    0.003316    0.023244    0.199838    0.450759 ^ _324_/Q (sky130_fd_sc_hd__dfxtp_2)
                                                         net28 (net)
                      0.023244    0.000031    0.450790 ^ output28/A (sky130_fd_sc_hd__clkdlybuf4s25_1)
     1    0.034647    0.262196    0.334174    0.784964 ^ output28/X (sky130_fd_sc_hd__clkdlybuf4s25_1)
                                                         y[4] (net)
                      0.262196    0.000244    0.785208 ^ y[4] (out)
                                              0.785208   data arrival time

                                 10.000000   10.000000   clock clk (rise edge)
                                  0.000000   10.000000   clock network delay (propagated)
                                 -0.250000    9.750000   clock uncertainty
                                  0.000000    9.750000   clock reconvergence pessimism
                                 -2.000000    7.750000   output external delay
                                              7.750000   data required time
---------------------------------------------------------------------------------------------
                                              7.750000   data required time
                                             -0.785208   data arrival time
---------------------------------------------------------------------------------------------
                                              6.964793   slack (MET)


Startpoint: _325_ (rising edge-triggered flip-flop clocked by clk)
Endpoint: y[5] (output port clocked by clk)
Path Group: clk
Path Type: max

Fanout         Cap        Slew       Delay        Time   Description
---------------------------------------------------------------------------------------------
                                  0.000000    0.000000   clock clk (rise edge)
                                  0.000000    0.000000   clock source latency
     1    0.015844    0.057962    0.041430    0.041430 ^ clk (in)
                                                         clk (net)
                      0.057979    0.000000    0.041430 ^ clkbuf_0_clk/A (sky130_fd_sc_hd__clkbuf_16)
     4    0.038999    0.044539    0.109332    0.150762 ^ clkbuf_0_clk/X (sky130_fd_sc_hd__clkbuf_16)
                                                         clknet_0_clk (net)
                      0.044547    0.000551    0.151314 ^ clkbuf_2_3__f_clk/A (sky130_fd_sc_hd__clkbuf_16)
     8    0.025602    0.034993    0.096629    0.247943 ^ clkbuf_2_3__f_clk/X (sky130_fd_sc_hd__clkbuf_16)
                                                         clknet_2_3__leaf_clk (net)
                      0.035027    0.000978    0.248921 ^ _325_/CLK (sky130_fd_sc_hd__dfxtp_2)
     1    0.003154    0.022574    0.198594    0.447515 ^ _325_/Q (sky130_fd_sc_hd__dfxtp_2)
                                                         net29 (net)
                      0.022574    0.000039    0.447554 ^ output29/A (sky130_fd_sc_hd__clkdlybuf4s25_1)
     1    0.035132    0.265816    0.336344    0.783898 ^ output29/X (sky130_fd_sc_hd__clkdlybuf4s25_1)
                                                         y[5] (net)
                      0.265816    0.000571    0.784469 ^ y[5] (out)
                                              0.784469   data arrival time

                                 10.000000   10.000000   clock clk (rise edge)
                                  0.000000   10.000000   clock network delay (propagated)
                                 -0.250000    9.750000   clock uncertainty
                                  0.000000    9.750000   clock reconvergence pessimism
                                 -2.000000    7.750000   output external delay
                                              7.750000   data required time
---------------------------------------------------------------------------------------------
                                              7.750000   data required time
                                             -0.784469   data arrival time
---------------------------------------------------------------------------------------------
                                              6.965530   slack (MET)


Startpoint: _298_ (rising edge-triggered flip-flop clocked by clk)
Endpoint: overflow (output port clocked by clk)
Path Group: clk
Path Type: max

Fanout         Cap        Slew       Delay        Time   Description
---------------------------------------------------------------------------------------------
                                  0.000000    0.000000   clock clk (rise edge)
                                  0.000000    0.000000   clock source latency
     1    0.015844    0.057962    0.041430    0.041430 ^ clk (in)
                                                         clk (net)
                      0.057979    0.000000    0.041430 ^ clkbuf_0_clk/A (sky130_fd_sc_hd__clkbuf_16)
     4    0.038999    0.044539    0.109332    0.150762 ^ clkbuf_0_clk/X (sky130_fd_sc_hd__clkbuf_16)
                                                         clknet_0_clk (net)
                      0.044547    0.000551    0.151314 ^ clkbuf_2_3__f_clk/A (sky130_fd_sc_hd__clkbuf_16)
     8    0.025602    0.034993    0.096629    0.247943 ^ clkbuf_2_3__f_clk/X (sky130_fd_sc_hd__clkbuf_16)
                                                         clknet_2_3__leaf_clk (net)
                      0.035004    0.000620    0.248563 ^ _298_/CLK (sky130_fd_sc_hd__dfxtp_2)
     1    0.003147    0.022556    0.198563    0.447126 ^ _298_/Q (sky130_fd_sc_hd__dfxtp_2)
                                                         net23 (net)
                      0.022556    0.000037    0.447163 ^ output23/A (sky130_fd_sc_hd__clkdlybuf4s25_1)
     1    0.035069    0.265363    0.335983    0.783145 ^ output23/X (sky130_fd_sc_hd__clkdlybuf4s25_1)
                                                         overflow (net)
                      0.265363    0.000604    0.783749 ^ overflow (out)
                                              0.783749   data arrival time

                                 10.000000   10.000000   clock clk (rise edge)
                                  0.000000   10.000000   clock network delay (propagated)
                                 -0.250000    9.750000   clock uncertainty
                                  0.000000    9.750000   clock reconvergence pessimism
                                 -2.000000    7.750000   output external delay
                                              7.750000   data required time
---------------------------------------------------------------------------------------------
                                              7.750000   data required time
                                             -0.783749   data arrival time
---------------------------------------------------------------------------------------------
                                              6.966251   slack (MET)


Startpoint: _326_ (rising edge-triggered flip-flop clocked by clk)
Endpoint: y[6] (output port clocked by clk)
Path Group: clk
Path Type: max

Fanout         Cap        Slew       Delay        Time   Description
---------------------------------------------------------------------------------------------
                                  0.000000    0.000000   clock clk (rise edge)
                                  0.000000    0.000000   clock source latency
     1    0.015844    0.057962    0.041430    0.041430 ^ clk (in)
                                                         clk (net)
                      0.057979    0.000000    0.041430 ^ clkbuf_0_clk/A (sky130_fd_sc_hd__clkbuf_16)
     4    0.038999    0.044539    0.109332    0.150762 ^ clkbuf_0_clk/X (sky130_fd_sc_hd__clkbuf_16)
                                                         clknet_0_clk (net)
                      0.044547    0.000551    0.151314 ^ clkbuf_2_3__f_clk/A (sky130_fd_sc_hd__clkbuf_16)
     8    0.025602    0.034993    0.096629    0.247943 ^ clkbuf_2_3__f_clk/X (sky130_fd_sc_hd__clkbuf_16)
                                                         clknet_2_3__leaf_clk (net)
                      0.035011    0.000751    0.248694 ^ _326_/CLK (sky130_fd_sc_hd__dfxtp_2)
     1    0.002742    0.021527    0.197208    0.445901 ^ _326_/Q (sky130_fd_sc_hd__dfxtp_2)
                                                         net30 (net)
                      0.021527    0.000026    0.445927 ^ output30/A (sky130_fd_sc_hd__clkdlybuf4s25_1)
     1    0.035138    0.265852    0.336092    0.782020 ^ output30/X (sky130_fd_sc_hd__clkdlybuf4s25_1)
                                                         y[6] (net)
                      0.265852    0.000562    0.782581 ^ y[6] (out)
                                              0.782581   data arrival time

                                 10.000000   10.000000   clock clk (rise edge)
                                  0.000000   10.000000   clock network delay (propagated)
                                 -0.250000    9.750000   clock uncertainty
                                  0.000000    9.750000   clock reconvergence pessimism
                                 -2.000000    7.750000   output external delay
                                              7.750000   data required time
---------------------------------------------------------------------------------------------
                                              7.750000   data required time
                                             -0.782581   data arrival time
---------------------------------------------------------------------------------------------
                                              6.967419   slack (MET)


Startpoint: _321_ (rising edge-triggered flip-flop clocked by clk)
Endpoint: y[1] (output port clocked by clk)
Path Group: clk
Path Type: max

Fanout         Cap        Slew       Delay        Time   Description
---------------------------------------------------------------------------------------------
                                  0.000000    0.000000   clock clk (rise edge)
                                  0.000000    0.000000   clock source latency
     1    0.015844    0.057962    0.041430    0.041430 ^ clk (in)
                                                         clk (net)
                      0.057979    0.000000    0.041430 ^ clkbuf_0_clk/A (sky130_fd_sc_hd__clkbuf_16)
     4    0.038999    0.044539    0.109332    0.150762 ^ clkbuf_0_clk/X (sky130_fd_sc_hd__clkbuf_16)
                                                         clknet_0_clk (net)
                      0.044541    0.000370    0.151133 ^ clkbuf_2_0__f_clk/A (sky130_fd_sc_hd__clkbuf_16)
     8    0.026699    0.035767    0.097492    0.248625 ^ clkbuf_2_0__f_clk/X (sky130_fd_sc_hd__clkbuf_16)
                                                         clknet_2_0__leaf_clk (net)
                      0.035774    0.000522    0.249148 ^ _321_/CLK (sky130_fd_sc_hd__dfxtp_2)
     1    0.003090    0.022408    0.198615    0.447763 ^ _321_/Q (sky130_fd_sc_hd__dfxtp_2)
                                                         net25 (net)
                      0.022408    0.000034    0.447796 ^ output25/A (sky130_fd_sc_hd__clkdlybuf4s25_1)
     1    0.034706    0.262653    0.334163    0.781959 ^ output25/X (sky130_fd_sc_hd__clkdlybuf4s25_1)
                                                         y[1] (net)
                      0.262653    0.000371    0.782330 ^ y[1] (out)
                                              0.782330   data arrival time

                                 10.000000   10.000000   clock clk (rise edge)
                                  0.000000   10.000000   clock network delay (propagated)
                                 -0.250000    9.750000   clock uncertainty
                                  0.000000    9.750000   clock reconvergence pessimism
                                 -2.000000    7.750000   output external delay
                                              7.750000   data required time
---------------------------------------------------------------------------------------------
                                              7.750000   data required time
                                             -0.782330   data arrival time
---------------------------------------------------------------------------------------------
                                              6.967670   slack (MET)


Startpoint: _320_ (rising edge-triggered flip-flop clocked by clk)
Endpoint: y[0] (output port clocked by clk)
Path Group: clk
Path Type: max

Fanout         Cap        Slew       Delay        Time   Description
---------------------------------------------------------------------------------------------
                                  0.000000    0.000000   clock clk (rise edge)
                                  0.000000    0.000000   clock source latency
     1    0.015844    0.057962    0.041430    0.041430 ^ clk (in)
                                                         clk (net)
                      0.057979    0.000000    0.041430 ^ clkbuf_0_clk/A (sky130_fd_sc_hd__clkbuf_16)
     4    0.038999    0.044539    0.109332    0.150762 ^ clkbuf_0_clk/X (sky130_fd_sc_hd__clkbuf_16)
                                                         clknet_0_clk (net)
                      0.044541    0.000370    0.151133 ^ clkbuf_2_0__f_clk/A (sky130_fd_sc_hd__clkbuf_16)
     8    0.026699    0.035767    0.097492    0.248625 ^ clkbuf_2_0__f_clk/X (sky130_fd_sc_hd__clkbuf_16)
                                                         clknet_2_0__leaf_clk (net)
                      0.035773    0.000470    0.249095 ^ _320_/CLK (sky130_fd_sc_hd__dfxtp_2)
     1    0.002766    0.021588    0.197530    0.446625 ^ _320_/Q (sky130_fd_sc_hd__dfxtp_2)
                                                         net24 (net)
                      0.021588    0.000028    0.446653 ^ output24/A (sky130_fd_sc_hd__clkdlybuf4s25_1)
     1    0.034803    0.263366    0.334443    0.781096 ^ output24/X (sky130_fd_sc_hd__clkdlybuf4s25_1)
                                                         y[0] (net)
                      0.263366    0.000391    0.781487 ^ y[0] (out)
                                              0.781487   data arrival time

                                 10.000000   10.000000   clock clk (rise edge)
                                  0.000000   10.000000   clock network delay (propagated)
                                 -0.250000    9.750000   clock uncertainty
                                  0.000000    9.750000   clock reconvergence pessimism
                                 -2.000000    7.750000   output external delay
                                              7.750000   data required time
---------------------------------------------------------------------------------------------
                                              7.750000   data required time
                                             -0.781487   data arrival time
---------------------------------------------------------------------------------------------
                                              6.968513   slack (MET)


Startpoint: _299_ (rising edge-triggered flip-flop clocked by clk)
Endpoint: carry (output port clocked by clk)
Path Group: clk
Path Type: max

Fanout         Cap        Slew       Delay        Time   Description
---------------------------------------------------------------------------------------------
                                  0.000000    0.000000   clock clk (rise edge)
                                  0.000000    0.000000   clock source latency
     1    0.015844    0.057962    0.041430    0.041430 ^ clk (in)
                                                         clk (net)
                      0.057979    0.000000    0.041430 ^ clkbuf_0_clk/A (sky130_fd_sc_hd__clkbuf_16)
     4    0.038999    0.044539    0.109332    0.150762 ^ clkbuf_0_clk/X (sky130_fd_sc_hd__clkbuf_16)
                                                         clknet_0_clk (net)
                      0.044547    0.000551    0.151314 ^ clkbuf_2_3__f_clk/A (sky130_fd_sc_hd__clkbuf_16)
     8    0.025602    0.034993    0.096629    0.247943 ^ clkbuf_2_3__f_clk/X (sky130_fd_sc_hd__clkbuf_16)
                                                         clknet_2_3__leaf_clk (net)
                      0.034994    0.000373    0.248315 ^ _299_/CLK (sky130_fd_sc_hd__dfxtp_2)
     1    0.003210    0.022720    0.198770    0.447085 ^ _299_/Q (sky130_fd_sc_hd__dfxtp_2)
                                                         net21 (net)
                      0.022720    0.000040    0.447126 ^ output21/A (sky130_fd_sc_hd__clkdlybuf4s25_1)
     1    0.034653    0.262239    0.334055    0.781180 ^ output21/X (sky130_fd_sc_hd__clkdlybuf4s25_1)
                                                         carry (net)
                      0.262239    0.000244    0.781424 ^ carry (out)
                                              0.781424   data arrival time

                                 10.000000   10.000000   clock clk (rise edge)
                                  0.000000   10.000000   clock network delay (propagated)
                                 -0.250000    9.750000   clock uncertainty
                                  0.000000    9.750000   clock reconvergence pessimism
                                 -2.000000    7.750000   output external delay
                                              7.750000   data required time
---------------------------------------------------------------------------------------------
                                              7.750000   data required time
                                             -0.781424   data arrival time
---------------------------------------------------------------------------------------------
                                              6.968575   slack (MET)


Startpoint: _322_ (rising edge-triggered flip-flop clocked by clk)
Endpoint: y[2] (output port clocked by clk)
Path Group: clk
Path Type: max

Fanout         Cap        Slew       Delay        Time   Description
---------------------------------------------------------------------------------------------
                                  0.000000    0.000000   clock clk (rise edge)
                                  0.000000    0.000000   clock source latency
     1    0.015844    0.057962    0.041430    0.041430 ^ clk (in)
                                                         clk (net)
                      0.057979    0.000000    0.041430 ^ clkbuf_0_clk/A (sky130_fd_sc_hd__clkbuf_16)
     4    0.038999    0.044539    0.109332    0.150762 ^ clkbuf_0_clk/X (sky130_fd_sc_hd__clkbuf_16)
                                                         clknet_0_clk (net)
                      0.044547    0.000551    0.151314 ^ clkbuf_2_3__f_clk/A (sky130_fd_sc_hd__clkbuf_16)
     8    0.025602    0.034993    0.096629    0.247943 ^ clkbuf_2_3__f_clk/X (sky130_fd_sc_hd__clkbuf_16)
                                                         clknet_2_3__leaf_clk (net)
                      0.035024    0.000942    0.248885 ^ _322_/CLK (sky130_fd_sc_hd__dfxtp_2)
     1    0.002582    0.021139    0.196678    0.445563 ^ _322_/Q (sky130_fd_sc_hd__dfxtp_2)
                                                         net26 (net)
                      0.021139    0.000023    0.445586 ^ output26/A (sky130_fd_sc_hd__clkdlybuf4s25_1)
     1    0.034959    0.264539    0.335038    0.780624 ^ output26/X (sky130_fd_sc_hd__clkdlybuf4s25_1)
                                                         y[2] (net)
                      0.264539    0.000556    0.781180 ^ y[2] (out)
                                              0.781180   data arrival time

                                 10.000000   10.000000   clock clk (rise edge)
                                  0.000000   10.000000   clock network delay (propagated)
                                 -0.250000    9.750000   clock uncertainty
                                  0.000000    9.750000   clock reconvergence pessimism
                                 -2.000000    7.750000   output external delay
                                              7.750000   data required time
---------------------------------------------------------------------------------------------
                                              7.750000   data required time
                                             -0.781180   data arrival time
---------------------------------------------------------------------------------------------
                                              6.968820   slack (MET)


Startpoint: rst_n (input port clocked by clk)
Endpoint: _306_ (rising edge-triggered flip-flop clocked by clk)
Path Group: clk
Path Type: max

Fanout         Cap        Slew       Delay        Time   Description
---------------------------------------------------------------------------------------------
                                  0.000000    0.000000   clock clk (rise edge)
                                  0.000000    0.000000   clock network delay (propagated)
                                  2.000000    2.000000 ^ input external delay
     1    0.004088    0.018528    0.011129    2.011129 ^ rst_n (in)
                                                         rst_n (net)
                      0.018528    0.000000    2.011129 ^ input20/A (sky130_fd_sc_hd__clkdlybuf4s25_1)
     1    0.003338    0.035411    0.164982    2.176111 ^ input20/X (sky130_fd_sc_hd__clkdlybuf4s25_1)
                                                         net20 (net)
                      0.035411    0.000042    2.176153 ^ fanout38/A (sky130_fd_sc_hd__clkdlybuf4s25_1)
     7    0.037509    0.283149    0.352666    2.528819 ^ fanout38/X (sky130_fd_sc_hd__clkdlybuf4s25_1)
                                                         net38 (net)
                      0.283149    0.000058    2.528877 ^ fanout37/A (sky130_fd_sc_hd__clkdlybuf4s25_1)
    10    0.025028    0.191779    0.320463    2.849340 ^ fanout37/X (sky130_fd_sc_hd__clkdlybuf4s25_1)
                                                         net37 (net)
                      0.191779    0.000510    2.849850 ^ _195_/A (sky130_fd_sc_hd__and2_2)
     1    0.002373    0.027406    0.110437    2.960287 ^ _195_/X (sky130_fd_sc_hd__and2_2)
                                                         _008_ (net)
                      0.027406    0.000024    2.960311 ^ _306_/D (sky130_fd_sc_hd__dfxtp_2)
                                              2.960311   data arrival time

                                 10.000000   10.000000   clock clk (rise edge)
                                  0.000000   10.000000   clock source latency
     1    0.015844    0.057962    0.037485   10.037485 ^ clk (in)
                                                         clk (net)
                      0.057979    0.000000   10.037485 ^ clkbuf_0_clk/A (sky130_fd_sc_hd__clkbuf_16)
     4    0.038999    0.044539    0.098919   10.136404 ^ clkbuf_0_clk/X (sky130_fd_sc_hd__clkbuf_16)
                                                         clknet_0_clk (net)
                      0.044547    0.000501   10.136905 ^ clkbuf_2_2__f_clk/A (sky130_fd_sc_hd__clkbuf_16)
     8    0.025447    0.034886    0.087458   10.224363 ^ clkbuf_2_2__f_clk/X (sky130_fd_sc_hd__clkbuf_16)
                                                         clknet_2_2__leaf_clk (net)
                      0.034893    0.000424   10.224787 ^ _306_/CLK (sky130_fd_sc_hd__dfxtp_2)
                                 -0.250000    9.974787   clock uncertainty
                                  0.000000    9.974787   clock reconvergence pessimism
                                 -0.030992    9.943794   library setup time
                                              9.943794   data required time
---------------------------------------------------------------------------------------------
                                              9.943794   data required time
                                             -2.960311   data arrival time
---------------------------------------------------------------------------------------------
                                              6.983483   slack (MET)


Startpoint: rst_n (input port clocked by clk)
Endpoint: _307_ (rising edge-triggered flip-flop clocked by clk)
Path Group: clk
Path Type: max

Fanout         Cap        Slew       Delay        Time   Description
---------------------------------------------------------------------------------------------
                                  0.000000    0.000000   clock clk (rise edge)
                                  0.000000    0.000000   clock network delay (propagated)
                                  2.000000    2.000000 ^ input external delay
     1    0.004088    0.018528    0.011129    2.011129 ^ rst_n (in)
                                                         rst_n (net)
                      0.018528    0.000000    2.011129 ^ input20/A (sky130_fd_sc_hd__clkdlybuf4s25_1)
     1    0.003338    0.035411    0.164982    2.176111 ^ input20/X (sky130_fd_sc_hd__clkdlybuf4s25_1)
                                                         net20 (net)
                      0.035411    0.000042    2.176153 ^ fanout38/A (sky130_fd_sc_hd__clkdlybuf4s25_1)
     7    0.037509    0.283149    0.352666    2.528819 ^ fanout38/X (sky130_fd_sc_hd__clkdlybuf4s25_1)
                                                         net38 (net)
                      0.283149    0.000058    2.528877 ^ fanout37/A (sky130_fd_sc_hd__clkdlybuf4s25_1)
    10    0.025028    0.191779    0.320463    2.849340 ^ fanout37/X (sky130_fd_sc_hd__clkdlybuf4s25_1)
                                                         net37 (net)
                      0.191779    0.000506    2.849846 ^ _196_/A (sky130_fd_sc_hd__and2_2)
     1    0.002224    0.026970    0.109862    2.959708 ^ _196_/X (sky130_fd_sc_hd__and2_2)
                                                         _009_ (net)
                      0.026970    0.000022    2.959730 ^ _307_/D (sky130_fd_sc_hd__dfxtp_2)
                                              2.959730   data arrival time

                                 10.000000   10.000000   clock clk (rise edge)
                                  0.000000   10.000000   clock source latency
     1    0.015844    0.057962    0.037485   10.037485 ^ clk (in)
                                                         clk (net)
                      0.057979    0.000000   10.037485 ^ clkbuf_0_clk/A (sky130_fd_sc_hd__clkbuf_16)
     4    0.038999    0.044539    0.098919   10.136404 ^ clkbuf_0_clk/X (sky130_fd_sc_hd__clkbuf_16)
                                                         clknet_0_clk (net)
                      0.044547    0.000501   10.136905 ^ clkbuf_2_2__f_clk/A (sky130_fd_sc_hd__clkbuf_16)
     8    0.025447    0.034886    0.087458   10.224363 ^ clkbuf_2_2__f_clk/X (sky130_fd_sc_hd__clkbuf_16)
                                                         clknet_2_2__leaf_clk (net)
                      0.034892    0.000405   10.224768 ^ _307_/CLK (sky130_fd_sc_hd__dfxtp_2)
                                 -0.250000    9.974768   clock uncertainty
                                  0.000000    9.974768   clock reconvergence pessimism
                                 -0.030950    9.943818   library setup time
                                              9.943818   data required time
---------------------------------------------------------------------------------------------
                                              9.943818   data required time
                                             -2.959730   data arrival time
---------------------------------------------------------------------------------------------
                                              6.984088   slack (MET)


Startpoint: rst_n (input port clocked by clk)
Endpoint: _316_ (rising edge-triggered flip-flop clocked by clk)
Path Group: clk
Path Type: max

Fanout         Cap        Slew       Delay        Time   Description
---------------------------------------------------------------------------------------------
                                  0.000000    0.000000   clock clk (rise edge)
                                  0.000000    0.000000   clock network delay (propagated)
                                  2.000000    2.000000 ^ input external delay
     1    0.004088    0.018528    0.011129    2.011129 ^ rst_n (in)
                                                         rst_n (net)
                      0.018528    0.000000    2.011129 ^ input20/A (sky130_fd_sc_hd__clkdlybuf4s25_1)
     1    0.003338    0.035411    0.164982    2.176111 ^ input20/X (sky130_fd_sc_hd__clkdlybuf4s25_1)
                                                         net20 (net)
                      0.035411    0.000042    2.176153 ^ fanout38/A (sky130_fd_sc_hd__clkdlybuf4s25_1)
     7    0.037509    0.283149    0.352666    2.528819 ^ fanout38/X (sky130_fd_sc_hd__clkdlybuf4s25_1)
                                                         net38 (net)
                      0.283149    0.000058    2.528877 ^ fanout37/A (sky130_fd_sc_hd__clkdlybuf4s25_1)
    10    0.025028    0.191779    0.320463    2.849340 ^ fanout37/X (sky130_fd_sc_hd__clkdlybuf4s25_1)
                                                         net37 (net)
                      0.191779    0.000364    2.849704 ^ _205_/A (sky130_fd_sc_hd__and2_2)
     1    0.002242    0.027023    0.109931    2.959634 ^ _205_/X (sky130_fd_sc_hd__and2_2)
                                                         _018_ (net)
                      0.027023    0.000022    2.959656 ^ _316_/D (sky130_fd_sc_hd__dfxtp_2)
                                              2.959656   data arrival time

                                 10.000000   10.000000   clock clk (rise edge)
                                  0.000000   10.000000   clock source latency
     1    0.015844    0.057962    0.037485   10.037485 ^ clk (in)
                                                         clk (net)
                      0.057979    0.000000   10.037485 ^ clkbuf_0_clk/A (sky130_fd_sc_hd__clkbuf_16)
     4    0.038999    0.044539    0.098919   10.136404 ^ clkbuf_0_clk/X (sky130_fd_sc_hd__clkbuf_16)
                                                         clknet_0_clk (net)
                      0.044547    0.000501   10.136905 ^ clkbuf_2_2__f_clk/A (sky130_fd_sc_hd__clkbuf_16)
     8    0.025447    0.034886    0.087458   10.224363 ^ clkbuf_2_2__f_clk/X (sky130_fd_sc_hd__clkbuf_16)
                                                         clknet_2_2__leaf_clk (net)
                      0.034890    0.000351   10.224714 ^ _316_/CLK (sky130_fd_sc_hd__dfxtp_2)
                                 -0.250000    9.974713   clock uncertainty
                                  0.000000    9.974713   clock reconvergence pessimism
                                 -0.030955    9.943759   library setup time
                                              9.943759   data required time
---------------------------------------------------------------------------------------------
                                              9.943759   data required time
                                             -2.959656   data arrival time
---------------------------------------------------------------------------------------------
                                              6.984102   slack (MET)


Startpoint: rst_n (input port clocked by clk)
Endpoint: _319_ (rising edge-triggered flip-flop clocked by clk)
Path Group: clk
Path Type: max

Fanout         Cap        Slew       Delay        Time   Description
---------------------------------------------------------------------------------------------
                                  0.000000    0.000000   clock clk (rise edge)
                                  0.000000    0.000000   clock network delay (propagated)
                                  2.000000    2.000000 ^ input external delay
     1    0.004088    0.018528    0.011129    2.011129 ^ rst_n (in)
                                                         rst_n (net)
                      0.018528    0.000000    2.011129 ^ input20/A (sky130_fd_sc_hd__clkdlybuf4s25_1)
     1    0.003338    0.035411    0.164982    2.176111 ^ input20/X (sky130_fd_sc_hd__clkdlybuf4s25_1)
                                                         net20 (net)
                      0.035411    0.000042    2.176153 ^ fanout38/A (sky130_fd_sc_hd__clkdlybuf4s25_1)
     7    0.037509    0.283149    0.352666    2.528819 ^ fanout38/X (sky130_fd_sc_hd__clkdlybuf4s25_1)
                                                         net38 (net)
                      0.283149    0.000058    2.528877 ^ fanout37/A (sky130_fd_sc_hd__clkdlybuf4s25_1)
    10    0.025028    0.191779    0.320463    2.849340 ^ fanout37/X (sky130_fd_sc_hd__clkdlybuf4s25_1)
                                                         net37 (net)
                      0.191779    0.000089    2.849429 ^ _208_/A (sky130_fd_sc_hd__and2_2)
     1    0.002255    0.027060    0.109980    2.959409 ^ _208_/X (sky130_fd_sc_hd__and2_2)
                                                         _021_ (net)
                      0.027060    0.000022    2.959430 ^ _319_/D (sky130_fd_sc_hd__dfxtp_2)
                                              2.959430   data arrival time

                                 10.000000   10.000000   clock clk (rise edge)
                                  0.000000   10.000000   clock source latency
     1    0.015844    0.057962    0.037485   10.037485 ^ clk (in)
                                                         clk (net)
                      0.057979    0.000000   10.037485 ^ clkbuf_0_clk/A (sky130_fd_sc_hd__clkbuf_16)
     4    0.038999    0.044539    0.098919   10.136404 ^ clkbuf_0_clk/X (sky130_fd_sc_hd__clkbuf_16)
                                                         clknet_0_clk (net)
                      0.044547    0.000501   10.136905 ^ clkbuf_2_2__f_clk/A (sky130_fd_sc_hd__clkbuf_16)
     8    0.025447    0.034886    0.087458   10.224363 ^ clkbuf_2_2__f_clk/X (sky130_fd_sc_hd__clkbuf_16)
                                                         clknet_2_2__leaf_clk (net)
                      0.034894    0.000460   10.224823 ^ _319_/CLK (sky130_fd_sc_hd__dfxtp_2)
                                 -0.250000    9.974823   clock uncertainty
                                  0.000000    9.974823   clock reconvergence pessimism
                                 -0.030958    9.943865   library setup time
                                              9.943865   data required time
---------------------------------------------------------------------------------------------
                                              9.943865   data required time
                                             -2.959430   data arrival time
---------------------------------------------------------------------------------------------
                                              6.984434   slack (MET)


Startpoint: rst_n (input port clocked by clk)
Endpoint: _308_ (rising edge-triggered flip-flop clocked by clk)
Path Group: clk
Path Type: max

Fanout         Cap        Slew       Delay        Time   Description
---------------------------------------------------------------------------------------------
                                  0.000000    0.000000   clock clk (rise edge)
                                  0.000000    0.000000   clock network delay (propagated)
                                  2.000000    2.000000 ^ input external delay
     1    0.004088    0.018528    0.011129    2.011129 ^ rst_n (in)
                                                         rst_n (net)
                      0.018528    0.000000    2.011129 ^ input20/A (sky130_fd_sc_hd__clkdlybuf4s25_1)
     1    0.003338    0.035411    0.164982    2.176111 ^ input20/X (sky130_fd_sc_hd__clkdlybuf4s25_1)
                                                         net20 (net)
                      0.035411    0.000042    2.176153 ^ fanout38/A (sky130_fd_sc_hd__clkdlybuf4s25_1)
     7    0.037509    0.283149    0.352666    2.528819 ^ fanout38/X (sky130_fd_sc_hd__clkdlybuf4s25_1)
                                                         net38 (net)
                      0.283149    0.000058    2.528877 ^ fanout37/A (sky130_fd_sc_hd__clkdlybuf4s25_1)
    10    0.025028    0.191779    0.320463    2.849340 ^ fanout37/X (sky130_fd_sc_hd__clkdlybuf4s25_1)
                                                         net37 (net)
                      0.191779    0.000413    2.849752 ^ _197_/A (sky130_fd_sc_hd__and2_2)
     1    0.002130    0.026694    0.109501    2.959253 ^ _197_/X (sky130_fd_sc_hd__and2_2)
                                                         _010_ (net)
                      0.026694    0.000011    2.959264 ^ _308_/D (sky130_fd_sc_hd__dfxtp_2)
                                              2.959264   data arrival time

                                 10.000000   10.000000   clock clk (rise edge)
                                  0.000000   10.000000   clock source latency
     1    0.015844    0.057962    0.037485   10.037485 ^ clk (in)
                                                         clk (net)
                      0.057979    0.000000   10.037485 ^ clkbuf_0_clk/A (sky130_fd_sc_hd__clkbuf_16)
     4    0.038999    0.044539    0.098919   10.136404 ^ clkbuf_0_clk/X (sky130_fd_sc_hd__clkbuf_16)
                                                         clknet_0_clk (net)
                      0.044547    0.000501   10.136905 ^ clkbuf_2_2__f_clk/A (sky130_fd_sc_hd__clkbuf_16)
     8    0.025447    0.034886    0.087458   10.224363 ^ clkbuf_2_2__f_clk/X (sky130_fd_sc_hd__clkbuf_16)
                                                         clknet_2_2__leaf_clk (net)
                      0.034891    0.000391   10.224753 ^ _308_/CLK (sky130_fd_sc_hd__dfxtp_2)
                                 -0.250000    9.974753   clock uncertainty
                                  0.000000    9.974753   clock reconvergence pessimism
                                 -0.030923    9.943830   library setup time
                                              9.943830   data required time
---------------------------------------------------------------------------------------------
                                              9.943830   data required time
                                             -2.959264   data arrival time
---------------------------------------------------------------------------------------------
                                              6.984567   slack (MET)


Startpoint: rst_n (input port clocked by clk)
Endpoint: _317_ (rising edge-triggered flip-flop clocked by clk)
Path Group: clk
Path Type: max

Fanout         Cap        Slew       Delay        Time   Description
---------------------------------------------------------------------------------------------
                                  0.000000    0.000000   clock clk (rise edge)
                                  0.000000    0.000000   clock network delay (propagated)
                                  2.000000    2.000000 ^ input external delay
     1    0.004088    0.018528    0.011129    2.011129 ^ rst_n (in)
                                                         rst_n (net)
                      0.018528    0.000000    2.011129 ^ input20/A (sky130_fd_sc_hd__clkdlybuf4s25_1)
     1    0.003338    0.035411    0.164982    2.176111 ^ input20/X (sky130_fd_sc_hd__clkdlybuf4s25_1)
                                                         net20 (net)
                      0.035411    0.000042    2.176153 ^ fanout38/A (sky130_fd_sc_hd__clkdlybuf4s25_1)
     7    0.037509    0.283149    0.352666    2.528819 ^ fanout38/X (sky130_fd_sc_hd__clkdlybuf4s25_1)
                                                         net38 (net)
                      0.283149    0.000058    2.528877 ^ fanout37/A (sky130_fd_sc_hd__clkdlybuf4s25_1)
    10    0.025028    0.191779    0.320463    2.849340 ^ fanout37/X (sky130_fd_sc_hd__clkdlybuf4s25_1)
                                                         net37 (net)
                      0.191779    0.000096    2.849436 ^ _206_/A (sky130_fd_sc_hd__and2_2)
     1    0.002040    0.026428    0.109151    2.958586 ^ _206_/X (sky130_fd_sc_hd__and2_2)
                                                         _019_ (net)
                      0.026428    0.000010    2.958596 ^ _317_/D (sky130_fd_sc_hd__dfxtp_2)
                                              2.958596   data arrival time

                                 10.000000   10.000000   clock clk (rise edge)
                                  0.000000   10.000000   clock source latency
     1    0.015844    0.057962    0.037485   10.037485 ^ clk (in)
                                                         clk (net)
                      0.057979    0.000000   10.037485 ^ clkbuf_0_clk/A (sky130_fd_sc_hd__clkbuf_16)
     4    0.038999    0.044539    0.098919   10.136404 ^ clkbuf_0_clk/X (sky130_fd_sc_hd__clkbuf_16)
                                                         clknet_0_clk (net)
                      0.044547    0.000501   10.136905 ^ clkbuf_2_2__f_clk/A (sky130_fd_sc_hd__clkbuf_16)
     8    0.025447    0.034886    0.087458   10.224363 ^ clkbuf_2_2__f_clk/X (sky130_fd_sc_hd__clkbuf_16)
                                                         clknet_2_2__leaf_clk (net)
                      0.034894    0.000460   10.224823 ^ _317_/CLK (sky130_fd_sc_hd__dfxtp_2)
                                 -0.250000    9.974823   clock uncertainty
                                  0.000000    9.974823   clock reconvergence pessimism
                                 -0.030897    9.943926   library setup time
                                              9.943926   data required time
---------------------------------------------------------------------------------------------
                                              9.943926   data required time
                                             -2.958596   data arrival time
---------------------------------------------------------------------------------------------
                                              6.985330   slack (MET)


Startpoint: rst_n (input port clocked by clk)
Endpoint: _318_ (rising edge-triggered flip-flop clocked by clk)
Path Group: clk
Path Type: max

Fanout         Cap        Slew       Delay        Time   Description
---------------------------------------------------------------------------------------------
                                  0.000000    0.000000   clock clk (rise edge)
                                  0.000000    0.000000   clock network delay (propagated)
                                  2.000000    2.000000 ^ input external delay
     1    0.004088    0.018528    0.011129    2.011129 ^ rst_n (in)
                                                         rst_n (net)
                      0.018528    0.000000    2.011129 ^ input20/A (sky130_fd_sc_hd__clkdlybuf4s25_1)
     1    0.003338    0.035411    0.164982    2.176111 ^ input20/X (sky130_fd_sc_hd__clkdlybuf4s25_1)
                                                         net20 (net)
                      0.035411    0.000042    2.176153 ^ fanout38/A (sky130_fd_sc_hd__clkdlybuf4s25_1)
     7    0.037509    0.283149    0.352666    2.528819 ^ fanout38/X (sky130_fd_sc_hd__clkdlybuf4s25_1)
                                                         net38 (net)
                      0.283149    0.000058    2.528877 ^ fanout37/A (sky130_fd_sc_hd__clkdlybuf4s25_1)
    10    0.025028    0.191779    0.320463    2.849340 ^ fanout37/X (sky130_fd_sc_hd__clkdlybuf4s25_1)
                                                         net37 (net)
                      0.191779    0.000070    2.849410 ^ _207_/A (sky130_fd_sc_hd__and2_2)
     1    0.002040    0.026428    0.109151    2.958561 ^ _207_/X (sky130_fd_sc_hd__and2_2)
                                                         _020_ (net)
                      0.026428    0.000010    2.958571 ^ _318_/D (sky130_fd_sc_hd__dfxtp_2)
                                              2.958571   data arrival time

                                 10.000000   10.000000   clock clk (rise edge)
                                  0.000000   10.000000   clock source latency
     1    0.015844    0.057962    0.037485   10.037485 ^ clk (in)
                                                         clk (net)
                      0.057979    0.000000   10.037485 ^ clkbuf_0_clk/A (sky130_fd_sc_hd__clkbuf_16)
     4    0.038999    0.044539    0.098919   10.136404 ^ clkbuf_0_clk/X (sky130_fd_sc_hd__clkbuf_16)
                                                         clknet_0_clk (net)
                      0.044547    0.000501   10.136905 ^ clkbuf_2_2__f_clk/A (sky130_fd_sc_hd__clkbuf_16)
     8    0.025447    0.034886    0.087458   10.224363 ^ clkbuf_2_2__f_clk/X (sky130_fd_sc_hd__clkbuf_16)
                                                         clknet_2_2__leaf_clk (net)
                      0.034894    0.000454   10.224817 ^ _318_/CLK (sky130_fd_sc_hd__dfxtp_2)
                                 -0.250000    9.974817   clock uncertainty
                                  0.000000    9.974817   clock reconvergence pessimism
                                 -0.030897    9.943920   library setup time
                                              9.943920   data required time
---------------------------------------------------------------------------------------------
                                              9.943920   data required time
                                             -2.958571   data arrival time
---------------------------------------------------------------------------------------------
                                              6.985349   slack (MET)


Startpoint: rst_n (input port clocked by clk)
Endpoint: _309_ (rising edge-triggered flip-flop clocked by clk)
Path Group: clk
Path Type: max

Fanout         Cap        Slew       Delay        Time   Description
---------------------------------------------------------------------------------------------
                                  0.000000    0.000000   clock clk (rise edge)
                                  0.000000    0.000000   clock network delay (propagated)
                                  2.000000    2.000000 ^ input external delay
     1    0.004088    0.018528    0.011129    2.011129 ^ rst_n (in)
                                                         rst_n (net)
                      0.018528    0.000000    2.011129 ^ input20/A (sky130_fd_sc_hd__clkdlybuf4s25_1)
     1    0.003338    0.035411    0.164982    2.176111 ^ input20/X (sky130_fd_sc_hd__clkdlybuf4s25_1)
                                                         net20 (net)
                      0.035411    0.000042    2.176153 ^ fanout38/A (sky130_fd_sc_hd__clkdlybuf4s25_1)
     7    0.037509    0.283149    0.352666    2.528819 ^ fanout38/X (sky130_fd_sc_hd__clkdlybuf4s25_1)
                                                         net38 (net)
                      0.283149    0.000058    2.528877 ^ fanout37/A (sky130_fd_sc_hd__clkdlybuf4s25_1)
    10    0.025028    0.191779    0.320463    2.849340 ^ fanout37/X (sky130_fd_sc_hd__clkdlybuf4s25_1)
                                                         net37 (net)
                      0.191779    0.000112    2.849452 ^ _198_/A (sky130_fd_sc_hd__and2_2)
     1    0.002029    0.026394    0.109107    2.958559 ^ _198_/X (sky130_fd_sc_hd__and2_2)
                                                         _011_ (net)
                      0.026394    0.000010    2.958569 ^ _309_/D (sky130_fd_sc_hd__dfxtp_2)
                                              2.958569   data arrival time

                                 10.000000   10.000000   clock clk (rise edge)
                                  0.000000   10.000000   clock source latency
     1    0.015844    0.057962    0.037485   10.037485 ^ clk (in)
                                                         clk (net)
                      0.057979    0.000000   10.037485 ^ clkbuf_0_clk/A (sky130_fd_sc_hd__clkbuf_16)
     4    0.038999    0.044539    0.098919   10.136404 ^ clkbuf_0_clk/X (sky130_fd_sc_hd__clkbuf_16)
                                                         clknet_0_clk (net)
                      0.044547    0.000501   10.136905 ^ clkbuf_2_2__f_clk/A (sky130_fd_sc_hd__clkbuf_16)
     8    0.025447    0.034886    0.087458   10.224363 ^ clkbuf_2_2__f_clk/X (sky130_fd_sc_hd__clkbuf_16)
                                                         clknet_2_2__leaf_clk (net)
                      0.034895    0.000473   10.224835 ^ _309_/CLK (sky130_fd_sc_hd__dfxtp_2)
                                 -0.250000    9.974835   clock uncertainty
                                  0.000000    9.974835   clock reconvergence pessimism
                                 -0.030894    9.943942   library setup time
                                              9.943942   data required time
---------------------------------------------------------------------------------------------
                                              9.943942   data required time
                                             -2.958569   data arrival time
---------------------------------------------------------------------------------------------
                                              6.985373   slack (MET)


Startpoint: rst_n (input port clocked by clk)
Endpoint: _301_ (rising edge-triggered flip-flop clocked by clk)
Path Group: clk
Path Type: max

Fanout         Cap        Slew       Delay        Time   Description
---------------------------------------------------------------------------------------------
                                  0.000000    0.000000   clock clk (rise edge)
                                  0.000000    0.000000   clock network delay (propagated)
                                  2.000000    2.000000 ^ input external delay
     1    0.004088    0.018528    0.011129    2.011129 ^ rst_n (in)
                                                         rst_n (net)
                      0.018528    0.000000    2.011129 ^ input20/A (sky130_fd_sc_hd__clkdlybuf4s25_1)
     1    0.003338    0.035411    0.164982    2.176111 ^ input20/X (sky130_fd_sc_hd__clkdlybuf4s25_1)
                                                         net20 (net)
                      0.035411    0.000042    2.176153 ^ fanout38/A (sky130_fd_sc_hd__clkdlybuf4s25_1)
     7    0.037509    0.283149    0.352666    2.528819 ^ fanout38/X (sky130_fd_sc_hd__clkdlybuf4s25_1)
                                                         net38 (net)
                      0.283149    0.000058    2.528877 ^ fanout37/A (sky130_fd_sc_hd__clkdlybuf4s25_1)
    10    0.025028    0.191779    0.320463    2.849340 ^ fanout37/X (sky130_fd_sc_hd__clkdlybuf4s25_1)
                                                         net37 (net)
                      0.191779    0.000116    2.849456 ^ _190_/A (sky130_fd_sc_hd__and2_2)
     1    0.002094    0.026586    0.109359    2.958816 ^ _190_/X (sky130_fd_sc_hd__and2_2)
                                                         _003_ (net)
                      0.026586    0.000011    2.958826 ^ _301_/D (sky130_fd_sc_hd__dfxtp_2)
                                              2.958826   data arrival time

                                 10.000000   10.000000   clock clk (rise edge)
                                  0.000000   10.000000   clock source latency
     1    0.015844    0.057962    0.037485   10.037485 ^ clk (in)
                                                         clk (net)
                      0.057979    0.000000   10.037485 ^ clkbuf_0_clk/A (sky130_fd_sc_hd__clkbuf_16)
     4    0.038999    0.044539    0.098919   10.136404 ^ clkbuf_0_clk/X (sky130_fd_sc_hd__clkbuf_16)
                                                         clknet_0_clk (net)
                      0.044541    0.000336   10.136740 ^ clkbuf_2_0__f_clk/A (sky130_fd_sc_hd__clkbuf_16)
     8    0.026699    0.035767    0.088207   10.224947 ^ clkbuf_2_0__f_clk/X (sky130_fd_sc_hd__clkbuf_16)
                                                         clknet_2_0__leaf_clk (net)
                      0.035775    0.000494   10.225440 ^ _301_/CLK (sky130_fd_sc_hd__dfxtp_2)
                                 -0.250000    9.975440   clock uncertainty
                                  0.000000    9.975440   clock reconvergence pessimism
                                 -0.030884    9.944556   library setup time
                                              9.944556   data required time
---------------------------------------------------------------------------------------------
                                              9.944556   data required time
                                             -2.958826   data arrival time
---------------------------------------------------------------------------------------------
                                              6.985731   slack (MET)


Startpoint: rst_n (input port clocked by clk)
Endpoint: _315_ (rising edge-triggered flip-flop clocked by clk)
Path Group: clk
Path Type: max

Fanout         Cap        Slew       Delay        Time   Description
---------------------------------------------------------------------------------------------
                                  0.000000    0.000000   clock clk (rise edge)
                                  0.000000    0.000000   clock network delay (propagated)
                                  2.000000    2.000000 ^ input external delay
     1    0.004088    0.018528    0.011129    2.011129 ^ rst_n (in)
                                                         rst_n (net)
                      0.018528    0.000000    2.011129 ^ input20/A (sky130_fd_sc_hd__clkdlybuf4s25_1)
     1    0.003338    0.035411    0.164982    2.176111 ^ input20/X (sky130_fd_sc_hd__clkdlybuf4s25_1)
                                                         net20 (net)
                      0.035411    0.000042    2.176153 ^ fanout38/A (sky130_fd_sc_hd__clkdlybuf4s25_1)
     7    0.037509    0.283149    0.352666    2.528819 ^ fanout38/X (sky130_fd_sc_hd__clkdlybuf4s25_1)
                                                         net38 (net)
                      0.283149    0.000058    2.528877 ^ fanout37/A (sky130_fd_sc_hd__clkdlybuf4s25_1)
    10    0.025028    0.191779    0.320463    2.849340 ^ fanout37/X (sky130_fd_sc_hd__clkdlybuf4s25_1)
                                                         net37 (net)
                      0.191779    0.000564    2.849904 ^ _204_/A (sky130_fd_sc_hd__and2_2)
     1    0.002000    0.026309    0.108993    2.958897 ^ _204_/X (sky130_fd_sc_hd__and2_2)
                                                         _017_ (net)
                      0.026309    0.000018    2.958915 ^ _315_/D (sky130_fd_sc_hd__dfxtp_2)
                                              2.958915   data arrival time

                                 10.000000   10.000000   clock clk (rise edge)
                                  0.000000   10.000000   clock source latency
     1    0.015844    0.057962    0.037485   10.037485 ^ clk (in)
                                                         clk (net)
                      0.057979    0.000000   10.037485 ^ clkbuf_0_clk/A (sky130_fd_sc_hd__clkbuf_16)
     4    0.038999    0.044539    0.098919   10.136404 ^ clkbuf_0_clk/X (sky130_fd_sc_hd__clkbuf_16)
                                                         clknet_0_clk (net)
                      0.044541    0.000338   10.136743 ^ clkbuf_2_1__f_clk/A (sky130_fd_sc_hd__clkbuf_16)
     8    0.028762    0.037231    0.089583   10.226326 ^ clkbuf_2_1__f_clk/X (sky130_fd_sc_hd__clkbuf_16)
                                                         clknet_2_1__leaf_clk (net)
                      0.037235    0.000389   10.226715 ^ _315_/CLK (sky130_fd_sc_hd__dfxtp_2)
                                 -0.250000    9.976715   clock uncertainty
                                  0.000000    9.976715   clock reconvergence pessimism
                                 -0.030811    9.945904   library setup time
                                              9.945904   data required time
---------------------------------------------------------------------------------------------
                                              9.945904   data required time
                                             -2.958915   data arrival time
---------------------------------------------------------------------------------------------
                                              6.986989   slack (MET)


Startpoint: _319_ (rising edge-triggered flip-flop clocked by clk)
Endpoint: _300_ (rising edge-triggered flip-flop clocked by clk)
Path Group: clk
Path Type: max

Fanout         Cap        Slew       Delay        Time   Description
---------------------------------------------------------------------------------------------
                                  0.000000    0.000000   clock clk (rise edge)
                                  0.000000    0.000000   clock source latency
     1    0.015844    0.057962    0.041430    0.041430 ^ clk (in)
                                                         clk (net)
                      0.057979    0.000000    0.041430 ^ clkbuf_0_clk/A (sky130_fd_sc_hd__clkbuf_16)
     4    0.038999    0.044539    0.109332    0.150762 ^ clkbuf_0_clk/X (sky130_fd_sc_hd__clkbuf_16)
                                                         clknet_0_clk (net)
                      0.044547    0.000554    0.151316 ^ clkbuf_2_2__f_clk/A (sky130_fd_sc_hd__clkbuf_16)
     8    0.025447    0.034886    0.096664    0.247980 ^ clkbuf_2_2__f_clk/X (sky130_fd_sc_hd__clkbuf_16)
                                                         clknet_2_2__leaf_clk (net)
                      0.034894    0.000509    0.248489 ^ _319_/CLK (sky130_fd_sc_hd__dfxtp_2)
     2    0.005829    0.021756    0.208303    0.456792 v _319_/Q (sky130_fd_sc_hd__dfxtp_2)
                                                         op_q[2] (net)
                      0.021756    0.000039    0.456831 v fanout34/A (sky130_fd_sc_hd__clkdlybuf4s25_1)
    10    0.041050    0.208436    0.312184    0.769015 v fanout34/X (sky130_fd_sc_hd__clkdlybuf4s25_1)
                                                         net34 (net)
                      0.208436    0.000536    0.769551 v _225_/B (sky130_fd_sc_hd__or3b_2)
     3    0.024728    0.095252    0.385235    1.154786 v _225_/X (sky130_fd_sc_hd__or3b_2)
                                                         _127_ (net)
                      0.095252    0.000278    1.155064 v max_cap33/A (sky130_fd_sc_hd__buf_6)
     6    0.054816    0.044088    0.134151    1.289216 v max_cap33/X (sky130_fd_sc_hd__buf_6)
                                                         net33 (net)
                      0.044112    0.001072    1.290287 v _239_/A2 (sky130_fd_sc_hd__o21a_2)
     2    0.012564    0.041990    0.150085    1.440372 v _239_/X (sky130_fd_sc_hd__o21a_2)
                                                         _141_ (net)
                      0.041990    0.000175    1.440547 v _240_/B1_N (sky130_fd_sc_hd__o21bai_2)
     4    0.016324    0.064031    0.136756    1.577304 v _240_/Y (sky130_fd_sc_hd__o21bai_2)
                                                         _142_ (net)
                      0.064031    0.000245    1.577549 v _242_/A3 (sky130_fd_sc_hd__a311o_2)
     5    0.024153    0.076356    0.309891    1.887440 v _242_/X (sky130_fd_sc_hd__a311o_2)
                                                         _144_ (net)
                      0.076369    0.001058    1.888498 v _290_/B (sky130_fd_sc_hd__and3_2)
     1    0.001944    0.025748    0.137871    2.026369 v _290_/X (sky130_fd_sc_hd__and3_2)
                                                         _071_ (net)
                      0.025748    0.000018    2.026387 v _292_/B (sky130_fd_sc_hd__or3_2)
     1    0.003561    0.051908    0.264095    2.290482 v _292_/X (sky130_fd_sc_hd__or3_2)
                                                         _073_ (net)
                      0.051908    0.000054    2.290536 v _297_/A2_N (sky130_fd_sc_hd__o2bb2a_2)
     2    0.007417    0.042257    0.153804    2.444340 ^ _297_/X (sky130_fd_sc_hd__o2bb2a_2)
                                                         _078_ (net)
                      0.042257    0.000068    2.444408 ^ _178_/A_N (sky130_fd_sc_hd__and4bb_2)
     1    0.007512    0.038770    0.152918    2.597326 v _178_/X (sky130_fd_sc_hd__and4bb_2)
                                                         _108_ (net)
                      0.038771    0.000246    2.597572 v _189_/A3 (sky130_fd_sc_hd__a41o_2)
     1    0.002962    0.028294    0.173710    2.771282 v _189_/X (sky130_fd_sc_hd__a41o_2)
                                                         _002_ (net)
                      0.028294    0.000041    2.771322 v _300_/D (sky130_fd_sc_hd__dfxtp_2)
                                              2.771322   data arrival time

                                 10.000000   10.000000   clock clk (rise edge)
                                  0.000000   10.000000   clock source latency
     1    0.015844    0.057962    0.037485   10.037485 ^ clk (in)
                                                         clk (net)
                      0.057979    0.000000   10.037485 ^ clkbuf_0_clk/A (sky130_fd_sc_hd__clkbuf_16)
     4    0.038999    0.044539    0.098919   10.136404 ^ clkbuf_0_clk/X (sky130_fd_sc_hd__clkbuf_16)
                                                         clknet_0_clk (net)
                      0.044547    0.000499   10.136903 ^ clkbuf_2_3__f_clk/A (sky130_fd_sc_hd__clkbuf_16)
     8    0.025602    0.034993    0.087426   10.224329 ^ clkbuf_2_3__f_clk/X (sky130_fd_sc_hd__clkbuf_16)
                                                         clknet_2_3__leaf_clk (net)
                      0.035023    0.000838   10.225166 ^ _300_/CLK (sky130_fd_sc_hd__dfxtp_2)
                                 -0.250000    9.975166   clock uncertainty
                                  0.014358    9.989525   clock reconvergence pessimism
                                 -0.069610    9.919915   library setup time
                                              9.919915   data required time
---------------------------------------------------------------------------------------------
                                              9.919915   data required time
                                             -2.771322   data arrival time
---------------------------------------------------------------------------------------------
                                              7.148592   slack (MET)


Startpoint: rst_n (input port clocked by clk)
Endpoint: _298_ (rising edge-triggered flip-flop clocked by clk)
Path Group: clk
Path Type: max

Fanout         Cap        Slew       Delay        Time   Description
---------------------------------------------------------------------------------------------
                                  0.000000    0.000000   clock clk (rise edge)
                                  0.000000    0.000000   clock network delay (propagated)
                                  2.000000    2.000000 ^ input external delay
     1    0.004088    0.018528    0.011129    2.011129 ^ rst_n (in)
                                                         rst_n (net)
                      0.018528    0.000000    2.011129 ^ input20/A (sky130_fd_sc_hd__clkdlybuf4s25_1)
     1    0.003338    0.035411    0.164982    2.176111 ^ input20/X (sky130_fd_sc_hd__clkdlybuf4s25_1)
                                                         net20 (net)
                      0.035411    0.000042    2.176153 ^ fanout38/A (sky130_fd_sc_hd__clkdlybuf4s25_1)
     7    0.037509    0.283149    0.352666    2.528819 ^ fanout38/X (sky130_fd_sc_hd__clkdlybuf4s25_1)
                                                         net38 (net)
                      0.283237    0.000886    2.529706 ^ _222_/A (sky130_fd_sc_hd__inv_2)
     6    0.027472    0.093398    0.078509    2.608215 v _222_/Y (sky130_fd_sc_hd__inv_2)
                                                         _124_ (net)
                      0.093398    0.000220    2.608435 v _260_/A (sky130_fd_sc_hd__nor3_2)
     1    0.002673    0.081777    0.133141    2.741575 ^ _260_/Y (sky130_fd_sc_hd__nor3_2)
                                                         _000_ (net)
                      0.081777    0.000034    2.741609 ^ _298_/D (sky130_fd_sc_hd__dfxtp_2)
                                              2.741609   data arrival time

                                 10.000000   10.000000   clock clk (rise edge)
                                  0.000000   10.000000   clock source latency
     1    0.015844    0.057962    0.037485   10.037485 ^ clk (in)
                                                         clk (net)
                      0.057979    0.000000   10.037485 ^ clkbuf_0_clk/A (sky130_fd_sc_hd__clkbuf_16)
     4    0.038999    0.044539    0.098919   10.136404 ^ clkbuf_0_clk/X (sky130_fd_sc_hd__clkbuf_16)
                                                         clknet_0_clk (net)
                      0.044547    0.000499   10.136903 ^ clkbuf_2_3__f_clk/A (sky130_fd_sc_hd__clkbuf_16)
     8    0.025602    0.034993    0.087426   10.224329 ^ clkbuf_2_3__f_clk/X (sky130_fd_sc_hd__clkbuf_16)
                                                         clknet_2_3__leaf_clk (net)
                      0.035004    0.000561   10.224891 ^ _298_/CLK (sky130_fd_sc_hd__dfxtp_2)
                                 -0.250000    9.974891   clock uncertainty
                                  0.000000    9.974891   clock reconvergence pessimism
                                 -0.036269    9.938622   library setup time
                                              9.938622   data required time
---------------------------------------------------------------------------------------------
                                              9.938622   data required time
                                             -2.741609   data arrival time
---------------------------------------------------------------------------------------------
                                              7.197013   slack (MET)


Startpoint: rst_n (input port clocked by clk)
Endpoint: _326_ (rising edge-triggered flip-flop clocked by clk)
Path Group: clk
Path Type: max

Fanout         Cap        Slew       Delay        Time   Description
---------------------------------------------------------------------------------------------
                                  0.000000    0.000000   clock clk (rise edge)
                                  0.000000    0.000000   clock network delay (propagated)
                                  2.000000    2.000000 ^ input external delay
     1    0.004088    0.018528    0.011129    2.011129 ^ rst_n (in)
                                                         rst_n (net)
                      0.018528    0.000000    2.011129 ^ input20/A (sky130_fd_sc_hd__clkdlybuf4s25_1)
     1    0.003338    0.035411    0.164982    2.176111 ^ input20/X (sky130_fd_sc_hd__clkdlybuf4s25_1)
                                                         net20 (net)
                      0.035411    0.000042    2.176153 ^ fanout38/A (sky130_fd_sc_hd__clkdlybuf4s25_1)
     7    0.037509    0.283149    0.352666    2.528819 ^ fanout38/X (sky130_fd_sc_hd__clkdlybuf4s25_1)
                                                         net38 (net)
                      0.283237    0.000886    2.529706 ^ _222_/A (sky130_fd_sc_hd__inv_2)
     6    0.027472    0.093398    0.078509    2.608215 v _222_/Y (sky130_fd_sc_hd__inv_2)
                                                         _124_ (net)
                      0.093399    0.000274    2.608489 v _215_/A (sky130_fd_sc_hd__nor2_2)
     1    0.002740    0.047054    0.088126    2.696615 ^ _215_/Y (sky130_fd_sc_hd__nor2_2)
                                                         _028_ (net)
                      0.047054    0.000035    2.696649 ^ _326_/D (sky130_fd_sc_hd__dfxtp_2)
                                              2.696649   data arrival time

                                 10.000000   10.000000   clock clk (rise edge)
                                  0.000000   10.000000   clock source latency
     1    0.015844    0.057962    0.037485   10.037485 ^ clk (in)
                                                         clk (net)
                      0.057979    0.000000   10.037485 ^ clkbuf_0_clk/A (sky130_fd_sc_hd__clkbuf_16)
     4    0.038999    0.044539    0.098919   10.136404 ^ clkbuf_0_clk/X (sky130_fd_sc_hd__clkbuf_16)
                                                         clknet_0_clk (net)
                      0.044547    0.000499   10.136903 ^ clkbuf_2_3__f_clk/A (sky130_fd_sc_hd__clkbuf_16)
     8    0.025602    0.034993    0.087426   10.224329 ^ clkbuf_2_3__f_clk/X (sky130_fd_sc_hd__clkbuf_16)
                                                         clknet_2_3__leaf_clk (net)
                      0.035011    0.000679   10.225009 ^ _326_/CLK (sky130_fd_sc_hd__dfxtp_2)
                                 -0.250000    9.975009   clock uncertainty
                                  0.000000    9.975009   clock reconvergence pessimism
                                 -0.032896    9.942112   library setup time
                                              9.942112   data required time
---------------------------------------------------------------------------------------------
                                              9.942112   data required time
                                             -2.696649   data arrival time
---------------------------------------------------------------------------------------------
                                              7.245463   slack (MET)


Startpoint: rst_n (input port clocked by clk)
Endpoint: _322_ (rising edge-triggered flip-flop clocked by clk)
Path Group: clk
Path Type: max

Fanout         Cap        Slew       Delay        Time   Description
---------------------------------------------------------------------------------------------
                                  0.000000    0.000000   clock clk (rise edge)
                                  0.000000    0.000000   clock network delay (propagated)
                                  2.000000    2.000000 ^ input external delay
     1    0.004088    0.018528    0.011129    2.011129 ^ rst_n (in)
                                                         rst_n (net)
                      0.018528    0.000000    2.011129 ^ input20/A (sky130_fd_sc_hd__clkdlybuf4s25_1)
     1    0.003338    0.035411    0.164982    2.176111 ^ input20/X (sky130_fd_sc_hd__clkdlybuf4s25_1)
                                                         net20 (net)
                      0.035411    0.000042    2.176153 ^ fanout38/A (sky130_fd_sc_hd__clkdlybuf4s25_1)
     7    0.037509    0.283149    0.352666    2.528819 ^ fanout38/X (sky130_fd_sc_hd__clkdlybuf4s25_1)
                                                         net38 (net)
                      0.283237    0.000886    2.529706 ^ _222_/A (sky130_fd_sc_hd__inv_2)
     6    0.027472    0.093398    0.078509    2.608215 v _222_/Y (sky130_fd_sc_hd__inv_2)
                                                         _124_ (net)
                      0.093398    0.000060    2.608275 v _211_/A (sky130_fd_sc_hd__nor2_2)
     1    0.002682    0.046691    0.087761    2.696036 ^ _211_/Y (sky130_fd_sc_hd__nor2_2)
                                                         _024_ (net)
                      0.046691    0.000033    2.696069 ^ _322_/D (sky130_fd_sc_hd__dfxtp_2)
                                              2.696069   data arrival time

                                 10.000000   10.000000   clock clk (rise edge)
                                  0.000000   10.000000   clock source latency
     1    0.015844    0.057962    0.037485   10.037485 ^ clk (in)
                                                         clk (net)
                      0.057979    0.000000   10.037485 ^ clkbuf_0_clk/A (sky130_fd_sc_hd__clkbuf_16)
     4    0.038999    0.044539    0.098919   10.136404 ^ clkbuf_0_clk/X (sky130_fd_sc_hd__clkbuf_16)
                                                         clknet_0_clk (net)
                      0.044547    0.000499   10.136903 ^ clkbuf_2_3__f_clk/A (sky130_fd_sc_hd__clkbuf_16)
     8    0.025602    0.034993    0.087426   10.224329 ^ clkbuf_2_3__f_clk/X (sky130_fd_sc_hd__clkbuf_16)
                                                         clknet_2_3__leaf_clk (net)
                      0.035024    0.000853   10.225182 ^ _322_/CLK (sky130_fd_sc_hd__dfxtp_2)
                                 -0.250000    9.975182   clock uncertainty
                                  0.000000    9.975182   clock reconvergence pessimism
                                 -0.032861    9.942321   library setup time
                                              9.942321   data required time
---------------------------------------------------------------------------------------------
                                              9.942321   data required time
                                             -2.696069   data arrival time
---------------------------------------------------------------------------------------------
                                              7.246252   slack (MET)


Startpoint: rst_n (input port clocked by clk)
Endpoint: _325_ (rising edge-triggered flip-flop clocked by clk)
Path Group: clk
Path Type: max

Fanout         Cap        Slew       Delay        Time   Description
---------------------------------------------------------------------------------------------
                                  0.000000    0.000000   clock clk (rise edge)
                                  0.000000    0.000000   clock network delay (propagated)
                                  2.000000    2.000000 ^ input external delay
     1    0.004088    0.018528    0.011129    2.011129 ^ rst_n (in)
                                                         rst_n (net)
                      0.018528    0.000000    2.011129 ^ input20/A (sky130_fd_sc_hd__clkdlybuf4s25_1)
     1    0.003338    0.035411    0.164982    2.176111 ^ input20/X (sky130_fd_sc_hd__clkdlybuf4s25_1)
                                                         net20 (net)
                      0.035411    0.000042    2.176153 ^ fanout38/A (sky130_fd_sc_hd__clkdlybuf4s25_1)
     7    0.037509    0.283149    0.352666    2.528819 ^ fanout38/X (sky130_fd_sc_hd__clkdlybuf4s25_1)
                                                         net38 (net)
                      0.283237    0.000886    2.529706 ^ _222_/A (sky130_fd_sc_hd__inv_2)
     6    0.027472    0.093398    0.078509    2.608215 v _222_/Y (sky130_fd_sc_hd__inv_2)
                                                         _124_ (net)
                      0.093398    0.000119    2.608334 v _214_/A (sky130_fd_sc_hd__nor2_2)
     1    0.002324    0.044503    0.085500    2.693834 ^ _214_/Y (sky130_fd_sc_hd__nor2_2)
                                                         _027_ (net)
                      0.044503    0.000025    2.693859 ^ _325_/D (sky130_fd_sc_hd__dfxtp_2)
                                              2.693859   data arrival time

                                 10.000000   10.000000   clock clk (rise edge)
                                  0.000000   10.000000   clock source latency
     1    0.015844    0.057962    0.037485   10.037485 ^ clk (in)
                                                         clk (net)
                      0.057979    0.000000   10.037485 ^ clkbuf_0_clk/A (sky130_fd_sc_hd__clkbuf_16)
     4    0.038999    0.044539    0.098919   10.136404 ^ clkbuf_0_clk/X (sky130_fd_sc_hd__clkbuf_16)
                                                         clknet_0_clk (net)
                      0.044547    0.000499   10.136903 ^ clkbuf_2_3__f_clk/A (sky130_fd_sc_hd__clkbuf_16)
     8    0.025602    0.034993    0.087426   10.224329 ^ clkbuf_2_3__f_clk/X (sky130_fd_sc_hd__clkbuf_16)
                                                         clknet_2_3__leaf_clk (net)
                      0.035027    0.000886   10.225215 ^ _325_/CLK (sky130_fd_sc_hd__dfxtp_2)
                                 -0.250000    9.975215   clock uncertainty
                                  0.000000    9.975215   clock reconvergence pessimism
                                 -0.032648    9.942567   library setup time
                                              9.942567   data required time
---------------------------------------------------------------------------------------------
                                              9.942567   data required time
                                             -2.693859   data arrival time
---------------------------------------------------------------------------------------------
                                              7.248709   slack (MET)


Startpoint: rst_n (input port clocked by clk)
Endpoint: _327_ (rising edge-triggered flip-flop clocked by clk)
Path Group: clk
Path Type: max

Fanout         Cap        Slew       Delay        Time   Description
---------------------------------------------------------------------------------------------
                                  0.000000    0.000000   clock clk (rise edge)
                                  0.000000    0.000000   clock network delay (propagated)
                                  2.000000    2.000000 ^ input external delay
     1    0.004088    0.018528    0.011129    2.011129 ^ rst_n (in)
                                                         rst_n (net)
                      0.018528    0.000000    2.011129 ^ input20/A (sky130_fd_sc_hd__clkdlybuf4s25_1)
     1    0.003338    0.035411    0.164982    2.176111 ^ input20/X (sky130_fd_sc_hd__clkdlybuf4s25_1)
                                                         net20 (net)
                      0.035411    0.000042    2.176153 ^ fanout38/A (sky130_fd_sc_hd__clkdlybuf4s25_1)
     7    0.037509    0.283149    0.352666    2.528819 ^ fanout38/X (sky130_fd_sc_hd__clkdlybuf4s25_1)
                                                         net38 (net)
                      0.283237    0.000886    2.529706 ^ _222_/A (sky130_fd_sc_hd__inv_2)
     6    0.027472    0.093398    0.078509    2.608215 v _222_/Y (sky130_fd_sc_hd__inv_2)
                                                         _124_ (net)
                      0.093398    0.000250    2.608464 v _216_/A (sky130_fd_sc_hd__nor2_2)
     1    0.002228    0.043921    0.084897    2.693362 ^ _216_/Y (sky130_fd_sc_hd__nor2_2)
                                                         _029_ (net)
                      0.043921    0.000023    2.693385 ^ _327_/D (sky130_fd_sc_hd__dfxtp_2)
                                              2.693385   data arrival time

                                 10.000000   10.000000   clock clk (rise edge)
                                  0.000000   10.000000   clock source latency
     1    0.015844    0.057962    0.037485   10.037485 ^ clk (in)
                                                         clk (net)
                      0.057979    0.000000   10.037485 ^ clkbuf_0_clk/A (sky130_fd_sc_hd__clkbuf_16)
     4    0.038999    0.044539    0.098919   10.136404 ^ clkbuf_0_clk/X (sky130_fd_sc_hd__clkbuf_16)
                                                         clknet_0_clk (net)
                      0.044547    0.000499   10.136903 ^ clkbuf_2_3__f_clk/A (sky130_fd_sc_hd__clkbuf_16)
     8    0.025602    0.034993    0.087426   10.224329 ^ clkbuf_2_3__f_clk/X (sky130_fd_sc_hd__clkbuf_16)
                                                         clknet_2_3__leaf_clk (net)
                      0.035018    0.000774   10.225102 ^ _327_/CLK (sky130_fd_sc_hd__dfxtp_2)
                                 -0.250000    9.975102   clock uncertainty
                                  0.000000    9.975102   clock reconvergence pessimism
                                 -0.032592    9.942512   library setup time
                                              9.942512   data required time
---------------------------------------------------------------------------------------------
                                              9.942512   data required time
                                             -2.693385   data arrival time
---------------------------------------------------------------------------------------------
                                              7.249126   slack (MET)


Startpoint: rst_n (input port clocked by clk)
Endpoint: _299_ (rising edge-triggered flip-flop clocked by clk)
Path Group: clk
Path Type: max

Fanout         Cap        Slew       Delay        Time   Description
---------------------------------------------------------------------------------------------
                                  0.000000    0.000000   clock clk (rise edge)
                                  0.000000    0.000000   clock network delay (propagated)
                                  2.000000    2.000000 ^ input external delay
     1    0.004088    0.018528    0.011129    2.011129 ^ rst_n (in)
                                                         rst_n (net)
                      0.018528    0.000000    2.011129 ^ input20/A (sky130_fd_sc_hd__clkdlybuf4s25_1)
     1    0.003338    0.035411    0.164982    2.176111 ^ input20/X (sky130_fd_sc_hd__clkdlybuf4s25_1)
                                                         net20 (net)
                      0.035411    0.000042    2.176153 ^ fanout38/A (sky130_fd_sc_hd__clkdlybuf4s25_1)
     7    0.037509    0.283149    0.352666    2.528819 ^ fanout38/X (sky130_fd_sc_hd__clkdlybuf4s25_1)
                                                         net38 (net)
                      0.283241    0.001281    2.530100 ^ _261_/A (sky130_fd_sc_hd__and4_2)
     1    0.002543    0.033711    0.163334    2.693433 ^ _261_/X (sky130_fd_sc_hd__and4_2)
                                                         _001_ (net)
                      0.033711    0.000019    2.693452 ^ _299_/D (sky130_fd_sc_hd__dfxtp_2)
                                              2.693452   data arrival time

                                 10.000000   10.000000   clock clk (rise edge)
                                  0.000000   10.000000   clock source latency
     1    0.015844    0.057962    0.037485   10.037485 ^ clk (in)
                                                         clk (net)
                      0.057979    0.000000   10.037485 ^ clkbuf_0_clk/A (sky130_fd_sc_hd__clkbuf_16)
     4    0.038999    0.044539    0.098919   10.136404 ^ clkbuf_0_clk/X (sky130_fd_sc_hd__clkbuf_16)
                                                         clknet_0_clk (net)
                      0.044547    0.000499   10.136903 ^ clkbuf_2_3__f_clk/A (sky130_fd_sc_hd__clkbuf_16)
     8    0.025602    0.034993    0.087426   10.224329 ^ clkbuf_2_3__f_clk/X (sky130_fd_sc_hd__clkbuf_16)
                                                         clknet_2_3__leaf_clk (net)
                      0.034994    0.000338   10.224667 ^ _299_/CLK (sky130_fd_sc_hd__dfxtp_2)
                                 -0.250000    9.974667   clock uncertainty
                                  0.000000    9.974667   clock reconvergence pessimism
                                 -0.031601    9.943066   library setup time
                                              9.943066   data required time
---------------------------------------------------------------------------------------------
                                              9.943066   data required time
                                             -2.693452   data arrival time
---------------------------------------------------------------------------------------------
                                              7.249613   slack (MET)


Startpoint: rst_n (input port clocked by clk)
Endpoint: _324_ (rising edge-triggered flip-flop clocked by clk)
Path Group: clk
Path Type: max

Fanout         Cap        Slew       Delay        Time   Description
---------------------------------------------------------------------------------------------
                                  0.000000    0.000000   clock clk (rise edge)
                                  0.000000    0.000000   clock network delay (propagated)
                                  2.000000    2.000000 v input external delay
     1    0.003862    0.006296    0.003353    2.003353 v rst_n (in)
                                                         rst_n (net)
                      0.006296    0.000000    2.003353 v input20/A (sky130_fd_sc_hd__clkdlybuf4s25_1)
     1    0.003112    0.028628    0.156497    2.159850 v input20/X (sky130_fd_sc_hd__clkdlybuf4s25_1)
                                                         net20 (net)
                      0.028628    0.000039    2.159889 v fanout38/A (sky130_fd_sc_hd__clkdlybuf4s25_1)
     7    0.036420    0.185747    0.297302    2.457191 v fanout38/X (sky130_fd_sc_hd__clkdlybuf4s25_1)
                                                         net38 (net)
                      0.185759    0.001641    2.458832 v _213_/A (sky130_fd_sc_hd__and2_2)
     1    0.002433    0.026000    0.167615    2.626446 v _213_/X (sky130_fd_sc_hd__and2_2)
                                                         _026_ (net)
                      0.026000    0.000026    2.626472 v _324_/D (sky130_fd_sc_hd__dfxtp_2)
                                              2.626472   data arrival time

                                 10.000000   10.000000   clock clk (rise edge)
                                  0.000000   10.000000   clock source latency
     1    0.015844    0.057962    0.037485   10.037485 ^ clk (in)
                                                         clk (net)
                      0.057979    0.000000   10.037485 ^ clkbuf_0_clk/A (sky130_fd_sc_hd__clkbuf_16)
     4    0.038999    0.044539    0.098919   10.136404 ^ clkbuf_0_clk/X (sky130_fd_sc_hd__clkbuf_16)
                                                         clknet_0_clk (net)
                      0.044541    0.000338   10.136743 ^ clkbuf_2_1__f_clk/A (sky130_fd_sc_hd__clkbuf_16)
     8    0.028762    0.037231    0.089583   10.226326 ^ clkbuf_2_1__f_clk/X (sky130_fd_sc_hd__clkbuf_16)
                                                         clknet_2_1__leaf_clk (net)
                      0.037249    0.000698   10.227024 ^ _324_/CLK (sky130_fd_sc_hd__dfxtp_2)
                                 -0.250000    9.977024   clock uncertainty
                                  0.000000    9.977024   clock reconvergence pessimism
                                 -0.068576    9.908447   library setup time
                                              9.908447   data required time
---------------------------------------------------------------------------------------------
                                              9.908447   data required time
                                             -2.626472   data arrival time
---------------------------------------------------------------------------------------------
                                              7.281975   slack (MET)


Startpoint: rst_n (input port clocked by clk)
Endpoint: _313_ (rising edge-triggered flip-flop clocked by clk)
Path Group: clk
Path Type: max

Fanout         Cap        Slew       Delay        Time   Description
---------------------------------------------------------------------------------------------
                                  0.000000    0.000000   clock clk (rise edge)
                                  0.000000    0.000000   clock network delay (propagated)
                                  2.000000    2.000000 v input external delay
     1    0.003862    0.006296    0.003353    2.003353 v rst_n (in)
                                                         rst_n (net)
                      0.006296    0.000000    2.003353 v input20/A (sky130_fd_sc_hd__clkdlybuf4s25_1)
     1    0.003112    0.028628    0.156497    2.159850 v input20/X (sky130_fd_sc_hd__clkdlybuf4s25_1)
                                                         net20 (net)
                      0.028628    0.000039    2.159889 v fanout38/A (sky130_fd_sc_hd__clkdlybuf4s25_1)
     7    0.036420    0.185747    0.297302    2.457191 v fanout38/X (sky130_fd_sc_hd__clkdlybuf4s25_1)
                                                         net38 (net)
                      0.185759    0.001657    2.458848 v _202_/A (sky130_fd_sc_hd__and2_2)
     1    0.002346    0.025839    0.167335    2.626183 v _202_/X (sky130_fd_sc_hd__and2_2)
                                                         _015_ (net)
                      0.025839    0.000025    2.626208 v _313_/D (sky130_fd_sc_hd__dfxtp_2)
                                              2.626208   data arrival time

                                 10.000000   10.000000   clock clk (rise edge)
                                  0.000000   10.000000   clock source latency
     1    0.015844    0.057962    0.037485   10.037485 ^ clk (in)
                                                         clk (net)
                      0.057979    0.000000   10.037485 ^ clkbuf_0_clk/A (sky130_fd_sc_hd__clkbuf_16)
     4    0.038999    0.044539    0.098919   10.136404 ^ clkbuf_0_clk/X (sky130_fd_sc_hd__clkbuf_16)
                                                         clknet_0_clk (net)
                      0.044541    0.000338   10.136743 ^ clkbuf_2_1__f_clk/A (sky130_fd_sc_hd__clkbuf_16)
     8    0.028762    0.037231    0.089583   10.226326 ^ clkbuf_2_1__f_clk/X (sky130_fd_sc_hd__clkbuf_16)
                                                         clknet_2_1__leaf_clk (net)
                      0.037249    0.000692   10.227017 ^ _313_/CLK (sky130_fd_sc_hd__dfxtp_2)
                                 -0.250000    9.977017   clock uncertainty
                                  0.000000    9.977017   clock reconvergence pessimism
                                 -0.068519    9.908499   library setup time
                                              9.908499   data required time
---------------------------------------------------------------------------------------------
                                              9.908499   data required time
                                             -2.626208   data arrival time
---------------------------------------------------------------------------------------------
                                              7.282291   slack (MET)


Startpoint: rst_n (input port clocked by clk)
Endpoint: _323_ (rising edge-triggered flip-flop clocked by clk)
Path Group: clk
Path Type: max

Fanout         Cap        Slew       Delay        Time   Description
---------------------------------------------------------------------------------------------
                                  0.000000    0.000000   clock clk (rise edge)
                                  0.000000    0.000000   clock network delay (propagated)
                                  2.000000    2.000000 v input external delay
     1    0.003862    0.006296    0.003353    2.003353 v rst_n (in)
                                                         rst_n (net)
                      0.006296    0.000000    2.003353 v input20/A (sky130_fd_sc_hd__clkdlybuf4s25_1)
     1    0.003112    0.028628    0.156497    2.159850 v input20/X (sky130_fd_sc_hd__clkdlybuf4s25_1)
                                                         net20 (net)
                      0.028628    0.000039    2.159889 v fanout38/A (sky130_fd_sc_hd__clkdlybuf4s25_1)
     7    0.036420    0.185747    0.297302    2.457191 v fanout38/X (sky130_fd_sc_hd__clkdlybuf4s25_1)
                                                         net38 (net)
                      0.185760    0.001686    2.458877 v _212_/A (sky130_fd_sc_hd__and2_2)
     1    0.002166    0.025504    0.166758    2.625634 v _212_/X (sky130_fd_sc_hd__and2_2)
                                                         _025_ (net)
                      0.025504    0.000021    2.625655 v _323_/D (sky130_fd_sc_hd__dfxtp_2)
                                              2.625655   data arrival time

                                 10.000000   10.000000   clock clk (rise edge)
                                  0.000000   10.000000   clock source latency
     1    0.015844    0.057962    0.037485   10.037485 ^ clk (in)
                                                         clk (net)
                      0.057979    0.000000   10.037485 ^ clkbuf_0_clk/A (sky130_fd_sc_hd__clkbuf_16)
     4    0.038999    0.044539    0.098919   10.136404 ^ clkbuf_0_clk/X (sky130_fd_sc_hd__clkbuf_16)
                                                         clknet_0_clk (net)
                      0.044541    0.000338   10.136743 ^ clkbuf_2_1__f_clk/A (sky130_fd_sc_hd__clkbuf_16)
     8    0.028762    0.037231    0.089583   10.226326 ^ clkbuf_2_1__f_clk/X (sky130_fd_sc_hd__clkbuf_16)
                                                         clknet_2_1__leaf_clk (net)
                      0.037242    0.000574   10.226899 ^ _323_/CLK (sky130_fd_sc_hd__dfxtp_2)
                                 -0.250000    9.976899   clock uncertainty
                                  0.000000    9.976899   clock reconvergence pessimism
                                 -0.068400    9.908500   library setup time
                                              9.908500   data required time
---------------------------------------------------------------------------------------------
                                              9.908500   data required time
                                             -2.625655   data arrival time
---------------------------------------------------------------------------------------------
                                              7.282845   slack (MET)



%OL_END_REPORT
%OL_CREATE_REPORT checks.rpt

===========================================================================
report_checks -unconstrained
===========================================================================
======================= min_ff_n40C_1v95 Corner ===================================

Startpoint: _327_ (rising edge-triggered flip-flop clocked by clk)
Endpoint: y[7] (output port clocked by clk)
Path Group: clk
Path Type: max

Fanout         Cap        Slew       Delay        Time   Description
---------------------------------------------------------------------------------------------
                                  0.000000    0.000000   clock clk (rise edge)
                                  0.000000    0.000000   clock source latency
     1    0.015844    0.057962    0.041430    0.041430 ^ clk (in)
                                                         clk (net)
                      0.057979    0.000000    0.041430 ^ clkbuf_0_clk/A (sky130_fd_sc_hd__clkbuf_16)
     4    0.038999    0.044539    0.109332    0.150762 ^ clkbuf_0_clk/X (sky130_fd_sc_hd__clkbuf_16)
                                                         clknet_0_clk (net)
                      0.044547    0.000551    0.151314 ^ clkbuf_2_3__f_clk/A (sky130_fd_sc_hd__clkbuf_16)
     8    0.025602    0.034993    0.096629    0.247943 ^ clkbuf_2_3__f_clk/X (sky130_fd_sc_hd__clkbuf_16)
                                                         clknet_2_3__leaf_clk (net)
                      0.035018    0.000855    0.248798 ^ _327_/CLK (sky130_fd_sc_hd__dfxtp_2)
     2    0.004981    0.028413    0.204543    0.453341 ^ _327_/Q (sky130_fd_sc_hd__dfxtp_2)
                                                         net22 (net)
                      0.028413    0.000032    0.453373 ^ _328_/A (sky130_fd_sc_hd__buf_2)
     1    0.003742    0.021953    0.063339    0.516712 ^ _328_/X (sky130_fd_sc_hd__buf_2)
                                                         net31 (net)
                      0.021953    0.000052    0.516764 ^ output31/A (sky130_fd_sc_hd__clkdlybuf4s25_1)
     1    0.035762    0.270462    0.339454    0.856218 ^ output31/X (sky130_fd_sc_hd__clkdlybuf4s25_1)
                                                         y[7] (net)
                      0.270462    0.000695    0.856913 ^ y[7] (out)
                                              0.856913   data arrival time

                                 10.000000   10.000000   clock clk (rise edge)
                                  0.000000   10.000000   clock network delay (propagated)
                                 -0.250000    9.750000   clock uncertainty
                                  0.000000    9.750000   clock reconvergence pessimism
                                 -2.000000    7.750000   output external delay
                                              7.750000   data required time
---------------------------------------------------------------------------------------------
                                              7.750000   data required time
                                             -0.856913   data arrival time
---------------------------------------------------------------------------------------------
                                              6.893087   slack (MET)




===========================================================================
report_checks --slack_max -0.01
============================================================================
======================= min_ff_n40C_1v95 Corner ===================================

No paths found.


===========================================================================
 report_check_types -max_slew -max_cap -max_fanout -violators
============================================================================
======================= min_ff_n40C_1v95 Corner ===================================



===========================================================================
report_parasitic_annotation -report_unannotated
============================================================================
Found 2 unannotated drivers.
 clkload0/X
 clkload1/X
Found 0 partially unannotated drivers.

===========================================================================
max slew violation count 0
%OL_METRIC_I design__max_slew_violation__count__corner:min_ff_n40C_1v95 0
max fanout violation count 0
%OL_METRIC_I design__max_fanout_violation__count__corner:min_ff_n40C_1v95 0
max cap violation count 0
%OL_METRIC_I design__max_cap_violation__count__corner:min_ff_n40C_1v95 0
============================================================================

===========================================================================
check_setup -verbose -unconstrained_endpoints -multiple_clock -no_clock -no_input_delay -loops -generated_clocks
===========================================================================
%OL_END_REPORT
%OL_CREATE_REPORT power.rpt

===========================================================================
 report_power
============================================================================
======================= min_ff_n40C_1v95 Corner ===================================

Group                    Internal    Switching      Leakage        Total
                            Power        Power        Power        Power (Watts)
------------------------------------------------------------------------
Sequential           1.507751e-04 8.233978e-06 5.785871e-10 1.590097e-04  37.1%
Combinational        5.275140e-05 5.198731e-05 1.746070e-09 1.047405e-04  24.4%
Clock                1.095592e-04 5.532975e-05 5.278701e-09 1.648942e-04  38.5%
Macro                0.000000e+00 0.000000e+00 0.000000e+00 0.000000e+00   0.0%
Pad                  0.000000e+00 0.000000e+00 0.000000e+00 0.000000e+00   0.0%
------------------------------------------------------------------------
Total                3.130856e-04 1.155510e-04 7.603359e-09 4.286442e-04 100.0%
                            73.0%        27.0%         0.0%
%OL_METRIC_F power__internal__total 0.00031308559118770063
%OL_METRIC_F power__switching__total 0.00011555103992577642
%OL_METRIC_F power__leakage__total 7.603358831431706e-9
%OL_METRIC_F power__total 0.00042864421266131103

%OL_END_REPORT
%OL_CREATE_REPORT skew.min.rpt

===========================================================================
Clock Skew (Hold)
============================================================================
%OL_METRIC_F clock__skew__worst_hold__corner:min_ff_n40C_1v95 -0.29798625521652183
======================= min_ff_n40C_1v95 Corner ===================================

Clock clk
0.226758 source latency _304_/CLK ^
-0.250921 target latency _324_/CLK ^
-0.250000 clock uncertainty
-0.023824 CRPR
--------------
-0.297986 hold skew

%OL_END_REPORT
%OL_CREATE_REPORT skew.max.rpt

===========================================================================
Clock Skew (Setup)
============================================================================
%OL_METRIC_F clock__skew__worst_setup__corner:min_ff_n40C_1v95 0.26188901788447216
======================= min_ff_n40C_1v95 Corner ===================================

Clock clk
0.250914 source latency _313_/CLK ^
-0.224666 target latency _299_/CLK ^
0.250000 clock uncertainty
-0.014358 CRPR
--------------
0.261889 setup skew

%OL_END_REPORT
%OL_CREATE_REPORT ws.min.rpt

===========================================================================
Worst Slack (Hold)
============================================================================
%OL_METRIC_F timing__hold__ws__corner:min_ff_n40C_1v95 0.138107973411046
min_ff_n40C_1v95: 0.138107973411046
%OL_END_REPORT
%OL_CREATE_REPORT ws.max.rpt

===========================================================================
Worst Slack (Setup)
============================================================================
%OL_METRIC_F timing__setup__ws__corner:min_ff_n40C_1v95 6.893087185039433
min_ff_n40C_1v95: 6.893087185039433
%OL_END_REPORT
%OL_CREATE_REPORT tns.min.rpt

===========================================================================
Total Negative Slack (Hold)
============================================================================
%OL_METRIC_F timing__hold__tns__corner:min_ff_n40C_1v95 0.0
min_ff_n40C_1v95: 0.0
%OL_END_REPORT
%OL_CREATE_REPORT tns.max.rpt

===========================================================================
Total Negative Slack (Setup)
============================================================================
%OL_METRIC_F timing__setup__tns__corner:min_ff_n40C_1v95 0.0
min_ff_n40C_1v95: 0.0
%OL_END_REPORT
%OL_CREATE_REPORT wns.min.rpt

===========================================================================
Worst Negative Slack (Hold)
============================================================================
%OL_METRIC_F timing__hold__wns__corner:min_ff_n40C_1v95 0
min_ff_n40C_1v95: 0
%OL_END_REPORT
%OL_CREATE_REPORT wns.max.rpt

===========================================================================
Worst Negative Slack (Setup)
============================================================================
%OL_METRIC_F timing__setup__wns__corner:min_ff_n40C_1v95 0.0
min_ff_n40C_1v95: 0.0
%OL_END_REPORT
%OL_CREATE_REPORT violator_list.rpt

===========================================================================
Violator List
============================================================================
%OL_METRIC_I timing__hold_vio__count__corner:min_ff_n40C_1v95 0
%OL_METRIC_F timing__hold_r2r__ws__corner:min_ff_n40C_1v95 0.138108
%OL_METRIC_I timing__hold_r2r_vio__count__corner:min_ff_n40C_1v95 0
%OL_METRIC_I timing__setup_vio__count__corner:min_ff_n40C_1v95 0
%OL_METRIC_F timing__setup_r2r__ws__corner:min_ff_n40C_1v95 7.148592
%OL_METRIC_I timing__setup_r2r_vio__count__corner:min_ff_n40C_1v95 0
%OL_END_REPORT
%OL_CREATE_REPORT unpropagated.rpt
%OL_END_REPORT
%OL_CREATE_REPORT clock.rpt
Clock: clk
Sources: clk 
Generated: no
Virtual: yes
Propagated: no
Period: 10.000000

===========================================================================
report_clock_properties
============================================================================
Clock                   Period          Waveform
----------------------------------------------------
clk                  10.000000    0.000000  5.000000

===========================================================================
report_clock_latency
============================================================================
Clock clk
rise -> rise
    min     max
0.000000 0.000000 source latency
0.224666         network latency _299_/CLK
        0.250921 network latency _324_/CLK
---------------
0.224666 0.250921 latency
        0.026254 skew

fall -> fall
    min     max
0.000000 0.000000 source latency
0.211366         network latency _299_/CLK
        0.235869 network latency _324_/CLK
---------------
0.211366 0.235869 latency
        0.024503 skew



===========================================================================
report_clock_min_period
============================================================================
clk period_min = 2.85 fmax = 350.70
%OL_END_REPORT
Writing SDF files for all corners…
Removing Clock latencies before writing libs…
Writing timing models for all corners…
Writing timing models for the min_ff_n40C_1v95 corner to /home/runner/work/ASIC_101/ASIC_101/files/alu/pd/runs/csel-10ns/55-openroad-stapostpnr/min_ff_n40C_1v95/alu_top__min_ff_n40C_1v95.lib…
