
===========================================================================
report_checks -path_delay min (Hold)
============================================================================
======================= min_ff_n40C_1v95 Corner ===================================

Startpoint: _307_ (rising edge-triggered flip-flop clocked by clk)
Endpoint: _325_ (rising edge-triggered flip-flop clocked by clk)
Path Group: clk
Path Type: min

Fanout         Cap        Slew       Delay        Time   Description
---------------------------------------------------------------------------------------------
                                  0.000000    0.000000   clock clk (rise edge)
                                  0.000000    0.000000   clock source latency
     1    0.015941    0.058119    0.037717    0.037717 ^ clk (in)
                                                         clk (net)
                      0.058136    0.000000    0.037717 ^ clkbuf_0_clk/A (sky130_fd_sc_hd__clkbuf_16)
     4    0.038899    0.044472    0.098908    0.136625 ^ clkbuf_0_clk/X (sky130_fd_sc_hd__clkbuf_16)
                                                         clknet_0_clk (net)
                      0.044480    0.000496    0.137120 ^ clkbuf_2_2__f_clk/A (sky130_fd_sc_hd__clkbuf_16)
     8    0.025662    0.035036    0.087589    0.224709 ^ clkbuf_2_2__f_clk/X (sky130_fd_sc_hd__clkbuf_16)
                                                         clknet_2_2__leaf_clk (net)
                      0.035042    0.000406    0.225115 ^ _307_/CLK (sky130_fd_sc_hd__dfxtp_2)
     5    0.020294    0.042453    0.209795    0.434910 v _307_/Q (sky130_fd_sc_hd__dfxtp_2)
                                                         a_q[6] (net)
                      0.042459    0.000498    0.435408 v _188_/A1_N (sky130_fd_sc_hd__a2bb2o_2)
     2    0.009340    0.043660    0.159018    0.594426 ^ _188_/X (sky130_fd_sc_hd__a2bb2o_2)
                                                         _118_ (net)
                      0.043660    0.000145    0.594571 ^ _214_/B (sky130_fd_sc_hd__nor2_2)
     1    0.002406    0.014003    0.015899    0.610469 v _214_/Y (sky130_fd_sc_hd__nor2_2)
                                                         _027_ (net)
                      0.014003    0.000023    0.610493 v _325_/D (sky130_fd_sc_hd__dfxtp_2)
                                              0.610493   data arrival time

                                  0.000000    0.000000   clock clk (rise edge)
                                  0.000000    0.000000   clock source latency
     1    0.015941    0.058119    0.041687    0.041687 ^ clk (in)
                                                         clk (net)
                      0.058136    0.000000    0.041687 ^ clkbuf_0_clk/A (sky130_fd_sc_hd__clkbuf_16)
     4    0.038899    0.044472    0.109319    0.151006 ^ clkbuf_0_clk/X (sky130_fd_sc_hd__clkbuf_16)
                                                         clknet_0_clk (net)
                      0.044480    0.000548    0.151554 ^ clkbuf_2_3__f_clk/A (sky130_fd_sc_hd__clkbuf_16)
     8    0.025589    0.034984    0.096591    0.248145 ^ clkbuf_2_3__f_clk/X (sky130_fd_sc_hd__clkbuf_16)
                                                         clknet_2_3__leaf_clk (net)
                      0.035018    0.000987    0.249132 ^ _325_/CLK (sky130_fd_sc_hd__dfxtp_2)
                                  0.250000    0.499132   clock uncertainty
                                 -0.014382    0.484751   clock reconvergence pessimism
                                 -0.028609    0.456142   library hold time
                                              0.456142   data required time
---------------------------------------------------------------------------------------------
                                              0.456142   data required time
                                             -0.610493   data arrival time
---------------------------------------------------------------------------------------------
                                              0.154351   slack (MET)


Startpoint: _304_ (rising edge-triggered flip-flop clocked by clk)
Endpoint: _322_ (rising edge-triggered flip-flop clocked by clk)
Path Group: clk
Path Type: min

Fanout         Cap        Slew       Delay        Time   Description
---------------------------------------------------------------------------------------------
                                  0.000000    0.000000   clock clk (rise edge)
                                  0.000000    0.000000   clock source latency
     1    0.015941    0.058119    0.037717    0.037717 ^ clk (in)
                                                         clk (net)
                      0.058136    0.000000    0.037717 ^ clkbuf_0_clk/A (sky130_fd_sc_hd__clkbuf_16)
     4    0.038899    0.044472    0.098908    0.136625 ^ clkbuf_0_clk/X (sky130_fd_sc_hd__clkbuf_16)
                                                         clknet_0_clk (net)
                      0.044474    0.000338    0.136962 ^ clkbuf_2_1__f_clk/A (sky130_fd_sc_hd__clkbuf_16)
     8    0.029246    0.037579    0.089878    0.226840 ^ clkbuf_2_1__f_clk/X (sky130_fd_sc_hd__clkbuf_16)
                                                         clknet_2_1__leaf_clk (net)
                      0.037584    0.000440    0.227280 ^ _304_/CLK (sky130_fd_sc_hd__dfxtp_2)
     6    0.026243    0.051069    0.217956    0.445237 v _304_/Q (sky130_fd_sc_hd__dfxtp_2)
                                                         a_q[3] (net)
                      0.051071    0.000392    0.445629 v _177_/A1_N (sky130_fd_sc_hd__a2bb2o_2)
     2    0.012325    0.054216    0.169677    0.615306 ^ _177_/X (sky130_fd_sc_hd__a2bb2o_2)
                                                         _107_ (net)
                      0.054217    0.000340    0.615645 ^ _211_/B (sky130_fd_sc_hd__nor2_2)
     1    0.002752    0.016527    0.017271    0.632916 v _211_/Y (sky130_fd_sc_hd__nor2_2)
                                                         _024_ (net)
                      0.016527    0.000031    0.632948 v _322_/D (sky130_fd_sc_hd__dfxtp_2)
                                              0.632948   data arrival time

                                  0.000000    0.000000   clock clk (rise edge)
                                  0.000000    0.000000   clock source latency
     1    0.015941    0.058119    0.041687    0.041687 ^ clk (in)
                                                         clk (net)
                      0.058136    0.000000    0.041687 ^ clkbuf_0_clk/A (sky130_fd_sc_hd__clkbuf_16)
     4    0.038899    0.044472    0.109319    0.151006 ^ clkbuf_0_clk/X (sky130_fd_sc_hd__clkbuf_16)
                                                         clknet_0_clk (net)
                      0.044480    0.000548    0.151554 ^ clkbuf_2_3__f_clk/A (sky130_fd_sc_hd__clkbuf_16)
     8    0.025589    0.034984    0.096591    0.248145 ^ clkbuf_2_3__f_clk/X (sky130_fd_sc_hd__clkbuf_16)
                                                         clknet_2_3__leaf_clk (net)
                      0.035016    0.000959    0.249105 ^ _322_/CLK (sky130_fd_sc_hd__dfxtp_2)
                                  0.250000    0.499105   clock uncertainty
                                 -0.014382    0.484723   clock reconvergence pessimism
                                 -0.029449    0.455274   library hold time
                                              0.455274   data required time
---------------------------------------------------------------------------------------------
                                              0.455274   data required time
                                             -0.632948   data arrival time
---------------------------------------------------------------------------------------------
                                              0.177673   slack (MET)


Startpoint: _308_ (rising edge-triggered flip-flop clocked by clk)
Endpoint: _299_ (rising edge-triggered flip-flop clocked by clk)
Path Group: clk
Path Type: min

Fanout         Cap        Slew       Delay        Time   Description
---------------------------------------------------------------------------------------------
                                  0.000000    0.000000   clock clk (rise edge)
                                  0.000000    0.000000   clock source latency
     1    0.015941    0.058119    0.037717    0.037717 ^ clk (in)
                                                         clk (net)
                      0.058136    0.000000    0.037717 ^ clkbuf_0_clk/A (sky130_fd_sc_hd__clkbuf_16)
     4    0.038899    0.044472    0.098908    0.136625 ^ clkbuf_0_clk/X (sky130_fd_sc_hd__clkbuf_16)
                                                         clknet_0_clk (net)
                      0.044480    0.000496    0.137120 ^ clkbuf_2_2__f_clk/A (sky130_fd_sc_hd__clkbuf_16)
     8    0.025662    0.035036    0.087589    0.224709 ^ clkbuf_2_2__f_clk/X (sky130_fd_sc_hd__clkbuf_16)
                                                         clknet_2_2__leaf_clk (net)
                      0.035041    0.000383    0.225092 ^ _308_/CLK (sky130_fd_sc_hd__dfxtp_2)
     5    0.026937    0.106199    0.239110    0.464202 ^ _308_/Q (sky130_fd_sc_hd__dfxtp_2)
                                                         a_q[7] (net)
                      0.106203    0.000763    0.464965 ^ _217_/A (sky130_fd_sc_hd__inv_2)
     2    0.006519    0.029137    0.022863    0.487828 v _217_/Y (sky130_fd_sc_hd__inv_2)
                                                         _119_ (net)
                      0.029137    0.000035    0.487864 v _256_/A (sky130_fd_sc_hd__nand2_2)
     3    0.009639    0.044731    0.047471    0.535335 ^ _256_/Y (sky130_fd_sc_hd__nand2_2)
                                                         _039_ (net)
                      0.044746    0.000066    0.535401 ^ _261_/C (sky130_fd_sc_hd__and4_2)
     1    0.002553    0.030243    0.110937    0.646337 ^ _261_/X (sky130_fd_sc_hd__and4_2)
                                                         _001_ (net)
                      0.030243    0.000017    0.646354 ^ _299_/D (sky130_fd_sc_hd__dfxtp_2)
                                              0.646354   data arrival time

                                  0.000000    0.000000   clock clk (rise edge)
                                  0.000000    0.000000   clock source latency
     1    0.015941    0.058119    0.041687    0.041687 ^ clk (in)
                                                         clk (net)
                      0.058136    0.000000    0.041687 ^ clkbuf_0_clk/A (sky130_fd_sc_hd__clkbuf_16)
     4    0.038899    0.044472    0.109319    0.151006 ^ clkbuf_0_clk/X (sky130_fd_sc_hd__clkbuf_16)
                                                         clknet_0_clk (net)
                      0.044480    0.000548    0.151554 ^ clkbuf_2_3__f_clk/A (sky130_fd_sc_hd__clkbuf_16)
     8    0.025589    0.034984    0.096591    0.248145 ^ clkbuf_2_3__f_clk/X (sky130_fd_sc_hd__clkbuf_16)
                                                         clknet_2_3__leaf_clk (net)
                      0.034985    0.000372    0.248517 ^ _299_/CLK (sky130_fd_sc_hd__dfxtp_2)
                                  0.250000    0.498517   clock uncertainty
                                 -0.014382    0.484136   clock reconvergence pessimism
                                 -0.017151    0.466984   library hold time
                                              0.466984   data required time
---------------------------------------------------------------------------------------------
                                              0.466984   data required time
                                             -0.646354   data arrival time
---------------------------------------------------------------------------------------------
                                              0.179370   slack (MET)


Startpoint: _308_ (rising edge-triggered flip-flop clocked by clk)
Endpoint: _298_ (rising edge-triggered flip-flop clocked by clk)
Path Group: clk
Path Type: min

Fanout         Cap        Slew       Delay        Time   Description
---------------------------------------------------------------------------------------------
                                  0.000000    0.000000   clock clk (rise edge)
                                  0.000000    0.000000   clock source latency
     1    0.015941    0.058119    0.037717    0.037717 ^ clk (in)
                                                         clk (net)
                      0.058136    0.000000    0.037717 ^ clkbuf_0_clk/A (sky130_fd_sc_hd__clkbuf_16)
     4    0.038899    0.044472    0.098908    0.136625 ^ clkbuf_0_clk/X (sky130_fd_sc_hd__clkbuf_16)
                                                         clknet_0_clk (net)
                      0.044480    0.000496    0.137120 ^ clkbuf_2_2__f_clk/A (sky130_fd_sc_hd__clkbuf_16)
     8    0.025662    0.035036    0.087589    0.224709 ^ clkbuf_2_2__f_clk/X (sky130_fd_sc_hd__clkbuf_16)
                                                         clknet_2_2__leaf_clk (net)
                      0.035041    0.000383    0.225092 ^ _308_/CLK (sky130_fd_sc_hd__dfxtp_2)
     5    0.026937    0.106199    0.239110    0.464202 ^ _308_/Q (sky130_fd_sc_hd__dfxtp_2)
                                                         a_q[7] (net)
                      0.106203    0.000763    0.464965 ^ _217_/A (sky130_fd_sc_hd__inv_2)
     2    0.006519    0.029137    0.022863    0.487828 v _217_/Y (sky130_fd_sc_hd__inv_2)
                                                         _119_ (net)
                      0.029137    0.000035    0.487864 v _256_/A (sky130_fd_sc_hd__nand2_2)
     3    0.009639    0.044731    0.047471    0.535335 ^ _256_/Y (sky130_fd_sc_hd__nand2_2)
                                                         _039_ (net)
                      0.044731    0.000054    0.535389 ^ _259_/A0 (sky130_fd_sc_hd__mux2_2)
     1    0.005593    0.033752    0.092812    0.628201 ^ _259_/X (sky130_fd_sc_hd__mux2_2)
                                                         _042_ (net)
                      0.033752    0.000064    0.628265 ^ _260_/C (sky130_fd_sc_hd__nor3_2)
     1    0.002705    0.013611    0.017998    0.646264 v _260_/Y (sky130_fd_sc_hd__nor3_2)
                                                         _000_ (net)
                      0.013611    0.000031    0.646294 v _298_/D (sky130_fd_sc_hd__dfxtp_2)
                                              0.646294   data arrival time

                                  0.000000    0.000000   clock clk (rise edge)
                                  0.000000    0.000000   clock source latency
     1    0.015941    0.058119    0.041687    0.041687 ^ clk (in)
                                                         clk (net)
                      0.058136    0.000000    0.041687 ^ clkbuf_0_clk/A (sky130_fd_sc_hd__clkbuf_16)
     4    0.038899    0.044472    0.109319    0.151006 ^ clkbuf_0_clk/X (sky130_fd_sc_hd__clkbuf_16)
                                                         clknet_0_clk (net)
                      0.044480    0.000548    0.151554 ^ clkbuf_2_3__f_clk/A (sky130_fd_sc_hd__clkbuf_16)
     8    0.025589    0.034984    0.096591    0.248145 ^ clkbuf_2_3__f_clk/X (sky130_fd_sc_hd__clkbuf_16)
                                                         clknet_2_3__leaf_clk (net)
                      0.034995    0.000623    0.248768 ^ _298_/CLK (sky130_fd_sc_hd__dfxtp_2)
                                  0.250000    0.498768   clock uncertainty
                                 -0.014382    0.484387   clock reconvergence pessimism
                                 -0.028481    0.455906   library hold time
                                              0.455906   data required time
---------------------------------------------------------------------------------------------
                                              0.455906   data required time
                                             -0.646294   data arrival time
---------------------------------------------------------------------------------------------
                                              0.190388   slack (MET)


Startpoint: _303_ (rising edge-triggered flip-flop clocked by clk)
Endpoint: _321_ (rising edge-triggered flip-flop clocked by clk)
Path Group: clk
Path Type: min

Fanout         Cap        Slew       Delay        Time   Description
---------------------------------------------------------------------------------------------
                                  0.000000    0.000000   clock clk (rise edge)
                                  0.000000    0.000000   clock source latency
     1    0.015941    0.058119    0.037717    0.037717 ^ clk (in)
                                                         clk (net)
                      0.058136    0.000000    0.037717 ^ clkbuf_0_clk/A (sky130_fd_sc_hd__clkbuf_16)
     4    0.038899    0.044472    0.098908    0.136625 ^ clkbuf_0_clk/X (sky130_fd_sc_hd__clkbuf_16)
                                                         clknet_0_clk (net)
                      0.044474    0.000335    0.136960 ^ clkbuf_2_0__f_clk/A (sky130_fd_sc_hd__clkbuf_16)
     8    0.026407    0.035560    0.088003    0.224963 ^ clkbuf_2_0__f_clk/X (sky130_fd_sc_hd__clkbuf_16)
                                                         clknet_2_0__leaf_clk (net)
                      0.035582    0.000734    0.225697 ^ _303_/CLK (sky130_fd_sc_hd__dfxtp_2)
     6    0.024431    0.096995    0.233323    0.459020 ^ _303_/Q (sky130_fd_sc_hd__dfxtp_2)
                                                         a_q[2] (net)
                      0.096995    0.000416    0.459437 ^ _164_/A (sky130_fd_sc_hd__or2_2)
     2    0.011477    0.051876    0.098677    0.558114 ^ _164_/X (sky130_fd_sc_hd__or2_2)
                                                         _094_ (net)
                      0.051876    0.000209    0.558322 ^ _210_/C (sky130_fd_sc_hd__and3_4)
     1    0.002043    0.023270    0.092775    0.651097 ^ _210_/X (sky130_fd_sc_hd__and3_4)
                                                         _023_ (net)
                      0.023270    0.000017    0.651114 ^ _321_/D (sky130_fd_sc_hd__dfxtp_2)
                                              0.651114   data arrival time

                                  0.000000    0.000000   clock clk (rise edge)
                                  0.000000    0.000000   clock source latency
     1    0.015941    0.058119    0.041687    0.041687 ^ clk (in)
                                                         clk (net)
                      0.058136    0.000000    0.041687 ^ clkbuf_0_clk/A (sky130_fd_sc_hd__clkbuf_16)
     4    0.038899    0.044472    0.109319    0.151006 ^ clkbuf_0_clk/X (sky130_fd_sc_hd__clkbuf_16)
                                                         clknet_0_clk (net)
                      0.044474    0.000370    0.151376 ^ clkbuf_2_0__f_clk/A (sky130_fd_sc_hd__clkbuf_16)
     8    0.026407    0.035560    0.097267    0.248643 ^ clkbuf_2_0__f_clk/X (sky130_fd_sc_hd__clkbuf_16)
                                                         clknet_2_0__leaf_clk (net)
                      0.035567    0.000516    0.249159 ^ _321_/CLK (sky130_fd_sc_hd__dfxtp_2)
                                  0.250000    0.499159   clock uncertainty
                                 -0.023680    0.475479   clock reconvergence pessimism
                                 -0.016644    0.458835   library hold time
                                              0.458835   data required time
---------------------------------------------------------------------------------------------
                                              0.458835   data required time
                                             -0.651114   data arrival time
---------------------------------------------------------------------------------------------
                                              0.192279   slack (MET)


Startpoint: _305_ (rising edge-triggered flip-flop clocked by clk)
Endpoint: _323_ (rising edge-triggered flip-flop clocked by clk)
Path Group: clk
Path Type: min

Fanout         Cap        Slew       Delay        Time   Description
---------------------------------------------------------------------------------------------
                                  0.000000    0.000000   clock clk (rise edge)
                                  0.000000    0.000000   clock source latency
     1    0.015941    0.058119    0.037717    0.037717 ^ clk (in)
                                                         clk (net)
                      0.058136    0.000000    0.037717 ^ clkbuf_0_clk/A (sky130_fd_sc_hd__clkbuf_16)
     4    0.038899    0.044472    0.098908    0.136625 ^ clkbuf_0_clk/X (sky130_fd_sc_hd__clkbuf_16)
                                                         clknet_0_clk (net)
                      0.044474    0.000338    0.136962 ^ clkbuf_2_1__f_clk/A (sky130_fd_sc_hd__clkbuf_16)
     8    0.029246    0.037579    0.089878    0.226840 ^ clkbuf_2_1__f_clk/X (sky130_fd_sc_hd__clkbuf_16)
                                                         clknet_2_1__leaf_clk (net)
                      0.037593    0.000642    0.227482 ^ _305_/CLK (sky130_fd_sc_hd__dfxtp_2)
     4    0.023891    0.095049    0.232401    0.459884 ^ _305_/Q (sky130_fd_sc_hd__dfxtp_2)
                                                         a_q[4] (net)
                      0.095052    0.000609    0.460493 ^ _156_/B2 (sky130_fd_sc_hd__o32a_4)
     2    0.009195    0.030648    0.079760    0.540252 ^ _156_/X (sky130_fd_sc_hd__o32a_4)
                                                         _086_ (net)
                      0.030648    0.000108    0.540361 ^ rebuffer59/A (sky130_fd_sc_hd__buf_6)
     1    0.004702    0.017490    0.050468    0.590828 ^ rebuffer59/X (sky130_fd_sc_hd__buf_6)
                                                         net59 (net)
                      0.017490    0.000077    0.590905 ^ _212_/B (sky130_fd_sc_hd__and2_4)
     1    0.002083    0.019521    0.067501    0.658406 ^ _212_/X (sky130_fd_sc_hd__and2_4)
                                                         _025_ (net)
                      0.019521    0.000018    0.658424 ^ _323_/D (sky130_fd_sc_hd__dfxtp_2)
                                              0.658424   data arrival time

                                  0.000000    0.000000   clock clk (rise edge)
                                  0.000000    0.000000   clock source latency
     1    0.015941    0.058119    0.041687    0.041687 ^ clk (in)
                                                         clk (net)
                      0.058136    0.000000    0.041687 ^ clkbuf_0_clk/A (sky130_fd_sc_hd__clkbuf_16)
     4    0.038899    0.044472    0.109319    0.151006 ^ clkbuf_0_clk/X (sky130_fd_sc_hd__clkbuf_16)
                                                         clknet_0_clk (net)
                      0.044474    0.000373    0.151379 ^ clkbuf_2_1__f_clk/A (sky130_fd_sc_hd__clkbuf_16)
     8    0.029246    0.037579    0.099339    0.250718 ^ clkbuf_2_1__f_clk/X (sky130_fd_sc_hd__clkbuf_16)
                                                         clknet_2_1__leaf_clk (net)
                      0.037590    0.000642    0.251361 ^ _323_/CLK (sky130_fd_sc_hd__dfxtp_2)
                                  0.250000    0.501361   clock uncertainty
                                 -0.023878    0.477483   clock reconvergence pessimism
                                 -0.016331    0.461151   library hold time
                                              0.461151   data required time
---------------------------------------------------------------------------------------------
                                              0.461151   data required time
                                             -0.658424   data arrival time
---------------------------------------------------------------------------------------------
                                              0.197273   slack (MET)


Startpoint: _308_ (rising edge-triggered flip-flop clocked by clk)
Endpoint: _326_ (rising edge-triggered flip-flop clocked by clk)
Path Group: clk
Path Type: min

Fanout         Cap        Slew       Delay        Time   Description
---------------------------------------------------------------------------------------------
                                  0.000000    0.000000   clock clk (rise edge)
                                  0.000000    0.000000   clock source latency
     1    0.015941    0.058119    0.037717    0.037717 ^ clk (in)
                                                         clk (net)
                      0.058136    0.000000    0.037717 ^ clkbuf_0_clk/A (sky130_fd_sc_hd__clkbuf_16)
     4    0.038899    0.044472    0.098908    0.136625 ^ clkbuf_0_clk/X (sky130_fd_sc_hd__clkbuf_16)
                                                         clknet_0_clk (net)
                      0.044480    0.000496    0.137120 ^ clkbuf_2_2__f_clk/A (sky130_fd_sc_hd__clkbuf_16)
     8    0.025662    0.035036    0.087589    0.224709 ^ clkbuf_2_2__f_clk/X (sky130_fd_sc_hd__clkbuf_16)
                                                         clknet_2_2__leaf_clk (net)
                      0.035041    0.000383    0.225092 ^ _308_/CLK (sky130_fd_sc_hd__dfxtp_2)
     5    0.025049    0.049418    0.215574    0.440666 v _308_/Q (sky130_fd_sc_hd__dfxtp_2)
                                                         a_q[7] (net)
                      0.049431    0.000732    0.441398 v _288_/A1_N (sky130_fd_sc_hd__a2bb2o_4)
     2    0.007886    0.027803    0.136659    0.578057 ^ _288_/X (sky130_fd_sc_hd__a2bb2o_4)
                                                         _069_ (net)
                      0.027806    0.000129    0.578185 ^ rebuffer42/A (sky130_fd_sc_hd__buf_2)
     1    0.005138    0.026429    0.060886    0.639071 ^ rebuffer42/X (sky130_fd_sc_hd__buf_2)
                                                         net42 (net)
                      0.026429    0.000026    0.639097 ^ _215_/B (sky130_fd_sc_hd__nor2_2)
     1    0.002775    0.011083    0.015433    0.654530 v _215_/Y (sky130_fd_sc_hd__nor2_2)
                                                         _028_ (net)
                      0.011083    0.000032    0.654562 v _326_/D (sky130_fd_sc_hd__dfxtp_2)
                                              0.654562   data arrival time

                                  0.000000    0.000000   clock clk (rise edge)
                                  0.000000    0.000000   clock source latency
     1    0.015941    0.058119    0.041687    0.041687 ^ clk (in)
                                                         clk (net)
                      0.058136    0.000000    0.041687 ^ clkbuf_0_clk/A (sky130_fd_sc_hd__clkbuf_16)
     4    0.038899    0.044472    0.109319    0.151006 ^ clkbuf_0_clk/X (sky130_fd_sc_hd__clkbuf_16)
                                                         clknet_0_clk (net)
                      0.044480    0.000548    0.151554 ^ clkbuf_2_3__f_clk/A (sky130_fd_sc_hd__clkbuf_16)
     8    0.025589    0.034984    0.096591    0.248145 ^ clkbuf_2_3__f_clk/X (sky130_fd_sc_hd__clkbuf_16)
                                                         clknet_2_3__leaf_clk (net)
                      0.035002    0.000758    0.248903 ^ _326_/CLK (sky130_fd_sc_hd__dfxtp_2)
                                  0.250000    0.498903   clock uncertainty
                                 -0.014382    0.484522   clock reconvergence pessimism
                                 -0.027639    0.456883   library hold time
                                              0.456883   data required time
---------------------------------------------------------------------------------------------
                                              0.456883   data required time
                                             -0.654562   data arrival time
---------------------------------------------------------------------------------------------
                                              0.197679   slack (MET)


Startpoint: _308_ (rising edge-triggered flip-flop clocked by clk)
Endpoint: _300_ (rising edge-triggered flip-flop clocked by clk)
Path Group: clk
Path Type: min

Fanout         Cap        Slew       Delay        Time   Description
---------------------------------------------------------------------------------------------
                                  0.000000    0.000000   clock clk (rise edge)
                                  0.000000    0.000000   clock source latency
     1    0.015941    0.058119    0.037717    0.037717 ^ clk (in)
                                                         clk (net)
                      0.058136    0.000000    0.037717 ^ clkbuf_0_clk/A (sky130_fd_sc_hd__clkbuf_16)
     4    0.038899    0.044472    0.098908    0.136625 ^ clkbuf_0_clk/X (sky130_fd_sc_hd__clkbuf_16)
                                                         clknet_0_clk (net)
                      0.044480    0.000496    0.137120 ^ clkbuf_2_2__f_clk/A (sky130_fd_sc_hd__clkbuf_16)
     8    0.025662    0.035036    0.087589    0.224709 ^ clkbuf_2_2__f_clk/X (sky130_fd_sc_hd__clkbuf_16)
                                                         clknet_2_2__leaf_clk (net)
                      0.035041    0.000383    0.225092 ^ _308_/CLK (sky130_fd_sc_hd__dfxtp_2)
     5    0.025049    0.049418    0.215574    0.440666 v _308_/Q (sky130_fd_sc_hd__dfxtp_2)
                                                         a_q[7] (net)
                      0.049431    0.000732    0.441398 v _288_/A1_N (sky130_fd_sc_hd__a2bb2o_4)
     2    0.007886    0.027803    0.136659    0.578057 ^ _288_/X (sky130_fd_sc_hd__a2bb2o_4)
                                                         _069_ (net)
                      0.027807    0.000160    0.578217 ^ _189_/A2 (sky130_fd_sc_hd__a41o_2)
     1    0.003213    0.020878    0.090469    0.668686 ^ _189_/X (sky130_fd_sc_hd__a41o_2)
                                                         _002_ (net)
                      0.020878    0.000041    0.668727 ^ _300_/D (sky130_fd_sc_hd__dfxtp_2)
                                              0.668727   data arrival time

                                  0.000000    0.000000   clock clk (rise edge)
                                  0.000000    0.000000   clock source latency
     1    0.015941    0.058119    0.041687    0.041687 ^ clk (in)
                                                         clk (net)
                      0.058136    0.000000    0.041687 ^ clkbuf_0_clk/A (sky130_fd_sc_hd__clkbuf_16)
     4    0.038899    0.044472    0.109319    0.151006 ^ clkbuf_0_clk/X (sky130_fd_sc_hd__clkbuf_16)
                                                         clknet_0_clk (net)
                      0.044480    0.000548    0.151554 ^ clkbuf_2_3__f_clk/A (sky130_fd_sc_hd__clkbuf_16)
     8    0.025589    0.034984    0.096591    0.248145 ^ clkbuf_2_3__f_clk/X (sky130_fd_sc_hd__clkbuf_16)
                                                         clknet_2_3__leaf_clk (net)
                      0.035015    0.000939    0.249085 ^ _300_/CLK (sky130_fd_sc_hd__dfxtp_2)
                                  0.250000    0.499085   clock uncertainty
                                 -0.014382    0.484703   clock reconvergence pessimism
                                 -0.016488    0.468215   library hold time
                                              0.468215   data required time
---------------------------------------------------------------------------------------------
                                              0.468215   data required time
                                             -0.668727   data arrival time
---------------------------------------------------------------------------------------------
                                              0.200512   slack (MET)


Startpoint: _306_ (rising edge-triggered flip-flop clocked by clk)
Endpoint: _324_ (rising edge-triggered flip-flop clocked by clk)
Path Group: clk
Path Type: min

Fanout         Cap        Slew       Delay        Time   Description
---------------------------------------------------------------------------------------------
                                  0.000000    0.000000   clock clk (rise edge)
                                  0.000000    0.000000   clock source latency
     1    0.015941    0.058119    0.037717    0.037717 ^ clk (in)
                                                         clk (net)
                      0.058136    0.000000    0.037717 ^ clkbuf_0_clk/A (sky130_fd_sc_hd__clkbuf_16)
     4    0.038899    0.044472    0.098908    0.136625 ^ clkbuf_0_clk/X (sky130_fd_sc_hd__clkbuf_16)
                                                         clknet_0_clk (net)
                      0.044480    0.000496    0.137120 ^ clkbuf_2_2__f_clk/A (sky130_fd_sc_hd__clkbuf_16)
     8    0.025662    0.035036    0.087589    0.224709 ^ clkbuf_2_2__f_clk/X (sky130_fd_sc_hd__clkbuf_16)
                                                         clknet_2_2__leaf_clk (net)
                      0.035042    0.000421    0.225131 ^ _306_/CLK (sky130_fd_sc_hd__dfxtp_2)
     5    0.025828    0.102160    0.236323    0.461454 ^ _306_/Q (sky130_fd_sc_hd__dfxtp_2)
                                                         a_q[5] (net)
                      0.102167    0.000907    0.462361 ^ _297_/B2 (sky130_fd_sc_hd__o2bb2a_4)
     2    0.005415    0.024082    0.078442    0.540803 ^ _297_/X (sky130_fd_sc_hd__o2bb2a_4)
                                                         _078_ (net)
                      0.024082    0.000041    0.540845 ^ rebuffer46/A (sky130_fd_sc_hd__buf_2)
     1    0.006222    0.029981    0.062412    0.603257 ^ rebuffer46/X (sky130_fd_sc_hd__buf_2)
                                                         net46 (net)
                      0.029981    0.000140    0.603397 ^ _213_/B (sky130_fd_sc_hd__and2_2)
     1    0.002391    0.023524    0.072857    0.676253 ^ _213_/X (sky130_fd_sc_hd__and2_2)
                                                         _026_ (net)
                      0.023524    0.000023    0.676276 ^ _324_/D (sky130_fd_sc_hd__dfxtp_2)
                                              0.676276   data arrival time

                                  0.000000    0.000000   clock clk (rise edge)
                                  0.000000    0.000000   clock source latency
     1    0.015941    0.058119    0.041687    0.041687 ^ clk (in)
                                                         clk (net)
                      0.058136    0.000000    0.041687 ^ clkbuf_0_clk/A (sky130_fd_sc_hd__clkbuf_16)
     4    0.038899    0.044472    0.109319    0.151006 ^ clkbuf_0_clk/X (sky130_fd_sc_hd__clkbuf_16)
                                                         clknet_0_clk (net)
                      0.044474    0.000373    0.151379 ^ clkbuf_2_1__f_clk/A (sky130_fd_sc_hd__clkbuf_16)
     8    0.029246    0.037579    0.099339    0.250718 ^ clkbuf_2_1__f_clk/X (sky130_fd_sc_hd__clkbuf_16)
                                                         clknet_2_1__leaf_clk (net)
                      0.037597    0.000779    0.251497 ^ _324_/CLK (sky130_fd_sc_hd__dfxtp_2)
                                  0.250000    0.501497   clock uncertainty
                                 -0.014382    0.487115   clock reconvergence pessimism
                                 -0.016614    0.470501   library hold time
                                              0.470501   data required time
---------------------------------------------------------------------------------------------
                                              0.470501   data required time
                                             -0.676276   data arrival time
---------------------------------------------------------------------------------------------
                                              0.205775   slack (MET)


Startpoint: _301_ (rising edge-triggered flip-flop clocked by clk)
Endpoint: _320_ (rising edge-triggered flip-flop clocked by clk)
Path Group: clk
Path Type: min

Fanout         Cap        Slew       Delay        Time   Description
---------------------------------------------------------------------------------------------
                                  0.000000    0.000000   clock clk (rise edge)
                                  0.000000    0.000000   clock source latency
     1    0.015941    0.058119    0.037717    0.037717 ^ clk (in)
                                                         clk (net)
                      0.058136    0.000000    0.037717 ^ clkbuf_0_clk/A (sky130_fd_sc_hd__clkbuf_16)
     4    0.038899    0.044472    0.098908    0.136625 ^ clkbuf_0_clk/X (sky130_fd_sc_hd__clkbuf_16)
                                                         clknet_0_clk (net)
                      0.044474    0.000335    0.136960 ^ clkbuf_2_0__f_clk/A (sky130_fd_sc_hd__clkbuf_16)
     8    0.026407    0.035560    0.088003    0.224963 ^ clkbuf_2_0__f_clk/X (sky130_fd_sc_hd__clkbuf_16)
                                                         clknet_2_0__leaf_clk (net)
                      0.035568    0.000487    0.225450 ^ _301_/CLK (sky130_fd_sc_hd__dfxtp_2)
     4    0.016799    0.037356    0.205798    0.431249 v _301_/Q (sky130_fd_sc_hd__dfxtp_2)
                                                         a_q[0] (net)
                      0.037393    0.000255    0.431504 v _167_/A1 (sky130_fd_sc_hd__o22ai_2)
     1    0.003151    0.052035    0.092749    0.524254 ^ _167_/Y (sky130_fd_sc_hd__o22ai_2)
                                                         _097_ (net)
                      0.052035    0.000019    0.524272 ^ _168_/C1 (sky130_fd_sc_hd__a311o_2)
     2    0.008227    0.037933    0.072462    0.596735 ^ _168_/X (sky130_fd_sc_hd__a311o_2)
                                                         _098_ (net)
                      0.037933    0.000082    0.596817 ^ _209_/B (sky130_fd_sc_hd__and2_2)
     1    0.002189    0.022896    0.074100    0.670917 ^ _209_/X (sky130_fd_sc_hd__and2_2)
                                                         _022_ (net)
                      0.022896    0.000019    0.670936 ^ _320_/D (sky130_fd_sc_hd__dfxtp_2)
                                              0.670936   data arrival time

                                  0.000000    0.000000   clock clk (rise edge)
                                  0.000000    0.000000   clock source latency
     1    0.015941    0.058119    0.041687    0.041687 ^ clk (in)
                                                         clk (net)
                      0.058136    0.000000    0.041687 ^ clkbuf_0_clk/A (sky130_fd_sc_hd__clkbuf_16)
     4    0.038899    0.044472    0.109319    0.151006 ^ clkbuf_0_clk/X (sky130_fd_sc_hd__clkbuf_16)
                                                         clknet_0_clk (net)
                      0.044474    0.000370    0.151376 ^ clkbuf_2_0__f_clk/A (sky130_fd_sc_hd__clkbuf_16)
     8    0.026407    0.035560    0.097267    0.248643 ^ clkbuf_2_0__f_clk/X (sky130_fd_sc_hd__clkbuf_16)
                                                         clknet_2_0__leaf_clk (net)
                      0.035565    0.000466    0.249109 ^ _320_/CLK (sky130_fd_sc_hd__dfxtp_2)
                                  0.250000    0.499109   clock uncertainty
                                 -0.023680    0.475428   clock reconvergence pessimism
                                 -0.016618    0.458811   library hold time
                                              0.458811   data required time
---------------------------------------------------------------------------------------------
                                              0.458811   data required time
                                             -0.670936   data arrival time
---------------------------------------------------------------------------------------------
                                              0.212126   slack (MET)


Startpoint: _308_ (rising edge-triggered flip-flop clocked by clk)
Endpoint: _327_ (rising edge-triggered flip-flop clocked by clk)
Path Group: clk
Path Type: min

Fanout         Cap        Slew       Delay        Time   Description
---------------------------------------------------------------------------------------------
                                  0.000000    0.000000   clock clk (rise edge)
                                  0.000000    0.000000   clock source latency
     1    0.015941    0.058119    0.037717    0.037717 ^ clk (in)
                                                         clk (net)
                      0.058136    0.000000    0.037717 ^ clkbuf_0_clk/A (sky130_fd_sc_hd__clkbuf_16)
     4    0.038899    0.044472    0.098908    0.136625 ^ clkbuf_0_clk/X (sky130_fd_sc_hd__clkbuf_16)
                                                         clknet_0_clk (net)
                      0.044480    0.000496    0.137120 ^ clkbuf_2_2__f_clk/A (sky130_fd_sc_hd__clkbuf_16)
     8    0.025662    0.035036    0.087589    0.224709 ^ clkbuf_2_2__f_clk/X (sky130_fd_sc_hd__clkbuf_16)
                                                         clknet_2_2__leaf_clk (net)
                      0.035041    0.000383    0.225092 ^ _308_/CLK (sky130_fd_sc_hd__dfxtp_2)
     5    0.026937    0.106199    0.239110    0.464202 ^ _308_/Q (sky130_fd_sc_hd__dfxtp_2)
                                                         a_q[7] (net)
                      0.106200    0.000554    0.464757 ^ _274_/A1 (sky130_fd_sc_hd__o211a_2)
     1    0.007187    0.042847    0.116652    0.581408 ^ _274_/X (sky130_fd_sc_hd__o211a_2)
                                                         _055_ (net)
                      0.042847    0.000162    0.581570 ^ _275_/B1 (sky130_fd_sc_hd__o21a_2)
     2    0.005212    0.027842    0.061926    0.643497 ^ _275_/X (sky130_fd_sc_hd__o21a_2)
                                                         _056_ (net)
                      0.027842    0.000038    0.643534 ^ rebuffer55/A (sky130_fd_sc_hd__buf_2)
     1    0.005305    0.026974    0.061294    0.704828 ^ rebuffer55/X (sky130_fd_sc_hd__buf_2)
                                                         net55 (net)
                      0.026974    0.000049    0.704877 ^ _216_/B (sky130_fd_sc_hd__nor2_2)
     1    0.002272    0.010649    0.014647    0.719523 v _216_/Y (sky130_fd_sc_hd__nor2_2)
                                                         _029_ (net)
                      0.010649    0.000021    0.719545 v _327_/D (sky130_fd_sc_hd__dfxtp_2)
                                              0.719545   data arrival time

                                  0.000000    0.000000   clock clk (rise edge)
                                  0.000000    0.000000   clock source latency
     1    0.015941    0.058119    0.041687    0.041687 ^ clk (in)
                                                         clk (net)
                      0.058136    0.000000    0.041687 ^ clkbuf_0_clk/A (sky130_fd_sc_hd__clkbuf_16)
     4    0.038899    0.044472    0.109319    0.151006 ^ clkbuf_0_clk/X (sky130_fd_sc_hd__clkbuf_16)
                                                         clknet_0_clk (net)
                      0.044480    0.000548    0.151554 ^ clkbuf_2_3__f_clk/A (sky130_fd_sc_hd__clkbuf_16)
     8    0.025589    0.034984    0.096591    0.248145 ^ clkbuf_2_3__f_clk/X (sky130_fd_sc_hd__clkbuf_16)
                                                         clknet_2_3__leaf_clk (net)
                      0.035009    0.000866    0.249011 ^ _327_/CLK (sky130_fd_sc_hd__dfxtp_2)
                                  0.250000    0.499011   clock uncertainty
                                 -0.014382    0.484629   clock reconvergence pessimism
                                 -0.027493    0.457136   library hold time
                                              0.457136   data required time
---------------------------------------------------------------------------------------------
                                              0.457136   data required time
                                             -0.719545   data arrival time
---------------------------------------------------------------------------------------------
                                              0.262409   slack (MET)


Startpoint: a[1] (input port clocked by clk)
Endpoint: _302_ (rising edge-triggered flip-flop clocked by clk)
Path Group: clk
Path Type: min

Fanout         Cap        Slew       Delay        Time   Description
---------------------------------------------------------------------------------------------
                                  0.000000    0.000000   clock clk (rise edge)
                                  0.000000    0.000000   clock network delay (propagated)
                                  0.800000    0.800000 ^ input external delay
     1    0.003623    0.016873    0.008915    0.808915 ^ a[1] (in)
                                                         a[1] (net)
                      0.016873    0.000000    0.808915 ^ input2/A (sky130_fd_sc_hd__clkdlybuf4s25_1)
     1    0.002093    0.027141    0.142420    0.951335 ^ input2/X (sky130_fd_sc_hd__clkdlybuf4s25_1)
                                                         net2 (net)
                      0.027141    0.000018    0.951353 ^ _191_/B (sky130_fd_sc_hd__and2_2)
     1    0.002087    0.022579    0.071190    1.022543 ^ _191_/X (sky130_fd_sc_hd__and2_2)
                                                         _004_ (net)
                      0.022579    0.000010    1.022552 ^ _302_/D (sky130_fd_sc_hd__dfxtp_2)
                                              1.022552   data arrival time

                                  0.000000    0.000000   clock clk (rise edge)
                                  0.000000    0.000000   clock source latency
     1    0.015941    0.058119    0.041687    0.041687 ^ clk (in)
                                                         clk (net)
                      0.058136    0.000000    0.041687 ^ clkbuf_0_clk/A (sky130_fd_sc_hd__clkbuf_16)
     4    0.038899    0.044472    0.109319    0.151006 ^ clkbuf_0_clk/X (sky130_fd_sc_hd__clkbuf_16)
                                                         clknet_0_clk (net)
                      0.044474    0.000370    0.151376 ^ clkbuf_2_0__f_clk/A (sky130_fd_sc_hd__clkbuf_16)
     8    0.026407    0.035560    0.097267    0.248643 ^ clkbuf_2_0__f_clk/X (sky130_fd_sc_hd__clkbuf_16)
                                                         clknet_2_0__leaf_clk (net)
                      0.035573    0.000641    0.249284 ^ _302_/CLK (sky130_fd_sc_hd__dfxtp_2)
                                  0.250000    0.499284   clock uncertainty
                                  0.000000    0.499284   clock reconvergence pessimism
                                 -0.016595    0.482689   library hold time
                                              0.482689   data required time
---------------------------------------------------------------------------------------------
                                              0.482689   data required time
                                             -1.022552   data arrival time
---------------------------------------------------------------------------------------------
                                              0.539864   slack (MET)


Startpoint: op[1] (input port clocked by clk)
Endpoint: _318_ (rising edge-triggered flip-flop clocked by clk)
Path Group: clk
Path Type: min

Fanout         Cap        Slew       Delay        Time   Description
---------------------------------------------------------------------------------------------
                                  0.000000    0.000000   clock clk (rise edge)
                                  0.000000    0.000000   clock network delay (propagated)
                                  0.800000    0.800000 ^ input external delay
     1    0.003653    0.016980    0.008991    0.808991 ^ op[1] (in)
                                                         op[1] (net)
                      0.016980    0.000000    0.808991 ^ input18/A (sky130_fd_sc_hd__clkdlybuf4s25_1)
     1    0.002132    0.027395    0.142648    0.951638 ^ input18/X (sky130_fd_sc_hd__clkdlybuf4s25_1)
                                                         net18 (net)
                      0.027395    0.000019    0.951657 ^ _207_/B (sky130_fd_sc_hd__and2_2)
     1    0.002007    0.022329    0.070990    1.022647 ^ _207_/X (sky130_fd_sc_hd__and2_2)
                                                         _020_ (net)
                      0.022329    0.000009    1.022656 ^ _318_/D (sky130_fd_sc_hd__dfxtp_2)
                                              1.022656   data arrival time

                                  0.000000    0.000000   clock clk (rise edge)
                                  0.000000    0.000000   clock source latency
     1    0.015941    0.058119    0.041687    0.041687 ^ clk (in)
                                                         clk (net)
                      0.058136    0.000000    0.041687 ^ clkbuf_0_clk/A (sky130_fd_sc_hd__clkbuf_16)
     4    0.038899    0.044472    0.109319    0.151006 ^ clkbuf_0_clk/X (sky130_fd_sc_hd__clkbuf_16)
                                                         clknet_0_clk (net)
                      0.044480    0.000548    0.151554 ^ clkbuf_2_2__f_clk/A (sky130_fd_sc_hd__clkbuf_16)
     8    0.025662    0.035036    0.096809    0.248363 ^ clkbuf_2_2__f_clk/X (sky130_fd_sc_hd__clkbuf_16)
                                                         clknet_2_2__leaf_clk (net)
                      0.035043    0.000472    0.248835 ^ _318_/CLK (sky130_fd_sc_hd__dfxtp_2)
                                  0.250000    0.498835   clock uncertainty
                                  0.000000    0.498835   clock reconvergence pessimism
                                 -0.016590    0.482245   library hold time
                                              0.482245   data required time
---------------------------------------------------------------------------------------------
                                              0.482245   data required time
                                             -1.022656   data arrival time
---------------------------------------------------------------------------------------------
                                              0.540411   slack (MET)


Startpoint: b[0] (input port clocked by clk)
Endpoint: _309_ (rising edge-triggered flip-flop clocked by clk)
Path Group: clk
Path Type: min

Fanout         Cap        Slew       Delay        Time   Description
---------------------------------------------------------------------------------------------
                                  0.000000    0.000000   clock clk (rise edge)
                                  0.000000    0.000000   clock network delay (propagated)
                                  0.800000    0.800000 ^ input external delay
     1    0.003655    0.016987    0.008988    0.808988 ^ b[0] (in)
                                                         b[0] (net)
                      0.016987    0.000000    0.808988 ^ input9/A (sky130_fd_sc_hd__clkdlybuf4s25_1)
     1    0.002137    0.027425    0.142673    0.951661 ^ input9/X (sky130_fd_sc_hd__clkdlybuf4s25_1)
                                                         net9 (net)
                      0.027425    0.000019    0.951679 ^ _198_/B (sky130_fd_sc_hd__and2_2)
     1    0.002025    0.022386    0.071056    1.022735 ^ _198_/X (sky130_fd_sc_hd__and2_2)
                                                         _011_ (net)
                      0.022386    0.000009    1.022744 ^ _309_/D (sky130_fd_sc_hd__dfxtp_2)
                                              1.022744   data arrival time

                                  0.000000    0.000000   clock clk (rise edge)
                                  0.000000    0.000000   clock source latency
     1    0.015941    0.058119    0.041687    0.041687 ^ clk (in)
                                                         clk (net)
                      0.058136    0.000000    0.041687 ^ clkbuf_0_clk/A (sky130_fd_sc_hd__clkbuf_16)
     4    0.038899    0.044472    0.109319    0.151006 ^ clkbuf_0_clk/X (sky130_fd_sc_hd__clkbuf_16)
                                                         clknet_0_clk (net)
                      0.044480    0.000548    0.151554 ^ clkbuf_2_2__f_clk/A (sky130_fd_sc_hd__clkbuf_16)
     8    0.025662    0.035036    0.096809    0.248363 ^ clkbuf_2_2__f_clk/X (sky130_fd_sc_hd__clkbuf_16)
                                                         clknet_2_2__leaf_clk (net)
                      0.035043    0.000489    0.248852 ^ _309_/CLK (sky130_fd_sc_hd__dfxtp_2)
                                  0.250000    0.498852   clock uncertainty
                                  0.000000    0.498852   clock reconvergence pessimism
                                 -0.016594    0.482257   library hold time
                                              0.482257   data required time
---------------------------------------------------------------------------------------------
                                              0.482257   data required time
                                             -1.022744   data arrival time
---------------------------------------------------------------------------------------------
                                              0.540487   slack (MET)


Startpoint: op[0] (input port clocked by clk)
Endpoint: _317_ (rising edge-triggered flip-flop clocked by clk)
Path Group: clk
Path Type: min

Fanout         Cap        Slew       Delay        Time   Description
---------------------------------------------------------------------------------------------
                                  0.000000    0.000000   clock clk (rise edge)
                                  0.000000    0.000000   clock network delay (propagated)
                                  0.800000    0.800000 ^ input external delay
     1    0.003657    0.016995    0.009000    0.809000 ^ op[0] (in)
                                                         op[0] (net)
                      0.016995    0.000000    0.809000 ^ input17/A (sky130_fd_sc_hd__clkdlybuf4s25_1)
     1    0.002201    0.027842    0.143005    0.952005 ^ input17/X (sky130_fd_sc_hd__clkdlybuf4s25_1)
                                                         net17 (net)
                      0.027842    0.000019    0.952025 ^ _206_/B (sky130_fd_sc_hd__and2_2)
     1    0.002228    0.023019    0.071818    1.023842 ^ _206_/X (sky130_fd_sc_hd__and2_2)
                                                         _019_ (net)
                      0.023019    0.000013    1.023855 ^ _317_/D (sky130_fd_sc_hd__dfxtp_4)
                                              1.023855   data arrival time

                                  0.000000    0.000000   clock clk (rise edge)
                                  0.000000    0.000000   clock source latency
     1    0.015941    0.058119    0.041687    0.041687 ^ clk (in)
                                                         clk (net)
                      0.058136    0.000000    0.041687 ^ clkbuf_0_clk/A (sky130_fd_sc_hd__clkbuf_16)
     4    0.038899    0.044472    0.109319    0.151006 ^ clkbuf_0_clk/X (sky130_fd_sc_hd__clkbuf_16)
                                                         clknet_0_clk (net)
                      0.044480    0.000548    0.151554 ^ clkbuf_2_2__f_clk/A (sky130_fd_sc_hd__clkbuf_16)
     8    0.025662    0.035036    0.096809    0.248363 ^ clkbuf_2_2__f_clk/X (sky130_fd_sc_hd__clkbuf_16)
                                                         clknet_2_2__leaf_clk (net)
                      0.035043    0.000478    0.248841 ^ _317_/CLK (sky130_fd_sc_hd__dfxtp_4)
                                  0.250000    0.498841   clock uncertainty
                                  0.000000    0.498841   clock reconvergence pessimism
                                 -0.015574    0.483267   library hold time
                                              0.483267   data required time
---------------------------------------------------------------------------------------------
                                              0.483267   data required time
                                             -1.023855   data arrival time
---------------------------------------------------------------------------------------------
                                              0.540588   slack (MET)


Startpoint: a[4] (input port clocked by clk)
Endpoint: _305_ (rising edge-triggered flip-flop clocked by clk)
Path Group: clk
Path Type: min

Fanout         Cap        Slew       Delay        Time   Description
---------------------------------------------------------------------------------------------
                                  0.000000    0.000000   clock clk (rise edge)
                                  0.000000    0.000000   clock network delay (propagated)
                                  0.800000    0.800000 ^ input external delay
     1    0.003508    0.016458    0.008630    0.808630 ^ a[4] (in)
                                                         a[4] (net)
                      0.016458    0.000000    0.808630 ^ input5/A (sky130_fd_sc_hd__clkdlybuf4s25_1)
     1    0.002592    0.030406    0.144891    0.953521 ^ input5/X (sky130_fd_sc_hd__clkdlybuf4s25_1)
                                                         net5 (net)
                      0.030406    0.000027    0.953548 ^ _194_/B (sky130_fd_sc_hd__and2_2)
     1    0.002070    0.022524    0.071911    1.025459 ^ _194_/X (sky130_fd_sc_hd__and2_2)
                                                         _007_ (net)
                      0.022524    0.000017    1.025477 ^ _305_/D (sky130_fd_sc_hd__dfxtp_2)
                                              1.025477   data arrival time

                                  0.000000    0.000000   clock clk (rise edge)
                                  0.000000    0.000000   clock source latency
     1    0.015941    0.058119    0.041687    0.041687 ^ clk (in)
                                                         clk (net)
                      0.058136    0.000000    0.041687 ^ clkbuf_0_clk/A (sky130_fd_sc_hd__clkbuf_16)
     4    0.038899    0.044472    0.109319    0.151006 ^ clkbuf_0_clk/X (sky130_fd_sc_hd__clkbuf_16)
                                                         clknet_0_clk (net)
                      0.044474    0.000373    0.151379 ^ clkbuf_2_1__f_clk/A (sky130_fd_sc_hd__clkbuf_16)
     8    0.029246    0.037579    0.099339    0.250718 ^ clkbuf_2_1__f_clk/X (sky130_fd_sc_hd__clkbuf_16)
                                                         clknet_2_1__leaf_clk (net)
                      0.037593    0.000709    0.251428 ^ _305_/CLK (sky130_fd_sc_hd__dfxtp_2)
                                  0.250000    0.501428   clock uncertainty
                                  0.000000    0.501428   clock reconvergence pessimism
                                 -0.016543    0.484884   library hold time
                                              0.484884   data required time
---------------------------------------------------------------------------------------------
                                              0.484884   data required time
                                             -1.025477   data arrival time
---------------------------------------------------------------------------------------------
                                              0.540592   slack (MET)


Startpoint: b[1] (input port clocked by clk)
Endpoint: _310_ (rising edge-triggered flip-flop clocked by clk)
Path Group: clk
Path Type: min

Fanout         Cap        Slew       Delay        Time   Description
---------------------------------------------------------------------------------------------
                                  0.000000    0.000000   clock clk (rise edge)
                                  0.000000    0.000000   clock network delay (propagated)
                                  0.800000    0.800000 ^ input external delay
     1    0.003665    0.017023    0.009020    0.809020 ^ b[1] (in)
                                                         b[1] (net)
                      0.017023    0.000000    0.809020 ^ input10/A (sky130_fd_sc_hd__clkdlybuf4s25_1)
     1    0.002137    0.027425    0.142682    0.951703 ^ input10/X (sky130_fd_sc_hd__clkdlybuf4s25_1)
                                                         net10 (net)
                      0.027425    0.000019    0.951721 ^ _199_/B (sky130_fd_sc_hd__and2_2)
     1    0.002432    0.023653    0.072381    1.024102 ^ _199_/X (sky130_fd_sc_hd__and2_2)
                                                         _012_ (net)
                      0.023653    0.000023    1.024125 ^ _310_/D (sky130_fd_sc_hd__dfxtp_2)
                                              1.024125   data arrival time

                                  0.000000    0.000000   clock clk (rise edge)
                                  0.000000    0.000000   clock source latency
     1    0.015941    0.058119    0.041687    0.041687 ^ clk (in)
                                                         clk (net)
                      0.058136    0.000000    0.041687 ^ clkbuf_0_clk/A (sky130_fd_sc_hd__clkbuf_16)
     4    0.038899    0.044472    0.109319    0.151006 ^ clkbuf_0_clk/X (sky130_fd_sc_hd__clkbuf_16)
                                                         clknet_0_clk (net)
                      0.044474    0.000370    0.151376 ^ clkbuf_2_0__f_clk/A (sky130_fd_sc_hd__clkbuf_16)
     8    0.026407    0.035560    0.097267    0.248643 ^ clkbuf_2_0__f_clk/X (sky130_fd_sc_hd__clkbuf_16)
                                                         clknet_2_0__leaf_clk (net)
                      0.035575    0.000681    0.249324 ^ _310_/CLK (sky130_fd_sc_hd__dfxtp_2)
                                  0.250000    0.499324   clock uncertainty
                                  0.000000    0.499324   clock reconvergence pessimism
                                 -0.016671    0.482653   library hold time
                                              0.482653   data required time
---------------------------------------------------------------------------------------------
                                              0.482653   data required time
                                             -1.024125   data arrival time
---------------------------------------------------------------------------------------------
                                              0.541472   slack (MET)


Startpoint: a[6] (input port clocked by clk)
Endpoint: _307_ (rising edge-triggered flip-flop clocked by clk)
Path Group: clk
Path Type: min

Fanout         Cap        Slew       Delay        Time   Description
---------------------------------------------------------------------------------------------
                                  0.000000    0.000000   clock clk (rise edge)
                                  0.000000    0.000000   clock network delay (propagated)
                                  0.800000    0.800000 ^ input external delay
     1    0.003639    0.016932    0.008961    0.808961 ^ a[6] (in)
                                                         a[6] (net)
                      0.016932    0.000000    0.808961 ^ input7/A (sky130_fd_sc_hd__clkdlybuf4s25_1)
     1    0.002197    0.027816    0.142968    0.951929 ^ input7/X (sky130_fd_sc_hd__clkdlybuf4s25_1)
                                                         net7 (net)
                      0.027816    0.000020    0.951949 ^ _196_/B (sky130_fd_sc_hd__and2_2)
     1    0.002224    0.023006    0.071796    1.023745 ^ _196_/X (sky130_fd_sc_hd__and2_2)
                                                         _009_ (net)
                      0.023006    0.000020    1.023765 ^ _307_/D (sky130_fd_sc_hd__dfxtp_2)
                                              1.023765   data arrival time

                                  0.000000    0.000000   clock clk (rise edge)
                                  0.000000    0.000000   clock source latency
     1    0.015941    0.058119    0.041687    0.041687 ^ clk (in)
                                                         clk (net)
                      0.058136    0.000000    0.041687 ^ clkbuf_0_clk/A (sky130_fd_sc_hd__clkbuf_16)
     4    0.038899    0.044472    0.109319    0.151006 ^ clkbuf_0_clk/X (sky130_fd_sc_hd__clkbuf_16)
                                                         clknet_0_clk (net)
                      0.044480    0.000548    0.151554 ^ clkbuf_2_2__f_clk/A (sky130_fd_sc_hd__clkbuf_16)
     8    0.025662    0.035036    0.096809    0.248363 ^ clkbuf_2_2__f_clk/X (sky130_fd_sc_hd__clkbuf_16)
                                                         clknet_2_2__leaf_clk (net)
                      0.035042    0.000449    0.248812 ^ _307_/CLK (sky130_fd_sc_hd__dfxtp_2)
                                  0.250000    0.498812   clock uncertainty
                                  0.000000    0.498812   clock reconvergence pessimism
                                 -0.016638    0.482173   library hold time
                                              0.482173   data required time
---------------------------------------------------------------------------------------------
                                              0.482173   data required time
                                             -1.023765   data arrival time
---------------------------------------------------------------------------------------------
                                              0.541592   slack (MET)


Startpoint: b[3] (input port clocked by clk)
Endpoint: _312_ (rising edge-triggered flip-flop clocked by clk)
Path Group: clk
Path Type: min

Fanout         Cap        Slew       Delay        Time   Description
---------------------------------------------------------------------------------------------
                                  0.000000    0.000000   clock clk (rise edge)
                                  0.000000    0.000000   clock network delay (propagated)
                                  0.800000    0.800000 ^ input external delay
     1    0.003445    0.016230    0.008473    0.808473 ^ b[3] (in)
                                                         b[3] (net)
                      0.016230    0.000000    0.808473 ^ input12/A (sky130_fd_sc_hd__clkdlybuf4s25_1)
     1    0.002808    0.031828    0.145944    0.954417 ^ input12/X (sky130_fd_sc_hd__clkdlybuf4s25_1)
                                                         net12 (net)
                      0.031828    0.000035    0.954451 ^ _201_/B (sky130_fd_sc_hd__and2_2)
     1    0.002023    0.022377    0.072099    1.026550 ^ _201_/X (sky130_fd_sc_hd__and2_2)
                                                         _014_ (net)
                      0.022377    0.000016    1.026566 ^ _312_/D (sky130_fd_sc_hd__dfxtp_2)
                                              1.026566   data arrival time

                                  0.000000    0.000000   clock clk (rise edge)
                                  0.000000    0.000000   clock source latency
     1    0.015941    0.058119    0.041687    0.041687 ^ clk (in)
                                                         clk (net)
                      0.058136    0.000000    0.041687 ^ clkbuf_0_clk/A (sky130_fd_sc_hd__clkbuf_16)
     4    0.038899    0.044472    0.109319    0.151006 ^ clkbuf_0_clk/X (sky130_fd_sc_hd__clkbuf_16)
                                                         clknet_0_clk (net)
                      0.044474    0.000373    0.151379 ^ clkbuf_2_1__f_clk/A (sky130_fd_sc_hd__clkbuf_16)
     8    0.029246    0.037579    0.099339    0.250718 ^ clkbuf_2_1__f_clk/X (sky130_fd_sc_hd__clkbuf_16)
                                                         clknet_2_1__leaf_clk (net)
                      0.037586    0.000534    0.251252 ^ _312_/CLK (sky130_fd_sc_hd__dfxtp_2)
                                  0.250000    0.501252   clock uncertainty
                                  0.000000    0.501252   clock reconvergence pessimism
                                 -0.016533    0.484719   library hold time
                                              0.484719   data required time
---------------------------------------------------------------------------------------------
                                              0.484719   data required time
                                             -1.026566   data arrival time
---------------------------------------------------------------------------------------------
                                              0.541847   slack (MET)


Startpoint: a[5] (input port clocked by clk)
Endpoint: _306_ (rising edge-triggered flip-flop clocked by clk)
Path Group: clk
Path Type: min

Fanout         Cap        Slew       Delay        Time   Description
---------------------------------------------------------------------------------------------
                                  0.000000    0.000000   clock clk (rise edge)
                                  0.000000    0.000000   clock network delay (propagated)
                                  0.800000    0.800000 ^ input external delay
     1    0.003736    0.017280    0.009201    0.809201 ^ a[5] (in)
                                                         a[5] (net)
                      0.017280    0.000000    0.809201 ^ input6/A (sky130_fd_sc_hd__clkdlybuf4s25_1)
     1    0.002219    0.027963    0.143173    0.952373 ^ input6/X (sky130_fd_sc_hd__clkdlybuf4s25_1)
                                                         net6 (net)
                      0.027963    0.000021    0.952395 ^ _195_/B (sky130_fd_sc_hd__and2_2)
     1    0.002376    0.023478    0.072326    1.024721 ^ _195_/X (sky130_fd_sc_hd__and2_2)
                                                         _008_ (net)
                      0.023478    0.000022    1.024742 ^ _306_/D (sky130_fd_sc_hd__dfxtp_2)
                                              1.024742   data arrival time

                                  0.000000    0.000000   clock clk (rise edge)
                                  0.000000    0.000000   clock source latency
     1    0.015941    0.058119    0.041687    0.041687 ^ clk (in)
                                                         clk (net)
                      0.058136    0.000000    0.041687 ^ clkbuf_0_clk/A (sky130_fd_sc_hd__clkbuf_16)
     4    0.038899    0.044472    0.109319    0.151006 ^ clkbuf_0_clk/X (sky130_fd_sc_hd__clkbuf_16)
                                                         clknet_0_clk (net)
                      0.044480    0.000548    0.151554 ^ clkbuf_2_2__f_clk/A (sky130_fd_sc_hd__clkbuf_16)
     8    0.025662    0.035036    0.096809    0.248363 ^ clkbuf_2_2__f_clk/X (sky130_fd_sc_hd__clkbuf_16)
                                                         clknet_2_2__leaf_clk (net)
                      0.035042    0.000466    0.248829 ^ _306_/CLK (sky130_fd_sc_hd__dfxtp_2)
                                  0.250000    0.498829   clock uncertainty
                                  0.000000    0.498829   clock reconvergence pessimism
                                 -0.016672    0.482157   library hold time
                                              0.482157   data required time
---------------------------------------------------------------------------------------------
                                              0.482157   data required time
                                             -1.024742   data arrival time
---------------------------------------------------------------------------------------------
                                              0.542585   slack (MET)


Startpoint: a[0] (input port clocked by clk)
Endpoint: _301_ (rising edge-triggered flip-flop clocked by clk)
Path Group: clk
Path Type: min

Fanout         Cap        Slew       Delay        Time   Description
---------------------------------------------------------------------------------------------
                                  0.000000    0.000000   clock clk (rise edge)
                                  0.000000    0.000000   clock network delay (propagated)
                                  0.800000    0.800000 ^ input external delay
     1    0.003520    0.016501    0.008656    0.808656 ^ a[0] (in)
                                                         a[0] (net)
                      0.016501    0.000000    0.808656 ^ input1/A (sky130_fd_sc_hd__clkdlybuf4s25_1)
     1    0.002672    0.030926    0.145312    0.953968 ^ input1/X (sky130_fd_sc_hd__clkdlybuf4s25_1)
                                                         net1 (net)
                      0.030926    0.000027    0.953995 ^ _190_/B (sky130_fd_sc_hd__and2_2)
     1    0.002094    0.022600    0.072117    1.026113 ^ _190_/X (sky130_fd_sc_hd__and2_2)
                                                         _003_ (net)
                      0.022600    0.000010    1.026123 ^ _301_/D (sky130_fd_sc_hd__dfxtp_2)
                                              1.026123   data arrival time

                                  0.000000    0.000000   clock clk (rise edge)
                                  0.000000    0.000000   clock source latency
     1    0.015941    0.058119    0.041687    0.041687 ^ clk (in)
                                                         clk (net)
                      0.058136    0.000000    0.041687 ^ clkbuf_0_clk/A (sky130_fd_sc_hd__clkbuf_16)
     4    0.038899    0.044472    0.109319    0.151006 ^ clkbuf_0_clk/X (sky130_fd_sc_hd__clkbuf_16)
                                                         clknet_0_clk (net)
                      0.044474    0.000370    0.151376 ^ clkbuf_2_0__f_clk/A (sky130_fd_sc_hd__clkbuf_16)
     8    0.026407    0.035560    0.097267    0.248643 ^ clkbuf_2_0__f_clk/X (sky130_fd_sc_hd__clkbuf_16)
                                                         clknet_2_0__leaf_clk (net)
                      0.035568    0.000539    0.249182 ^ _301_/CLK (sky130_fd_sc_hd__dfxtp_2)
                                  0.250000    0.499182   clock uncertainty
                                  0.000000    0.499182   clock reconvergence pessimism
                                 -0.016597    0.482585   library hold time
                                              0.482585   data required time
---------------------------------------------------------------------------------------------
                                              0.482585   data required time
                                             -1.026123   data arrival time
---------------------------------------------------------------------------------------------
                                              0.543538   slack (MET)


Startpoint: b[5] (input port clocked by clk)
Endpoint: _314_ (rising edge-triggered flip-flop clocked by clk)
Path Group: clk
Path Type: min

Fanout         Cap        Slew       Delay        Time   Description
---------------------------------------------------------------------------------------------
                                  0.000000    0.000000   clock clk (rise edge)
                                  0.000000    0.000000   clock network delay (propagated)
                                  0.800000    0.800000 ^ input external delay
     1    0.003523    0.016510    0.008662    0.808662 ^ b[5] (in)
                                                         b[5] (net)
                      0.016510    0.000000    0.808662 ^ input14/A (sky130_fd_sc_hd__clkdlybuf4s25_1)
     1    0.002501    0.029809    0.144433    0.953095 ^ input14/X (sky130_fd_sc_hd__clkdlybuf4s25_1)
                                                         net14 (net)
                      0.029809    0.000025    0.953119 ^ _203_/B (sky130_fd_sc_hd__and2_2)
     1    0.002521    0.023928    0.073239    1.026359 ^ _203_/X (sky130_fd_sc_hd__and2_2)
                                                         _016_ (net)
                      0.023928    0.000024    1.026383 ^ _314_/D (sky130_fd_sc_hd__dfxtp_2)
                                              1.026383   data arrival time

                                  0.000000    0.000000   clock clk (rise edge)
                                  0.000000    0.000000   clock source latency
     1    0.015941    0.058119    0.041687    0.041687 ^ clk (in)
                                                         clk (net)
                      0.058136    0.000000    0.041687 ^ clkbuf_0_clk/A (sky130_fd_sc_hd__clkbuf_16)
     4    0.038899    0.044472    0.109319    0.151006 ^ clkbuf_0_clk/X (sky130_fd_sc_hd__clkbuf_16)
                                                         clknet_0_clk (net)
                      0.044474    0.000370    0.151376 ^ clkbuf_2_0__f_clk/A (sky130_fd_sc_hd__clkbuf_16)
     8    0.026407    0.035560    0.097267    0.248643 ^ clkbuf_2_0__f_clk/X (sky130_fd_sc_hd__clkbuf_16)
                                                         clknet_2_0__leaf_clk (net)
                      0.035567    0.000506    0.249149 ^ _314_/CLK (sky130_fd_sc_hd__dfxtp_2)
                                  0.250000    0.499150   clock uncertainty
                                  0.000000    0.499150   clock reconvergence pessimism
                                 -0.016691    0.482459   library hold time
                                              0.482459   data required time
---------------------------------------------------------------------------------------------
                                              0.482459   data required time
                                             -1.026383   data arrival time
---------------------------------------------------------------------------------------------
                                              0.543924   slack (MET)


Startpoint: a[2] (input port clocked by clk)
Endpoint: _303_ (rising edge-triggered flip-flop clocked by clk)
Path Group: clk
Path Type: min

Fanout         Cap        Slew       Delay        Time   Description
---------------------------------------------------------------------------------------------
                                  0.000000    0.000000   clock clk (rise edge)
                                  0.000000    0.000000   clock network delay (propagated)
                                  0.800000    0.800000 ^ input external delay
     1    0.003445    0.016230    0.008473    0.808473 ^ a[2] (in)
                                                         a[2] (net)
                      0.016230    0.000000    0.808473 ^ input3/A (sky130_fd_sc_hd__clkdlybuf4s25_1)
     1    0.002883    0.032333    0.146332    0.954805 ^ input3/X (sky130_fd_sc_hd__clkdlybuf4s25_1)
                                                         net3 (net)
                      0.032333    0.000036    0.954842 ^ _192_/B (sky130_fd_sc_hd__and2_2)
     1    0.002015    0.022354    0.072195    1.027036 ^ _192_/X (sky130_fd_sc_hd__and2_2)
                                                         _005_ (net)
                      0.022354    0.000016    1.027053 ^ _303_/D (sky130_fd_sc_hd__dfxtp_2)
                                              1.027053   data arrival time

                                  0.000000    0.000000   clock clk (rise edge)
                                  0.000000    0.000000   clock source latency
     1    0.015941    0.058119    0.041687    0.041687 ^ clk (in)
                                                         clk (net)
                      0.058136    0.000000    0.041687 ^ clkbuf_0_clk/A (sky130_fd_sc_hd__clkbuf_16)
     4    0.038899    0.044472    0.109319    0.151006 ^ clkbuf_0_clk/X (sky130_fd_sc_hd__clkbuf_16)
                                                         clknet_0_clk (net)
                      0.044474    0.000370    0.151376 ^ clkbuf_2_0__f_clk/A (sky130_fd_sc_hd__clkbuf_16)
     8    0.026407    0.035560    0.097267    0.248643 ^ clkbuf_2_0__f_clk/X (sky130_fd_sc_hd__clkbuf_16)
                                                         clknet_2_0__leaf_clk (net)
                      0.035582    0.000811    0.249454 ^ _303_/CLK (sky130_fd_sc_hd__dfxtp_2)
                                  0.250000    0.499454   clock uncertainty
                                  0.000000    0.499454   clock reconvergence pessimism
                                 -0.016579    0.482875   library hold time
                                              0.482875   data required time
---------------------------------------------------------------------------------------------
                                              0.482875   data required time
                                             -1.027053   data arrival time
---------------------------------------------------------------------------------------------
                                              0.544178   slack (MET)


Startpoint: b[7] (input port clocked by clk)
Endpoint: _316_ (rising edge-triggered flip-flop clocked by clk)
Path Group: clk
Path Type: min

Fanout         Cap        Slew       Delay        Time   Description
---------------------------------------------------------------------------------------------
                                  0.000000    0.000000   clock clk (rise edge)
                                  0.000000    0.000000   clock network delay (propagated)
                                  0.800000    0.800000 ^ input external delay
     1    0.003535    0.016553    0.008698    0.808698 ^ b[7] (in)
                                                         b[7] (net)
                      0.016554    0.000000    0.808698 ^ input16/A (sky130_fd_sc_hd__clkdlybuf4s25_1)
     1    0.002704    0.031135    0.145488    0.954187 ^ input16/X (sky130_fd_sc_hd__clkdlybuf4s25_1)
                                                         net16 (net)
                      0.031135    0.000033    0.954220 ^ _205_/B (sky130_fd_sc_hd__and2_2)
     1    0.002268    0.023143    0.072733    1.026953 ^ _205_/X (sky130_fd_sc_hd__and2_2)
                                                         _018_ (net)
                      0.023143    0.000020    1.026973 ^ _316_/D (sky130_fd_sc_hd__dfxtp_2)
                                              1.026973   data arrival time

                                  0.000000    0.000000   clock clk (rise edge)
                                  0.000000    0.000000   clock source latency
     1    0.015941    0.058119    0.041687    0.041687 ^ clk (in)
                                                         clk (net)
                      0.058136    0.000000    0.041687 ^ clkbuf_0_clk/A (sky130_fd_sc_hd__clkbuf_16)
     4    0.038899    0.044472    0.109319    0.151006 ^ clkbuf_0_clk/X (sky130_fd_sc_hd__clkbuf_16)
                                                         clknet_0_clk (net)
                      0.044480    0.000548    0.151554 ^ clkbuf_2_2__f_clk/A (sky130_fd_sc_hd__clkbuf_16)
     8    0.025662    0.035036    0.096809    0.248363 ^ clkbuf_2_2__f_clk/X (sky130_fd_sc_hd__clkbuf_16)
                                                         clknet_2_2__leaf_clk (net)
                      0.035040    0.000384    0.248747 ^ _316_/CLK (sky130_fd_sc_hd__dfxtp_2)
                                  0.250000    0.498747   clock uncertainty
                                  0.000000    0.498747   clock reconvergence pessimism
                                 -0.016648    0.482099   library hold time
                                              0.482099   data required time
---------------------------------------------------------------------------------------------
                                              0.482099   data required time
                                             -1.026973   data arrival time
---------------------------------------------------------------------------------------------
                                              0.544873   slack (MET)


Startpoint: op[2] (input port clocked by clk)
Endpoint: _319_ (rising edge-triggered flip-flop clocked by clk)
Path Group: clk
Path Type: min

Fanout         Cap        Slew       Delay        Time   Description
---------------------------------------------------------------------------------------------
                                  0.000000    0.000000   clock clk (rise edge)
                                  0.000000    0.000000   clock network delay (propagated)
                                  0.800000    0.800000 ^ input external delay
     1    0.003877    0.017782    0.009553    0.809553 ^ op[2] (in)
                                                         op[2] (net)
                      0.017783    0.000000    0.809553 ^ input19/A (sky130_fd_sc_hd__clkdlybuf4s25_1)
     1    0.002632    0.030663    0.145432    0.954985 ^ input19/X (sky130_fd_sc_hd__clkdlybuf4s25_1)
                                                         net19 (net)
                      0.030663    0.000028    0.955013 ^ _208_/B (sky130_fd_sc_hd__and2_2)
     1    0.002320    0.023304    0.072789    1.027802 ^ _208_/X (sky130_fd_sc_hd__and2_2)
                                                         _021_ (net)
                      0.023304    0.000021    1.027823 ^ _319_/D (sky130_fd_sc_hd__dfxtp_2)
                                              1.027823   data arrival time

                                  0.000000    0.000000   clock clk (rise edge)
                                  0.000000    0.000000   clock source latency
     1    0.015941    0.058119    0.041687    0.041687 ^ clk (in)
                                                         clk (net)
                      0.058136    0.000000    0.041687 ^ clkbuf_0_clk/A (sky130_fd_sc_hd__clkbuf_16)
     4    0.038899    0.044472    0.109319    0.151006 ^ clkbuf_0_clk/X (sky130_fd_sc_hd__clkbuf_16)
                                                         clknet_0_clk (net)
                      0.044480    0.000548    0.151554 ^ clkbuf_2_2__f_clk/A (sky130_fd_sc_hd__clkbuf_16)
     8    0.025662    0.035036    0.096809    0.248363 ^ clkbuf_2_2__f_clk/X (sky130_fd_sc_hd__clkbuf_16)
                                                         clknet_2_2__leaf_clk (net)
                      0.035043    0.000483    0.248846 ^ _319_/CLK (sky130_fd_sc_hd__dfxtp_2)
                                  0.250000    0.498846   clock uncertainty
                                  0.000000    0.498846   clock reconvergence pessimism
                                 -0.016659    0.482187   library hold time
                                              0.482187   data required time
---------------------------------------------------------------------------------------------
                                              0.482187   data required time
                                             -1.027823   data arrival time
---------------------------------------------------------------------------------------------
                                              0.545636   slack (MET)


Startpoint: b[2] (input port clocked by clk)
Endpoint: _311_ (rising edge-triggered flip-flop clocked by clk)
Path Group: clk
Path Type: min

Fanout         Cap        Slew       Delay        Time   Description
---------------------------------------------------------------------------------------------
                                  0.000000    0.000000   clock clk (rise edge)
                                  0.000000    0.000000   clock network delay (propagated)
                                  0.800000    0.800000 ^ input external delay
     1    0.003371    0.015964    0.008288    0.808288 ^ b[2] (in)
                                                         b[2] (net)
                      0.015964    0.000000    0.808288 ^ input11/A (sky130_fd_sc_hd__clkdlybuf4s25_1)
     1    0.003167    0.034239    0.147729    0.956017 ^ input11/X (sky130_fd_sc_hd__clkdlybuf4s25_1)
                                                         net11 (net)
                      0.034239    0.000044    0.956062 ^ _200_/B (sky130_fd_sc_hd__and2_2)
     1    0.002172    0.022842    0.073161    1.029222 ^ _200_/X (sky130_fd_sc_hd__and2_2)
                                                         _013_ (net)
                      0.022842    0.000020    1.029242 ^ _311_/D (sky130_fd_sc_hd__dfxtp_2)
                                              1.029242   data arrival time

                                  0.000000    0.000000   clock clk (rise edge)
                                  0.000000    0.000000   clock source latency
     1    0.015941    0.058119    0.041687    0.041687 ^ clk (in)
                                                         clk (net)
                      0.058136    0.000000    0.041687 ^ clkbuf_0_clk/A (sky130_fd_sc_hd__clkbuf_16)
     4    0.038899    0.044472    0.109319    0.151006 ^ clkbuf_0_clk/X (sky130_fd_sc_hd__clkbuf_16)
                                                         clknet_0_clk (net)
                      0.044474    0.000370    0.151376 ^ clkbuf_2_0__f_clk/A (sky130_fd_sc_hd__clkbuf_16)
     8    0.026407    0.035560    0.097267    0.248643 ^ clkbuf_2_0__f_clk/X (sky130_fd_sc_hd__clkbuf_16)
                                                         clknet_2_0__leaf_clk (net)
                      0.035580    0.000775    0.249418 ^ _311_/CLK (sky130_fd_sc_hd__dfxtp_2)
                                  0.250000    0.499418   clock uncertainty
                                  0.000000    0.499418   clock reconvergence pessimism
                                 -0.016614    0.482804   library hold time
                                              0.482804   data required time
---------------------------------------------------------------------------------------------
                                              0.482804   data required time
                                             -1.029242   data arrival time
---------------------------------------------------------------------------------------------
                                              0.546438   slack (MET)


Startpoint: a[3] (input port clocked by clk)
Endpoint: _304_ (rising edge-triggered flip-flop clocked by clk)
Path Group: clk
Path Type: min

Fanout         Cap        Slew       Delay        Time   Description
---------------------------------------------------------------------------------------------
                                  0.000000    0.000000   clock clk (rise edge)
                                  0.000000    0.000000   clock network delay (propagated)
                                  0.800000    0.800000 ^ input external delay
     1    0.003638    0.016926    0.008956    0.808956 ^ a[3] (in)
                                                         a[3] (net)
                      0.016926    0.000000    0.808956 ^ input4/A (sky130_fd_sc_hd__clkdlybuf4s25_1)
     1    0.003163    0.034214    0.147955    0.956912 ^ input4/X (sky130_fd_sc_hd__clkdlybuf4s25_1)
                                                         net4 (net)
                      0.034214    0.000043    0.956955 ^ _193_/B (sky130_fd_sc_hd__and2_2)
     1    0.002535    0.023973    0.074339    1.031294 ^ _193_/X (sky130_fd_sc_hd__and2_2)
                                                         _006_ (net)
                      0.023973    0.000026    1.031320 ^ _304_/D (sky130_fd_sc_hd__dfxtp_2)
                                              1.031320   data arrival time

                                  0.000000    0.000000   clock clk (rise edge)
                                  0.000000    0.000000   clock source latency
     1    0.015941    0.058119    0.041687    0.041687 ^ clk (in)
                                                         clk (net)
                      0.058136    0.000000    0.041687 ^ clkbuf_0_clk/A (sky130_fd_sc_hd__clkbuf_16)
     4    0.038899    0.044472    0.109319    0.151006 ^ clkbuf_0_clk/X (sky130_fd_sc_hd__clkbuf_16)
                                                         clknet_0_clk (net)
                      0.044474    0.000373    0.151379 ^ clkbuf_2_1__f_clk/A (sky130_fd_sc_hd__clkbuf_16)
     8    0.029246    0.037579    0.099339    0.250718 ^ clkbuf_2_1__f_clk/X (sky130_fd_sc_hd__clkbuf_16)
                                                         clknet_2_1__leaf_clk (net)
                      0.037584    0.000486    0.251204 ^ _304_/CLK (sky130_fd_sc_hd__dfxtp_2)
                                  0.250000    0.501204   clock uncertainty
                                  0.000000    0.501204   clock reconvergence pessimism
                                 -0.016646    0.484558   library hold time
                                              0.484558   data required time
---------------------------------------------------------------------------------------------
                                              0.484558   data required time
                                             -1.031320   data arrival time
---------------------------------------------------------------------------------------------
                                              0.546762   slack (MET)


Startpoint: a[7] (input port clocked by clk)
Endpoint: _308_ (rising edge-triggered flip-flop clocked by clk)
Path Group: clk
Path Type: min

Fanout         Cap        Slew       Delay        Time   Description
---------------------------------------------------------------------------------------------
                                  0.000000    0.000000   clock clk (rise edge)
                                  0.000000    0.000000   clock network delay (propagated)
                                  0.800000    0.800000 ^ input external delay
     1    0.003538    0.016564    0.008706    0.808706 ^ a[7] (in)
                                                         a[7] (net)
                      0.016564    0.000000    0.808706 ^ input8/A (sky130_fd_sc_hd__clkdlybuf4s25_1)
     1    0.003216    0.034568    0.148136    0.956842 ^ input8/X (sky130_fd_sc_hd__clkdlybuf4s25_1)
                                                         net8 (net)
                      0.034586    0.000040    0.956882 ^ _197_/B (sky130_fd_sc_hd__and2_2)
     1    0.002079    0.022552    0.072943    1.029825 ^ _197_/X (sky130_fd_sc_hd__and2_2)
                                                         _010_ (net)
                      0.022552    0.000010    1.029835 ^ _308_/D (sky130_fd_sc_hd__dfxtp_2)
                                              1.029835   data arrival time

                                  0.000000    0.000000   clock clk (rise edge)
                                  0.000000    0.000000   clock source latency
     1    0.015941    0.058119    0.041687    0.041687 ^ clk (in)
                                                         clk (net)
                      0.058136    0.000000    0.041687 ^ clkbuf_0_clk/A (sky130_fd_sc_hd__clkbuf_16)
     4    0.038899    0.044472    0.109319    0.151006 ^ clkbuf_0_clk/X (sky130_fd_sc_hd__clkbuf_16)
                                                         clknet_0_clk (net)
                      0.044480    0.000548    0.151554 ^ clkbuf_2_2__f_clk/A (sky130_fd_sc_hd__clkbuf_16)
     8    0.025662    0.035036    0.096809    0.248363 ^ clkbuf_2_2__f_clk/X (sky130_fd_sc_hd__clkbuf_16)
                                                         clknet_2_2__leaf_clk (net)
                      0.035041    0.000423    0.248786 ^ _308_/CLK (sky130_fd_sc_hd__dfxtp_2)
                                  0.250000    0.498786   clock uncertainty
                                  0.000000    0.498786   clock reconvergence pessimism
                                 -0.016606    0.482180   library hold time
                                              0.482180   data required time
---------------------------------------------------------------------------------------------
                                              0.482180   data required time
                                             -1.029835   data arrival time
---------------------------------------------------------------------------------------------
                                              0.547655   slack (MET)


Startpoint: b[4] (input port clocked by clk)
Endpoint: _313_ (rising edge-triggered flip-flop clocked by clk)
Path Group: clk
Path Type: min

Fanout         Cap        Slew       Delay        Time   Description
---------------------------------------------------------------------------------------------
                                  0.000000    0.000000   clock clk (rise edge)
                                  0.000000    0.000000   clock network delay (propagated)
                                  0.800000    0.800000 ^ input external delay
     1    0.003444    0.016228    0.008472    0.808472 ^ b[4] (in)
                                                         b[4] (net)
                      0.016228    0.000000    0.808472 ^ input13/A (sky130_fd_sc_hd__clkdlybuf4s25_1)
     1    0.003909    0.039317    0.151569    0.960041 ^ input13/X (sky130_fd_sc_hd__clkdlybuf4s25_1)
                                                         net13 (net)
                      0.039317    0.000066    0.960106 ^ _202_/B (sky130_fd_sc_hd__and2_2)
     1    0.002295    0.023226    0.074776    1.034882 ^ _202_/X (sky130_fd_sc_hd__and2_2)
                                                         _015_ (net)
                      0.023226    0.000022    1.034904 ^ _313_/D (sky130_fd_sc_hd__dfxtp_2)
                                              1.034904   data arrival time

                                  0.000000    0.000000   clock clk (rise edge)
                                  0.000000    0.000000   clock source latency
     1    0.015941    0.058119    0.041687    0.041687 ^ clk (in)
                                                         clk (net)
                      0.058136    0.000000    0.041687 ^ clkbuf_0_clk/A (sky130_fd_sc_hd__clkbuf_16)
     4    0.038899    0.044472    0.109319    0.151006 ^ clkbuf_0_clk/X (sky130_fd_sc_hd__clkbuf_16)
                                                         clknet_0_clk (net)
                      0.044474    0.000373    0.151379 ^ clkbuf_2_1__f_clk/A (sky130_fd_sc_hd__clkbuf_16)
     8    0.029246    0.037579    0.099339    0.250718 ^ clkbuf_2_1__f_clk/X (sky130_fd_sc_hd__clkbuf_16)
                                                         clknet_2_1__leaf_clk (net)
                      0.037596    0.000771    0.251490 ^ _313_/CLK (sky130_fd_sc_hd__dfxtp_2)
                                  0.250000    0.501490   clock uncertainty
                                  0.000000    0.501490   clock reconvergence pessimism
                                 -0.016593    0.484897   library hold time
                                              0.484897   data required time
---------------------------------------------------------------------------------------------
                                              0.484897   data required time
                                             -1.034904   data arrival time
---------------------------------------------------------------------------------------------
                                              0.550007   slack (MET)


Startpoint: b[6] (input port clocked by clk)
Endpoint: _315_ (rising edge-triggered flip-flop clocked by clk)
Path Group: clk
Path Type: min

Fanout         Cap        Slew       Delay        Time   Description
---------------------------------------------------------------------------------------------
                                  0.000000    0.000000   clock clk (rise edge)
                                  0.000000    0.000000   clock network delay (propagated)
                                  0.800000    0.800000 ^ input external delay
     1    0.003675    0.017059    0.009047    0.809047 ^ b[6] (in)
                                                         b[6] (net)
                      0.017059    0.000000    0.809047 ^ input15/A (sky130_fd_sc_hd__clkdlybuf4s25_1)
     1    0.004855    0.045934    0.156396    0.965443 ^ input15/X (sky130_fd_sc_hd__clkdlybuf4s25_1)
                                                         net15 (net)
                      0.045934    0.000099    0.965542 ^ _204_/B (sky130_fd_sc_hd__and2_2)
     1    0.002037    0.022416    0.075514    1.041056 ^ _204_/X (sky130_fd_sc_hd__and2_2)
                                                         _017_ (net)
                      0.022416    0.000017    1.041072 ^ _315_/D (sky130_fd_sc_hd__dfxtp_2)
                                              1.041072   data arrival time

                                  0.000000    0.000000   clock clk (rise edge)
                                  0.000000    0.000000   clock source latency
     1    0.015941    0.058119    0.041687    0.041687 ^ clk (in)
                                                         clk (net)
                      0.058136    0.000000    0.041687 ^ clkbuf_0_clk/A (sky130_fd_sc_hd__clkbuf_16)
     4    0.038899    0.044472    0.109319    0.151006 ^ clkbuf_0_clk/X (sky130_fd_sc_hd__clkbuf_16)
                                                         clknet_0_clk (net)
                      0.044474    0.000373    0.151379 ^ clkbuf_2_1__f_clk/A (sky130_fd_sc_hd__clkbuf_16)
     8    0.029246    0.037579    0.099339    0.250718 ^ clkbuf_2_1__f_clk/X (sky130_fd_sc_hd__clkbuf_16)
                                                         clknet_2_1__leaf_clk (net)
                      0.037583    0.000439    0.251157 ^ _315_/CLK (sky130_fd_sc_hd__dfxtp_2)
                                  0.250000    0.501157   clock uncertainty
                                  0.000000    0.501157   clock reconvergence pessimism
                                 -0.016536    0.484621   library hold time
                                              0.484621   data required time
---------------------------------------------------------------------------------------------
                                              0.484621   data required time
                                             -1.041072   data arrival time
---------------------------------------------------------------------------------------------
                                              0.556451   slack (MET)


Startpoint: _322_ (rising edge-triggered flip-flop clocked by clk)
Endpoint: y[2] (output port clocked by clk)
Path Group: clk
Path Type: min

Fanout         Cap        Slew       Delay        Time   Description
---------------------------------------------------------------------------------------------
                                  0.000000    0.000000   clock clk (rise edge)
                                  0.000000    0.000000   clock source latency
     1    0.015941    0.058119    0.037717    0.037717 ^ clk (in)
                                                         clk (net)
                      0.058136    0.000000    0.037717 ^ clkbuf_0_clk/A (sky130_fd_sc_hd__clkbuf_16)
     4    0.038899    0.044472    0.098908    0.136625 ^ clkbuf_0_clk/X (sky130_fd_sc_hd__clkbuf_16)
                                                         clknet_0_clk (net)
                      0.044480    0.000496    0.137121 ^ clkbuf_2_3__f_clk/A (sky130_fd_sc_hd__clkbuf_16)
     8    0.025589    0.034984    0.087392    0.224512 ^ clkbuf_2_3__f_clk/X (sky130_fd_sc_hd__clkbuf_16)
                                                         clknet_2_3__leaf_clk (net)
                      0.035016    0.000868    0.225380 ^ _322_/CLK (sky130_fd_sc_hd__dfxtp_2)
     1    0.002356    0.016224    0.180945    0.406325 v _322_/Q (sky130_fd_sc_hd__dfxtp_2)
                                                         net26 (net)
                      0.016224    0.000019    0.406345 v output26/A (sky130_fd_sc_hd__clkdlybuf4s25_1)
     1    0.034959    0.178835    0.259653    0.665998 v output26/X (sky130_fd_sc_hd__clkdlybuf4s25_1)
                                                         y[2] (net)
                      0.178835    0.000503    0.666501 v y[2] (out)
                                              0.666501   data arrival time

                                  0.000000    0.000000   clock clk (rise edge)
                                  0.000000    0.000000   clock network delay (propagated)
                                  0.250000    0.250000   clock uncertainty
                                  0.000000    0.250000   clock reconvergence pessimism
                                 -0.800000   -0.550000   output external delay
                                             -0.550000   data required time
---------------------------------------------------------------------------------------------
                                             -0.550000   data required time
                                             -0.666501   data arrival time
---------------------------------------------------------------------------------------------
                                              1.216501   slack (MET)


Startpoint: _320_ (rising edge-triggered flip-flop clocked by clk)
Endpoint: y[0] (output port clocked by clk)
Path Group: clk
Path Type: min

Fanout         Cap        Slew       Delay        Time   Description
---------------------------------------------------------------------------------------------
                                  0.000000    0.000000   clock clk (rise edge)
                                  0.000000    0.000000   clock source latency
     1    0.015941    0.058119    0.037717    0.037717 ^ clk (in)
                                                         clk (net)
                      0.058136    0.000000    0.037717 ^ clkbuf_0_clk/A (sky130_fd_sc_hd__clkbuf_16)
     4    0.038899    0.044472    0.098908    0.136625 ^ clkbuf_0_clk/X (sky130_fd_sc_hd__clkbuf_16)
                                                         clknet_0_clk (net)
                      0.044474    0.000335    0.136960 ^ clkbuf_2_0__f_clk/A (sky130_fd_sc_hd__clkbuf_16)
     8    0.026407    0.035560    0.088003    0.224963 ^ clkbuf_2_0__f_clk/X (sky130_fd_sc_hd__clkbuf_16)
                                                         clknet_2_0__leaf_clk (net)
                      0.035565    0.000421    0.225384 ^ _320_/CLK (sky130_fd_sc_hd__dfxtp_2)
     1    0.002540    0.016480    0.181551    0.406935 v _320_/Q (sky130_fd_sc_hd__dfxtp_2)
                                                         net24 (net)
                      0.016480    0.000023    0.406958 v output24/A (sky130_fd_sc_hd__clkdlybuf4s25_1)
     1    0.034803    0.178018    0.259319    0.666277 v output24/X (sky130_fd_sc_hd__clkdlybuf4s25_1)
                                                         y[0] (net)
                      0.178018    0.000353    0.666630 v y[0] (out)
                                              0.666630   data arrival time

                                  0.000000    0.000000   clock clk (rise edge)
                                  0.000000    0.000000   clock network delay (propagated)
                                  0.250000    0.250000   clock uncertainty
                                  0.000000    0.250000   clock reconvergence pessimism
                                 -0.800000   -0.550000   output external delay
                                             -0.550000   data required time
---------------------------------------------------------------------------------------------
                                             -0.550000   data required time
                                             -0.666630   data arrival time
---------------------------------------------------------------------------------------------
                                              1.216630   slack (MET)


Startpoint: _299_ (rising edge-triggered flip-flop clocked by clk)
Endpoint: carry (output port clocked by clk)
Path Group: clk
Path Type: min

Fanout         Cap        Slew       Delay        Time   Description
---------------------------------------------------------------------------------------------
                                  0.000000    0.000000   clock clk (rise edge)
                                  0.000000    0.000000   clock source latency
     1    0.015941    0.058119    0.037717    0.037717 ^ clk (in)
                                                         clk (net)
                      0.058136    0.000000    0.037717 ^ clkbuf_0_clk/A (sky130_fd_sc_hd__clkbuf_16)
     4    0.038899    0.044472    0.098908    0.136625 ^ clkbuf_0_clk/X (sky130_fd_sc_hd__clkbuf_16)
                                                         clknet_0_clk (net)
                      0.044480    0.000496    0.137121 ^ clkbuf_2_3__f_clk/A (sky130_fd_sc_hd__clkbuf_16)
     8    0.025589    0.034984    0.087392    0.224512 ^ clkbuf_2_3__f_clk/X (sky130_fd_sc_hd__clkbuf_16)
                                                         clknet_2_3__leaf_clk (net)
                      0.034985    0.000337    0.224849 ^ _299_/CLK (sky130_fd_sc_hd__dfxtp_2)
     1    0.002984    0.017027    0.182461    0.407310 v _299_/Q (sky130_fd_sc_hd__dfxtp_2)
                                                         net21 (net)
                      0.017027    0.000034    0.407343 v output21/A (sky130_fd_sc_hd__clkdlybuf4s25_1)
     1    0.034653    0.177226    0.259094    0.666438 v output21/X (sky130_fd_sc_hd__clkdlybuf4s25_1)
                                                         carry (net)
                      0.177226    0.000221    0.666658 v carry (out)
                                              0.666658   data arrival time

                                  0.000000    0.000000   clock clk (rise edge)
                                  0.000000    0.000000   clock network delay (propagated)
                                  0.250000    0.250000   clock uncertainty
                                  0.000000    0.250000   clock reconvergence pessimism
                                 -0.800000   -0.550000   output external delay
                                             -0.550000   data required time
---------------------------------------------------------------------------------------------
                                             -0.550000   data required time
                                             -0.666658   data arrival time
---------------------------------------------------------------------------------------------
                                              1.216658   slack (MET)


Startpoint: _321_ (rising edge-triggered flip-flop clocked by clk)
Endpoint: y[1] (output port clocked by clk)
Path Group: clk
Path Type: min

Fanout         Cap        Slew       Delay        Time   Description
---------------------------------------------------------------------------------------------
                                  0.000000    0.000000   clock clk (rise edge)
                                  0.000000    0.000000   clock source latency
     1    0.015941    0.058119    0.037717    0.037717 ^ clk (in)
                                                         clk (net)
                      0.058136    0.000000    0.037717 ^ clkbuf_0_clk/A (sky130_fd_sc_hd__clkbuf_16)
     4    0.038899    0.044472    0.098908    0.136625 ^ clkbuf_0_clk/X (sky130_fd_sc_hd__clkbuf_16)
                                                         clknet_0_clk (net)
                      0.044474    0.000335    0.136960 ^ clkbuf_2_0__f_clk/A (sky130_fd_sc_hd__clkbuf_16)
     8    0.026407    0.035560    0.088003    0.224963 ^ clkbuf_2_0__f_clk/X (sky130_fd_sc_hd__clkbuf_16)
                                                         clknet_2_0__leaf_clk (net)
                      0.035567    0.000467    0.225430 ^ _321_/CLK (sky130_fd_sc_hd__dfxtp_2)
     1    0.002864    0.016872    0.182338    0.407768 v _321_/Q (sky130_fd_sc_hd__dfxtp_2)
                                                         net25 (net)
                      0.016872    0.000028    0.407796 v output25/A (sky130_fd_sc_hd__clkdlybuf4s25_1)
     1    0.034706    0.177530    0.259133    0.666929 v output25/X (sky130_fd_sc_hd__clkdlybuf4s25_1)
                                                         y[1] (net)
                      0.177530    0.000335    0.667265 v y[1] (out)
                                              0.667265   data arrival time

                                  0.000000    0.000000   clock clk (rise edge)
                                  0.000000    0.000000   clock network delay (propagated)
                                  0.250000    0.250000   clock uncertainty
                                  0.000000    0.250000   clock reconvergence pessimism
                                 -0.800000   -0.550000   output external delay
                                             -0.550000   data required time
---------------------------------------------------------------------------------------------
                                             -0.550000   data required time
                                             -0.667265   data arrival time
---------------------------------------------------------------------------------------------
                                              1.217265   slack (MET)


Startpoint: _326_ (rising edge-triggered flip-flop clocked by clk)
Endpoint: y[6] (output port clocked by clk)
Path Group: clk
Path Type: min

Fanout         Cap        Slew       Delay        Time   Description
---------------------------------------------------------------------------------------------
                                  0.000000    0.000000   clock clk (rise edge)
                                  0.000000    0.000000   clock source latency
     1    0.015941    0.058119    0.037717    0.037717 ^ clk (in)
                                                         clk (net)
                      0.058136    0.000000    0.037717 ^ clkbuf_0_clk/A (sky130_fd_sc_hd__clkbuf_16)
     4    0.038899    0.044472    0.098908    0.136625 ^ clkbuf_0_clk/X (sky130_fd_sc_hd__clkbuf_16)
                                                         clknet_0_clk (net)
                      0.044480    0.000496    0.137121 ^ clkbuf_2_3__f_clk/A (sky130_fd_sc_hd__clkbuf_16)
     8    0.025589    0.034984    0.087392    0.224512 ^ clkbuf_2_3__f_clk/X (sky130_fd_sc_hd__clkbuf_16)
                                                         clknet_2_3__leaf_clk (net)
                      0.035002    0.000686    0.225198 ^ _326_/CLK (sky130_fd_sc_hd__dfxtp_2)
     1    0.002516    0.016452    0.181329    0.406527 v _326_/Q (sky130_fd_sc_hd__dfxtp_2)
                                                         net30 (net)
                      0.016452    0.000022    0.406548 v output30/A (sky130_fd_sc_hd__clkdlybuf4s25_1)
     1    0.035138    0.179701    0.260347    0.666895 v output30/X (sky130_fd_sc_hd__clkdlybuf4s25_1)
                                                         y[6] (net)
                      0.179701    0.000508    0.667403 v y[6] (out)
                                              0.667403   data arrival time

                                  0.000000    0.000000   clock clk (rise edge)
                                  0.000000    0.000000   clock network delay (propagated)
                                  0.250000    0.250000   clock uncertainty
                                  0.000000    0.250000   clock reconvergence pessimism
                                 -0.800000   -0.550000   output external delay
                                             -0.550000   data required time
---------------------------------------------------------------------------------------------
                                             -0.550000   data required time
                                             -0.667403   data arrival time
---------------------------------------------------------------------------------------------
                                              1.217403   slack (MET)


Startpoint: _298_ (rising edge-triggered flip-flop clocked by clk)
Endpoint: overflow (output port clocked by clk)
Path Group: clk
Path Type: min

Fanout         Cap        Slew       Delay        Time   Description
---------------------------------------------------------------------------------------------
                                  0.000000    0.000000   clock clk (rise edge)
                                  0.000000    0.000000   clock source latency
     1    0.015941    0.058119    0.037717    0.037717 ^ clk (in)
                                                         clk (net)
                      0.058136    0.000000    0.037717 ^ clkbuf_0_clk/A (sky130_fd_sc_hd__clkbuf_16)
     4    0.038899    0.044472    0.098908    0.136625 ^ clkbuf_0_clk/X (sky130_fd_sc_hd__clkbuf_16)
                                                         clknet_0_clk (net)
                      0.044480    0.000496    0.137121 ^ clkbuf_2_3__f_clk/A (sky130_fd_sc_hd__clkbuf_16)
     8    0.025589    0.034984    0.087392    0.224512 ^ clkbuf_2_3__f_clk/X (sky130_fd_sc_hd__clkbuf_16)
                                                         clknet_2_3__leaf_clk (net)
                      0.034995    0.000564    0.225076 ^ _298_/CLK (sky130_fd_sc_hd__dfxtp_2)
     1    0.002921    0.016945    0.182312    0.407388 v _298_/Q (sky130_fd_sc_hd__dfxtp_2)
                                                         net23 (net)
                      0.016945    0.000031    0.407418 v output23/A (sky130_fd_sc_hd__clkdlybuf4s25_1)
     1    0.035069    0.179370    0.260255    0.667673 v output23/X (sky130_fd_sc_hd__clkdlybuf4s25_1)
                                                         overflow (net)
                      0.179370    0.000546    0.668219 v overflow (out)
                                              0.668219   data arrival time

                                  0.000000    0.000000   clock clk (rise edge)
                                  0.000000    0.000000   clock network delay (propagated)
                                  0.250000    0.250000   clock uncertainty
                                  0.000000    0.250000   clock reconvergence pessimism
                                 -0.800000   -0.550000   output external delay
                                             -0.550000   data required time
---------------------------------------------------------------------------------------------
                                             -0.550000   data required time
                                             -0.668219   data arrival time
---------------------------------------------------------------------------------------------
                                              1.218219   slack (MET)


Startpoint: _325_ (rising edge-triggered flip-flop clocked by clk)
Endpoint: y[5] (output port clocked by clk)
Path Group: clk
Path Type: min

Fanout         Cap        Slew       Delay        Time   Description
---------------------------------------------------------------------------------------------
                                  0.000000    0.000000   clock clk (rise edge)
                                  0.000000    0.000000   clock source latency
     1    0.015941    0.058119    0.037717    0.037717 ^ clk (in)
                                                         clk (net)
                      0.058136    0.000000    0.037717 ^ clkbuf_0_clk/A (sky130_fd_sc_hd__clkbuf_16)
     4    0.038899    0.044472    0.098908    0.136625 ^ clkbuf_0_clk/X (sky130_fd_sc_hd__clkbuf_16)
                                                         clknet_0_clk (net)
                      0.044480    0.000496    0.137121 ^ clkbuf_2_3__f_clk/A (sky130_fd_sc_hd__clkbuf_16)
     8    0.025589    0.034984    0.087392    0.224512 ^ clkbuf_2_3__f_clk/X (sky130_fd_sc_hd__clkbuf_16)
                                                         clknet_2_3__leaf_clk (net)
                      0.035018    0.000893    0.225405 ^ _325_/CLK (sky130_fd_sc_hd__dfxtp_2)
     1    0.002933    0.016960    0.182348    0.407753 v _325_/Q (sky130_fd_sc_hd__dfxtp_2)
                                                         net29 (net)
                      0.016960    0.000032    0.407785 v output29/A (sky130_fd_sc_hd__clkdlybuf4s25_1)
     1    0.035132    0.179663    0.260500    0.668286 v output29/X (sky130_fd_sc_hd__clkdlybuf4s25_1)
                                                         y[5] (net)
                      0.179663    0.000517    0.668802 v y[5] (out)
                                              0.668802   data arrival time

                                  0.000000    0.000000   clock clk (rise edge)
                                  0.000000    0.000000   clock network delay (propagated)
                                  0.250000    0.250000   clock uncertainty
                                  0.000000    0.250000   clock reconvergence pessimism
                                 -0.800000   -0.550000   output external delay
                                             -0.550000   data required time
---------------------------------------------------------------------------------------------
                                             -0.550000   data required time
                                             -0.668802   data arrival time
---------------------------------------------------------------------------------------------
                                              1.218802   slack (MET)


Startpoint: _300_ (rising edge-triggered flip-flop clocked by clk)
Endpoint: zero (output port clocked by clk)
Path Group: clk
Path Type: min

Fanout         Cap        Slew       Delay        Time   Description
---------------------------------------------------------------------------------------------
                                  0.000000    0.000000   clock clk (rise edge)
                                  0.000000    0.000000   clock source latency
     1    0.015941    0.058119    0.037717    0.037717 ^ clk (in)
                                                         clk (net)
                      0.058136    0.000000    0.037717 ^ clkbuf_0_clk/A (sky130_fd_sc_hd__clkbuf_16)
     4    0.038899    0.044472    0.098908    0.136625 ^ clkbuf_0_clk/X (sky130_fd_sc_hd__clkbuf_16)
                                                         clknet_0_clk (net)
                      0.044480    0.000496    0.137121 ^ clkbuf_2_3__f_clk/A (sky130_fd_sc_hd__clkbuf_16)
     8    0.025589    0.034984    0.087392    0.224512 ^ clkbuf_2_3__f_clk/X (sky130_fd_sc_hd__clkbuf_16)
                                                         clknet_2_3__leaf_clk (net)
                      0.035015    0.000850    0.225362 ^ _300_/CLK (sky130_fd_sc_hd__dfxtp_2)
     1    0.003069    0.017144    0.182677    0.408039 v _300_/Q (sky130_fd_sc_hd__dfxtp_2)
                                                         net32 (net)
                      0.017144    0.000032    0.408071 v output32/A (sky130_fd_sc_hd__clkdlybuf4s25_1)
     1    0.035241    0.180208    0.260899    0.668970 v output32/X (sky130_fd_sc_hd__clkdlybuf4s25_1)
                                                         zero (net)
                      0.180208    0.000571    0.669542 v zero (out)
                                              0.669542   data arrival time

                                  0.000000    0.000000   clock clk (rise edge)
                                  0.000000    0.000000   clock network delay (propagated)
                                  0.250000    0.250000   clock uncertainty
                                  0.000000    0.250000   clock reconvergence pessimism
                                 -0.800000   -0.550000   output external delay
                                             -0.550000   data required time
---------------------------------------------------------------------------------------------
                                             -0.550000   data required time
                                             -0.669542   data arrival time
---------------------------------------------------------------------------------------------
                                              1.219542   slack (MET)


Startpoint: _324_ (rising edge-triggered flip-flop clocked by clk)
Endpoint: y[4] (output port clocked by clk)
Path Group: clk
Path Type: min

Fanout         Cap        Slew       Delay        Time   Description
---------------------------------------------------------------------------------------------
                                  0.000000    0.000000   clock clk (rise edge)
                                  0.000000    0.000000   clock source latency
     1    0.015941    0.058119    0.037717    0.037717 ^ clk (in)
                                                         clk (net)
                      0.058136    0.000000    0.037717 ^ clkbuf_0_clk/A (sky130_fd_sc_hd__clkbuf_16)
     4    0.038899    0.044472    0.098908    0.136625 ^ clkbuf_0_clk/X (sky130_fd_sc_hd__clkbuf_16)
                                                         clknet_0_clk (net)
                      0.044474    0.000338    0.136962 ^ clkbuf_2_1__f_clk/A (sky130_fd_sc_hd__clkbuf_16)
     8    0.029246    0.037579    0.089878    0.226840 ^ clkbuf_2_1__f_clk/X (sky130_fd_sc_hd__clkbuf_16)
                                                         clknet_2_1__leaf_clk (net)
                      0.037597    0.000704    0.227545 ^ _324_/CLK (sky130_fd_sc_hd__dfxtp_2)
     1    0.003090    0.017173    0.183473    0.411018 v _324_/Q (sky130_fd_sc_hd__dfxtp_2)
                                                         net28 (net)
                      0.017173    0.000026    0.411044 v output28/A (sky130_fd_sc_hd__clkdlybuf4s25_1)
     1    0.034647    0.177195    0.259125    0.670169 v output28/X (sky130_fd_sc_hd__clkdlybuf4s25_1)
                                                         y[4] (net)
                      0.177195    0.000221    0.670390 v y[4] (out)
                                              0.670390   data arrival time

                                  0.000000    0.000000   clock clk (rise edge)
                                  0.000000    0.000000   clock network delay (propagated)
                                  0.250000    0.250000   clock uncertainty
                                  0.000000    0.250000   clock reconvergence pessimism
                                 -0.800000   -0.550000   output external delay
                                             -0.550000   data required time
---------------------------------------------------------------------------------------------
                                             -0.550000   data required time
                                             -0.670390   data arrival time
---------------------------------------------------------------------------------------------
                                              1.220390   slack (MET)


Startpoint: _323_ (rising edge-triggered flip-flop clocked by clk)
Endpoint: y[3] (output port clocked by clk)
Path Group: clk
Path Type: min

Fanout         Cap        Slew       Delay        Time   Description
---------------------------------------------------------------------------------------------
                                  0.000000    0.000000   clock clk (rise edge)
                                  0.000000    0.000000   clock source latency
     1    0.015941    0.058119    0.037717    0.037717 ^ clk (in)
                                                         clk (net)
                      0.058136    0.000000    0.037717 ^ clkbuf_0_clk/A (sky130_fd_sc_hd__clkbuf_16)
     4    0.038899    0.044472    0.098908    0.136625 ^ clkbuf_0_clk/X (sky130_fd_sc_hd__clkbuf_16)
                                                         clknet_0_clk (net)
                      0.044474    0.000338    0.136962 ^ clkbuf_2_1__f_clk/A (sky130_fd_sc_hd__clkbuf_16)
     8    0.029246    0.037579    0.089878    0.226840 ^ clkbuf_2_1__f_clk/X (sky130_fd_sc_hd__clkbuf_16)
                                                         clknet_2_1__leaf_clk (net)
                      0.037590    0.000581    0.227421 ^ _323_/CLK (sky130_fd_sc_hd__dfxtp_2)
     1    0.003074    0.017149    0.183430    0.410851 v _323_/Q (sky130_fd_sc_hd__dfxtp_2)
                                                         net27 (net)
                      0.017149    0.000035    0.410886 v output27/A (sky130_fd_sc_hd__clkdlybuf4s25_1)
     1    0.035323    0.180605    0.261196    0.672083 v output27/X (sky130_fd_sc_hd__clkdlybuf4s25_1)
                                                         y[3] (net)
                      0.180606    0.000559    0.672642 v y[3] (out)
                                              0.672642   data arrival time

                                  0.000000    0.000000   clock clk (rise edge)
                                  0.000000    0.000000   clock network delay (propagated)
                                  0.250000    0.250000   clock uncertainty
                                  0.000000    0.250000   clock reconvergence pessimism
                                 -0.800000   -0.550000   output external delay
                                             -0.550000   data required time
---------------------------------------------------------------------------------------------
                                             -0.550000   data required time
                                             -0.672642   data arrival time
---------------------------------------------------------------------------------------------
                                              1.222642   slack (MET)


Startpoint: _327_ (rising edge-triggered flip-flop clocked by clk)
Endpoint: negative (output port clocked by clk)
Path Group: clk
Path Type: min

Fanout         Cap        Slew       Delay        Time   Description
---------------------------------------------------------------------------------------------
                                  0.000000    0.000000   clock clk (rise edge)
                                  0.000000    0.000000   clock source latency
     1    0.015941    0.058119    0.037717    0.037717 ^ clk (in)
                                                         clk (net)
                      0.058136    0.000000    0.037717 ^ clkbuf_0_clk/A (sky130_fd_sc_hd__clkbuf_16)
     4    0.038899    0.044472    0.098908    0.136625 ^ clkbuf_0_clk/X (sky130_fd_sc_hd__clkbuf_16)
                                                         clknet_0_clk (net)
                      0.044480    0.000496    0.137121 ^ clkbuf_2_3__f_clk/A (sky130_fd_sc_hd__clkbuf_16)
     8    0.025589    0.034984    0.087392    0.224512 ^ clkbuf_2_3__f_clk/X (sky130_fd_sc_hd__clkbuf_16)
                                                         clknet_2_3__leaf_clk (net)
                      0.035009    0.000783    0.225295 ^ _327_/CLK (sky130_fd_sc_hd__dfxtp_2)
     2    0.004596    0.020005    0.186397    0.411693 v _327_/Q (sky130_fd_sc_hd__dfxtp_2)
                                                         net22 (net)
                      0.020005    0.000030    0.411723 v output22/A (sky130_fd_sc_hd__clkdlybuf4s25_1)
     1    0.035510    0.181453    0.262859    0.674583 v output22/X (sky130_fd_sc_hd__clkdlybuf4s25_1)
                                                         negative (net)
                      0.181454    0.000547    0.675130 v negative (out)
                                              0.675130   data arrival time

                                  0.000000    0.000000   clock clk (rise edge)
                                  0.000000    0.000000   clock network delay (propagated)
                                  0.250000    0.250000   clock uncertainty
                                  0.000000    0.250000   clock reconvergence pessimism
                                 -0.800000   -0.550000   output external delay
                                             -0.550000   data required time
---------------------------------------------------------------------------------------------
                                             -0.550000   data required time
                                             -0.675130   data arrival time
---------------------------------------------------------------------------------------------
                                              1.225130   slack (MET)


Startpoint: _327_ (rising edge-triggered flip-flop clocked by clk)
Endpoint: y[7] (output port clocked by clk)
Path Group: clk
Path Type: min

Fanout         Cap        Slew       Delay        Time   Description
---------------------------------------------------------------------------------------------
                                  0.000000    0.000000   clock clk (rise edge)
                                  0.000000    0.000000   clock source latency
     1    0.015941    0.058119    0.037717    0.037717 ^ clk (in)
                                                         clk (net)
                      0.058136    0.000000    0.037717 ^ clkbuf_0_clk/A (sky130_fd_sc_hd__clkbuf_16)
     4    0.038899    0.044472    0.098908    0.136625 ^ clkbuf_0_clk/X (sky130_fd_sc_hd__clkbuf_16)
                                                         clknet_0_clk (net)
                      0.044480    0.000496    0.137121 ^ clkbuf_2_3__f_clk/A (sky130_fd_sc_hd__clkbuf_16)
     8    0.025589    0.034984    0.087392    0.224512 ^ clkbuf_2_3__f_clk/X (sky130_fd_sc_hd__clkbuf_16)
                                                         clknet_2_3__leaf_clk (net)
                      0.035009    0.000783    0.225295 ^ _327_/CLK (sky130_fd_sc_hd__dfxtp_2)
     2    0.004596    0.020005    0.186397    0.411693 v _327_/Q (sky130_fd_sc_hd__dfxtp_2)
                                                         net22 (net)
                      0.020005    0.000027    0.411720 v _328_/A (sky130_fd_sc_hd__buf_2)
     1    0.003516    0.018063    0.065258    0.476978 v _328_/X (sky130_fd_sc_hd__buf_2)
                                                         net31 (net)
                      0.018063    0.000044    0.477021 v output31/A (sky130_fd_sc_hd__clkdlybuf4s25_1)
     1    0.035762    0.182746    0.262986    0.740008 v output31/X (sky130_fd_sc_hd__clkdlybuf4s25_1)
                                                         y[7] (net)
                      0.182746    0.000628    0.740636 v y[7] (out)
                                              0.740636   data arrival time

                                  0.000000    0.000000   clock clk (rise edge)
                                  0.000000    0.000000   clock network delay (propagated)
                                  0.250000    0.250000   clock uncertainty
                                  0.000000    0.250000   clock reconvergence pessimism
                                 -0.800000   -0.550000   output external delay
                                             -0.550000   data required time
---------------------------------------------------------------------------------------------
                                             -0.550000   data required time
                                             -0.740636   data arrival time
---------------------------------------------------------------------------------------------
                                              1.290636   slack (MET)



