
===========================================================================
report_checks -path_delay min (Hold)
============================================================================
======================= min_ff_n40C_1v95 Corner ===================================

Startpoint: _314_ (rising edge-triggered flip-flop clocked by clk)
Endpoint: _303_ (rising edge-triggered flip-flop clocked by clk)
Path Group: clk
Path Type: min

Fanout         Cap        Slew       Delay        Time   Description
---------------------------------------------------------------------------------------------
                                  0.000000    0.000000   clock clk (rise edge)
                                  0.000000    0.000000   clock source latency
     1    0.016944    0.061577    0.039776    0.039776 ^ clk (in)
                                                         clk (net)
                      0.061583    0.000000    0.039776 ^ clkbuf_0_clk/A (sky130_fd_sc_hd__clkbuf_16)
     4    0.040074    0.045348    0.100443    0.140219 ^ clkbuf_0_clk/X (sky130_fd_sc_hd__clkbuf_16)
                                                         clknet_0_clk (net)
                      0.045350    0.000324    0.140543 ^ clkbuf_2_3__f_clk/A (sky130_fd_sc_hd__clkbuf_16)
     8    0.024843    0.034460    0.087279    0.227822 ^ clkbuf_2_3__f_clk/X (sky130_fd_sc_hd__clkbuf_16)
                                                         clknet_2_3__leaf_clk (net)
                      0.034476    0.000614    0.228436 ^ _314_/CLK (sky130_fd_sc_hd__dfxtp_2)
     6    0.030249    0.118300    0.247121    0.475557 ^ _314_/Q (sky130_fd_sc_hd__dfxtp_2)
                                                         a_q[7] (net)
                      0.118300    0.000379    0.475936 ^ _161_/A1 (sky130_fd_sc_hd__o211a_4)
     2    0.012024    0.039099    0.112257    0.588193 ^ _161_/X (sky130_fd_sc_hd__o211a_4)
                                                         _007_ (net)
                      0.039099    0.000058    0.588250 ^ _303_/D (sky130_fd_sc_hd__dfxtp_2)
                                              0.588250   data arrival time

                                  0.000000    0.000000   clock clk (rise edge)
                                  0.000000    0.000000   clock source latency
     1    0.016944    0.061577    0.043963    0.043963 ^ clk (in)
                                                         clk (net)
                      0.061583    0.000000    0.043963 ^ clkbuf_0_clk/A (sky130_fd_sc_hd__clkbuf_16)
     4    0.040074    0.045348    0.111016    0.154979 ^ clkbuf_0_clk/X (sky130_fd_sc_hd__clkbuf_16)
                                                         clknet_0_clk (net)
                      0.045350    0.000358    0.155337 ^ clkbuf_2_3__f_clk/A (sky130_fd_sc_hd__clkbuf_16)
     8    0.024843    0.034460    0.096466    0.251803 ^ clkbuf_2_3__f_clk/X (sky130_fd_sc_hd__clkbuf_16)
                                                         clknet_2_3__leaf_clk (net)
                      0.034462    0.000354    0.252157 ^ _303_/CLK (sky130_fd_sc_hd__dfxtp_2)
                                  0.250000    0.502157   clock uncertainty
                                 -0.023981    0.478176   clock reconvergence pessimism
                                 -0.017790    0.460385   library hold time
                                              0.460385   data required time
---------------------------------------------------------------------------------------------
                                              0.460385   data required time
                                             -0.588250   data arrival time
---------------------------------------------------------------------------------------------
                                              0.127865   slack (MET)


Startpoint: _314_ (rising edge-triggered flip-flop clocked by clk)
Endpoint: _296_ (rising edge-triggered flip-flop clocked by clk)
Path Group: clk
Path Type: min

Fanout         Cap        Slew       Delay        Time   Description
---------------------------------------------------------------------------------------------
                                  0.000000    0.000000   clock clk (rise edge)
                                  0.000000    0.000000   clock source latency
     1    0.016944    0.061577    0.039776    0.039776 ^ clk (in)
                                                         clk (net)
                      0.061583    0.000000    0.039776 ^ clkbuf_0_clk/A (sky130_fd_sc_hd__clkbuf_16)
     4    0.040074    0.045348    0.100443    0.140219 ^ clkbuf_0_clk/X (sky130_fd_sc_hd__clkbuf_16)
                                                         clknet_0_clk (net)
                      0.045350    0.000324    0.140543 ^ clkbuf_2_3__f_clk/A (sky130_fd_sc_hd__clkbuf_16)
     8    0.024843    0.034460    0.087279    0.227822 ^ clkbuf_2_3__f_clk/X (sky130_fd_sc_hd__clkbuf_16)
                                                         clknet_2_3__leaf_clk (net)
                      0.034476    0.000614    0.228436 ^ _314_/CLK (sky130_fd_sc_hd__dfxtp_2)
     6    0.030249    0.118300    0.247121    0.475557 ^ _314_/Q (sky130_fd_sc_hd__dfxtp_2)
                                                         a_q[7] (net)
                      0.118301    0.000572    0.476129 ^ _194_/A (sky130_fd_sc_hd__inv_2)
     2    0.010009    0.037615    0.031067    0.507196 v _194_/Y (sky130_fd_sc_hd__inv_2)
                                                         _118_ (net)
                      0.037615    0.000111    0.507308 v _236_/A (sky130_fd_sc_hd__nand2_2)
     3    0.013169    0.057617    0.059667    0.566974 ^ _236_/Y (sky130_fd_sc_hd__nand2_2)
                                                         _042_ (net)
                      0.057617    0.000137    0.567111 ^ _237_/A2 (sky130_fd_sc_hd__a21boi_2)
     1    0.002584    0.018493    0.029538    0.596650 v _237_/Y (sky130_fd_sc_hd__a21boi_2)
                                                         _000_ (net)
                      0.018493    0.000027    0.596676 v _296_/D (sky130_fd_sc_hd__dfxtp_2)
                                              0.596676   data arrival time

                                  0.000000    0.000000   clock clk (rise edge)
                                  0.000000    0.000000   clock source latency
     1    0.016944    0.061577    0.043963    0.043963 ^ clk (in)
                                                         clk (net)
                      0.061583    0.000000    0.043963 ^ clkbuf_0_clk/A (sky130_fd_sc_hd__clkbuf_16)
     4    0.040074    0.045348    0.111016    0.154979 ^ clkbuf_0_clk/X (sky130_fd_sc_hd__clkbuf_16)
                                                         clknet_0_clk (net)
                      0.045350    0.000357    0.155336 ^ clkbuf_2_2__f_clk/A (sky130_fd_sc_hd__clkbuf_16)
     8    0.029083    0.037452    0.099608    0.254944 ^ clkbuf_2_2__f_clk/X (sky130_fd_sc_hd__clkbuf_16)
                                                         clknet_2_2__leaf_clk (net)
                      0.037452    0.000064    0.255008 ^ _296_/CLK (sky130_fd_sc_hd__dfxtp_2)
                                  0.250000    0.505008   clock uncertainty
                                 -0.014760    0.490248   clock reconvergence pessimism
                                 -0.029863    0.460385   library hold time
                                              0.460385   data required time
---------------------------------------------------------------------------------------------
                                              0.460385   data required time
                                             -0.596676   data arrival time
---------------------------------------------------------------------------------------------
                                              0.136291   slack (MET)


Startpoint: _310_ (rising edge-triggered flip-flop clocked by clk)
Endpoint: _299_ (rising edge-triggered flip-flop clocked by clk)
Path Group: clk
Path Type: min

Fanout         Cap        Slew       Delay        Time   Description
---------------------------------------------------------------------------------------------
                                  0.000000    0.000000   clock clk (rise edge)
                                  0.000000    0.000000   clock source latency
     1    0.016944    0.061577    0.039776    0.039776 ^ clk (in)
                                                         clk (net)
                      0.061583    0.000000    0.039776 ^ clkbuf_0_clk/A (sky130_fd_sc_hd__clkbuf_16)
     4    0.040074    0.045348    0.100443    0.140219 ^ clkbuf_0_clk/X (sky130_fd_sc_hd__clkbuf_16)
                                                         clknet_0_clk (net)
                      0.045351    0.000336    0.140555 ^ clkbuf_2_0__f_clk/A (sky130_fd_sc_hd__clkbuf_16)
     8    0.026775    0.035825    0.088492    0.229047 ^ clkbuf_2_0__f_clk/X (sky130_fd_sc_hd__clkbuf_16)
                                                         clknet_2_0__leaf_clk (net)
                      0.035829    0.000396    0.229443 ^ _310_/CLK (sky130_fd_sc_hd__dfxtp_2)
     5    0.026616    0.104990    0.238700    0.468143 ^ _310_/Q (sky130_fd_sc_hd__dfxtp_2)
                                                         a_q[3] (net)
                      0.104993    0.000621    0.468764 ^ _270_/B2 (sky130_fd_sc_hd__o32a_4)
     2    0.007765    0.028374    0.079288    0.548053 ^ _270_/X (sky130_fd_sc_hd__o32a_4)
                                                         _073_ (net)
                      0.028375    0.000121    0.548173 ^ _271_/B (sky130_fd_sc_hd__and2_4)
     1    0.002052    0.019440    0.069935    0.618108 ^ _271_/X (sky130_fd_sc_hd__and2_4)
                                                         _003_ (net)
                      0.019440    0.000017    0.618125 ^ _299_/D (sky130_fd_sc_hd__dfxtp_2)
                                              0.618125   data arrival time

                                  0.000000    0.000000   clock clk (rise edge)
                                  0.000000    0.000000   clock source latency
     1    0.016944    0.061577    0.043963    0.043963 ^ clk (in)
                                                         clk (net)
                      0.061583    0.000000    0.043963 ^ clkbuf_0_clk/A (sky130_fd_sc_hd__clkbuf_16)
     4    0.040074    0.045348    0.111016    0.154979 ^ clkbuf_0_clk/X (sky130_fd_sc_hd__clkbuf_16)
                                                         clknet_0_clk (net)
                      0.045350    0.000333    0.155312 ^ clkbuf_2_1__f_clk/A (sky130_fd_sc_hd__clkbuf_16)
     8    0.026178    0.035399    0.097323    0.252634 ^ clkbuf_2_1__f_clk/X (sky130_fd_sc_hd__clkbuf_16)
                                                         clknet_2_1__leaf_clk (net)
                      0.035406    0.000552    0.253187 ^ _299_/CLK (sky130_fd_sc_hd__dfxtp_2)
                                  0.250000    0.503187   clock uncertainty
                                 -0.014760    0.488427   clock reconvergence pessimism
                                 -0.016377    0.472049   library hold time
                                              0.472049   data required time
---------------------------------------------------------------------------------------------
                                              0.472049   data required time
                                             -0.618125   data arrival time
---------------------------------------------------------------------------------------------
                                              0.146076   slack (MET)


Startpoint: _314_ (rising edge-triggered flip-flop clocked by clk)
Endpoint: _305_ (rising edge-triggered flip-flop clocked by clk)
Path Group: clk
Path Type: min

Fanout         Cap        Slew       Delay        Time   Description
---------------------------------------------------------------------------------------------
                                  0.000000    0.000000   clock clk (rise edge)
                                  0.000000    0.000000   clock source latency
     1    0.016944    0.061577    0.039776    0.039776 ^ clk (in)
                                                         clk (net)
                      0.061583    0.000000    0.039776 ^ clkbuf_0_clk/A (sky130_fd_sc_hd__clkbuf_16)
     4    0.040074    0.045348    0.100443    0.140219 ^ clkbuf_0_clk/X (sky130_fd_sc_hd__clkbuf_16)
                                                         clknet_0_clk (net)
                      0.045350    0.000324    0.140543 ^ clkbuf_2_3__f_clk/A (sky130_fd_sc_hd__clkbuf_16)
     8    0.024843    0.034460    0.087279    0.227822 ^ clkbuf_2_3__f_clk/X (sky130_fd_sc_hd__clkbuf_16)
                                                         clknet_2_3__leaf_clk (net)
                      0.034476    0.000614    0.228436 ^ _314_/CLK (sky130_fd_sc_hd__dfxtp_2)
     6    0.030249    0.118300    0.247121    0.475557 ^ _314_/Q (sky130_fd_sc_hd__dfxtp_2)
                                                         a_q[7] (net)
                      0.118300    0.000379    0.475936 ^ _161_/A1 (sky130_fd_sc_hd__o211a_4)
     2    0.012024    0.039099    0.112257    0.588193 ^ _161_/X (sky130_fd_sc_hd__o211a_4)
                                                         _007_ (net)
                      0.039099    0.000109    0.588302 ^ _174_/B1 (sky130_fd_sc_hd__a2111oi_4)
     1    0.003187    0.013661    0.025732    0.614034 v _174_/Y (sky130_fd_sc_hd__a2111oi_4)
                                                         _009_ (net)
                      0.013661    0.000041    0.614075 v _305_/D (sky130_fd_sc_hd__dfxtp_2)
                                              0.614075   data arrival time

                                  0.000000    0.000000   clock clk (rise edge)
                                  0.000000    0.000000   clock source latency
     1    0.016944    0.061577    0.043963    0.043963 ^ clk (in)
                                                         clk (net)
                      0.061583    0.000000    0.043963 ^ clkbuf_0_clk/A (sky130_fd_sc_hd__clkbuf_16)
     4    0.040074    0.045348    0.111016    0.154979 ^ clkbuf_0_clk/X (sky130_fd_sc_hd__clkbuf_16)
                                                         clknet_0_clk (net)
                      0.045350    0.000358    0.155337 ^ clkbuf_2_3__f_clk/A (sky130_fd_sc_hd__clkbuf_16)
     8    0.024843    0.034460    0.096466    0.251803 ^ clkbuf_2_3__f_clk/X (sky130_fd_sc_hd__clkbuf_16)
                                                         clknet_2_3__leaf_clk (net)
                      0.034464    0.000420    0.252223 ^ _305_/CLK (sky130_fd_sc_hd__dfxtp_2)
                                  0.250000    0.502223   clock uncertainty
                                 -0.023981    0.478241   clock reconvergence pessimism
                                 -0.028549    0.449692   library hold time
                                              0.449692   data required time
---------------------------------------------------------------------------------------------
                                              0.449692   data required time
                                             -0.614075   data arrival time
---------------------------------------------------------------------------------------------
                                              0.164382   slack (MET)


Startpoint: _309_ (rising edge-triggered flip-flop clocked by clk)
Endpoint: _298_ (rising edge-triggered flip-flop clocked by clk)
Path Group: clk
Path Type: min

Fanout         Cap        Slew       Delay        Time   Description
---------------------------------------------------------------------------------------------
                                  0.000000    0.000000   clock clk (rise edge)
                                  0.000000    0.000000   clock source latency
     1    0.016944    0.061577    0.039776    0.039776 ^ clk (in)
                                                         clk (net)
                      0.061583    0.000000    0.039776 ^ clkbuf_0_clk/A (sky130_fd_sc_hd__clkbuf_16)
     4    0.040074    0.045348    0.100443    0.140219 ^ clkbuf_0_clk/X (sky130_fd_sc_hd__clkbuf_16)
                                                         clknet_0_clk (net)
                      0.045350    0.000301    0.140520 ^ clkbuf_2_1__f_clk/A (sky130_fd_sc_hd__clkbuf_16)
     8    0.026178    0.035399    0.088054    0.228574 ^ clkbuf_2_1__f_clk/X (sky130_fd_sc_hd__clkbuf_16)
                                                         clknet_2_1__leaf_clk (net)
                      0.035425    0.000799    0.229373 ^ _309_/CLK (sky130_fd_sc_hd__dfxtp_2)
     5    0.027444    0.108034    0.240551    0.469924 ^ _309_/Q (sky130_fd_sc_hd__dfxtp_2)
                                                         a_q[2] (net)
                      0.108034    0.000133    0.470056 ^ _259_/A1 (sky130_fd_sc_hd__o21a_4)
     2    0.007808    0.027783    0.087999    0.558055 ^ _259_/X (sky130_fd_sc_hd__o21a_4)
                                                         _063_ (net)
                      0.027783    0.000051    0.558106 ^ _260_/B (sky130_fd_sc_hd__and2_2)
     1    0.002181    0.022872    0.071648    0.629754 ^ _260_/X (sky130_fd_sc_hd__and2_2)
                                                         _002_ (net)
                      0.022872    0.000020    0.629773 ^ _298_/D (sky130_fd_sc_hd__dfxtp_2)
                                              0.629773   data arrival time

                                  0.000000    0.000000   clock clk (rise edge)
                                  0.000000    0.000000   clock source latency
     1    0.016944    0.061577    0.043963    0.043963 ^ clk (in)
                                                         clk (net)
                      0.061583    0.000000    0.043963 ^ clkbuf_0_clk/A (sky130_fd_sc_hd__clkbuf_16)
     4    0.040074    0.045348    0.111016    0.154979 ^ clkbuf_0_clk/X (sky130_fd_sc_hd__clkbuf_16)
                                                         clknet_0_clk (net)
                      0.045350    0.000333    0.155312 ^ clkbuf_2_1__f_clk/A (sky130_fd_sc_hd__clkbuf_16)
     8    0.026178    0.035399    0.097323    0.252634 ^ clkbuf_2_1__f_clk/X (sky130_fd_sc_hd__clkbuf_16)
                                                         clknet_2_1__leaf_clk (net)
                      0.035409    0.000621    0.253255 ^ _298_/CLK (sky130_fd_sc_hd__dfxtp_2)
                                  0.250000    0.503255   clock uncertainty
                                 -0.024060    0.479195   clock reconvergence pessimism
                                 -0.016620    0.462575   library hold time
                                              0.462575   data required time
---------------------------------------------------------------------------------------------
                                              0.462575   data required time
                                             -0.629773   data arrival time
---------------------------------------------------------------------------------------------
                                              0.167198   slack (MET)


Startpoint: _311_ (rising edge-triggered flip-flop clocked by clk)
Endpoint: _300_ (rising edge-triggered flip-flop clocked by clk)
Path Group: clk
Path Type: min

Fanout         Cap        Slew       Delay        Time   Description
---------------------------------------------------------------------------------------------
                                  0.000000    0.000000   clock clk (rise edge)
                                  0.000000    0.000000   clock source latency
     1    0.016944    0.061577    0.039776    0.039776 ^ clk (in)
                                                         clk (net)
                      0.061583    0.000000    0.039776 ^ clkbuf_0_clk/A (sky130_fd_sc_hd__clkbuf_16)
     4    0.040074    0.045348    0.100443    0.140219 ^ clkbuf_0_clk/X (sky130_fd_sc_hd__clkbuf_16)
                                                         clknet_0_clk (net)
                      0.045350    0.000323    0.140542 ^ clkbuf_2_2__f_clk/A (sky130_fd_sc_hd__clkbuf_16)
     8    0.029083    0.037452    0.090122    0.230664 ^ clkbuf_2_2__f_clk/X (sky130_fd_sc_hd__clkbuf_16)
                                                         clknet_2_2__leaf_clk (net)
                      0.037457    0.000424    0.231087 ^ _311_/CLK (sky130_fd_sc_hd__dfxtp_2)
     5    0.024702    0.097980    0.234505    0.465592 ^ _311_/Q (sky130_fd_sc_hd__dfxtp_2)
                                                         a_q[4] (net)
                      0.097982    0.000602    0.466194 ^ _280_/A (sky130_fd_sc_hd__or2_2)
     2    0.004711    0.028381    0.081546    0.547740 ^ _280_/X (sky130_fd_sc_hd__or2_2)
                                                         _082_ (net)
                      0.028381    0.000036    0.547776 ^ _281_/C (sky130_fd_sc_hd__and3_2)
     1    0.002555    0.026455    0.090716    0.638492 ^ _281_/X (sky130_fd_sc_hd__and3_2)
                                                         _004_ (net)
                      0.026455    0.000027    0.638519 ^ _300_/D (sky130_fd_sc_hd__dfxtp_2)
                                              0.638519   data arrival time

                                  0.000000    0.000000   clock clk (rise edge)
                                  0.000000    0.000000   clock source latency
     1    0.016944    0.061577    0.043963    0.043963 ^ clk (in)
                                                         clk (net)
                      0.061583    0.000000    0.043963 ^ clkbuf_0_clk/A (sky130_fd_sc_hd__clkbuf_16)
     4    0.040074    0.045348    0.111016    0.154979 ^ clkbuf_0_clk/X (sky130_fd_sc_hd__clkbuf_16)
                                                         clknet_0_clk (net)
                      0.045350    0.000358    0.155337 ^ clkbuf_2_3__f_clk/A (sky130_fd_sc_hd__clkbuf_16)
     8    0.024843    0.034460    0.096466    0.251803 ^ clkbuf_2_3__f_clk/X (sky130_fd_sc_hd__clkbuf_16)
                                                         clknet_2_3__leaf_clk (net)
                      0.034480    0.000753    0.252556 ^ _300_/CLK (sky130_fd_sc_hd__dfxtp_2)
                                  0.250000    0.502556   clock uncertainty
                                 -0.014760    0.487796   clock reconvergence pessimism
                                 -0.016896    0.470901   library hold time
                                              0.470901   data required time
---------------------------------------------------------------------------------------------
                                              0.470901   data required time
                                             -0.638519   data arrival time
---------------------------------------------------------------------------------------------
                                              0.167619   slack (MET)


Startpoint: _314_ (rising edge-triggered flip-flop clocked by clk)
Endpoint: _304_ (rising edge-triggered flip-flop clocked by clk)
Path Group: clk
Path Type: min

Fanout         Cap        Slew       Delay        Time   Description
---------------------------------------------------------------------------------------------
                                  0.000000    0.000000   clock clk (rise edge)
                                  0.000000    0.000000   clock source latency
     1    0.016944    0.061577    0.039776    0.039776 ^ clk (in)
                                                         clk (net)
                      0.061583    0.000000    0.039776 ^ clkbuf_0_clk/A (sky130_fd_sc_hd__clkbuf_16)
     4    0.040074    0.045348    0.100443    0.140219 ^ clkbuf_0_clk/X (sky130_fd_sc_hd__clkbuf_16)
                                                         clknet_0_clk (net)
                      0.045350    0.000324    0.140543 ^ clkbuf_2_3__f_clk/A (sky130_fd_sc_hd__clkbuf_16)
     8    0.024843    0.034460    0.087279    0.227822 ^ clkbuf_2_3__f_clk/X (sky130_fd_sc_hd__clkbuf_16)
                                                         clknet_2_3__leaf_clk (net)
                      0.034476    0.000614    0.228436 ^ _314_/CLK (sky130_fd_sc_hd__dfxtp_2)
     6    0.030249    0.118300    0.247121    0.475557 ^ _314_/Q (sky130_fd_sc_hd__dfxtp_2)
                                                         a_q[7] (net)
                      0.118301    0.000572    0.476129 ^ _194_/A (sky130_fd_sc_hd__inv_2)
     2    0.010009    0.037615    0.031067    0.507196 v _194_/Y (sky130_fd_sc_hd__inv_2)
                                                         _118_ (net)
                      0.037615    0.000111    0.507308 v _236_/A (sky130_fd_sc_hd__nand2_2)
     3    0.013169    0.057617    0.059667    0.566974 ^ _236_/Y (sky130_fd_sc_hd__nand2_2)
                                                         _042_ (net)
                      0.057617    0.000120    0.567094 ^ _162_/B (sky130_fd_sc_hd__and2_2)
     1    0.002139    0.022749    0.078463    0.645557 ^ _162_/X (sky130_fd_sc_hd__and2_2)
                                                         _008_ (net)
                      0.022749    0.000018    0.645575 ^ _304_/D (sky130_fd_sc_hd__dfxtp_2)
                                              0.645575   data arrival time

                                  0.000000    0.000000   clock clk (rise edge)
                                  0.000000    0.000000   clock source latency
     1    0.016944    0.061577    0.043963    0.043963 ^ clk (in)
                                                         clk (net)
                      0.061583    0.000000    0.043963 ^ clkbuf_0_clk/A (sky130_fd_sc_hd__clkbuf_16)
     4    0.040074    0.045348    0.111016    0.154979 ^ clkbuf_0_clk/X (sky130_fd_sc_hd__clkbuf_16)
                                                         clknet_0_clk (net)
                      0.045350    0.000357    0.155336 ^ clkbuf_2_2__f_clk/A (sky130_fd_sc_hd__clkbuf_16)
     8    0.029083    0.037452    0.099608    0.254944 ^ clkbuf_2_2__f_clk/X (sky130_fd_sc_hd__clkbuf_16)
                                                         clknet_2_2__leaf_clk (net)
                      0.037452    0.000094    0.255038 ^ _304_/CLK (sky130_fd_sc_hd__dfxtp_2)
                                  0.250000    0.505038   clock uncertainty
                                 -0.014760    0.490278   clock reconvergence pessimism
                                 -0.016563    0.473716   library hold time
                                              0.473716   data required time
---------------------------------------------------------------------------------------------
                                              0.473716   data required time
                                             -0.645575   data arrival time
---------------------------------------------------------------------------------------------
                                              0.171860   slack (MET)


Startpoint: _312_ (rising edge-triggered flip-flop clocked by clk)
Endpoint: _301_ (rising edge-triggered flip-flop clocked by clk)
Path Group: clk
Path Type: min

Fanout         Cap        Slew       Delay        Time   Description
---------------------------------------------------------------------------------------------
                                  0.000000    0.000000   clock clk (rise edge)
                                  0.000000    0.000000   clock source latency
     1    0.016944    0.061577    0.039776    0.039776 ^ clk (in)
                                                         clk (net)
                      0.061583    0.000000    0.039776 ^ clkbuf_0_clk/A (sky130_fd_sc_hd__clkbuf_16)
     4    0.040074    0.045348    0.100443    0.140219 ^ clkbuf_0_clk/X (sky130_fd_sc_hd__clkbuf_16)
                                                         clknet_0_clk (net)
                      0.045350    0.000323    0.140542 ^ clkbuf_2_2__f_clk/A (sky130_fd_sc_hd__clkbuf_16)
     8    0.029083    0.037452    0.090122    0.230664 ^ clkbuf_2_2__f_clk/X (sky130_fd_sc_hd__clkbuf_16)
                                                         clknet_2_2__leaf_clk (net)
                      0.037456    0.000403    0.231067 ^ _312_/CLK (sky130_fd_sc_hd__dfxtp_2)
     5    0.027758    0.109199    0.241803    0.472870 ^ _312_/Q (sky130_fd_sc_hd__dfxtp_2)
                                                         a_q[5] (net)
                      0.109204    0.000814    0.473684 ^ _289_/A1 (sky130_fd_sc_hd__o21a_2)
     2    0.007959    0.039122    0.098770    0.572454 ^ _289_/X (sky130_fd_sc_hd__o21a_2)
                                                         _090_ (net)
                      0.039122    0.000060    0.572514 ^ _290_/B (sky130_fd_sc_hd__and2_2)
     1    0.003942    0.028443    0.080088    0.652602 ^ _290_/X (sky130_fd_sc_hd__and2_2)
                                                         _005_ (net)
                      0.028443    0.000066    0.652668 ^ _301_/D (sky130_fd_sc_hd__dfxtp_2)
                                              0.652668   data arrival time

                                  0.000000    0.000000   clock clk (rise edge)
                                  0.000000    0.000000   clock source latency
     1    0.016944    0.061577    0.043963    0.043963 ^ clk (in)
                                                         clk (net)
                      0.061583    0.000000    0.043963 ^ clkbuf_0_clk/A (sky130_fd_sc_hd__clkbuf_16)
     4    0.040074    0.045348    0.111016    0.154979 ^ clkbuf_0_clk/X (sky130_fd_sc_hd__clkbuf_16)
                                                         clknet_0_clk (net)
                      0.045350    0.000358    0.155337 ^ clkbuf_2_3__f_clk/A (sky130_fd_sc_hd__clkbuf_16)
     8    0.024843    0.034460    0.096466    0.251803 ^ clkbuf_2_3__f_clk/X (sky130_fd_sc_hd__clkbuf_16)
                                                         clknet_2_3__leaf_clk (net)
                      0.034480    0.000744    0.252547 ^ _301_/CLK (sky130_fd_sc_hd__dfxtp_2)
                                  0.250000    0.502547   clock uncertainty
                                 -0.014760    0.487787   clock reconvergence pessimism
                                 -0.017036    0.470751   library hold time
                                              0.470751   data required time
---------------------------------------------------------------------------------------------
                                              0.470751   data required time
                                             -0.652668   data arrival time
---------------------------------------------------------------------------------------------
                                              0.181917   slack (MET)


Startpoint: _315_ (rising edge-triggered flip-flop clocked by clk)
Endpoint: _297_ (rising edge-triggered flip-flop clocked by clk)
Path Group: clk
Path Type: min

Fanout         Cap        Slew       Delay        Time   Description
---------------------------------------------------------------------------------------------
                                  0.000000    0.000000   clock clk (rise edge)
                                  0.000000    0.000000   clock source latency
     1    0.016944    0.061577    0.039776    0.039776 ^ clk (in)
                                                         clk (net)
                      0.061583    0.000000    0.039776 ^ clkbuf_0_clk/A (sky130_fd_sc_hd__clkbuf_16)
     4    0.040074    0.045348    0.100443    0.140219 ^ clkbuf_0_clk/X (sky130_fd_sc_hd__clkbuf_16)
                                                         clknet_0_clk (net)
                      0.045350    0.000301    0.140520 ^ clkbuf_2_1__f_clk/A (sky130_fd_sc_hd__clkbuf_16)
     8    0.026178    0.035399    0.088054    0.228574 ^ clkbuf_2_1__f_clk/X (sky130_fd_sc_hd__clkbuf_16)
                                                         clknet_2_1__leaf_clk (net)
                      0.035433    0.000896    0.229470 ^ _315_/CLK (sky130_fd_sc_hd__dfxtp_2)
     3    0.016002    0.066191    0.212826    0.442296 ^ _315_/Q (sky130_fd_sc_hd__dfxtp_2)
                                                         b_q[0] (net)
                      0.066191    0.000337    0.442633 ^ _241_/A2 (sky130_fd_sc_hd__o22a_2)
     1    0.003658    0.021688    0.072809    0.515442 ^ _241_/X (sky130_fd_sc_hd__o22a_2)
                                                         _046_ (net)
                      0.021688    0.000029    0.515471 ^ _247_/B2 (sky130_fd_sc_hd__o22a_2)
     2    0.012649    0.052886    0.075919    0.591390 ^ _247_/X (sky130_fd_sc_hd__o22a_2)
                                                         _052_ (net)
                      0.052888    0.000394    0.591784 ^ _248_/B (sky130_fd_sc_hd__and2_2)
     1    0.002025    0.022378    0.077137    0.668921 ^ _248_/X (sky130_fd_sc_hd__and2_2)
                                                         _001_ (net)
                      0.022378    0.000016    0.668937 ^ _297_/D (sky130_fd_sc_hd__dfxtp_2)
                                              0.668937   data arrival time

                                  0.000000    0.000000   clock clk (rise edge)
                                  0.000000    0.000000   clock source latency
     1    0.016944    0.061577    0.043963    0.043963 ^ clk (in)
                                                         clk (net)
                      0.061583    0.000000    0.043963 ^ clkbuf_0_clk/A (sky130_fd_sc_hd__clkbuf_16)
     4    0.040074    0.045348    0.111016    0.154979 ^ clkbuf_0_clk/X (sky130_fd_sc_hd__clkbuf_16)
                                                         clknet_0_clk (net)
                      0.045350    0.000333    0.155312 ^ clkbuf_2_1__f_clk/A (sky130_fd_sc_hd__clkbuf_16)
     8    0.026178    0.035399    0.097323    0.252634 ^ clkbuf_2_1__f_clk/X (sky130_fd_sc_hd__clkbuf_16)
                                                         clknet_2_1__leaf_clk (net)
                      0.035405    0.000528    0.253162 ^ _297_/CLK (sky130_fd_sc_hd__dfxtp_2)
                                  0.250000    0.503162   clock uncertainty
                                 -0.024060    0.479102   clock reconvergence pessimism
                                 -0.016585    0.462517   library hold time
                                              0.462517   data required time
---------------------------------------------------------------------------------------------
                                              0.462517   data required time
                                             -0.668937   data arrival time
---------------------------------------------------------------------------------------------
                                              0.206421   slack (MET)


Startpoint: _313_ (rising edge-triggered flip-flop clocked by clk)
Endpoint: _306_ (rising edge-triggered flip-flop clocked by clk)
Path Group: clk
Path Type: min

Fanout         Cap        Slew       Delay        Time   Description
---------------------------------------------------------------------------------------------
                                  0.000000    0.000000   clock clk (rise edge)
                                  0.000000    0.000000   clock source latency
     1    0.016944    0.061577    0.039776    0.039776 ^ clk (in)
                                                         clk (net)
                      0.061583    0.000000    0.039776 ^ clkbuf_0_clk/A (sky130_fd_sc_hd__clkbuf_16)
     4    0.040074    0.045348    0.100443    0.140219 ^ clkbuf_0_clk/X (sky130_fd_sc_hd__clkbuf_16)
                                                         clknet_0_clk (net)
                      0.045350    0.000323    0.140542 ^ clkbuf_2_2__f_clk/A (sky130_fd_sc_hd__clkbuf_16)
     8    0.029083    0.037452    0.090122    0.230664 ^ clkbuf_2_2__f_clk/X (sky130_fd_sc_hd__clkbuf_16)
                                                         clknet_2_2__leaf_clk (net)
                      0.037454    0.000328    0.230992 ^ _313_/CLK (sky130_fd_sc_hd__dfxtp_2)
     5    0.021884    0.087658    0.227727    0.458719 ^ _313_/Q (sky130_fd_sc_hd__dfxtp_2)
                                                         a_q[6] (net)
                      0.087658    0.000414    0.459133 ^ _168_/B2 (sky130_fd_sc_hd__a32o_2)
     1    0.001882    0.022229    0.067175    0.526308 ^ _168_/X (sky130_fd_sc_hd__a32o_2)
                                                         _113_ (net)
                      0.022229    0.000016    0.526324 ^ _169_/C (sky130_fd_sc_hd__or3_2)
     1    0.004331    0.024815    0.061489    0.587813 ^ _169_/X (sky130_fd_sc_hd__or3_2)
                                                         _114_ (net)
                      0.024815    0.000054    0.587867 ^ _170_/B1 (sky130_fd_sc_hd__a21o_2)
     2    0.012600    0.052335    0.068798    0.656665 ^ _170_/X (sky130_fd_sc_hd__a21o_2)
                                                         _115_ (net)
                      0.052335    0.000104    0.656769 ^ _171_/B (sky130_fd_sc_hd__and2_2)
     1    0.002189    0.022891    0.077542    0.734311 ^ _171_/X (sky130_fd_sc_hd__and2_2)
                                                         _010_ (net)
                      0.022891    0.000011    0.734322 ^ _306_/D (sky130_fd_sc_hd__dfxtp_2)
                                              0.734322   data arrival time

                                  0.000000    0.000000   clock clk (rise edge)
                                  0.000000    0.000000   clock source latency
     1    0.016944    0.061577    0.043963    0.043963 ^ clk (in)
                                                         clk (net)
                      0.061583    0.000000    0.043963 ^ clkbuf_0_clk/A (sky130_fd_sc_hd__clkbuf_16)
     4    0.040074    0.045348    0.111016    0.154979 ^ clkbuf_0_clk/X (sky130_fd_sc_hd__clkbuf_16)
                                                         clknet_0_clk (net)
                      0.045350    0.000358    0.155337 ^ clkbuf_2_3__f_clk/A (sky130_fd_sc_hd__clkbuf_16)
     8    0.024843    0.034460    0.096466    0.251803 ^ clkbuf_2_3__f_clk/X (sky130_fd_sc_hd__clkbuf_16)
                                                         clknet_2_3__leaf_clk (net)
                      0.034461    0.000315    0.252118 ^ _306_/CLK (sky130_fd_sc_hd__dfxtp_2)
                                  0.250000    0.502118   clock uncertainty
                                 -0.014760    0.487358   clock reconvergence pessimism
                                 -0.016644    0.470714   library hold time
                                              0.470714   data required time
---------------------------------------------------------------------------------------------
                                              0.470714   data required time
                                             -0.734322   data arrival time
---------------------------------------------------------------------------------------------
                                              0.263608   slack (MET)


Startpoint: _311_ (rising edge-triggered flip-flop clocked by clk)
Endpoint: _302_ (rising edge-triggered flip-flop clocked by clk)
Path Group: clk
Path Type: min

Fanout         Cap        Slew       Delay        Time   Description
---------------------------------------------------------------------------------------------
                                  0.000000    0.000000   clock clk (rise edge)
                                  0.000000    0.000000   clock source latency
     1    0.016944    0.061577    0.039776    0.039776 ^ clk (in)
                                                         clk (net)
                      0.061583    0.000000    0.039776 ^ clkbuf_0_clk/A (sky130_fd_sc_hd__clkbuf_16)
     4    0.040074    0.045348    0.100443    0.140219 ^ clkbuf_0_clk/X (sky130_fd_sc_hd__clkbuf_16)
                                                         clknet_0_clk (net)
                      0.045350    0.000323    0.140542 ^ clkbuf_2_2__f_clk/A (sky130_fd_sc_hd__clkbuf_16)
     8    0.029083    0.037452    0.090122    0.230664 ^ clkbuf_2_2__f_clk/X (sky130_fd_sc_hd__clkbuf_16)
                                                         clknet_2_2__leaf_clk (net)
                      0.037457    0.000424    0.231087 ^ _311_/CLK (sky130_fd_sc_hd__dfxtp_2)
     5    0.024702    0.097980    0.234505    0.465592 ^ _311_/Q (sky130_fd_sc_hd__dfxtp_2)
                                                         a_q[4] (net)
                      0.097980    0.000387    0.465979 ^ _295_/A1 (sky130_fd_sc_hd__a211o_2)
     1    0.004531    0.022775    0.083157    0.549136 ^ _295_/X (sky130_fd_sc_hd__a211o_2)
                                                         _095_ (net)
                      0.022775    0.000070    0.549206 ^ _148_/B1 (sky130_fd_sc_hd__a21o_2)
     1    0.006231    0.029628    0.052762    0.601968 ^ _148_/X (sky130_fd_sc_hd__a21o_2)
                                                         _096_ (net)
                      0.029628    0.000077    0.602045 ^ _150_/B1 (sky130_fd_sc_hd__a211o_4)
     1    0.006137    0.021835    0.053836    0.655881 ^ _150_/X (sky130_fd_sc_hd__a211o_4)
                                                         _098_ (net)
                      0.021835    0.000042    0.655923 ^ _151_/B1 (sky130_fd_sc_hd__o211a_4)
     2    0.013716    0.042665    0.084385    0.740309 ^ _151_/X (sky130_fd_sc_hd__o211a_4)
                                                         _006_ (net)
                      0.042665    0.000231    0.740540 ^ _302_/D (sky130_fd_sc_hd__dfxtp_2)
                                              0.740540   data arrival time

                                  0.000000    0.000000   clock clk (rise edge)
                                  0.000000    0.000000   clock source latency
     1    0.016944    0.061577    0.043963    0.043963 ^ clk (in)
                                                         clk (net)
                      0.061583    0.000000    0.043963 ^ clkbuf_0_clk/A (sky130_fd_sc_hd__clkbuf_16)
     4    0.040074    0.045348    0.111016    0.154979 ^ clkbuf_0_clk/X (sky130_fd_sc_hd__clkbuf_16)
                                                         clknet_0_clk (net)
                      0.045350    0.000358    0.155337 ^ clkbuf_2_3__f_clk/A (sky130_fd_sc_hd__clkbuf_16)
     8    0.024843    0.034460    0.096466    0.251803 ^ clkbuf_2_3__f_clk/X (sky130_fd_sc_hd__clkbuf_16)
                                                         clknet_2_3__leaf_clk (net)
                      0.034469    0.000545    0.252348 ^ _302_/CLK (sky130_fd_sc_hd__dfxtp_2)
                                  0.250000    0.502348   clock uncertainty
                                 -0.014760    0.487588   clock reconvergence pessimism
                                 -0.018042    0.469546   library hold time
                                              0.469546   data required time
---------------------------------------------------------------------------------------------
                                              0.469546   data required time
                                             -0.740540   data arrival time
---------------------------------------------------------------------------------------------
                                              0.270995   slack (MET)


Startpoint: op[1] (input port clocked by clk)
Endpoint: _324_ (rising edge-triggered flip-flop clocked by clk)
Path Group: clk
Path Type: min

Fanout         Cap        Slew       Delay        Time   Description
---------------------------------------------------------------------------------------------
                                  0.000000    0.000000   clock clk (rise edge)
                                  0.000000    0.000000   clock network delay (propagated)
                                  0.600000    0.600000 ^ input external delay
     1    0.003512    0.016470    0.008634    0.608634 ^ op[1] (in)
                                                         op[1] (net)
                      0.016470    0.000000    0.608634 ^ input18/A (sky130_fd_sc_hd__clkdlybuf4s25_1)
     1    0.001872    0.025654    0.141174    0.749808 ^ input18/X (sky130_fd_sc_hd__clkdlybuf4s25_1)
                                                         net18 (net)
                      0.025654    0.000008    0.749816 ^ _192_/B (sky130_fd_sc_hd__and2_2)
     1    0.002181    0.022874    0.071140    0.820957 ^ _192_/X (sky130_fd_sc_hd__and2_2)
                                                         _028_ (net)
                      0.022874    0.000020    0.820976 ^ _324_/D (sky130_fd_sc_hd__dfxtp_4)
                                              0.820976   data arrival time

                                  0.000000    0.000000   clock clk (rise edge)
                                  0.000000    0.000000   clock source latency
     1    0.016944    0.061577    0.043963    0.043963 ^ clk (in)
                                                         clk (net)
                      0.061583    0.000000    0.043963 ^ clkbuf_0_clk/A (sky130_fd_sc_hd__clkbuf_16)
     4    0.040074    0.045348    0.111016    0.154979 ^ clkbuf_0_clk/X (sky130_fd_sc_hd__clkbuf_16)
                                                         clknet_0_clk (net)
                      0.045351    0.000371    0.155350 ^ clkbuf_2_0__f_clk/A (sky130_fd_sc_hd__clkbuf_16)
     8    0.026775    0.035825    0.097807    0.253157 ^ clkbuf_2_0__f_clk/X (sky130_fd_sc_hd__clkbuf_16)
                                                         clknet_2_0__leaf_clk (net)
                      0.035840    0.000698    0.253855 ^ _324_/CLK (sky130_fd_sc_hd__dfxtp_4)
                                  0.250000    0.503855   clock uncertainty
                                  0.000000    0.503855   clock reconvergence pessimism
                                 -0.015548    0.488307   library hold time
                                              0.488307   data required time
---------------------------------------------------------------------------------------------
                                              0.488307   data required time
                                             -0.820976   data arrival time
---------------------------------------------------------------------------------------------
                                              0.332670   slack (MET)


Startpoint: b[1] (input port clocked by clk)
Endpoint: _316_ (rising edge-triggered flip-flop clocked by clk)
Path Group: clk
Path Type: min

Fanout         Cap        Slew       Delay        Time   Description
---------------------------------------------------------------------------------------------
                                  0.000000    0.000000   clock clk (rise edge)
                                  0.000000    0.000000   clock network delay (propagated)
                                  0.600000    0.600000 ^ input external delay
     1    0.003579    0.016714    0.008804    0.608804 ^ b[1] (in)
                                                         b[1] (net)
                      0.016714    0.000000    0.608804 ^ input10/A (sky130_fd_sc_hd__clkdlybuf4s25_1)
     1    0.001929    0.025994    0.141531    0.750335 ^ input10/X (sky130_fd_sc_hd__clkdlybuf4s25_1)
                                                         net10 (net)
                      0.025994    0.000008    0.750343 ^ _184_/B (sky130_fd_sc_hd__and2_2)
     1    0.002120    0.022682    0.071022    0.821365 ^ _184_/X (sky130_fd_sc_hd__and2_2)
                                                         _020_ (net)
                      0.022682    0.000018    0.821383 ^ _316_/D (sky130_fd_sc_hd__dfxtp_2)
                                              0.821383   data arrival time

                                  0.000000    0.000000   clock clk (rise edge)
                                  0.000000    0.000000   clock source latency
     1    0.016944    0.061577    0.043963    0.043963 ^ clk (in)
                                                         clk (net)
                      0.061583    0.000000    0.043963 ^ clkbuf_0_clk/A (sky130_fd_sc_hd__clkbuf_16)
     4    0.040074    0.045348    0.111016    0.154979 ^ clkbuf_0_clk/X (sky130_fd_sc_hd__clkbuf_16)
                                                         clknet_0_clk (net)
                      0.045351    0.000371    0.155350 ^ clkbuf_2_0__f_clk/A (sky130_fd_sc_hd__clkbuf_16)
     8    0.026775    0.035825    0.097807    0.253157 ^ clkbuf_2_0__f_clk/X (sky130_fd_sc_hd__clkbuf_16)
                                                         clknet_2_0__leaf_clk (net)
                      0.035836    0.000622    0.253780 ^ _316_/CLK (sky130_fd_sc_hd__dfxtp_2)
                                  0.250000    0.503780   clock uncertainty
                                  0.000000    0.503780   clock reconvergence pessimism
                                 -0.016596    0.487183   library hold time
                                              0.487183   data required time
---------------------------------------------------------------------------------------------
                                              0.487183   data required time
                                             -0.821383   data arrival time
---------------------------------------------------------------------------------------------
                                              0.334199   slack (MET)


Startpoint: op[0] (input port clocked by clk)
Endpoint: _323_ (rising edge-triggered flip-flop clocked by clk)
Path Group: clk
Path Type: min

Fanout         Cap        Slew       Delay        Time   Description
---------------------------------------------------------------------------------------------
                                  0.000000    0.000000   clock clk (rise edge)
                                  0.000000    0.000000   clock network delay (propagated)
                                  0.600000    0.600000 ^ input external delay
     1    0.003616    0.016845    0.008896    0.608896 ^ op[0] (in)
                                                         op[0] (net)
                      0.016846    0.000000    0.608896 ^ input17/A (sky130_fd_sc_hd__clkdlybuf4s25_1)
     1    0.002033    0.026744    0.142099    0.750995 ^ input17/X (sky130_fd_sc_hd__clkdlybuf4s25_1)
                                                         net17 (net)
                      0.026744    0.000018    0.751013 ^ _191_/B (sky130_fd_sc_hd__and2_2)
     1    0.002417    0.023607    0.072169    0.823182 ^ _191_/X (sky130_fd_sc_hd__and2_2)
                                                         _027_ (net)
                      0.023607    0.000024    0.823207 ^ _323_/D (sky130_fd_sc_hd__dfxtp_4)
                                              0.823207   data arrival time

                                  0.000000    0.000000   clock clk (rise edge)
                                  0.000000    0.000000   clock source latency
     1    0.016944    0.061577    0.043963    0.043963 ^ clk (in)
                                                         clk (net)
                      0.061583    0.000000    0.043963 ^ clkbuf_0_clk/A (sky130_fd_sc_hd__clkbuf_16)
     4    0.040074    0.045348    0.111016    0.154979 ^ clkbuf_0_clk/X (sky130_fd_sc_hd__clkbuf_16)
                                                         clknet_0_clk (net)
                      0.045351    0.000371    0.155350 ^ clkbuf_2_0__f_clk/A (sky130_fd_sc_hd__clkbuf_16)
     8    0.026775    0.035825    0.097807    0.253157 ^ clkbuf_2_0__f_clk/X (sky130_fd_sc_hd__clkbuf_16)
                                                         clknet_2_0__leaf_clk (net)
                      0.035837    0.000641    0.253798 ^ _323_/CLK (sky130_fd_sc_hd__dfxtp_4)
                                  0.250000    0.503798   clock uncertainty
                                  0.000000    0.503798   clock reconvergence pessimism
                                 -0.015602    0.488196   library hold time
                                              0.488196   data required time
---------------------------------------------------------------------------------------------
                                              0.488196   data required time
                                             -0.823207   data arrival time
---------------------------------------------------------------------------------------------
                                              0.335011   slack (MET)


Startpoint: a[0] (input port clocked by clk)
Endpoint: _307_ (rising edge-triggered flip-flop clocked by clk)
Path Group: clk
Path Type: min

Fanout         Cap        Slew       Delay        Time   Description
---------------------------------------------------------------------------------------------
                                  0.000000    0.000000   clock clk (rise edge)
                                  0.000000    0.000000   clock network delay (propagated)
                                  0.600000    0.600000 ^ input external delay
     1    0.003584    0.016731    0.008815    0.608815 ^ a[0] (in)
                                                         a[0] (net)
                      0.016731    0.000000    0.608815 ^ input1/A (sky130_fd_sc_hd__clkdlybuf4s25_1)
     1    0.002160    0.027579    0.142729    0.751545 ^ input1/X (sky130_fd_sc_hd__clkdlybuf4s25_1)
                                                         net1 (net)
                      0.027579    0.000019    0.751563 ^ _175_/B (sky130_fd_sc_hd__and2_2)
     1    0.002172    0.022843    0.071570    0.823134 ^ _175_/X (sky130_fd_sc_hd__and2_2)
                                                         _011_ (net)
                      0.022843    0.000011    0.823145 ^ _307_/D (sky130_fd_sc_hd__dfxtp_2)
                                              0.823145   data arrival time

                                  0.000000    0.000000   clock clk (rise edge)
                                  0.000000    0.000000   clock source latency
     1    0.016944    0.061577    0.043963    0.043963 ^ clk (in)
                                                         clk (net)
                      0.061583    0.000000    0.043963 ^ clkbuf_0_clk/A (sky130_fd_sc_hd__clkbuf_16)
     4    0.040074    0.045348    0.111016    0.154979 ^ clkbuf_0_clk/X (sky130_fd_sc_hd__clkbuf_16)
                                                         clknet_0_clk (net)
                      0.045351    0.000371    0.155350 ^ clkbuf_2_0__f_clk/A (sky130_fd_sc_hd__clkbuf_16)
     8    0.026775    0.035825    0.097807    0.253157 ^ clkbuf_2_0__f_clk/X (sky130_fd_sc_hd__clkbuf_16)
                                                         clknet_2_0__leaf_clk (net)
                      0.035836    0.000612    0.253769 ^ _307_/CLK (sky130_fd_sc_hd__dfxtp_2)
                                  0.250000    0.503769   clock uncertainty
                                  0.000000    0.503769   clock reconvergence pessimism
                                 -0.016608    0.487161   library hold time
                                              0.487161   data required time
---------------------------------------------------------------------------------------------
                                              0.487161   data required time
                                             -0.823145   data arrival time
---------------------------------------------------------------------------------------------
                                              0.335984   slack (MET)


Startpoint: b[0] (input port clocked by clk)
Endpoint: _315_ (rising edge-triggered flip-flop clocked by clk)
Path Group: clk
Path Type: min

Fanout         Cap        Slew       Delay        Time   Description
---------------------------------------------------------------------------------------------
                                  0.000000    0.000000   clock clk (rise edge)
                                  0.000000    0.000000   clock network delay (propagated)
                                  0.600000    0.600000 ^ input external delay
     1    0.003610    0.016825    0.008882    0.608882 ^ b[0] (in)
                                                         b[0] (net)
                      0.016825    0.000000    0.608882 ^ input9/A (sky130_fd_sc_hd__clkdlybuf4s25_1)
     1    0.001980    0.026399    0.141822    0.750704 ^ input9/X (sky130_fd_sc_hd__clkdlybuf4s25_1)
                                                         net9 (net)
                      0.026399    0.000017    0.750721 ^ _183_/B (sky130_fd_sc_hd__and2_2)
     1    0.002673    0.024401    0.072921    0.823641 ^ _183_/X (sky130_fd_sc_hd__and2_2)
                                                         _019_ (net)
                      0.024401    0.000029    0.823670 ^ _315_/D (sky130_fd_sc_hd__dfxtp_2)
                                              0.823670   data arrival time

                                  0.000000    0.000000   clock clk (rise edge)
                                  0.000000    0.000000   clock source latency
     1    0.016944    0.061577    0.043963    0.043963 ^ clk (in)
                                                         clk (net)
                      0.061583    0.000000    0.043963 ^ clkbuf_0_clk/A (sky130_fd_sc_hd__clkbuf_16)
     4    0.040074    0.045348    0.111016    0.154979 ^ clkbuf_0_clk/X (sky130_fd_sc_hd__clkbuf_16)
                                                         clknet_0_clk (net)
                      0.045350    0.000333    0.155312 ^ clkbuf_2_1__f_clk/A (sky130_fd_sc_hd__clkbuf_16)
     8    0.026178    0.035399    0.097323    0.252634 ^ clkbuf_2_1__f_clk/X (sky130_fd_sc_hd__clkbuf_16)
                                                         clknet_2_1__leaf_clk (net)
                      0.035433    0.000990    0.253625 ^ _315_/CLK (sky130_fd_sc_hd__dfxtp_2)
                                  0.250000    0.503625   clock uncertainty
                                  0.000000    0.503625   clock reconvergence pessimism
                                 -0.016728    0.486897   library hold time
                                              0.486897   data required time
---------------------------------------------------------------------------------------------
                                              0.486897   data required time
                                             -0.823670   data arrival time
---------------------------------------------------------------------------------------------
                                              0.336773   slack (MET)


Startpoint: a[2] (input port clocked by clk)
Endpoint: _309_ (rising edge-triggered flip-flop clocked by clk)
Path Group: clk
Path Type: min

Fanout         Cap        Slew       Delay        Time   Description
---------------------------------------------------------------------------------------------
                                  0.000000    0.000000   clock clk (rise edge)
                                  0.000000    0.000000   clock network delay (propagated)
                                  0.600000    0.600000 ^ input external delay
     1    0.003502    0.016437    0.008612    0.608612 ^ a[2] (in)
                                                         a[2] (net)
                      0.016437    0.000000    0.608612 ^ input3/A (sky130_fd_sc_hd__clkdlybuf4s25_1)
     1    0.002375    0.028986    0.143765    0.752376 ^ input3/X (sky130_fd_sc_hd__clkdlybuf4s25_1)
                                                         net3 (net)
                      0.028986    0.000023    0.752399 ^ _177_/B (sky130_fd_sc_hd__and2_2)
     1    0.002154    0.022789    0.071849    0.824248 ^ _177_/X (sky130_fd_sc_hd__and2_2)
                                                         _013_ (net)
                      0.022789    0.000018    0.824266 ^ _309_/D (sky130_fd_sc_hd__dfxtp_2)
                                              0.824266   data arrival time

                                  0.000000    0.000000   clock clk (rise edge)
                                  0.000000    0.000000   clock source latency
     1    0.016944    0.061577    0.043963    0.043963 ^ clk (in)
                                                         clk (net)
                      0.061583    0.000000    0.043963 ^ clkbuf_0_clk/A (sky130_fd_sc_hd__clkbuf_16)
     4    0.040074    0.045348    0.111016    0.154979 ^ clkbuf_0_clk/X (sky130_fd_sc_hd__clkbuf_16)
                                                         clknet_0_clk (net)
                      0.045350    0.000333    0.155312 ^ clkbuf_2_1__f_clk/A (sky130_fd_sc_hd__clkbuf_16)
     8    0.026178    0.035399    0.097323    0.252634 ^ clkbuf_2_1__f_clk/X (sky130_fd_sc_hd__clkbuf_16)
                                                         clknet_2_1__leaf_clk (net)
                      0.035425    0.000883    0.253517 ^ _309_/CLK (sky130_fd_sc_hd__dfxtp_2)
                                  0.250000    0.503517   clock uncertainty
                                  0.000000    0.503517   clock reconvergence pessimism
                                 -0.016614    0.486904   library hold time
                                              0.486904   data required time
---------------------------------------------------------------------------------------------
                                              0.486904   data required time
                                             -0.824266   data arrival time
---------------------------------------------------------------------------------------------
                                              0.337363   slack (MET)


Startpoint: b[2] (input port clocked by clk)
Endpoint: _317_ (rising edge-triggered flip-flop clocked by clk)
Path Group: clk
Path Type: min

Fanout         Cap        Slew       Delay        Time   Description
---------------------------------------------------------------------------------------------
                                  0.000000    0.000000   clock clk (rise edge)
                                  0.000000    0.000000   clock network delay (propagated)
                                  0.600000    0.600000 ^ input external delay
     1    0.003607    0.016815    0.008877    0.608877 ^ b[2] (in)
                                                         b[2] (net)
                      0.016816    0.000000    0.608877 ^ input11/A (sky130_fd_sc_hd__clkdlybuf4s25_1)
     1    0.002083    0.027070    0.142349    0.751226 ^ input11/X (sky130_fd_sc_hd__clkdlybuf4s25_1)
                                                         net11 (net)
                      0.027070    0.000018    0.751244 ^ _185_/B (sky130_fd_sc_hd__and2_2)
     1    0.002932    0.025203    0.073922    0.825166 ^ _185_/X (sky130_fd_sc_hd__and2_2)
                                                         _021_ (net)
                      0.025203    0.000033    0.825199 ^ _317_/D (sky130_fd_sc_hd__dfxtp_2)
                                              0.825199   data arrival time

                                  0.000000    0.000000   clock clk (rise edge)
                                  0.000000    0.000000   clock source latency
     1    0.016944    0.061577    0.043963    0.043963 ^ clk (in)
                                                         clk (net)
                      0.061583    0.000000    0.043963 ^ clkbuf_0_clk/A (sky130_fd_sc_hd__clkbuf_16)
     4    0.040074    0.045348    0.111016    0.154979 ^ clkbuf_0_clk/X (sky130_fd_sc_hd__clkbuf_16)
                                                         clknet_0_clk (net)
                      0.045350    0.000333    0.155312 ^ clkbuf_2_1__f_clk/A (sky130_fd_sc_hd__clkbuf_16)
     8    0.026178    0.035399    0.097323    0.252634 ^ clkbuf_2_1__f_clk/X (sky130_fd_sc_hd__clkbuf_16)
                                                         clknet_2_1__leaf_clk (net)
                      0.035426    0.000897    0.253531 ^ _317_/CLK (sky130_fd_sc_hd__dfxtp_2)
                                  0.250000    0.503531   clock uncertainty
                                  0.000000    0.503531   clock reconvergence pessimism
                                 -0.016784    0.486747   library hold time
                                              0.486747   data required time
---------------------------------------------------------------------------------------------
                                              0.486747   data required time
                                             -0.825199   data arrival time
---------------------------------------------------------------------------------------------
                                              0.338452   slack (MET)


Startpoint: a[6] (input port clocked by clk)
Endpoint: _313_ (rising edge-triggered flip-flop clocked by clk)
Path Group: clk
Path Type: min

Fanout         Cap        Slew       Delay        Time   Description
---------------------------------------------------------------------------------------------
                                  0.000000    0.000000   clock clk (rise edge)
                                  0.000000    0.000000   clock network delay (propagated)
                                  0.600000    0.600000 ^ input external delay
     1    0.003506    0.016450    0.008615    0.608615 ^ a[6] (in)
                                                         a[6] (net)
                      0.016450    0.000000    0.608615 ^ input7/A (sky130_fd_sc_hd__clkdlybuf4s25_1)
     1    0.002789    0.031705    0.145906    0.754521 ^ input7/X (sky130_fd_sc_hd__clkdlybuf4s25_1)
                                                         net7 (net)
                      0.031705    0.000029    0.754550 ^ _181_/B (sky130_fd_sc_hd__and2_2)
     1    0.002212    0.022966    0.072684    0.827234 ^ _181_/X (sky130_fd_sc_hd__and2_2)
                                                         _017_ (net)
                      0.022966    0.000019    0.827254 ^ _313_/D (sky130_fd_sc_hd__dfxtp_2)
                                              0.827254   data arrival time

                                  0.000000    0.000000   clock clk (rise edge)
                                  0.000000    0.000000   clock source latency
     1    0.016944    0.061577    0.043963    0.043963 ^ clk (in)
                                                         clk (net)
                      0.061583    0.000000    0.043963 ^ clkbuf_0_clk/A (sky130_fd_sc_hd__clkbuf_16)
     4    0.040074    0.045348    0.111016    0.154979 ^ clkbuf_0_clk/X (sky130_fd_sc_hd__clkbuf_16)
                                                         clknet_0_clk (net)
                      0.045350    0.000357    0.155336 ^ clkbuf_2_2__f_clk/A (sky130_fd_sc_hd__clkbuf_16)
     8    0.029083    0.037452    0.099608    0.254944 ^ clkbuf_2_2__f_clk/X (sky130_fd_sc_hd__clkbuf_16)
                                                         clknet_2_2__leaf_clk (net)
                      0.037454    0.000363    0.255307 ^ _313_/CLK (sky130_fd_sc_hd__dfxtp_2)
                                  0.250000    0.505307   clock uncertainty
                                  0.000000    0.505307   clock reconvergence pessimism
                                 -0.016578    0.488730   library hold time
                                              0.488730   data required time
---------------------------------------------------------------------------------------------
                                              0.488730   data required time
                                             -0.827254   data arrival time
---------------------------------------------------------------------------------------------
                                              0.338524   slack (MET)


Startpoint: a[5] (input port clocked by clk)
Endpoint: _312_ (rising edge-triggered flip-flop clocked by clk)
Path Group: clk
Path Type: min

Fanout         Cap        Slew       Delay        Time   Description
---------------------------------------------------------------------------------------------
                                  0.000000    0.000000   clock clk (rise edge)
                                  0.000000    0.000000   clock network delay (propagated)
                                  0.600000    0.600000 ^ input external delay
     1    0.003371    0.015964    0.008288    0.608288 ^ a[5] (in)
                                                         a[5] (net)
                      0.015964    0.000000    0.608288 ^ input6/A (sky130_fd_sc_hd__clkdlybuf4s25_1)
     1    0.003094    0.033750    0.147354    0.755643 ^ input6/X (sky130_fd_sc_hd__clkdlybuf4s25_1)
                                                         net6 (net)
                      0.033750    0.000042    0.755684 ^ _180_/B (sky130_fd_sc_hd__and2_2)
     1    0.002111    0.022651    0.072844    0.828528 ^ _180_/X (sky130_fd_sc_hd__and2_2)
                                                         _016_ (net)
                      0.022651    0.000018    0.828546 ^ _312_/D (sky130_fd_sc_hd__dfxtp_2)
                                              0.828546   data arrival time

                                  0.000000    0.000000   clock clk (rise edge)
                                  0.000000    0.000000   clock source latency
     1    0.016944    0.061577    0.043963    0.043963 ^ clk (in)
                                                         clk (net)
                      0.061583    0.000000    0.043963 ^ clkbuf_0_clk/A (sky130_fd_sc_hd__clkbuf_16)
     4    0.040074    0.045348    0.111016    0.154979 ^ clkbuf_0_clk/X (sky130_fd_sc_hd__clkbuf_16)
                                                         clknet_0_clk (net)
                      0.045350    0.000357    0.155336 ^ clkbuf_2_2__f_clk/A (sky130_fd_sc_hd__clkbuf_16)
     8    0.029083    0.037452    0.099608    0.254944 ^ clkbuf_2_2__f_clk/X (sky130_fd_sc_hd__clkbuf_16)
                                                         clknet_2_2__leaf_clk (net)
                      0.037456    0.000446    0.255390 ^ _312_/CLK (sky130_fd_sc_hd__dfxtp_2)
                                  0.250000    0.505390   clock uncertainty
                                  0.000000    0.505390   clock reconvergence pessimism
                                 -0.016556    0.488835   library hold time
                                              0.488835   data required time
---------------------------------------------------------------------------------------------
                                              0.488835   data required time
                                             -0.828546   data arrival time
---------------------------------------------------------------------------------------------
                                              0.339712   slack (MET)


Startpoint: a[1] (input port clocked by clk)
Endpoint: _308_ (rising edge-triggered flip-flop clocked by clk)
Path Group: clk
Path Type: min

Fanout         Cap        Slew       Delay        Time   Description
---------------------------------------------------------------------------------------------
                                  0.000000    0.000000   clock clk (rise edge)
                                  0.000000    0.000000   clock network delay (propagated)
                                  0.600000    0.600000 ^ input external delay
     1    0.003477    0.016344    0.008547    0.608547 ^ a[1] (in)
                                                         a[1] (net)
                      0.016344    0.000000    0.608547 ^ input2/A (sky130_fd_sc_hd__clkdlybuf4s25_1)
     1    0.002532    0.030012    0.144550    0.753097 ^ input2/X (sky130_fd_sc_hd__clkdlybuf4s25_1)
                                                         net2 (net)
                      0.030012    0.000026    0.753123 ^ _176_/B (sky130_fd_sc_hd__and2_2)
     1    0.002799    0.024793    0.074194    0.827317 ^ _176_/X (sky130_fd_sc_hd__and2_2)
                                                         _012_ (net)
                      0.024793    0.000031    0.827348 ^ _308_/D (sky130_fd_sc_hd__dfxtp_2)
                                              0.827348   data arrival time

                                  0.000000    0.000000   clock clk (rise edge)
                                  0.000000    0.000000   clock source latency
     1    0.016944    0.061577    0.043963    0.043963 ^ clk (in)
                                                         clk (net)
                      0.061583    0.000000    0.043963 ^ clkbuf_0_clk/A (sky130_fd_sc_hd__clkbuf_16)
     4    0.040074    0.045348    0.111016    0.154979 ^ clkbuf_0_clk/X (sky130_fd_sc_hd__clkbuf_16)
                                                         clknet_0_clk (net)
                      0.045350    0.000333    0.155312 ^ clkbuf_2_1__f_clk/A (sky130_fd_sc_hd__clkbuf_16)
     8    0.026178    0.035399    0.097323    0.252634 ^ clkbuf_2_1__f_clk/X (sky130_fd_sc_hd__clkbuf_16)
                                                         clknet_2_1__leaf_clk (net)
                      0.035431    0.000962    0.253596 ^ _308_/CLK (sky130_fd_sc_hd__dfxtp_2)
                                  0.250000    0.503596   clock uncertainty
                                  0.000000    0.503596   clock reconvergence pessimism
                                 -0.016755    0.486841   library hold time
                                              0.486841   data required time
---------------------------------------------------------------------------------------------
                                              0.486841   data required time
                                             -0.827348   data arrival time
---------------------------------------------------------------------------------------------
                                              0.340507   slack (MET)


Startpoint: a[4] (input port clocked by clk)
Endpoint: _311_ (rising edge-triggered flip-flop clocked by clk)
Path Group: clk
Path Type: min

Fanout         Cap        Slew       Delay        Time   Description
---------------------------------------------------------------------------------------------
                                  0.000000    0.000000   clock clk (rise edge)
                                  0.000000    0.000000   clock network delay (propagated)
                                  0.600000    0.600000 ^ input external delay
     1    0.003371    0.015964    0.008288    0.608288 ^ a[4] (in)
                                                         a[4] (net)
                      0.015964    0.000000    0.608288 ^ input5/A (sky130_fd_sc_hd__clkdlybuf4s25_1)
     1    0.003202    0.034472    0.147909    0.756197 ^ input5/X (sky130_fd_sc_hd__clkdlybuf4s25_1)
                                                         net5 (net)
                      0.034472    0.000044    0.756241 ^ _179_/B (sky130_fd_sc_hd__and2_2)
     1    0.002324    0.023316    0.073712    0.829953 ^ _179_/X (sky130_fd_sc_hd__and2_2)
                                                         _015_ (net)
                      0.023316    0.000022    0.829974 ^ _311_/D (sky130_fd_sc_hd__dfxtp_2)
                                              0.829974   data arrival time

                                  0.000000    0.000000   clock clk (rise edge)
                                  0.000000    0.000000   clock source latency
     1    0.016944    0.061577    0.043963    0.043963 ^ clk (in)
                                                         clk (net)
                      0.061583    0.000000    0.043963 ^ clkbuf_0_clk/A (sky130_fd_sc_hd__clkbuf_16)
     4    0.040074    0.045348    0.111016    0.154979 ^ clkbuf_0_clk/X (sky130_fd_sc_hd__clkbuf_16)
                                                         clknet_0_clk (net)
                      0.045350    0.000357    0.155336 ^ clkbuf_2_2__f_clk/A (sky130_fd_sc_hd__clkbuf_16)
     8    0.029083    0.037452    0.099608    0.254944 ^ clkbuf_2_2__f_clk/X (sky130_fd_sc_hd__clkbuf_16)
                                                         clknet_2_2__leaf_clk (net)
                      0.037457    0.000468    0.255412 ^ _311_/CLK (sky130_fd_sc_hd__dfxtp_2)
                                  0.250000    0.505413   clock uncertainty
                                  0.000000    0.505413   clock reconvergence pessimism
                                 -0.016603    0.488810   library hold time
                                              0.488810   data required time
---------------------------------------------------------------------------------------------
                                              0.488810   data required time
                                             -0.829974   data arrival time
---------------------------------------------------------------------------------------------
                                              0.341165   slack (MET)


Startpoint: b[4] (input port clocked by clk)
Endpoint: _319_ (rising edge-triggered flip-flop clocked by clk)
Path Group: clk
Path Type: min

Fanout         Cap        Slew       Delay        Time   Description
---------------------------------------------------------------------------------------------
                                  0.000000    0.000000   clock clk (rise edge)
                                  0.000000    0.000000   clock network delay (propagated)
                                  0.600000    0.600000 ^ input external delay
     1    0.003447    0.016237    0.008478    0.608478 ^ b[4] (in)
                                                         b[4] (net)
                      0.016237    0.000000    0.608478 ^ input13/A (sky130_fd_sc_hd__clkdlybuf4s25_1)
     1    0.003162    0.034204    0.147774    0.756252 ^ input13/X (sky130_fd_sc_hd__clkdlybuf4s25_1)
                                                         net13 (net)
                      0.034204    0.000041    0.756293 ^ _187_/B (sky130_fd_sc_hd__and2_2)
     1    0.002066    0.022510    0.072806    0.829099 ^ _187_/X (sky130_fd_sc_hd__and2_2)
                                                         _023_ (net)
                      0.022510    0.000017    0.829116 ^ _319_/D (sky130_fd_sc_hd__dfxtp_2)
                                              0.829116   data arrival time

                                  0.000000    0.000000   clock clk (rise edge)
                                  0.000000    0.000000   clock source latency
     1    0.016944    0.061577    0.043963    0.043963 ^ clk (in)
                                                         clk (net)
                      0.061583    0.000000    0.043963 ^ clkbuf_0_clk/A (sky130_fd_sc_hd__clkbuf_16)
     4    0.040074    0.045348    0.111016    0.154979 ^ clkbuf_0_clk/X (sky130_fd_sc_hd__clkbuf_16)
                                                         clknet_0_clk (net)
                      0.045351    0.000371    0.155350 ^ clkbuf_2_0__f_clk/A (sky130_fd_sc_hd__clkbuf_16)
     8    0.026775    0.035825    0.097807    0.253157 ^ clkbuf_2_0__f_clk/X (sky130_fd_sc_hd__clkbuf_16)
                                                         clknet_2_0__leaf_clk (net)
                      0.035832    0.000526    0.253683 ^ _319_/CLK (sky130_fd_sc_hd__dfxtp_2)
                                  0.250000    0.503683   clock uncertainty
                                  0.000000    0.503683   clock reconvergence pessimism
                                 -0.016584    0.487099   library hold time
                                              0.487099   data required time
---------------------------------------------------------------------------------------------
                                              0.487099   data required time
                                             -0.829116   data arrival time
---------------------------------------------------------------------------------------------
                                              0.342017   slack (MET)


Startpoint: b[5] (input port clocked by clk)
Endpoint: _320_ (rising edge-triggered flip-flop clocked by clk)
Path Group: clk
Path Type: min

Fanout         Cap        Slew       Delay        Time   Description
---------------------------------------------------------------------------------------------
                                  0.000000    0.000000   clock clk (rise edge)
                                  0.000000    0.000000   clock network delay (propagated)
                                  0.600000    0.600000 ^ input external delay
     1    0.003445    0.016230    0.008473    0.608473 ^ b[5] (in)
                                                         b[5] (net)
                      0.016230    0.000000    0.608473 ^ input14/A (sky130_fd_sc_hd__clkdlybuf4s25_1)
     1    0.003449    0.036162    0.149253    0.757726 ^ input14/X (sky130_fd_sc_hd__clkdlybuf4s25_1)
                                                         net14 (net)
                      0.036162    0.000054    0.757780 ^ _188_/B (sky130_fd_sc_hd__and2_2)
     1    0.002044    0.022442    0.073202    0.830982 ^ _188_/X (sky130_fd_sc_hd__and2_2)
                                                         _024_ (net)
                      0.022442    0.000017    0.830998 ^ _320_/D (sky130_fd_sc_hd__dfxtp_2)
                                              0.830998   data arrival time

                                  0.000000    0.000000   clock clk (rise edge)
                                  0.000000    0.000000   clock source latency
     1    0.016944    0.061577    0.043963    0.043963 ^ clk (in)
                                                         clk (net)
                      0.061583    0.000000    0.043963 ^ clkbuf_0_clk/A (sky130_fd_sc_hd__clkbuf_16)
     4    0.040074    0.045348    0.111016    0.154979 ^ clkbuf_0_clk/X (sky130_fd_sc_hd__clkbuf_16)
                                                         clknet_0_clk (net)
                      0.045350    0.000357    0.155336 ^ clkbuf_2_2__f_clk/A (sky130_fd_sc_hd__clkbuf_16)
     8    0.029083    0.037452    0.099608    0.254944 ^ clkbuf_2_2__f_clk/X (sky130_fd_sc_hd__clkbuf_16)
                                                         clknet_2_2__leaf_clk (net)
                      0.037457    0.000467    0.255412 ^ _320_/CLK (sky130_fd_sc_hd__dfxtp_2)
                                  0.250000    0.505412   clock uncertainty
                                  0.000000    0.505412   clock reconvergence pessimism
                                 -0.016541    0.488871   library hold time
                                              0.488871   data required time
---------------------------------------------------------------------------------------------
                                              0.488871   data required time
                                             -0.830998   data arrival time
---------------------------------------------------------------------------------------------
                                              0.342128   slack (MET)


Startpoint: b[7] (input port clocked by clk)
Endpoint: _322_ (rising edge-triggered flip-flop clocked by clk)
Path Group: clk
Path Type: min

Fanout         Cap        Slew       Delay        Time   Description
---------------------------------------------------------------------------------------------
                                  0.000000    0.000000   clock clk (rise edge)
                                  0.000000    0.000000   clock network delay (propagated)
                                  0.600000    0.600000 ^ input external delay
     1    0.003684    0.017093    0.009071    0.609071 ^ b[7] (in)
                                                         b[7] (net)
                      0.017093    0.000000    0.609071 ^ input16/A (sky130_fd_sc_hd__clkdlybuf4s25_1)
     1    0.003358    0.035547    0.149004    0.758075 ^ input16/X (sky130_fd_sc_hd__clkdlybuf4s25_1)
                                                         net16 (net)
                      0.035547    0.000051    0.758125 ^ _190_/B (sky130_fd_sc_hd__and2_2)
     1    0.002111    0.022653    0.073276    0.831401 ^ _190_/X (sky130_fd_sc_hd__and2_2)
                                                         _026_ (net)
                      0.022653    0.000018    0.831419 ^ _322_/D (sky130_fd_sc_hd__dfxtp_2)
                                              0.831419   data arrival time

                                  0.000000    0.000000   clock clk (rise edge)
                                  0.000000    0.000000   clock source latency
     1    0.016944    0.061577    0.043963    0.043963 ^ clk (in)
                                                         clk (net)
                      0.061583    0.000000    0.043963 ^ clkbuf_0_clk/A (sky130_fd_sc_hd__clkbuf_16)
     4    0.040074    0.045348    0.111016    0.154979 ^ clkbuf_0_clk/X (sky130_fd_sc_hd__clkbuf_16)
                                                         clknet_0_clk (net)
                      0.045350    0.000357    0.155336 ^ clkbuf_2_2__f_clk/A (sky130_fd_sc_hd__clkbuf_16)
     8    0.029083    0.037452    0.099608    0.254944 ^ clkbuf_2_2__f_clk/X (sky130_fd_sc_hd__clkbuf_16)
                                                         clknet_2_2__leaf_clk (net)
                      0.037452    0.000235    0.255179 ^ _322_/CLK (sky130_fd_sc_hd__dfxtp_2)
                                  0.250000    0.505179   clock uncertainty
                                  0.000000    0.505179   clock reconvergence pessimism
                                 -0.016556    0.488623   library hold time
                                              0.488623   data required time
---------------------------------------------------------------------------------------------
                                              0.488623   data required time
                                             -0.831419   data arrival time
---------------------------------------------------------------------------------------------
                                              0.342796   slack (MET)


Startpoint: op[2] (input port clocked by clk)
Endpoint: _325_ (rising edge-triggered flip-flop clocked by clk)
Path Group: clk
Path Type: min

Fanout         Cap        Slew       Delay        Time   Description
---------------------------------------------------------------------------------------------
                                  0.000000    0.000000   clock clk (rise edge)
                                  0.000000    0.000000   clock network delay (propagated)
                                  0.600000    0.600000 ^ input external delay
     1    0.003779    0.017434    0.009304    0.609304 ^ op[2] (in)
                                                         op[2] (net)
                      0.017434    0.000000    0.609304 ^ input19/A (sky130_fd_sc_hd__clkdlybuf4s25_1)
     1    0.002793    0.031731    0.146176    0.755480 ^ input19/X (sky130_fd_sc_hd__clkdlybuf4s25_1)
                                                         net19 (net)
                      0.031731    0.000031    0.755512 ^ _193_/B (sky130_fd_sc_hd__and2_2)
     1    0.003072    0.025645    0.075491    0.831003 ^ _193_/X (sky130_fd_sc_hd__and2_2)
                                                         _029_ (net)
                      0.025645    0.000039    0.831042 ^ _325_/D (sky130_fd_sc_hd__dfxtp_4)
                                              0.831042   data arrival time

                                  0.000000    0.000000   clock clk (rise edge)
                                  0.000000    0.000000   clock source latency
     1    0.016944    0.061577    0.043963    0.043963 ^ clk (in)
                                                         clk (net)
                      0.061583    0.000000    0.043963 ^ clkbuf_0_clk/A (sky130_fd_sc_hd__clkbuf_16)
     4    0.040074    0.045348    0.111016    0.154979 ^ clkbuf_0_clk/X (sky130_fd_sc_hd__clkbuf_16)
                                                         clknet_0_clk (net)
                      0.045351    0.000371    0.155350 ^ clkbuf_2_0__f_clk/A (sky130_fd_sc_hd__clkbuf_16)
     8    0.026775    0.035825    0.097807    0.253157 ^ clkbuf_2_0__f_clk/X (sky130_fd_sc_hd__clkbuf_16)
                                                         clknet_2_0__leaf_clk (net)
                      0.035840    0.000698    0.253855 ^ _325_/CLK (sky130_fd_sc_hd__dfxtp_4)
                                  0.250000    0.503855   clock uncertainty
                                  0.000000    0.503855   clock reconvergence pessimism
                                 -0.015751    0.488105   library hold time
                                              0.488105   data required time
---------------------------------------------------------------------------------------------
                                              0.488105   data required time
                                             -0.831042   data arrival time
---------------------------------------------------------------------------------------------
                                              0.342937   slack (MET)


Startpoint: b[3] (input port clocked by clk)
Endpoint: _318_ (rising edge-triggered flip-flop clocked by clk)
Path Group: clk
Path Type: min

Fanout         Cap        Slew       Delay        Time   Description
---------------------------------------------------------------------------------------------
                                  0.000000    0.000000   clock clk (rise edge)
                                  0.000000    0.000000   clock network delay (propagated)
                                  0.600000    0.600000 ^ input external delay
     1    0.003445    0.016230    0.008473    0.608473 ^ b[3] (in)
                                                         b[3] (net)
                      0.016230    0.000000    0.608473 ^ input12/A (sky130_fd_sc_hd__clkdlybuf4s25_1)
     1    0.003251    0.034802    0.148229    0.756702 ^ input12/X (sky130_fd_sc_hd__clkdlybuf4s25_1)
                                                         net12 (net)
                      0.034820    0.000045    0.756747 ^ _186_/B (sky130_fd_sc_hd__and2_2)
     1    0.002181    0.022869    0.073328    0.830075 ^ _186_/X (sky130_fd_sc_hd__and2_2)
                                                         _022_ (net)
                      0.022869    0.000019    0.830094 ^ _318_/D (sky130_fd_sc_hd__dfxtp_2)
                                              0.830094   data arrival time

                                  0.000000    0.000000   clock clk (rise edge)
                                  0.000000    0.000000   clock source latency
     1    0.016944    0.061577    0.043963    0.043963 ^ clk (in)
                                                         clk (net)
                      0.061583    0.000000    0.043963 ^ clkbuf_0_clk/A (sky130_fd_sc_hd__clkbuf_16)
     4    0.040074    0.045348    0.111016    0.154979 ^ clkbuf_0_clk/X (sky130_fd_sc_hd__clkbuf_16)
                                                         clknet_0_clk (net)
                      0.045351    0.000371    0.155350 ^ clkbuf_2_0__f_clk/A (sky130_fd_sc_hd__clkbuf_16)
     8    0.026775    0.035825    0.097807    0.253157 ^ clkbuf_2_0__f_clk/X (sky130_fd_sc_hd__clkbuf_16)
                                                         clknet_2_0__leaf_clk (net)
                      0.035831    0.000496    0.253653 ^ _318_/CLK (sky130_fd_sc_hd__dfxtp_2)
                                  0.250000    0.503653   clock uncertainty
                                  0.000000    0.503653   clock reconvergence pessimism
                                 -0.016610    0.487044   library hold time
                                              0.487044   data required time
---------------------------------------------------------------------------------------------
                                              0.487044   data required time
                                             -0.830094   data arrival time
---------------------------------------------------------------------------------------------
                                              0.343051   slack (MET)


Startpoint: b[6] (input port clocked by clk)
Endpoint: _321_ (rising edge-triggered flip-flop clocked by clk)
Path Group: clk
Path Type: min

Fanout         Cap        Slew       Delay        Time   Description
---------------------------------------------------------------------------------------------
                                  0.000000    0.000000   clock clk (rise edge)
                                  0.000000    0.000000   clock network delay (propagated)
                                  0.600000    0.600000 ^ input external delay
     1    0.003645    0.016952    0.008975    0.608975 ^ b[6] (in)
                                                         b[6] (net)
                      0.016952    0.000000    0.608975 ^ input15/A (sky130_fd_sc_hd__clkdlybuf4s25_1)
     1    0.003530    0.036705    0.149852    0.758827 ^ input15/X (sky130_fd_sc_hd__clkdlybuf4s25_1)
                                                         net15 (net)
                      0.036705    0.000055    0.758882 ^ _189_/B (sky130_fd_sc_hd__and2_2)
     1    0.002160    0.022805    0.073711    0.832593 ^ _189_/X (sky130_fd_sc_hd__and2_2)
                                                         _025_ (net)
                      0.022805    0.000018    0.832612 ^ _321_/D (sky130_fd_sc_hd__dfxtp_2)
                                              0.832612   data arrival time

                                  0.000000    0.000000   clock clk (rise edge)
                                  0.000000    0.000000   clock source latency
     1    0.016944    0.061577    0.043963    0.043963 ^ clk (in)
                                                         clk (net)
                      0.061583    0.000000    0.043963 ^ clkbuf_0_clk/A (sky130_fd_sc_hd__clkbuf_16)
     4    0.040074    0.045348    0.111016    0.154979 ^ clkbuf_0_clk/X (sky130_fd_sc_hd__clkbuf_16)
                                                         clknet_0_clk (net)
                      0.045350    0.000357    0.155336 ^ clkbuf_2_2__f_clk/A (sky130_fd_sc_hd__clkbuf_16)
     8    0.029083    0.037452    0.099608    0.254944 ^ clkbuf_2_2__f_clk/X (sky130_fd_sc_hd__clkbuf_16)
                                                         clknet_2_2__leaf_clk (net)
                      0.037454    0.000363    0.255307 ^ _321_/CLK (sky130_fd_sc_hd__dfxtp_2)
                                  0.250000    0.505307   clock uncertainty
                                  0.000000    0.505307   clock reconvergence pessimism
                                 -0.016567    0.488741   library hold time
                                              0.488741   data required time
---------------------------------------------------------------------------------------------
                                              0.488741   data required time
                                             -0.832612   data arrival time
---------------------------------------------------------------------------------------------
                                              0.343871   slack (MET)


Startpoint: a[7] (input port clocked by clk)
Endpoint: _314_ (rising edge-triggered flip-flop clocked by clk)
Path Group: clk
Path Type: min

Fanout         Cap        Slew       Delay        Time   Description
---------------------------------------------------------------------------------------------
                                  0.000000    0.000000   clock clk (rise edge)
                                  0.000000    0.000000   clock network delay (propagated)
                                  0.600000    0.600000 ^ input external delay
     1    0.003729    0.017254    0.009182    0.609182 ^ a[7] (in)
                                                         a[7] (net)
                      0.017255    0.000000    0.609182 ^ input8/A (sky130_fd_sc_hd__clkdlybuf4s25_1)
     1    0.003206    0.034504    0.148262    0.757444 ^ input8/X (sky130_fd_sc_hd__clkdlybuf4s25_1)
                                                         net8 (net)
                      0.034504    0.000045    0.757489 ^ _182_/B (sky130_fd_sc_hd__and2_2)
     1    0.002141    0.022746    0.073125    0.830614 ^ _182_/X (sky130_fd_sc_hd__and2_2)
                                                         _018_ (net)
                      0.022746    0.000010    0.830625 ^ _314_/D (sky130_fd_sc_hd__dfxtp_2)
                                              0.830625   data arrival time

                                  0.000000    0.000000   clock clk (rise edge)
                                  0.000000    0.000000   clock source latency
     1    0.016944    0.061577    0.043963    0.043963 ^ clk (in)
                                                         clk (net)
                      0.061583    0.000000    0.043963 ^ clkbuf_0_clk/A (sky130_fd_sc_hd__clkbuf_16)
     4    0.040074    0.045348    0.111016    0.154979 ^ clkbuf_0_clk/X (sky130_fd_sc_hd__clkbuf_16)
                                                         clknet_0_clk (net)
                      0.045350    0.000358    0.155337 ^ clkbuf_2_3__f_clk/A (sky130_fd_sc_hd__clkbuf_16)
     8    0.024843    0.034460    0.096466    0.251803 ^ clkbuf_2_3__f_clk/X (sky130_fd_sc_hd__clkbuf_16)
                                                         clknet_2_3__leaf_clk (net)
                      0.034476    0.000679    0.252482 ^ _314_/CLK (sky130_fd_sc_hd__dfxtp_2)
                                  0.250000    0.502482   clock uncertainty
                                  0.000000    0.502482   clock reconvergence pessimism
                                 -0.016633    0.485848   library hold time
                                              0.485848   data required time
---------------------------------------------------------------------------------------------
                                              0.485848   data required time
                                             -0.830625   data arrival time
---------------------------------------------------------------------------------------------
                                              0.344776   slack (MET)


Startpoint: a[3] (input port clocked by clk)
Endpoint: _310_ (rising edge-triggered flip-flop clocked by clk)
Path Group: clk
Path Type: min

Fanout         Cap        Slew       Delay        Time   Description
---------------------------------------------------------------------------------------------
                                  0.000000    0.000000   clock clk (rise edge)
                                  0.000000    0.000000   clock network delay (propagated)
                                  0.600000    0.600000 ^ input external delay
     1    0.003450    0.016249    0.008486    0.608486 ^ a[3] (in)
                                                         a[3] (net)
                      0.016249    0.000000    0.608486 ^ input4/A (sky130_fd_sc_hd__clkdlybuf4s25_1)
     1    0.003944    0.039562    0.151747    0.760233 ^ input4/X (sky130_fd_sc_hd__clkdlybuf4s25_1)
                                                         net4 (net)
                      0.039562    0.000067    0.760300 ^ _178_/B (sky130_fd_sc_hd__and2_2)
     1    0.002274    0.023161    0.074766    0.835066 ^ _178_/X (sky130_fd_sc_hd__and2_2)
                                                         _014_ (net)
                      0.023161    0.000022    0.835088 ^ _310_/D (sky130_fd_sc_hd__dfxtp_2)
                                              0.835088   data arrival time

                                  0.000000    0.000000   clock clk (rise edge)
                                  0.000000    0.000000   clock source latency
     1    0.016944    0.061577    0.043963    0.043963 ^ clk (in)
                                                         clk (net)
                      0.061583    0.000000    0.043963 ^ clkbuf_0_clk/A (sky130_fd_sc_hd__clkbuf_16)
     4    0.040074    0.045348    0.111016    0.154979 ^ clkbuf_0_clk/X (sky130_fd_sc_hd__clkbuf_16)
                                                         clknet_0_clk (net)
                      0.045351    0.000371    0.155350 ^ clkbuf_2_0__f_clk/A (sky130_fd_sc_hd__clkbuf_16)
     8    0.026775    0.035825    0.097807    0.253157 ^ clkbuf_2_0__f_clk/X (sky130_fd_sc_hd__clkbuf_16)
                                                         clknet_2_0__leaf_clk (net)
                      0.035829    0.000438    0.253595 ^ _310_/CLK (sky130_fd_sc_hd__dfxtp_2)
                                  0.250000    0.503595   clock uncertainty
                                  0.000000    0.503595   clock reconvergence pessimism
                                 -0.016630    0.486965   library hold time
                                              0.486965   data required time
---------------------------------------------------------------------------------------------
                                              0.486965   data required time
                                             -0.835088   data arrival time
---------------------------------------------------------------------------------------------
                                              0.348123   slack (MET)


Startpoint: _301_ (rising edge-triggered flip-flop clocked by clk)
Endpoint: y[4] (output port clocked by clk)
Path Group: clk
Path Type: min

Fanout         Cap        Slew       Delay        Time   Description
---------------------------------------------------------------------------------------------
                                  0.000000    0.000000   clock clk (rise edge)
                                  0.000000    0.000000   clock source latency
     1    0.016944    0.061577    0.039776    0.039776 ^ clk (in)
                                                         clk (net)
                      0.061583    0.000000    0.039776 ^ clkbuf_0_clk/A (sky130_fd_sc_hd__clkbuf_16)
     4    0.040074    0.045348    0.100443    0.140219 ^ clkbuf_0_clk/X (sky130_fd_sc_hd__clkbuf_16)
                                                         clknet_0_clk (net)
                      0.045350    0.000324    0.140543 ^ clkbuf_2_3__f_clk/A (sky130_fd_sc_hd__clkbuf_16)
     8    0.024843    0.034460    0.087279    0.227822 ^ clkbuf_2_3__f_clk/X (sky130_fd_sc_hd__clkbuf_16)
                                                         clknet_2_3__leaf_clk (net)
                      0.034480    0.000673    0.228495 ^ _301_/CLK (sky130_fd_sc_hd__dfxtp_2)
     1    0.002033    0.015723    0.180003    0.408498 v _301_/Q (sky130_fd_sc_hd__dfxtp_2)
                                                         net28 (net)
                      0.015723    0.000017    0.408515 v output28/A (sky130_fd_sc_hd__dlymetal6s4s_1)
     1    0.035190    0.123796    0.221501    0.630016 v output28/X (sky130_fd_sc_hd__dlymetal6s4s_1)
                                                         y[4] (net)
                      0.123797    0.000542    0.630558 v y[4] (out)
                                              0.630558   data arrival time

                                  0.000000    0.000000   clock clk (rise edge)
                                  0.000000    0.000000   clock network delay (propagated)
                                  0.250000    0.250000   clock uncertainty
                                  0.000000    0.250000   clock reconvergence pessimism
                                 -0.600000   -0.350000   output external delay
                                             -0.350000   data required time
---------------------------------------------------------------------------------------------
                                             -0.350000   data required time
                                             -0.630558   data arrival time
---------------------------------------------------------------------------------------------
                                              0.980558   slack (MET)


Startpoint: _305_ (rising edge-triggered flip-flop clocked by clk)
Endpoint: zero (output port clocked by clk)
Path Group: clk
Path Type: min

Fanout         Cap        Slew       Delay        Time   Description
---------------------------------------------------------------------------------------------
                                  0.000000    0.000000   clock clk (rise edge)
                                  0.000000    0.000000   clock source latency
     1    0.016944    0.061577    0.039776    0.039776 ^ clk (in)
                                                         clk (net)
                      0.061583    0.000000    0.039776 ^ clkbuf_0_clk/A (sky130_fd_sc_hd__clkbuf_16)
     4    0.040074    0.045348    0.100443    0.140219 ^ clkbuf_0_clk/X (sky130_fd_sc_hd__clkbuf_16)
                                                         clknet_0_clk (net)
                      0.045350    0.000324    0.140543 ^ clkbuf_2_3__f_clk/A (sky130_fd_sc_hd__clkbuf_16)
     8    0.024843    0.034460    0.087279    0.227822 ^ clkbuf_2_3__f_clk/X (sky130_fd_sc_hd__clkbuf_16)
                                                         clknet_2_3__leaf_clk (net)
                      0.034464    0.000380    0.228201 ^ _305_/CLK (sky130_fd_sc_hd__dfxtp_2)
     1    0.002045    0.015742    0.180028    0.408229 v _305_/Q (sky130_fd_sc_hd__dfxtp_2)
                                                         net32 (net)
                      0.015742    0.000017    0.408246 v output32/A (sky130_fd_sc_hd__dlymetal6s4s_1)
     1    0.035377    0.124374    0.221958    0.630204 v output32/X (sky130_fd_sc_hd__dlymetal6s4s_1)
                                                         zero (net)
                      0.124375    0.000505    0.630710 v zero (out)
                                              0.630710   data arrival time

                                  0.000000    0.000000   clock clk (rise edge)
                                  0.000000    0.000000   clock network delay (propagated)
                                  0.250000    0.250000   clock uncertainty
                                  0.000000    0.250000   clock reconvergence pessimism
                                 -0.600000   -0.350000   output external delay
                                             -0.350000   data required time
---------------------------------------------------------------------------------------------
                                             -0.350000   data required time
                                             -0.630710   data arrival time
---------------------------------------------------------------------------------------------
                                              0.980710   slack (MET)


Startpoint: _300_ (rising edge-triggered flip-flop clocked by clk)
Endpoint: y[3] (output port clocked by clk)
Path Group: clk
Path Type: min

Fanout         Cap        Slew       Delay        Time   Description
---------------------------------------------------------------------------------------------
                                  0.000000    0.000000   clock clk (rise edge)
                                  0.000000    0.000000   clock source latency
     1    0.016944    0.061577    0.039776    0.039776 ^ clk (in)
                                                         clk (net)
                      0.061583    0.000000    0.039776 ^ clkbuf_0_clk/A (sky130_fd_sc_hd__clkbuf_16)
     4    0.040074    0.045348    0.100443    0.140219 ^ clkbuf_0_clk/X (sky130_fd_sc_hd__clkbuf_16)
                                                         clknet_0_clk (net)
                      0.045350    0.000324    0.140543 ^ clkbuf_2_3__f_clk/A (sky130_fd_sc_hd__clkbuf_16)
     8    0.024843    0.034460    0.087279    0.227822 ^ clkbuf_2_3__f_clk/X (sky130_fd_sc_hd__clkbuf_16)
                                                         clknet_2_3__leaf_clk (net)
                      0.034480    0.000681    0.228503 ^ _300_/CLK (sky130_fd_sc_hd__dfxtp_2)
     1    0.002292    0.016125    0.180634    0.409137 v _300_/Q (sky130_fd_sc_hd__dfxtp_2)
                                                         net27 (net)
                      0.016125    0.000022    0.409159 v output27/A (sky130_fd_sc_hd__dlymetal6s4s_1)
     1    0.035370    0.124376    0.222001    0.631160 v output27/X (sky130_fd_sc_hd__dlymetal6s4s_1)
                                                         y[3] (net)
                      0.124377    0.000577    0.631736 v y[3] (out)
                                              0.631736   data arrival time

                                  0.000000    0.000000   clock clk (rise edge)
                                  0.000000    0.000000   clock network delay (propagated)
                                  0.250000    0.250000   clock uncertainty
                                  0.000000    0.250000   clock reconvergence pessimism
                                 -0.600000   -0.350000   output external delay
                                             -0.350000   data required time
---------------------------------------------------------------------------------------------
                                             -0.350000   data required time
                                             -0.631736   data arrival time
---------------------------------------------------------------------------------------------
                                              0.981736   slack (MET)


Startpoint: _299_ (rising edge-triggered flip-flop clocked by clk)
Endpoint: y[2] (output port clocked by clk)
Path Group: clk
Path Type: min

Fanout         Cap        Slew       Delay        Time   Description
---------------------------------------------------------------------------------------------
                                  0.000000    0.000000   clock clk (rise edge)
                                  0.000000    0.000000   clock source latency
     1    0.016944    0.061577    0.039776    0.039776 ^ clk (in)
                                                         clk (net)
                      0.061583    0.000000    0.039776 ^ clkbuf_0_clk/A (sky130_fd_sc_hd__clkbuf_16)
     4    0.040074    0.045348    0.100443    0.140219 ^ clkbuf_0_clk/X (sky130_fd_sc_hd__clkbuf_16)
                                                         clknet_0_clk (net)
                      0.045350    0.000301    0.140520 ^ clkbuf_2_1__f_clk/A (sky130_fd_sc_hd__clkbuf_16)
     8    0.026178    0.035399    0.088054    0.228574 ^ clkbuf_2_1__f_clk/X (sky130_fd_sc_hd__clkbuf_16)
                                                         clknet_2_1__leaf_clk (net)
                      0.035406    0.000500    0.229074 ^ _299_/CLK (sky130_fd_sc_hd__dfxtp_2)
     1    0.002354    0.016221    0.181052    0.410125 v _299_/Q (sky130_fd_sc_hd__dfxtp_2)
                                                         net26 (net)
                      0.016221    0.000024    0.410150 v output26/A (sky130_fd_sc_hd__dlymetal6s4s_1)
     1    0.034965    0.123081    0.221165    0.631314 v output26/X (sky130_fd_sc_hd__dlymetal6s4s_1)
                                                         y[2] (net)
                      0.123081    0.000503    0.631817 v y[2] (out)
                                              0.631817   data arrival time

                                  0.000000    0.000000   clock clk (rise edge)
                                  0.000000    0.000000   clock network delay (propagated)
                                  0.250000    0.250000   clock uncertainty
                                  0.000000    0.250000   clock reconvergence pessimism
                                 -0.600000   -0.350000   output external delay
                                             -0.350000   data required time
---------------------------------------------------------------------------------------------
                                             -0.350000   data required time
                                             -0.631817   data arrival time
---------------------------------------------------------------------------------------------
                                              0.981817   slack (MET)


Startpoint: _298_ (rising edge-triggered flip-flop clocked by clk)
Endpoint: y[1] (output port clocked by clk)
Path Group: clk
Path Type: min

Fanout         Cap        Slew       Delay        Time   Description
---------------------------------------------------------------------------------------------
                                  0.000000    0.000000   clock clk (rise edge)
                                  0.000000    0.000000   clock source latency
     1    0.016944    0.061577    0.039776    0.039776 ^ clk (in)
                                                         clk (net)
                      0.061583    0.000000    0.039776 ^ clkbuf_0_clk/A (sky130_fd_sc_hd__clkbuf_16)
     4    0.040074    0.045348    0.100443    0.140219 ^ clkbuf_0_clk/X (sky130_fd_sc_hd__clkbuf_16)
                                                         clknet_0_clk (net)
                      0.045350    0.000301    0.140520 ^ clkbuf_2_1__f_clk/A (sky130_fd_sc_hd__clkbuf_16)
     8    0.026178    0.035399    0.088054    0.228574 ^ clkbuf_2_1__f_clk/X (sky130_fd_sc_hd__clkbuf_16)
                                                         clknet_2_1__leaf_clk (net)
                      0.035409    0.000562    0.229136 ^ _298_/CLK (sky130_fd_sc_hd__dfxtp_2)
     1    0.002354    0.016221    0.181052    0.410188 v _298_/Q (sky130_fd_sc_hd__dfxtp_2)
                                                         net25 (net)
                      0.016221    0.000024    0.410213 v output25/A (sky130_fd_sc_hd__dlymetal6s4s_1)
     1    0.034965    0.123081    0.221165    0.631377 v output25/X (sky130_fd_sc_hd__dlymetal6s4s_1)
                                                         y[1] (net)
                      0.123081    0.000503    0.631880 v y[1] (out)
                                              0.631880   data arrival time

                                  0.000000    0.000000   clock clk (rise edge)
                                  0.000000    0.000000   clock network delay (propagated)
                                  0.250000    0.250000   clock uncertainty
                                  0.000000    0.250000   clock reconvergence pessimism
                                 -0.600000   -0.350000   output external delay
                                             -0.350000   data required time
---------------------------------------------------------------------------------------------
                                             -0.350000   data required time
                                             -0.631880   data arrival time
---------------------------------------------------------------------------------------------
                                              0.981880   slack (MET)


Startpoint: _297_ (rising edge-triggered flip-flop clocked by clk)
Endpoint: y[0] (output port clocked by clk)
Path Group: clk
Path Type: min

Fanout         Cap        Slew       Delay        Time   Description
---------------------------------------------------------------------------------------------
                                  0.000000    0.000000   clock clk (rise edge)
                                  0.000000    0.000000   clock source latency
     1    0.016944    0.061577    0.039776    0.039776 ^ clk (in)
                                                         clk (net)
                      0.061583    0.000000    0.039776 ^ clkbuf_0_clk/A (sky130_fd_sc_hd__clkbuf_16)
     4    0.040074    0.045348    0.100443    0.140219 ^ clkbuf_0_clk/X (sky130_fd_sc_hd__clkbuf_16)
                                                         clknet_0_clk (net)
                      0.045350    0.000301    0.140520 ^ clkbuf_2_1__f_clk/A (sky130_fd_sc_hd__clkbuf_16)
     8    0.026178    0.035399    0.088054    0.228574 ^ clkbuf_2_1__f_clk/X (sky130_fd_sc_hd__clkbuf_16)
                                                         clknet_2_1__leaf_clk (net)
                      0.035405    0.000478    0.229051 ^ _297_/CLK (sky130_fd_sc_hd__dfxtp_2)
     1    0.002683    0.016644    0.181850    0.410902 v _297_/Q (sky130_fd_sc_hd__dfxtp_2)
                                                         net24 (net)
                      0.016644    0.000030    0.410932 v output24/A (sky130_fd_sc_hd__dlymetal6s4s_1)
     1    0.034777    0.122481    0.220883    0.631815 v output24/X (sky130_fd_sc_hd__dlymetal6s4s_1)
                                                         y[0] (net)
                      0.122481    0.000468    0.632283 v y[0] (out)
                                              0.632283   data arrival time

                                  0.000000    0.000000   clock clk (rise edge)
                                  0.000000    0.000000   clock network delay (propagated)
                                  0.250000    0.250000   clock uncertainty
                                  0.000000    0.250000   clock reconvergence pessimism
                                 -0.600000   -0.350000   output external delay
                                             -0.350000   data required time
---------------------------------------------------------------------------------------------
                                             -0.350000   data required time
                                             -0.632283   data arrival time
---------------------------------------------------------------------------------------------
                                              0.982283   slack (MET)


Startpoint: _306_ (rising edge-triggered flip-flop clocked by clk)
Endpoint: y[7] (output port clocked by clk)
Path Group: clk
Path Type: min

Fanout         Cap        Slew       Delay        Time   Description
---------------------------------------------------------------------------------------------
                                  0.000000    0.000000   clock clk (rise edge)
                                  0.000000    0.000000   clock source latency
     1    0.016944    0.061577    0.039776    0.039776 ^ clk (in)
                                                         clk (net)
                      0.061583    0.000000    0.039776 ^ clkbuf_0_clk/A (sky130_fd_sc_hd__clkbuf_16)
     4    0.040074    0.045348    0.100443    0.140219 ^ clkbuf_0_clk/X (sky130_fd_sc_hd__clkbuf_16)
                                                         clknet_0_clk (net)
                      0.045350    0.000324    0.140543 ^ clkbuf_2_3__f_clk/A (sky130_fd_sc_hd__clkbuf_16)
     8    0.024843    0.034460    0.087279    0.227822 ^ clkbuf_2_3__f_clk/X (sky130_fd_sc_hd__clkbuf_16)
                                                         clknet_2_3__leaf_clk (net)
                      0.034461    0.000285    0.228107 ^ _306_/CLK (sky130_fd_sc_hd__dfxtp_2)
     2    0.004627    0.020081    0.186312    0.414419 v _306_/Q (sky130_fd_sc_hd__dfxtp_2)
                                                         net22 (net)
                      0.020081    0.000046    0.414465 v _326_/A (sky130_fd_sc_hd__buf_2)
     1    0.002635    0.016659    0.063186    0.477650 v _326_/X (sky130_fd_sc_hd__buf_2)
                                                         net31 (net)
                      0.016659    0.000031    0.477682 v output31/A (sky130_fd_sc_hd__dlymetal6s2s_1)
     1    0.035397    0.122865    0.154266    0.631947 v output31/X (sky130_fd_sc_hd__dlymetal6s2s_1)
                                                         y[7] (net)
                      0.122866    0.000501    0.632449 v y[7] (out)
                                              0.632449   data arrival time

                                  0.000000    0.000000   clock clk (rise edge)
                                  0.000000    0.000000   clock network delay (propagated)
                                  0.250000    0.250000   clock uncertainty
                                  0.000000    0.250000   clock reconvergence pessimism
                                 -0.600000   -0.350000   output external delay
                                             -0.350000   data required time
---------------------------------------------------------------------------------------------
                                             -0.350000   data required time
                                             -0.632449   data arrival time
---------------------------------------------------------------------------------------------
                                              0.982449   slack (MET)


Startpoint: _303_ (rising edge-triggered flip-flop clocked by clk)
Endpoint: y[6] (output port clocked by clk)
Path Group: clk
Path Type: min

Fanout         Cap        Slew       Delay        Time   Description
---------------------------------------------------------------------------------------------
                                  0.000000    0.000000   clock clk (rise edge)
                                  0.000000    0.000000   clock source latency
     1    0.016944    0.061577    0.039776    0.039776 ^ clk (in)
                                                         clk (net)
                      0.061583    0.000000    0.039776 ^ clkbuf_0_clk/A (sky130_fd_sc_hd__clkbuf_16)
     4    0.040074    0.045348    0.100443    0.140219 ^ clkbuf_0_clk/X (sky130_fd_sc_hd__clkbuf_16)
                                                         clknet_0_clk (net)
                      0.045350    0.000324    0.140543 ^ clkbuf_2_3__f_clk/A (sky130_fd_sc_hd__clkbuf_16)
     8    0.024843    0.034460    0.087279    0.227822 ^ clkbuf_2_3__f_clk/X (sky130_fd_sc_hd__clkbuf_16)
                                                         clknet_2_3__leaf_clk (net)
                      0.034462    0.000320    0.228142 ^ _303_/CLK (sky130_fd_sc_hd__dfxtp_2)
     1    0.002863    0.016868    0.182016    0.410158 v _303_/Q (sky130_fd_sc_hd__dfxtp_2)
                                                         net30 (net)
                      0.016868    0.000036    0.410193 v output30/A (sky130_fd_sc_hd__dlymetal6s4s_1)
     1    0.035468    0.124673    0.222494    0.632688 v output30/X (sky130_fd_sc_hd__dlymetal6s4s_1)
                                                         y[6] (net)
                      0.124673    0.000501    0.633188 v y[6] (out)
                                              0.633188   data arrival time

                                  0.000000    0.000000   clock clk (rise edge)
                                  0.000000    0.000000   clock network delay (propagated)
                                  0.250000    0.250000   clock uncertainty
                                  0.000000    0.250000   clock reconvergence pessimism
                                 -0.600000   -0.350000   output external delay
                                             -0.350000   data required time
---------------------------------------------------------------------------------------------
                                             -0.350000   data required time
                                             -0.633188   data arrival time
---------------------------------------------------------------------------------------------
                                              0.983188   slack (MET)


Startpoint: _304_ (rising edge-triggered flip-flop clocked by clk)
Endpoint: carry (output port clocked by clk)
Path Group: clk
Path Type: min

Fanout         Cap        Slew       Delay        Time   Description
---------------------------------------------------------------------------------------------
                                  0.000000    0.000000   clock clk (rise edge)
                                  0.000000    0.000000   clock source latency
     1    0.016944    0.061577    0.039776    0.039776 ^ clk (in)
                                                         clk (net)
                      0.061583    0.000000    0.039776 ^ clkbuf_0_clk/A (sky130_fd_sc_hd__clkbuf_16)
     4    0.040074    0.045348    0.100443    0.140219 ^ clkbuf_0_clk/X (sky130_fd_sc_hd__clkbuf_16)
                                                         clknet_0_clk (net)
                      0.045350    0.000323    0.140542 ^ clkbuf_2_2__f_clk/A (sky130_fd_sc_hd__clkbuf_16)
     8    0.029083    0.037452    0.090122    0.230664 ^ clkbuf_2_2__f_clk/X (sky130_fd_sc_hd__clkbuf_16)
                                                         clknet_2_2__leaf_clk (net)
                      0.037452    0.000085    0.230749 ^ _304_/CLK (sky130_fd_sc_hd__dfxtp_2)
     1    0.001968    0.015623    0.180700    0.411449 v _304_/Q (sky130_fd_sc_hd__dfxtp_2)
                                                         net21 (net)
                      0.015623    0.000016    0.411465 v output21/A (sky130_fd_sc_hd__dlymetal6s4s_1)
     1    0.035104    0.123484    0.221378    0.632842 v output21/X (sky130_fd_sc_hd__dlymetal6s4s_1)
                                                         carry (net)
                      0.123484    0.000405    0.633247 v carry (out)
                                              0.633247   data arrival time

                                  0.000000    0.000000   clock clk (rise edge)
                                  0.000000    0.000000   clock network delay (propagated)
                                  0.250000    0.250000   clock uncertainty
                                  0.000000    0.250000   clock reconvergence pessimism
                                 -0.600000   -0.350000   output external delay
                                             -0.350000   data required time
---------------------------------------------------------------------------------------------
                                             -0.350000   data required time
                                             -0.633247   data arrival time
---------------------------------------------------------------------------------------------
                                              0.983247   slack (MET)


Startpoint: _302_ (rising edge-triggered flip-flop clocked by clk)
Endpoint: y[5] (output port clocked by clk)
Path Group: clk
Path Type: min

Fanout         Cap        Slew       Delay        Time   Description
---------------------------------------------------------------------------------------------
                                  0.000000    0.000000   clock clk (rise edge)
                                  0.000000    0.000000   clock source latency
     1    0.016944    0.061577    0.039776    0.039776 ^ clk (in)
                                                         clk (net)
                      0.061583    0.000000    0.039776 ^ clkbuf_0_clk/A (sky130_fd_sc_hd__clkbuf_16)
     4    0.040074    0.045348    0.100443    0.140219 ^ clkbuf_0_clk/X (sky130_fd_sc_hd__clkbuf_16)
                                                         clknet_0_clk (net)
                      0.045350    0.000324    0.140543 ^ clkbuf_2_3__f_clk/A (sky130_fd_sc_hd__clkbuf_16)
     8    0.024843    0.034460    0.087279    0.227822 ^ clkbuf_2_3__f_clk/X (sky130_fd_sc_hd__clkbuf_16)
                                                         clknet_2_3__leaf_clk (net)
                      0.034469    0.000493    0.228315 ^ _302_/CLK (sky130_fd_sc_hd__dfxtp_2)
     1    0.002776    0.016759    0.181809    0.410124 v _302_/Q (sky130_fd_sc_hd__dfxtp_2)
                                                         net29 (net)
                      0.016759    0.000030    0.410154 v output29/A (sky130_fd_sc_hd__dlymetal6s4s_1)
     1    0.035649    0.125183    0.223018    0.633172 v output29/X (sky130_fd_sc_hd__dlymetal6s4s_1)
                                                         y[5] (net)
                      0.125183    0.000299    0.633472 v y[5] (out)
                                              0.633472   data arrival time

                                  0.000000    0.000000   clock clk (rise edge)
                                  0.000000    0.000000   clock network delay (propagated)
                                  0.250000    0.250000   clock uncertainty
                                  0.000000    0.250000   clock reconvergence pessimism
                                 -0.600000   -0.350000   output external delay
                                             -0.350000   data required time
---------------------------------------------------------------------------------------------
                                             -0.350000   data required time
                                             -0.633472   data arrival time
---------------------------------------------------------------------------------------------
                                              0.983472   slack (MET)


Startpoint: _296_ (rising edge-triggered flip-flop clocked by clk)
Endpoint: overflow (output port clocked by clk)
Path Group: clk
Path Type: min

Fanout         Cap        Slew       Delay        Time   Description
---------------------------------------------------------------------------------------------
                                  0.000000    0.000000   clock clk (rise edge)
                                  0.000000    0.000000   clock source latency
     1    0.016944    0.061577    0.039776    0.039776 ^ clk (in)
                                                         clk (net)
                      0.061583    0.000000    0.039776 ^ clkbuf_0_clk/A (sky130_fd_sc_hd__clkbuf_16)
     4    0.040074    0.045348    0.100443    0.140219 ^ clkbuf_0_clk/X (sky130_fd_sc_hd__clkbuf_16)
                                                         clknet_0_clk (net)
                      0.045350    0.000323    0.140542 ^ clkbuf_2_2__f_clk/A (sky130_fd_sc_hd__clkbuf_16)
     8    0.029083    0.037452    0.090122    0.230664 ^ clkbuf_2_2__f_clk/X (sky130_fd_sc_hd__clkbuf_16)
                                                         clknet_2_2__leaf_clk (net)
                      0.037452    0.000058    0.230722 ^ _296_/CLK (sky130_fd_sc_hd__dfxtp_2)
     1    0.002350    0.016214    0.181633    0.412355 v _296_/Q (sky130_fd_sc_hd__dfxtp_2)
                                                         net23 (net)
                      0.016214    0.000015    0.412370 v output23/A (sky130_fd_sc_hd__dlymetal6s4s_1)
     1    0.035015    0.123154    0.221482    0.633852 v output23/X (sky130_fd_sc_hd__dlymetal6s4s_1)
                                                         overflow (net)
                      0.123154    0.000217    0.634068 v overflow (out)
                                              0.634068   data arrival time

                                  0.000000    0.000000   clock clk (rise edge)
                                  0.000000    0.000000   clock network delay (propagated)
                                  0.250000    0.250000   clock uncertainty
                                  0.000000    0.250000   clock reconvergence pessimism
                                 -0.600000   -0.350000   output external delay
                                             -0.350000   data required time
---------------------------------------------------------------------------------------------
                                             -0.350000   data required time
                                             -0.634068   data arrival time
---------------------------------------------------------------------------------------------
                                              0.984068   slack (MET)


Startpoint: _306_ (rising edge-triggered flip-flop clocked by clk)
Endpoint: negative (output port clocked by clk)
Path Group: clk
Path Type: min

Fanout         Cap        Slew       Delay        Time   Description
---------------------------------------------------------------------------------------------
                                  0.000000    0.000000   clock clk (rise edge)
                                  0.000000    0.000000   clock source latency
     1    0.016944    0.061577    0.039776    0.039776 ^ clk (in)
                                                         clk (net)
                      0.061583    0.000000    0.039776 ^ clkbuf_0_clk/A (sky130_fd_sc_hd__clkbuf_16)
     4    0.040074    0.045348    0.100443    0.140219 ^ clkbuf_0_clk/X (sky130_fd_sc_hd__clkbuf_16)
                                                         clknet_0_clk (net)
                      0.045350    0.000324    0.140543 ^ clkbuf_2_3__f_clk/A (sky130_fd_sc_hd__clkbuf_16)
     8    0.024843    0.034460    0.087279    0.227822 ^ clkbuf_2_3__f_clk/X (sky130_fd_sc_hd__clkbuf_16)
                                                         clknet_2_3__leaf_clk (net)
                      0.034461    0.000285    0.228107 ^ _306_/CLK (sky130_fd_sc_hd__dfxtp_2)
     2    0.004627    0.020081    0.186312    0.414419 v _306_/Q (sky130_fd_sc_hd__dfxtp_2)
                                                         net22 (net)
                      0.020081    0.000037    0.414455 v output22/A (sky130_fd_sc_hd__dlymetal6s4s_1)
     1    0.034975    0.123078    0.222488    0.636944 v output22/X (sky130_fd_sc_hd__dlymetal6s4s_1)
                                                         negative (net)
                      0.123078    0.000245    0.637189 v negative (out)
                                              0.637189   data arrival time

                                  0.000000    0.000000   clock clk (rise edge)
                                  0.000000    0.000000   clock network delay (propagated)
                                  0.250000    0.250000   clock uncertainty
                                  0.000000    0.250000   clock reconvergence pessimism
                                 -0.600000   -0.350000   output external delay
                                             -0.350000   data required time
---------------------------------------------------------------------------------------------
                                             -0.350000   data required time
                                             -0.637189   data arrival time
---------------------------------------------------------------------------------------------
                                              0.987189   slack (MET)



