+ define_corners nom_tt_025C_1v80
Reading timing models for corner nom_tt_025C_1v80…
Reading cell library for the 'nom_tt_025C_1v80' corner at '/home/runner/.ciel/ciel/sky130/versions/8afc8346a57fe1ab7934ba5a6056ea8b43078e71/sky130A/libs.ref/sky130_fd_sc_hd/lib/sky130_fd_sc_hd__tt_025C_1v80.lib'…
Reading top-level netlist at '/home/runner/work/ASIC_101/ASIC_101/files/alu/pd/runs/rca-10ns/52-openroad-fillinsertion/alu_top.nl.v'…
Linking design 'alu_top' from netlist…
Warning: /home/runner/work/ASIC_101/ASIC_101/files/alu/pd/runs/rca-10ns/52-openroad-fillinsertion/alu_top.nl.v line 235, module sky130_fd_sc_hd__fill_1 not found. Creating black box for FILLER_0_103.
Warning: /home/runner/work/ASIC_101/ASIC_101/files/alu/pd/runs/rca-10ns/52-openroad-fillinsertion/alu_top.nl.v line 238, module sky130_fd_sc_hd__fill_2 not found. Creating black box for FILLER_0_119.
Warning: /home/runner/work/ASIC_101/ASIC_101/files/alu/pd/runs/rca-10ns/52-openroad-fillinsertion/alu_top.nl.v line 1712, module sky130_fd_sc_hd__tapvpwrvgnd_1 not found. Creating black box for TAP_TAPCELL_ROW_0_64.
Reading design constraints file at '/nix/store/8y4m6wgn5kqlbig1qwnwbxijqqp0jwib-python3-3.13.9-env/lib/python3.13/site-packages/librelane/scripts/base.sdc'…
[INFO] Using clock clk…
[INFO] Setting output delay to: 2.0
[INFO] Setting input delay to: 2.0
[INFO] Setting load to: 0.033442
[INFO] Setting clock uncertainty to: 0.25
[INFO] Setting clock transition to: 0.1499999999999999944488848768742172978818416595458984375
[INFO] Setting timing derate to: 5.0%
Reading top-level design parasitics for the 'nom_tt_025C_1v80' corner at '/home/runner/work/ASIC_101/ASIC_101/files/alu/pd/runs/rca-10ns/54-openroad-rcx/nom/alu_top.nom.spef'…
%OL_CREATE_REPORT min.rpt

===========================================================================
report_checks -path_delay min (Hold)
============================================================================
======================= nom_tt_025C_1v80 Corner ===================================

Startpoint: _314_ (rising edge-triggered flip-flop clocked by clk)
Endpoint: _296_ (rising edge-triggered flip-flop clocked by clk)
Path Group: clk
Path Type: min

Fanout         Cap        Slew       Delay        Time   Description
---------------------------------------------------------------------------------------------
                                  0.000000    0.000000   clock clk (rise edge)
                                  0.000000    0.000000   clock source latency
     1    0.017804    0.085938    0.056057    0.056057 ^ clk (in)
                                                         clk (net)
                      0.085948    0.000000    0.056057 ^ clkbuf_0_clk/A (sky130_fd_sc_hd__clkbuf_16)
     4    0.039527    0.059351    0.148570    0.204628 ^ clkbuf_0_clk/X (sky130_fd_sc_hd__clkbuf_16)
                                                         clknet_0_clk (net)
                      0.059356    0.000559    0.205187 ^ clkbuf_2_3__f_clk/A (sky130_fd_sc_hd__clkbuf_16)
     8    0.024970    0.046268    0.128411    0.333598 ^ clkbuf_2_3__f_clk/X (sky130_fd_sc_hd__clkbuf_16)
                                                         clknet_2_3__leaf_clk (net)
                      0.046298    0.000996    0.334594 ^ _314_/CLK (sky130_fd_sc_hd__dfxtp_2)
     6    0.029501    0.154064    0.379975    0.714569 ^ _314_/Q (sky130_fd_sc_hd__dfxtp_2)
                                                         a_q[7] (net)
                      0.154070    0.001085    0.715654 ^ _194_/A (sky130_fd_sc_hd__inv_2)
     2    0.009594    0.047603    0.060196    0.775850 v _194_/Y (sky130_fd_sc_hd__inv_2)
                                                         _118_ (net)
                      0.047603    0.000233    0.776083 v _236_/A (sky130_fd_sc_hd__nand2_2)
     3    0.013289    0.077439    0.081285    0.857368 ^ _236_/Y (sky130_fd_sc_hd__nand2_2)
                                                         _042_ (net)
                      0.077442    0.000412    0.857780 ^ _237_/A2 (sky130_fd_sc_hd__a21boi_2)
     1    0.002559    0.031862    0.051074    0.908854 v _237_/Y (sky130_fd_sc_hd__a21boi_2)
                                                         _000_ (net)
                      0.031862    0.000073    0.908927 v _296_/D (sky130_fd_sc_hd__dfxtp_2)
                                              0.908927   data arrival time

                                  0.000000    0.000000   clock clk (rise edge)
                                  0.000000    0.000000   clock source latency
     1    0.017804    0.085938    0.061958    0.061958 ^ clk (in)
                                                         clk (net)
                      0.085948    0.000000    0.061958 ^ clkbuf_0_clk/A (sky130_fd_sc_hd__clkbuf_16)
     4    0.039527    0.059351    0.164209    0.226167 ^ clkbuf_0_clk/X (sky130_fd_sc_hd__clkbuf_16)
                                                         clknet_0_clk (net)
                      0.059356    0.000616    0.226784 ^ clkbuf_2_2__f_clk/A (sky130_fd_sc_hd__clkbuf_16)
     8    0.029672    0.050763    0.146392    0.373175 ^ clkbuf_2_2__f_clk/X (sky130_fd_sc_hd__clkbuf_16)
                                                         clknet_2_2__leaf_clk (net)
                      0.050763    0.000316    0.373491 ^ _296_/CLK (sky130_fd_sc_hd__dfxtp_2)
                                  0.250000    0.623491   clock uncertainty
                                 -0.021540    0.601951   clock reconvergence pessimism
                                 -0.039379    0.562572   library hold time
                                              0.562572   data required time
---------------------------------------------------------------------------------------------
                                              0.562572   data required time
                                             -0.908927   data arrival time
---------------------------------------------------------------------------------------------
                                              0.346355   slack (MET)


Startpoint: _314_ (rising edge-triggered flip-flop clocked by clk)
Endpoint: _303_ (rising edge-triggered flip-flop clocked by clk)
Path Group: clk
Path Type: min

Fanout         Cap        Slew       Delay        Time   Description
---------------------------------------------------------------------------------------------
                                  0.000000    0.000000   clock clk (rise edge)
                                  0.000000    0.000000   clock source latency
     1    0.017804    0.085938    0.056057    0.056057 ^ clk (in)
                                                         clk (net)
                      0.085948    0.000000    0.056057 ^ clkbuf_0_clk/A (sky130_fd_sc_hd__clkbuf_16)
     4    0.039527    0.059351    0.148570    0.204628 ^ clkbuf_0_clk/X (sky130_fd_sc_hd__clkbuf_16)
                                                         clknet_0_clk (net)
                      0.059356    0.000559    0.205187 ^ clkbuf_2_3__f_clk/A (sky130_fd_sc_hd__clkbuf_16)
     8    0.024970    0.046268    0.128411    0.333598 ^ clkbuf_2_3__f_clk/X (sky130_fd_sc_hd__clkbuf_16)
                                                         clknet_2_3__leaf_clk (net)
                      0.046298    0.000996    0.334594 ^ _314_/CLK (sky130_fd_sc_hd__dfxtp_2)
     6    0.029501    0.154064    0.379975    0.714569 ^ _314_/Q (sky130_fd_sc_hd__dfxtp_2)
                                                         a_q[7] (net)
                      0.154065    0.000649    0.715218 ^ _161_/A1 (sky130_fd_sc_hd__o211a_2)
     2    0.008259    0.068997    0.206999    0.922217 ^ _161_/X (sky130_fd_sc_hd__o211a_2)
                                                         _007_ (net)
                      0.068997    0.000132    0.922349 ^ _303_/D (sky130_fd_sc_hd__dfxtp_2)
                                              0.922349   data arrival time

                                  0.000000    0.000000   clock clk (rise edge)
                                  0.000000    0.000000   clock source latency
     1    0.017804    0.085938    0.061958    0.061958 ^ clk (in)
                                                         clk (net)
                      0.085948    0.000000    0.061958 ^ clkbuf_0_clk/A (sky130_fd_sc_hd__clkbuf_16)
     4    0.039527    0.059351    0.164209    0.226167 ^ clkbuf_0_clk/X (sky130_fd_sc_hd__clkbuf_16)
                                                         clknet_0_clk (net)
                      0.059356    0.000618    0.226786 ^ clkbuf_2_3__f_clk/A (sky130_fd_sc_hd__clkbuf_16)
     8    0.024970    0.046268    0.141928    0.368714 ^ clkbuf_2_3__f_clk/X (sky130_fd_sc_hd__clkbuf_16)
                                                         clknet_2_3__leaf_clk (net)
                      0.046276    0.000687    0.369400 ^ _303_/CLK (sky130_fd_sc_hd__dfxtp_2)
                                  0.250000    0.619400   clock uncertainty
                                 -0.035116    0.584285   clock reconvergence pessimism
                                 -0.035991    0.548294   library hold time
                                              0.548294   data required time
---------------------------------------------------------------------------------------------
                                              0.548294   data required time
                                             -0.922349   data arrival time
---------------------------------------------------------------------------------------------
                                              0.374055   slack (MET)


Startpoint: _310_ (rising edge-triggered flip-flop clocked by clk)
Endpoint: _299_ (rising edge-triggered flip-flop clocked by clk)
Path Group: clk
Path Type: min

Fanout         Cap        Slew       Delay        Time   Description
---------------------------------------------------------------------------------------------
                                  0.000000    0.000000   clock clk (rise edge)
                                  0.000000    0.000000   clock source latency
     1    0.017804    0.085938    0.056057    0.056057 ^ clk (in)
                                                         clk (net)
                      0.085948    0.000000    0.056057 ^ clkbuf_0_clk/A (sky130_fd_sc_hd__clkbuf_16)
     4    0.039527    0.059351    0.148570    0.204628 ^ clkbuf_0_clk/X (sky130_fd_sc_hd__clkbuf_16)
                                                         clknet_0_clk (net)
                      0.059373    0.000953    0.205580 ^ clkbuf_2_0__f_clk/A (sky130_fd_sc_hd__clkbuf_16)
     8    0.026991    0.048100    0.130128    0.335708 ^ clkbuf_2_0__f_clk/X (sky130_fd_sc_hd__clkbuf_16)
                                                         clknet_2_0__leaf_clk (net)
                      0.048118    0.000805    0.336512 ^ _310_/CLK (sky130_fd_sc_hd__dfxtp_2)
     5    0.023886    0.126998    0.362301    0.698814 ^ _310_/Q (sky130_fd_sc_hd__dfxtp_2)
                                                         a_q[3] (net)
                      0.127002    0.000819    0.699633 ^ _270_/B2 (sky130_fd_sc_hd__o32a_2)
     2    0.005779    0.045195    0.149111    0.848743 ^ _270_/X (sky130_fd_sc_hd__o32a_2)
                                                         _073_ (net)
                      0.045195    0.000176    0.848919 ^ _271_/B (sky130_fd_sc_hd__and2_2)
     1    0.001868    0.032781    0.116697    0.965616 ^ _271_/X (sky130_fd_sc_hd__and2_2)
                                                         _003_ (net)
                      0.032781    0.000049    0.965665 ^ _299_/D (sky130_fd_sc_hd__dfxtp_2)
                                              0.965665   data arrival time

                                  0.000000    0.000000   clock clk (rise edge)
                                  0.000000    0.000000   clock source latency
     1    0.017804    0.085938    0.061958    0.061958 ^ clk (in)
                                                         clk (net)
                      0.085948    0.000000    0.061958 ^ clkbuf_0_clk/A (sky130_fd_sc_hd__clkbuf_16)
     4    0.039527    0.059351    0.164209    0.226167 ^ clkbuf_0_clk/X (sky130_fd_sc_hd__clkbuf_16)
                                                         clknet_0_clk (net)
                      0.059373    0.001057    0.227224 ^ clkbuf_2_1__f_clk/A (sky130_fd_sc_hd__clkbuf_16)
     8    0.026488    0.047713    0.143259    0.370483 ^ clkbuf_2_1__f_clk/X (sky130_fd_sc_hd__clkbuf_16)
                                                         clknet_2_1__leaf_clk (net)
                      0.047734    0.001005    0.371488 ^ _299_/CLK (sky130_fd_sc_hd__dfxtp_2)
                                  0.250000    0.621488   clock uncertainty
                                 -0.021540    0.599948   clock reconvergence pessimism
                                 -0.028300    0.571649   library hold time
                                              0.571649   data required time
---------------------------------------------------------------------------------------------
                                              0.571649   data required time
                                             -0.965665   data arrival time
---------------------------------------------------------------------------------------------
                                              0.394017   slack (MET)


Startpoint: _314_ (rising edge-triggered flip-flop clocked by clk)
Endpoint: _304_ (rising edge-triggered flip-flop clocked by clk)
Path Group: clk
Path Type: min

Fanout         Cap        Slew       Delay        Time   Description
---------------------------------------------------------------------------------------------
                                  0.000000    0.000000   clock clk (rise edge)
                                  0.000000    0.000000   clock source latency
     1    0.017804    0.085938    0.056057    0.056057 ^ clk (in)
                                                         clk (net)
                      0.085948    0.000000    0.056057 ^ clkbuf_0_clk/A (sky130_fd_sc_hd__clkbuf_16)
     4    0.039527    0.059351    0.148570    0.204628 ^ clkbuf_0_clk/X (sky130_fd_sc_hd__clkbuf_16)
                                                         clknet_0_clk (net)
                      0.059356    0.000559    0.205187 ^ clkbuf_2_3__f_clk/A (sky130_fd_sc_hd__clkbuf_16)
     8    0.024970    0.046268    0.128411    0.333598 ^ clkbuf_2_3__f_clk/X (sky130_fd_sc_hd__clkbuf_16)
                                                         clknet_2_3__leaf_clk (net)
                      0.046298    0.000996    0.334594 ^ _314_/CLK (sky130_fd_sc_hd__dfxtp_2)
     6    0.029501    0.154064    0.379975    0.714569 ^ _314_/Q (sky130_fd_sc_hd__dfxtp_2)
                                                         a_q[7] (net)
                      0.154070    0.001085    0.715654 ^ _194_/A (sky130_fd_sc_hd__inv_2)
     2    0.009594    0.047603    0.060196    0.775850 v _194_/Y (sky130_fd_sc_hd__inv_2)
                                                         _118_ (net)
                      0.047603    0.000233    0.776083 v _236_/A (sky130_fd_sc_hd__nand2_2)
     3    0.013289    0.077439    0.081285    0.857368 ^ _236_/Y (sky130_fd_sc_hd__nand2_2)
                                                         _042_ (net)
                      0.077442    0.000388    0.857756 ^ _162_/B (sky130_fd_sc_hd__and2_2)
     1    0.002095    0.033740    0.126922    0.984678 ^ _162_/X (sky130_fd_sc_hd__and2_2)
                                                         _008_ (net)
                      0.033740    0.000055    0.984733 ^ _304_/D (sky130_fd_sc_hd__dfxtp_2)
                                              0.984733   data arrival time

                                  0.000000    0.000000   clock clk (rise edge)
                                  0.000000    0.000000   clock source latency
     1    0.017804    0.085938    0.061958    0.061958 ^ clk (in)
                                                         clk (net)
                      0.085948    0.000000    0.061958 ^ clkbuf_0_clk/A (sky130_fd_sc_hd__clkbuf_16)
     4    0.039527    0.059351    0.164209    0.226167 ^ clkbuf_0_clk/X (sky130_fd_sc_hd__clkbuf_16)
                                                         clknet_0_clk (net)
                      0.059356    0.000616    0.226784 ^ clkbuf_2_2__f_clk/A (sky130_fd_sc_hd__clkbuf_16)
     8    0.029672    0.050763    0.146392    0.373175 ^ clkbuf_2_2__f_clk/X (sky130_fd_sc_hd__clkbuf_16)
                                                         clknet_2_2__leaf_clk (net)
                      0.050764    0.000367    0.373543 ^ _304_/CLK (sky130_fd_sc_hd__dfxtp_2)
                                  0.250000    0.623542   clock uncertainty
                                 -0.021540    0.602003   clock reconvergence pessimism
                                 -0.028100    0.573903   library hold time
                                              0.573903   data required time
---------------------------------------------------------------------------------------------
                                              0.573903   data required time
                                             -0.984733   data arrival time
---------------------------------------------------------------------------------------------
                                              0.410830   slack (MET)


Startpoint: _314_ (rising edge-triggered flip-flop clocked by clk)
Endpoint: _305_ (rising edge-triggered flip-flop clocked by clk)
Path Group: clk
Path Type: min

Fanout         Cap        Slew       Delay        Time   Description
---------------------------------------------------------------------------------------------
                                  0.000000    0.000000   clock clk (rise edge)
                                  0.000000    0.000000   clock source latency
     1    0.017804    0.085938    0.056057    0.056057 ^ clk (in)
                                                         clk (net)
                      0.085948    0.000000    0.056057 ^ clkbuf_0_clk/A (sky130_fd_sc_hd__clkbuf_16)
     4    0.039527    0.059351    0.148570    0.204628 ^ clkbuf_0_clk/X (sky130_fd_sc_hd__clkbuf_16)
                                                         clknet_0_clk (net)
                      0.059356    0.000559    0.205187 ^ clkbuf_2_3__f_clk/A (sky130_fd_sc_hd__clkbuf_16)
     8    0.024970    0.046268    0.128411    0.333598 ^ clkbuf_2_3__f_clk/X (sky130_fd_sc_hd__clkbuf_16)
                                                         clknet_2_3__leaf_clk (net)
                      0.046298    0.000996    0.334594 ^ _314_/CLK (sky130_fd_sc_hd__dfxtp_2)
     6    0.029501    0.154064    0.379975    0.714569 ^ _314_/Q (sky130_fd_sc_hd__dfxtp_2)
                                                         a_q[7] (net)
                      0.154065    0.000649    0.715218 ^ _161_/A1 (sky130_fd_sc_hd__o211a_2)
     2    0.008259    0.068997    0.206999    0.922217 ^ _161_/X (sky130_fd_sc_hd__o211a_2)
                                                         _007_ (net)
                      0.068997    0.000130    0.922347 ^ _174_/D1 (sky130_fd_sc_hd__a2111oi_2)
     1    0.003372    0.031862    0.038413    0.960760 v _174_/Y (sky130_fd_sc_hd__a2111oi_2)
                                                         _009_ (net)
                      0.031862    0.000099    0.960859 v _305_/D (sky130_fd_sc_hd__dfxtp_2)
                                              0.960859   data arrival time

                                  0.000000    0.000000   clock clk (rise edge)
                                  0.000000    0.000000   clock source latency
     1    0.017804    0.085938    0.061958    0.061958 ^ clk (in)
                                                         clk (net)
                      0.085948    0.000000    0.061958 ^ clkbuf_0_clk/A (sky130_fd_sc_hd__clkbuf_16)
     4    0.039527    0.059351    0.164209    0.226167 ^ clkbuf_0_clk/X (sky130_fd_sc_hd__clkbuf_16)
                                                         clknet_0_clk (net)
                      0.059356    0.000618    0.226786 ^ clkbuf_2_3__f_clk/A (sky130_fd_sc_hd__clkbuf_16)
     8    0.024970    0.046268    0.141928    0.368714 ^ clkbuf_2_3__f_clk/X (sky130_fd_sc_hd__clkbuf_16)
                                                         clknet_2_3__leaf_clk (net)
                      0.046278    0.000727    0.369440 ^ _305_/CLK (sky130_fd_sc_hd__dfxtp_2)
                                  0.250000    0.619440   clock uncertainty
                                 -0.035116    0.584324   clock reconvergence pessimism
                                 -0.040379    0.543946   library hold time
                                              0.543946   data required time
---------------------------------------------------------------------------------------------
                                              0.543946   data required time
                                             -0.960859   data arrival time
---------------------------------------------------------------------------------------------
                                              0.416913   slack (MET)


Startpoint: _312_ (rising edge-triggered flip-flop clocked by clk)
Endpoint: _301_ (rising edge-triggered flip-flop clocked by clk)
Path Group: clk
Path Type: min

Fanout         Cap        Slew       Delay        Time   Description
---------------------------------------------------------------------------------------------
                                  0.000000    0.000000   clock clk (rise edge)
                                  0.000000    0.000000   clock source latency
     1    0.017804    0.085938    0.056057    0.056057 ^ clk (in)
                                                         clk (net)
                      0.085948    0.000000    0.056057 ^ clkbuf_0_clk/A (sky130_fd_sc_hd__clkbuf_16)
     4    0.039527    0.059351    0.148570    0.204628 ^ clkbuf_0_clk/X (sky130_fd_sc_hd__clkbuf_16)
                                                         clknet_0_clk (net)
                      0.059356    0.000558    0.205185 ^ clkbuf_2_2__f_clk/A (sky130_fd_sc_hd__clkbuf_16)
     8    0.029672    0.050763    0.132450    0.337635 ^ clkbuf_2_2__f_clk/X (sky130_fd_sc_hd__clkbuf_16)
                                                         clknet_2_2__leaf_clk (net)
                      0.050766    0.000753    0.338388 ^ _312_/CLK (sky130_fd_sc_hd__dfxtp_2)
     5    0.027768    0.145686    0.375757    0.714145 ^ _312_/Q (sky130_fd_sc_hd__dfxtp_2)
                                                         a_q[5] (net)
                      0.145696    0.001223    0.715368 ^ _289_/A1 (sky130_fd_sc_hd__o21a_2)
     2    0.005146    0.040841    0.150071    0.865440 ^ _289_/X (sky130_fd_sc_hd__o21a_2)
                                                         _090_ (net)
                      0.040841    0.000125    0.865564 ^ _290_/B (sky130_fd_sc_hd__and2_2)
     1    0.003972    0.042179    0.125702    0.991266 ^ _290_/X (sky130_fd_sc_hd__and2_2)
                                                         _005_ (net)
                      0.042187    0.000136    0.991403 ^ _301_/D (sky130_fd_sc_hd__dfxtp_2)
                                              0.991403   data arrival time

                                  0.000000    0.000000   clock clk (rise edge)
                                  0.000000    0.000000   clock source latency
     1    0.017804    0.085938    0.061958    0.061958 ^ clk (in)
                                                         clk (net)
                      0.085948    0.000000    0.061958 ^ clkbuf_0_clk/A (sky130_fd_sc_hd__clkbuf_16)
     4    0.039527    0.059351    0.164209    0.226167 ^ clkbuf_0_clk/X (sky130_fd_sc_hd__clkbuf_16)
                                                         clknet_0_clk (net)
                      0.059356    0.000618    0.226786 ^ clkbuf_2_3__f_clk/A (sky130_fd_sc_hd__clkbuf_16)
     8    0.024970    0.046268    0.141928    0.368714 ^ clkbuf_2_3__f_clk/X (sky130_fd_sc_hd__clkbuf_16)
                                                         clknet_2_3__leaf_clk (net)
                      0.046305    0.001198    0.369911 ^ _301_/CLK (sky130_fd_sc_hd__dfxtp_2)
                                  0.250000    0.619911   clock uncertainty
                                 -0.021540    0.598372   clock reconvergence pessimism
                                 -0.030435    0.567936   library hold time
                                              0.567936   data required time
---------------------------------------------------------------------------------------------
                                              0.567936   data required time
                                             -0.991403   data arrival time
---------------------------------------------------------------------------------------------
                                              0.423467   slack (MET)


Startpoint: _311_ (rising edge-triggered flip-flop clocked by clk)
Endpoint: _300_ (rising edge-triggered flip-flop clocked by clk)
Path Group: clk
Path Type: min

Fanout         Cap        Slew       Delay        Time   Description
---------------------------------------------------------------------------------------------
                                  0.000000    0.000000   clock clk (rise edge)
                                  0.000000    0.000000   clock source latency
     1    0.017804    0.085938    0.056057    0.056057 ^ clk (in)
                                                         clk (net)
                      0.085948    0.000000    0.056057 ^ clkbuf_0_clk/A (sky130_fd_sc_hd__clkbuf_16)
     4    0.039527    0.059351    0.148570    0.204628 ^ clkbuf_0_clk/X (sky130_fd_sc_hd__clkbuf_16)
                                                         clknet_0_clk (net)
                      0.059356    0.000558    0.205185 ^ clkbuf_2_2__f_clk/A (sky130_fd_sc_hd__clkbuf_16)
     8    0.029672    0.050763    0.132450    0.337635 ^ clkbuf_2_2__f_clk/X (sky130_fd_sc_hd__clkbuf_16)
                                                         clknet_2_2__leaf_clk (net)
                      0.050767    0.000780    0.338415 ^ _311_/CLK (sky130_fd_sc_hd__dfxtp_2)
     5    0.025744    0.135931    0.369198    0.707613 ^ _311_/Q (sky130_fd_sc_hd__dfxtp_2)
                                                         a_q[4] (net)
                      0.135939    0.001090    0.708703 ^ _280_/A (sky130_fd_sc_hd__or2_2)
     2    0.004659    0.037924    0.129010    0.837713 ^ _280_/X (sky130_fd_sc_hd__or2_2)
                                                         _082_ (net)
                      0.037925    0.000104    0.837817 ^ _281_/C (sky130_fd_sc_hd__and3_2)
     1    0.002557    0.040845    0.154051    0.991868 ^ _281_/X (sky130_fd_sc_hd__and3_2)
                                                         _004_ (net)
                      0.040845    0.000071    0.991939 ^ _300_/D (sky130_fd_sc_hd__dfxtp_2)
                                              0.991939   data arrival time

                                  0.000000    0.000000   clock clk (rise edge)
                                  0.000000    0.000000   clock source latency
     1    0.017804    0.085938    0.061958    0.061958 ^ clk (in)
                                                         clk (net)
                      0.085948    0.000000    0.061958 ^ clkbuf_0_clk/A (sky130_fd_sc_hd__clkbuf_16)
     4    0.039527    0.059351    0.164209    0.226167 ^ clkbuf_0_clk/X (sky130_fd_sc_hd__clkbuf_16)
                                                         clknet_0_clk (net)
                      0.059356    0.000618    0.226786 ^ clkbuf_2_3__f_clk/A (sky130_fd_sc_hd__clkbuf_16)
     8    0.024970    0.046268    0.141928    0.368714 ^ clkbuf_2_3__f_clk/X (sky130_fd_sc_hd__clkbuf_16)
                                                         clknet_2_3__leaf_clk (net)
                      0.046305    0.001210    0.369924 ^ _300_/CLK (sky130_fd_sc_hd__dfxtp_2)
                                  0.250000    0.619924   clock uncertainty
                                 -0.021540    0.598384   clock reconvergence pessimism
                                 -0.030157    0.568227   library hold time
                                              0.568227   data required time
---------------------------------------------------------------------------------------------
                                              0.568227   data required time
                                             -0.991939   data arrival time
---------------------------------------------------------------------------------------------
                                              0.423712   slack (MET)


Startpoint: _309_ (rising edge-triggered flip-flop clocked by clk)
Endpoint: _298_ (rising edge-triggered flip-flop clocked by clk)
Path Group: clk
Path Type: min

Fanout         Cap        Slew       Delay        Time   Description
---------------------------------------------------------------------------------------------
                                  0.000000    0.000000   clock clk (rise edge)
                                  0.000000    0.000000   clock source latency
     1    0.017804    0.085938    0.056057    0.056057 ^ clk (in)
                                                         clk (net)
                      0.085948    0.000000    0.056057 ^ clkbuf_0_clk/A (sky130_fd_sc_hd__clkbuf_16)
     4    0.039527    0.059351    0.148570    0.204628 ^ clkbuf_0_clk/X (sky130_fd_sc_hd__clkbuf_16)
                                                         clknet_0_clk (net)
                      0.059373    0.000956    0.205584 ^ clkbuf_2_1__f_clk/A (sky130_fd_sc_hd__clkbuf_16)
     8    0.026488    0.047713    0.129616    0.335199 ^ clkbuf_2_1__f_clk/X (sky130_fd_sc_hd__clkbuf_16)
                                                         clknet_2_1__leaf_clk (net)
                      0.047762    0.001276    0.336475 ^ _309_/CLK (sky130_fd_sc_hd__dfxtp_2)
     5    0.025172    0.133224    0.366247    0.702722 ^ _309_/Q (sky130_fd_sc_hd__dfxtp_2)
                                                         a_q[2] (net)
                      0.133224    0.000381    0.703102 ^ _259_/A1 (sky130_fd_sc_hd__o21a_2)
     2    0.007954    0.055400    0.158004    0.861106 ^ _259_/X (sky130_fd_sc_hd__o21a_2)
                                                         _063_ (net)
                      0.055400    0.000142    0.861249 ^ _260_/B (sky130_fd_sc_hd__and2_2)
     1    0.002153    0.033996    0.121010    0.982258 ^ _260_/X (sky130_fd_sc_hd__and2_2)
                                                         _002_ (net)
                      0.033996    0.000058    0.982316 ^ _298_/D (sky130_fd_sc_hd__dfxtp_2)
                                              0.982316   data arrival time

                                  0.000000    0.000000   clock clk (rise edge)
                                  0.000000    0.000000   clock source latency
     1    0.017804    0.085938    0.061958    0.061958 ^ clk (in)
                                                         clk (net)
                      0.085948    0.000000    0.061958 ^ clkbuf_0_clk/A (sky130_fd_sc_hd__clkbuf_16)
     4    0.039527    0.059351    0.164209    0.226167 ^ clkbuf_0_clk/X (sky130_fd_sc_hd__clkbuf_16)
                                                         clknet_0_clk (net)
                      0.059373    0.001057    0.227224 ^ clkbuf_2_1__f_clk/A (sky130_fd_sc_hd__clkbuf_16)
     8    0.026488    0.047713    0.143259    0.370483 ^ clkbuf_2_1__f_clk/X (sky130_fd_sc_hd__clkbuf_16)
                                                         clknet_2_1__leaf_clk (net)
                      0.047738    0.001064    0.371547 ^ _298_/CLK (sky130_fd_sc_hd__dfxtp_2)
                                  0.250000    0.621548   clock uncertainty
                                 -0.035284    0.586263   clock reconvergence pessimism
                                 -0.028551    0.557713   library hold time
                                              0.557713   data required time
---------------------------------------------------------------------------------------------
                                              0.557713   data required time
                                             -0.982316   data arrival time
---------------------------------------------------------------------------------------------
                                              0.424603   slack (MET)


Startpoint: _308_ (rising edge-triggered flip-flop clocked by clk)
Endpoint: _297_ (rising edge-triggered flip-flop clocked by clk)
Path Group: clk
Path Type: min

Fanout         Cap        Slew       Delay        Time   Description
---------------------------------------------------------------------------------------------
                                  0.000000    0.000000   clock clk (rise edge)
                                  0.000000    0.000000   clock source latency
     1    0.017804    0.085938    0.056057    0.056057 ^ clk (in)
                                                         clk (net)
                      0.085948    0.000000    0.056057 ^ clkbuf_0_clk/A (sky130_fd_sc_hd__clkbuf_16)
     4    0.039527    0.059351    0.148570    0.204628 ^ clkbuf_0_clk/X (sky130_fd_sc_hd__clkbuf_16)
                                                         clknet_0_clk (net)
                      0.059373    0.000956    0.205584 ^ clkbuf_2_1__f_clk/A (sky130_fd_sc_hd__clkbuf_16)
     8    0.026488    0.047713    0.129616    0.335199 ^ clkbuf_2_1__f_clk/X (sky130_fd_sc_hd__clkbuf_16)
                                                         clknet_2_1__leaf_clk (net)
                      0.047771    0.001369    0.336568 ^ _308_/CLK (sky130_fd_sc_hd__dfxtp_2)
     8    0.034594    0.178532    0.397323    0.733891 ^ _308_/Q (sky130_fd_sc_hd__dfxtp_2)
                                                         a_q[1] (net)
                      0.178534    0.000900    0.734791 ^ _247_/A1 (sky130_fd_sc_hd__o22a_2)
     2    0.012381    0.073530    0.202604    0.937396 ^ _247_/X (sky130_fd_sc_hd__o22a_2)
                                                         _052_ (net)
                      0.073534    0.000614    0.938010 ^ _248_/B (sky130_fd_sc_hd__and2_2)
     1    0.001978    0.033235    0.125247    1.063257 ^ _248_/X (sky130_fd_sc_hd__and2_2)
                                                         _001_ (net)
                      0.033235    0.000052    1.063309 ^ _297_/D (sky130_fd_sc_hd__dfxtp_2)
                                              1.063309   data arrival time

                                  0.000000    0.000000   clock clk (rise edge)
                                  0.000000    0.000000   clock source latency
     1    0.017804    0.085938    0.061958    0.061958 ^ clk (in)
                                                         clk (net)
                      0.085948    0.000000    0.061958 ^ clkbuf_0_clk/A (sky130_fd_sc_hd__clkbuf_16)
     4    0.039527    0.059351    0.164209    0.226167 ^ clkbuf_0_clk/X (sky130_fd_sc_hd__clkbuf_16)
                                                         clknet_0_clk (net)
                      0.059373    0.001057    0.227224 ^ clkbuf_2_1__f_clk/A (sky130_fd_sc_hd__clkbuf_16)
     8    0.026488    0.047713    0.143259    0.370483 ^ clkbuf_2_1__f_clk/X (sky130_fd_sc_hd__clkbuf_16)
                                                         clknet_2_1__leaf_clk (net)
                      0.047733    0.000970    0.371454 ^ _297_/CLK (sky130_fd_sc_hd__dfxtp_2)
                                  0.250000    0.621454   clock uncertainty
                                 -0.035284    0.586170   clock reconvergence pessimism
                                 -0.028394    0.557776   library hold time
                                              0.557776   data required time
---------------------------------------------------------------------------------------------
                                              0.557776   data required time
                                             -1.063309   data arrival time
---------------------------------------------------------------------------------------------
                                              0.505533   slack (MET)


Startpoint: _314_ (rising edge-triggered flip-flop clocked by clk)
Endpoint: _306_ (rising edge-triggered flip-flop clocked by clk)
Path Group: clk
Path Type: min

Fanout         Cap        Slew       Delay        Time   Description
---------------------------------------------------------------------------------------------
                                  0.000000    0.000000   clock clk (rise edge)
                                  0.000000    0.000000   clock source latency
     1    0.017804    0.085938    0.056057    0.056057 ^ clk (in)
                                                         clk (net)
                      0.085948    0.000000    0.056057 ^ clkbuf_0_clk/A (sky130_fd_sc_hd__clkbuf_16)
     4    0.039527    0.059351    0.148570    0.204628 ^ clkbuf_0_clk/X (sky130_fd_sc_hd__clkbuf_16)
                                                         clknet_0_clk (net)
                      0.059356    0.000559    0.205187 ^ clkbuf_2_3__f_clk/A (sky130_fd_sc_hd__clkbuf_16)
     8    0.024970    0.046268    0.128411    0.333598 ^ clkbuf_2_3__f_clk/X (sky130_fd_sc_hd__clkbuf_16)
                                                         clknet_2_3__leaf_clk (net)
                      0.046298    0.000996    0.334594 ^ _314_/CLK (sky130_fd_sc_hd__dfxtp_2)
     6    0.027512    0.074946    0.338527    0.673120 v _314_/Q (sky130_fd_sc_hd__dfxtp_2)
                                                         a_q[7] (net)
                      0.074953    0.000708    0.673828 v _167_/A (sky130_fd_sc_hd__nor2_2)
     1    0.003128    0.064727    0.101090    0.774919 ^ _167_/Y (sky130_fd_sc_hd__nor2_2)
                                                         _112_ (net)
                      0.064727    0.000092    0.775011 ^ _169_/B (sky130_fd_sc_hd__or3_2)
     1    0.004395    0.034940    0.107256    0.882267 ^ _169_/X (sky130_fd_sc_hd__or3_2)
                                                         _114_ (net)
                      0.034940    0.000130    0.882396 ^ _170_/B1 (sky130_fd_sc_hd__a21o_2)
     2    0.007630    0.047090    0.088556    0.970953 ^ _170_/X (sky130_fd_sc_hd__a21o_2)
                                                         _115_ (net)
                      0.047090    0.000172    0.971125 ^ _171_/B (sky130_fd_sc_hd__and2_2)
     1    0.002061    0.033611    0.118190    1.089315 ^ _171_/X (sky130_fd_sc_hd__and2_2)
                                                         _010_ (net)
                      0.033611    0.000038    1.089353 ^ _306_/D (sky130_fd_sc_hd__dfxtp_2)
                                              1.089353   data arrival time

                                  0.000000    0.000000   clock clk (rise edge)
                                  0.000000    0.000000   clock source latency
     1    0.017804    0.085938    0.061958    0.061958 ^ clk (in)
                                                         clk (net)
                      0.085948    0.000000    0.061958 ^ clkbuf_0_clk/A (sky130_fd_sc_hd__clkbuf_16)
     4    0.039527    0.059351    0.164209    0.226167 ^ clkbuf_0_clk/X (sky130_fd_sc_hd__clkbuf_16)
                                                         clknet_0_clk (net)
                      0.059356    0.000618    0.226786 ^ clkbuf_2_3__f_clk/A (sky130_fd_sc_hd__clkbuf_16)
     8    0.024970    0.046268    0.141928    0.368714 ^ clkbuf_2_3__f_clk/X (sky130_fd_sc_hd__clkbuf_16)
                                                         clknet_2_3__leaf_clk (net)
                      0.046273    0.000597    0.369310 ^ _306_/CLK (sky130_fd_sc_hd__dfxtp_2)
                                  0.250000    0.619310   clock uncertainty
                                 -0.035116    0.584195   clock reconvergence pessimism
                                 -0.028663    0.555532   library hold time
                                              0.555532   data required time
---------------------------------------------------------------------------------------------
                                              0.555532   data required time
                                             -1.089353   data arrival time
---------------------------------------------------------------------------------------------
                                              0.533821   slack (MET)


Startpoint: _311_ (rising edge-triggered flip-flop clocked by clk)
Endpoint: _302_ (rising edge-triggered flip-flop clocked by clk)
Path Group: clk
Path Type: min

Fanout         Cap        Slew       Delay        Time   Description
---------------------------------------------------------------------------------------------
                                  0.000000    0.000000   clock clk (rise edge)
                                  0.000000    0.000000   clock source latency
     1    0.017804    0.085938    0.056057    0.056057 ^ clk (in)
                                                         clk (net)
                      0.085948    0.000000    0.056057 ^ clkbuf_0_clk/A (sky130_fd_sc_hd__clkbuf_16)
     4    0.039527    0.059351    0.148570    0.204628 ^ clkbuf_0_clk/X (sky130_fd_sc_hd__clkbuf_16)
                                                         clknet_0_clk (net)
                      0.059356    0.000558    0.205185 ^ clkbuf_2_2__f_clk/A (sky130_fd_sc_hd__clkbuf_16)
     8    0.029672    0.050763    0.132450    0.337635 ^ clkbuf_2_2__f_clk/X (sky130_fd_sc_hd__clkbuf_16)
                                                         clknet_2_2__leaf_clk (net)
                      0.050767    0.000780    0.338415 ^ _311_/CLK (sky130_fd_sc_hd__dfxtp_2)
     5    0.025744    0.135931    0.369198    0.707613 ^ _311_/Q (sky130_fd_sc_hd__dfxtp_2)
                                                         a_q[4] (net)
                      0.135934    0.000839    0.708452 ^ _295_/A1 (sky130_fd_sc_hd__a211o_2)
     1    0.005126    0.034977    0.143307    0.851760 ^ _295_/X (sky130_fd_sc_hd__a211o_2)
                                                         _095_ (net)
                      0.034977    0.000179    0.851939 ^ _148_/B1 (sky130_fd_sc_hd__a21o_2)
     1    0.003619    0.029354    0.074805    0.926744 ^ _148_/X (sky130_fd_sc_hd__a21o_2)
                                                         _096_ (net)
                      0.029354    0.000111    0.926855 ^ _150_/B1 (sky130_fd_sc_hd__a211o_2)
     1    0.004370    0.031895    0.084181    1.011037 ^ _150_/X (sky130_fd_sc_hd__a211o_2)
                                                         _098_ (net)
                      0.031897    0.000097    1.011133 ^ _151_/B1 (sky130_fd_sc_hd__o211a_2)
     2    0.010975    0.082858    0.186781    1.197915 ^ _151_/X (sky130_fd_sc_hd__o211a_2)
                                                         _006_ (net)
                      0.082858    0.000349    1.198263 ^ _302_/D (sky130_fd_sc_hd__dfxtp_2)
                                              1.198263   data arrival time

                                  0.000000    0.000000   clock clk (rise edge)
                                  0.000000    0.000000   clock source latency
     1    0.017804    0.085938    0.061958    0.061958 ^ clk (in)
                                                         clk (net)
                      0.085948    0.000000    0.061958 ^ clkbuf_0_clk/A (sky130_fd_sc_hd__clkbuf_16)
     4    0.039527    0.059351    0.164209    0.226167 ^ clkbuf_0_clk/X (sky130_fd_sc_hd__clkbuf_16)
                                                         clknet_0_clk (net)
                      0.059356    0.000618    0.226786 ^ clkbuf_2_3__f_clk/A (sky130_fd_sc_hd__clkbuf_16)
     8    0.024970    0.046268    0.141928    0.368714 ^ clkbuf_2_3__f_clk/X (sky130_fd_sc_hd__clkbuf_16)
                                                         clknet_2_3__leaf_clk (net)
                      0.046286    0.000900    0.369614 ^ _302_/CLK (sky130_fd_sc_hd__dfxtp_2)
                                  0.250000    0.619614   clock uncertainty
                                 -0.021540    0.598074   clock reconvergence pessimism
                                 -0.038860    0.559214   library hold time
                                              0.559214   data required time
---------------------------------------------------------------------------------------------
                                              0.559214   data required time
                                             -1.198263   data arrival time
---------------------------------------------------------------------------------------------
                                              0.639049   slack (MET)


Startpoint: b[1] (input port clocked by clk)
Endpoint: _316_ (rising edge-triggered flip-flop clocked by clk)
Path Group: clk
Path Type: min

Fanout         Cap        Slew       Delay        Time   Description
---------------------------------------------------------------------------------------------
                                  0.000000    0.000000   clock clk (rise edge)
                                  0.000000    0.000000   clock network delay (propagated)
                                  2.000000    2.000000 ^ input external delay
     1    0.003615    0.023268    0.012525    2.012525 ^ b[1] (in)
                                                         b[1] (net)
                      0.023276    0.000000    2.012525 ^ input10/A (sky130_fd_sc_hd__clkdlybuf4s25_1)
     1    0.001867    0.035946    0.216733    2.229258 ^ input10/X (sky130_fd_sc_hd__clkdlybuf4s25_1)
                                                         net10 (net)
                      0.035946    0.000035    2.229293 ^ _184_/B (sky130_fd_sc_hd__and2_2)
     1    0.002090    0.033757    0.115126    2.344419 ^ _184_/X (sky130_fd_sc_hd__and2_2)
                                                         _020_ (net)
                      0.033757    0.000056    2.344476 ^ _316_/D (sky130_fd_sc_hd__dfxtp_2)
                                              2.344476   data arrival time

                                  0.000000    0.000000   clock clk (rise edge)
                                  0.000000    0.000000   clock source latency
     1    0.017804    0.085938    0.061958    0.061958 ^ clk (in)
                                                         clk (net)
                      0.085948    0.000000    0.061958 ^ clkbuf_0_clk/A (sky130_fd_sc_hd__clkbuf_16)
     4    0.039527    0.059351    0.164209    0.226167 ^ clkbuf_0_clk/X (sky130_fd_sc_hd__clkbuf_16)
                                                         clknet_0_clk (net)
                      0.059373    0.001053    0.227220 ^ clkbuf_2_0__f_clk/A (sky130_fd_sc_hd__clkbuf_16)
     8    0.026991    0.048100    0.143825    0.371045 ^ clkbuf_2_0__f_clk/X (sky130_fd_sc_hd__clkbuf_16)
                                                         clknet_2_0__leaf_clk (net)
                      0.048132    0.001122    0.372167 ^ _316_/CLK (sky130_fd_sc_hd__dfxtp_2)
                                  0.250000    0.622167   clock uncertainty
                                  0.000000    0.622167   clock reconvergence pessimism
                                 -0.028449    0.593718   library hold time
                                              0.593718   data required time
---------------------------------------------------------------------------------------------
                                              0.593718   data required time
                                             -2.344476   data arrival time
---------------------------------------------------------------------------------------------
                                              1.750758   slack (MET)


Startpoint: op[1] (input port clocked by clk)
Endpoint: _324_ (rising edge-triggered flip-flop clocked by clk)
Path Group: clk
Path Type: min

Fanout         Cap        Slew       Delay        Time   Description
---------------------------------------------------------------------------------------------
                                  0.000000    0.000000   clock clk (rise edge)
                                  0.000000    0.000000   clock network delay (propagated)
                                  2.000000    2.000000 ^ input external delay
     1    0.003721    0.023726    0.012878    2.012878 ^ op[1] (in)
                                                         op[1] (net)
                      0.023734    0.000000    2.012878 ^ input18/A (sky130_fd_sc_hd__clkdlybuf4s25_1)
     1    0.002060    0.037621    0.218261    2.231138 ^ input18/X (sky130_fd_sc_hd__clkdlybuf4s25_1)
                                                         net18 (net)
                      0.037621    0.000054    2.231192 ^ _192_/B (sky130_fd_sc_hd__and2_2)
     1    0.002198    0.034216    0.116132    2.347325 ^ _192_/X (sky130_fd_sc_hd__and2_2)
                                                         _028_ (net)
                      0.034216    0.000059    2.347383 ^ _324_/D (sky130_fd_sc_hd__dfxtp_2)
                                              2.347383   data arrival time

                                  0.000000    0.000000   clock clk (rise edge)
                                  0.000000    0.000000   clock source latency
     1    0.017804    0.085938    0.061958    0.061958 ^ clk (in)
                                                         clk (net)
                      0.085948    0.000000    0.061958 ^ clkbuf_0_clk/A (sky130_fd_sc_hd__clkbuf_16)
     4    0.039527    0.059351    0.164209    0.226167 ^ clkbuf_0_clk/X (sky130_fd_sc_hd__clkbuf_16)
                                                         clknet_0_clk (net)
                      0.059373    0.001053    0.227220 ^ clkbuf_2_0__f_clk/A (sky130_fd_sc_hd__clkbuf_16)
     8    0.026991    0.048100    0.143825    0.371045 ^ clkbuf_2_0__f_clk/X (sky130_fd_sc_hd__clkbuf_16)
                                                         clknet_2_0__leaf_clk (net)
                      0.048143    0.001280    0.372326 ^ _324_/CLK (sky130_fd_sc_hd__dfxtp_2)
                                  0.250000    0.622326   clock uncertainty
                                  0.000000    0.622326   clock reconvergence pessimism
                                 -0.028543    0.593783   library hold time
                                              0.593783   data required time
---------------------------------------------------------------------------------------------
                                              0.593783   data required time
                                             -2.347383   data arrival time
---------------------------------------------------------------------------------------------
                                              1.753601   slack (MET)


Startpoint: a[0] (input port clocked by clk)
Endpoint: _307_ (rising edge-triggered flip-flop clocked by clk)
Path Group: clk
Path Type: min

Fanout         Cap        Slew       Delay        Time   Description
---------------------------------------------------------------------------------------------
                                  0.000000    0.000000   clock clk (rise edge)
                                  0.000000    0.000000   clock network delay (propagated)
                                  2.000000    2.000000 ^ input external delay
     1    0.003632    0.023339    0.012577    2.012577 ^ a[0] (in)
                                                         a[0] (net)
                      0.023347    0.000000    2.012577 ^ input1/A (sky130_fd_sc_hd__clkdlybuf4s25_1)
     1    0.002119    0.038126    0.218551    2.231128 ^ input1/X (sky130_fd_sc_hd__clkdlybuf4s25_1)
                                                         net1 (net)
                      0.038126    0.000056    2.231184 ^ _175_/B (sky130_fd_sc_hd__and2_2)
     1    0.002156    0.034034    0.116076    2.347260 ^ _175_/X (sky130_fd_sc_hd__and2_2)
                                                         _011_ (net)
                      0.034034    0.000041    2.347301 ^ _307_/D (sky130_fd_sc_hd__dfxtp_2)
                                              2.347301   data arrival time

                                  0.000000    0.000000   clock clk (rise edge)
                                  0.000000    0.000000   clock source latency
     1    0.017804    0.085938    0.061958    0.061958 ^ clk (in)
                                                         clk (net)
                      0.085948    0.000000    0.061958 ^ clkbuf_0_clk/A (sky130_fd_sc_hd__clkbuf_16)
     4    0.039527    0.059351    0.164209    0.226167 ^ clkbuf_0_clk/X (sky130_fd_sc_hd__clkbuf_16)
                                                         clknet_0_clk (net)
                      0.059373    0.001053    0.227220 ^ clkbuf_2_0__f_clk/A (sky130_fd_sc_hd__clkbuf_16)
     8    0.026991    0.048100    0.143825    0.371045 ^ clkbuf_2_0__f_clk/X (sky130_fd_sc_hd__clkbuf_16)
                                                         clknet_2_0__leaf_clk (net)
                      0.048131    0.001105    0.372150 ^ _307_/CLK (sky130_fd_sc_hd__dfxtp_2)
                                  0.250000    0.622150   clock uncertainty
                                  0.000000    0.622150   clock reconvergence pessimism
                                 -0.028507    0.593644   library hold time
                                              0.593644   data required time
---------------------------------------------------------------------------------------------
                                              0.593644   data required time
                                             -2.347301   data arrival time
---------------------------------------------------------------------------------------------
                                              1.753657   slack (MET)


Startpoint: op[0] (input port clocked by clk)
Endpoint: _323_ (rising edge-triggered flip-flop clocked by clk)
Path Group: clk
Path Type: min

Fanout         Cap        Slew       Delay        Time   Description
---------------------------------------------------------------------------------------------
                                  0.000000    0.000000   clock clk (rise edge)
                                  0.000000    0.000000   clock network delay (propagated)
                                  2.000000    2.000000 ^ input external delay
     1    0.003743    0.023822    0.012947    2.012947 ^ op[0] (in)
                                                         op[0] (net)
                      0.023830    0.000000    2.012947 ^ input17/A (sky130_fd_sc_hd__clkdlybuf4s25_1)
     1    0.001924    0.036382    0.217324    2.230271 ^ input17/X (sky130_fd_sc_hd__clkdlybuf4s25_1)
                                                         net17 (net)
                      0.036382    0.000051    2.230322 ^ _191_/B (sky130_fd_sc_hd__and2_2)
     1    0.002583    0.035869    0.117654    2.347976 ^ _191_/X (sky130_fd_sc_hd__and2_2)
                                                         _027_ (net)
                      0.035869    0.000069    2.348045 ^ _323_/D (sky130_fd_sc_hd__dfxtp_2)
                                              2.348045   data arrival time

                                  0.000000    0.000000   clock clk (rise edge)
                                  0.000000    0.000000   clock source latency
     1    0.017804    0.085938    0.061958    0.061958 ^ clk (in)
                                                         clk (net)
                      0.085948    0.000000    0.061958 ^ clkbuf_0_clk/A (sky130_fd_sc_hd__clkbuf_16)
     4    0.039527    0.059351    0.164209    0.226167 ^ clkbuf_0_clk/X (sky130_fd_sc_hd__clkbuf_16)
                                                         clknet_0_clk (net)
                      0.059373    0.001053    0.227220 ^ clkbuf_2_0__f_clk/A (sky130_fd_sc_hd__clkbuf_16)
     8    0.026991    0.048100    0.143825    0.371045 ^ clkbuf_2_0__f_clk/X (sky130_fd_sc_hd__clkbuf_16)
                                                         clknet_2_0__leaf_clk (net)
                      0.048133    0.001149    0.372194 ^ _323_/CLK (sky130_fd_sc_hd__dfxtp_2)
                                  0.250000    0.622194   clock uncertainty
                                  0.000000    0.622194   clock reconvergence pessimism
                                 -0.028886    0.593308   library hold time
                                              0.593308   data required time
---------------------------------------------------------------------------------------------
                                              0.593308   data required time
                                             -2.348045   data arrival time
---------------------------------------------------------------------------------------------
                                              1.754737   slack (MET)


Startpoint: b[0] (input port clocked by clk)
Endpoint: _315_ (rising edge-triggered flip-flop clocked by clk)
Path Group: clk
Path Type: min

Fanout         Cap        Slew       Delay        Time   Description
---------------------------------------------------------------------------------------------
                                  0.000000    0.000000   clock clk (rise edge)
                                  0.000000    0.000000   clock network delay (propagated)
                                  2.000000    2.000000 ^ input external delay
     1    0.003661    0.023468    0.012679    2.012679 ^ b[0] (in)
                                                         b[0] (net)
                      0.023476    0.000000    2.012679 ^ input9/A (sky130_fd_sc_hd__clkdlybuf4s25_1)
     1    0.001919    0.036340    0.217168    2.229847 ^ input9/X (sky130_fd_sc_hd__clkdlybuf4s25_1)
                                                         net9 (net)
                      0.036340    0.000051    2.229898 ^ _183_/B (sky130_fd_sc_hd__and2_2)
     1    0.002690    0.036327    0.118164    2.348062 ^ _183_/X (sky130_fd_sc_hd__and2_2)
                                                         _019_ (net)
                      0.036327    0.000074    2.348136 ^ _315_/D (sky130_fd_sc_hd__dfxtp_2)
                                              2.348136   data arrival time

                                  0.000000    0.000000   clock clk (rise edge)
                                  0.000000    0.000000   clock source latency
     1    0.017804    0.085938    0.061958    0.061958 ^ clk (in)
                                                         clk (net)
                      0.085948    0.000000    0.061958 ^ clkbuf_0_clk/A (sky130_fd_sc_hd__clkbuf_16)
     4    0.039527    0.059351    0.164209    0.226167 ^ clkbuf_0_clk/X (sky130_fd_sc_hd__clkbuf_16)
                                                         clknet_0_clk (net)
                      0.059373    0.001057    0.227224 ^ clkbuf_2_1__f_clk/A (sky130_fd_sc_hd__clkbuf_16)
     8    0.026488    0.047713    0.143259    0.370483 ^ clkbuf_2_1__f_clk/X (sky130_fd_sc_hd__clkbuf_16)
                                                         clknet_2_1__leaf_clk (net)
                      0.047775    0.001565    0.372049 ^ _315_/CLK (sky130_fd_sc_hd__dfxtp_2)
                                  0.250000    0.622049   clock uncertainty
                                  0.000000    0.622049   clock reconvergence pessimism
                                 -0.029028    0.593020   library hold time
                                              0.593020   data required time
---------------------------------------------------------------------------------------------
                                              0.593020   data required time
                                             -2.348136   data arrival time
---------------------------------------------------------------------------------------------
                                              1.755115   slack (MET)


Startpoint: a[2] (input port clocked by clk)
Endpoint: _309_ (rising edge-triggered flip-flop clocked by clk)
Path Group: clk
Path Type: min

Fanout         Cap        Slew       Delay        Time   Description
---------------------------------------------------------------------------------------------
                                  0.000000    0.000000   clock clk (rise edge)
                                  0.000000    0.000000   clock network delay (propagated)
                                  2.000000    2.000000 ^ input external delay
     1    0.003544    0.022959    0.012285    2.012285 ^ a[2] (in)
                                                         a[2] (net)
                      0.022967    0.000000    2.012285 ^ input3/A (sky130_fd_sc_hd__clkdlybuf4s25_1)
     1    0.002366    0.040252    0.220191    2.232476 ^ input3/X (sky130_fd_sc_hd__clkdlybuf4s25_1)
                                                         net3 (net)
                      0.040252    0.000064    2.232540 ^ _177_/B (sky130_fd_sc_hd__and2_2)
     1    0.002124    0.033895    0.116529    2.349069 ^ _177_/X (sky130_fd_sc_hd__and2_2)
                                                         _013_ (net)
                      0.033895    0.000058    2.349127 ^ _309_/D (sky130_fd_sc_hd__dfxtp_2)
                                              2.349127   data arrival time

                                  0.000000    0.000000   clock clk (rise edge)
                                  0.000000    0.000000   clock source latency
     1    0.017804    0.085938    0.061958    0.061958 ^ clk (in)
                                                         clk (net)
                      0.085948    0.000000    0.061958 ^ clkbuf_0_clk/A (sky130_fd_sc_hd__clkbuf_16)
     4    0.039527    0.059351    0.164209    0.226167 ^ clkbuf_0_clk/X (sky130_fd_sc_hd__clkbuf_16)
                                                         clknet_0_clk (net)
                      0.059373    0.001057    0.227224 ^ clkbuf_2_1__f_clk/A (sky130_fd_sc_hd__clkbuf_16)
     8    0.026488    0.047713    0.143259    0.370483 ^ clkbuf_2_1__f_clk/X (sky130_fd_sc_hd__clkbuf_16)
                                                         clknet_2_1__leaf_clk (net)
                      0.047762    0.001410    0.371893 ^ _309_/CLK (sky130_fd_sc_hd__dfxtp_2)
                                  0.250000    0.621893   clock uncertainty
                                  0.000000    0.621893   clock reconvergence pessimism
                                 -0.028527    0.593367   library hold time
                                              0.593367   data required time
---------------------------------------------------------------------------------------------
                                              0.593367   data required time
                                             -2.349127   data arrival time
---------------------------------------------------------------------------------------------
                                              1.755760   slack (MET)


Startpoint: b[2] (input port clocked by clk)
Endpoint: _317_ (rising edge-triggered flip-flop clocked by clk)
Path Group: clk
Path Type: min

Fanout         Cap        Slew       Delay        Time   Description
---------------------------------------------------------------------------------------------
                                  0.000000    0.000000   clock clk (rise edge)
                                  0.000000    0.000000   clock network delay (propagated)
                                  2.000000    2.000000 ^ input external delay
     1    0.003661    0.023468    0.012680    2.012680 ^ b[2] (in)
                                                         b[2] (net)
                      0.023476    0.000000    2.012680 ^ input11/A (sky130_fd_sc_hd__clkdlybuf4s25_1)
     1    0.002043    0.037306    0.218052    2.230731 ^ input11/X (sky130_fd_sc_hd__clkdlybuf4s25_1)
                                                         net11 (net)
                      0.037474    0.000054    2.230785 ^ _185_/B (sky130_fd_sc_hd__and2_2)
     1    0.003005    0.037676    0.120025    2.350811 ^ _185_/X (sky130_fd_sc_hd__and2_2)
                                                         _021_ (net)
                      0.037676    0.000087    2.350897 ^ _317_/D (sky130_fd_sc_hd__dfxtp_2)
                                              2.350897   data arrival time

                                  0.000000    0.000000   clock clk (rise edge)
                                  0.000000    0.000000   clock source latency
     1    0.017804    0.085938    0.061958    0.061958 ^ clk (in)
                                                         clk (net)
                      0.085948    0.000000    0.061958 ^ clkbuf_0_clk/A (sky130_fd_sc_hd__clkbuf_16)
     4    0.039527    0.059351    0.164209    0.226167 ^ clkbuf_0_clk/X (sky130_fd_sc_hd__clkbuf_16)
                                                         clknet_0_clk (net)
                      0.059373    0.001057    0.227224 ^ clkbuf_2_1__f_clk/A (sky130_fd_sc_hd__clkbuf_16)
     8    0.026488    0.047713    0.143259    0.370483 ^ clkbuf_2_1__f_clk/X (sky130_fd_sc_hd__clkbuf_16)
                                                         clknet_2_1__leaf_clk (net)
                      0.047763    0.001426    0.371909 ^ _317_/CLK (sky130_fd_sc_hd__dfxtp_2)
                                  0.250000    0.621909   clock uncertainty
                                  0.000000    0.621909   clock reconvergence pessimism
                                 -0.029309    0.592600   library hold time
                                              0.592600   data required time
---------------------------------------------------------------------------------------------
                                              0.592600   data required time
                                             -2.350897   data arrival time
---------------------------------------------------------------------------------------------
                                              1.758297   slack (MET)


Startpoint: a[6] (input port clocked by clk)
Endpoint: _313_ (rising edge-triggered flip-flop clocked by clk)
Path Group: clk
Path Type: min

Fanout         Cap        Slew       Delay        Time   Description
---------------------------------------------------------------------------------------------
                                  0.000000    0.000000   clock clk (rise edge)
                                  0.000000    0.000000   clock network delay (propagated)
                                  2.000000    2.000000 ^ input external delay
     1    0.003536    0.022924    0.012252    2.012252 ^ a[6] (in)
                                                         a[6] (net)
                      0.022924    0.000000    2.012252 ^ input7/A (sky130_fd_sc_hd__clkdlybuf4s25_1)
     1    0.002839    0.044391    0.223550    2.235802 ^ input7/X (sky130_fd_sc_hd__clkdlybuf4s25_1)
                                                         net7 (net)
                      0.044391    0.000077    2.235879 ^ _181_/B (sky130_fd_sc_hd__and2_2)
     1    0.002201    0.034217    0.118091    2.353970 ^ _181_/X (sky130_fd_sc_hd__and2_2)
                                                         _017_ (net)
                      0.034217    0.000061    2.354031 ^ _313_/D (sky130_fd_sc_hd__dfxtp_2)
                                              2.354031   data arrival time

                                  0.000000    0.000000   clock clk (rise edge)
                                  0.000000    0.000000   clock source latency
     1    0.017804    0.085938    0.061958    0.061958 ^ clk (in)
                                                         clk (net)
                      0.085948    0.000000    0.061958 ^ clkbuf_0_clk/A (sky130_fd_sc_hd__clkbuf_16)
     4    0.039527    0.059351    0.164209    0.226167 ^ clkbuf_0_clk/X (sky130_fd_sc_hd__clkbuf_16)
                                                         clknet_0_clk (net)
                      0.059356    0.000616    0.226784 ^ clkbuf_2_2__f_clk/A (sky130_fd_sc_hd__clkbuf_16)
     8    0.029672    0.050763    0.146392    0.373175 ^ clkbuf_2_2__f_clk/X (sky130_fd_sc_hd__clkbuf_16)
                                                         clknet_2_2__leaf_clk (net)
                      0.050765    0.000652    0.373827 ^ _313_/CLK (sky130_fd_sc_hd__dfxtp_2)
                                  0.250000    0.623827   clock uncertainty
                                  0.000000    0.623827   clock reconvergence pessimism
                                 -0.028199    0.595628   library hold time
                                              0.595628   data required time
---------------------------------------------------------------------------------------------
                                              0.595628   data required time
                                             -2.354031   data arrival time
---------------------------------------------------------------------------------------------
                                              1.758402   slack (MET)


Startpoint: a[5] (input port clocked by clk)
Endpoint: _312_ (rising edge-triggered flip-flop clocked by clk)
Path Group: clk
Path Type: min

Fanout         Cap        Slew       Delay        Time   Description
---------------------------------------------------------------------------------------------
                                  0.000000    0.000000   clock clk (rise edge)
                                  0.000000    0.000000   clock network delay (propagated)
                                  2.000000    2.000000 ^ input external delay
     1    0.003395    0.022310    0.011789    2.011790 ^ a[5] (in)
                                                         a[5] (net)
                      0.022310    0.000000    2.011790 ^ input6/A (sky130_fd_sc_hd__clkdlybuf4s25_1)
     1    0.003131    0.046958    0.225440    2.237229 ^ input6/X (sky130_fd_sc_hd__clkdlybuf4s25_1)
                                                         net6 (net)
                      0.046958    0.000093    2.237323 ^ _180_/B (sky130_fd_sc_hd__and2_2)
     1    0.002118    0.033858    0.118427    2.355750 ^ _180_/X (sky130_fd_sc_hd__and2_2)
                                                         _016_ (net)
                      0.033858    0.000058    2.355808 ^ _312_/D (sky130_fd_sc_hd__dfxtp_2)
                                              2.355808   data arrival time

                                  0.000000    0.000000   clock clk (rise edge)
                                  0.000000    0.000000   clock source latency
     1    0.017804    0.085938    0.061958    0.061958 ^ clk (in)
                                                         clk (net)
                      0.085948    0.000000    0.061958 ^ clkbuf_0_clk/A (sky130_fd_sc_hd__clkbuf_16)
     4    0.039527    0.059351    0.164209    0.226167 ^ clkbuf_0_clk/X (sky130_fd_sc_hd__clkbuf_16)
                                                         clknet_0_clk (net)
                      0.059356    0.000616    0.226784 ^ clkbuf_2_2__f_clk/A (sky130_fd_sc_hd__clkbuf_16)
     8    0.029672    0.050763    0.146392    0.373175 ^ clkbuf_2_2__f_clk/X (sky130_fd_sc_hd__clkbuf_16)
                                                         clknet_2_2__leaf_clk (net)
                      0.050766    0.000832    0.374008 ^ _312_/CLK (sky130_fd_sc_hd__dfxtp_2)
                                  0.250000    0.624008   clock uncertainty
                                  0.000000    0.624008   clock reconvergence pessimism
                                 -0.028124    0.595883   library hold time
                                              0.595883   data required time
---------------------------------------------------------------------------------------------
                                              0.595883   data required time
                                             -2.355808   data arrival time
---------------------------------------------------------------------------------------------
                                              1.759924   slack (MET)


Startpoint: op[2] (input port clocked by clk)
Endpoint: _325_ (rising edge-triggered flip-flop clocked by clk)
Path Group: clk
Path Type: min

Fanout         Cap        Slew       Delay        Time   Description
---------------------------------------------------------------------------------------------
                                  0.000000    0.000000   clock clk (rise edge)
                                  0.000000    0.000000   clock network delay (propagated)
                                  2.000000    2.000000 ^ input external delay
     1    0.003702    0.023643    0.012809    2.012809 ^ op[2] (in)
                                                         op[2] (net)
                      0.023651    0.000000    2.012809 ^ input19/A (sky130_fd_sc_hd__clkdlybuf4s25_1)
     1    0.002454    0.041013    0.221038    2.233847 ^ input19/X (sky130_fd_sc_hd__clkdlybuf4s25_1)
                                                         net19 (net)
                      0.041013    0.000069    2.233916 ^ _193_/B (sky130_fd_sc_hd__and2_2)
     1    0.002678    0.036268    0.119448    2.353364 ^ _193_/X (sky130_fd_sc_hd__and2_2)
                                                         _029_ (net)
                      0.036268    0.000075    2.353439 ^ _325_/D (sky130_fd_sc_hd__dfxtp_2)
                                              2.353439   data arrival time

                                  0.000000    0.000000   clock clk (rise edge)
                                  0.000000    0.000000   clock source latency
     1    0.017804    0.085938    0.061958    0.061958 ^ clk (in)
                                                         clk (net)
                      0.085948    0.000000    0.061958 ^ clkbuf_0_clk/A (sky130_fd_sc_hd__clkbuf_16)
     4    0.039527    0.059351    0.164209    0.226167 ^ clkbuf_0_clk/X (sky130_fd_sc_hd__clkbuf_16)
                                                         clknet_0_clk (net)
                      0.059373    0.001053    0.227220 ^ clkbuf_2_0__f_clk/A (sky130_fd_sc_hd__clkbuf_16)
     8    0.026991    0.048100    0.143825    0.371045 ^ clkbuf_2_0__f_clk/X (sky130_fd_sc_hd__clkbuf_16)
                                                         clknet_2_0__leaf_clk (net)
                      0.048141    0.001255    0.372301 ^ _325_/CLK (sky130_fd_sc_hd__dfxtp_2)
                                  0.250000    0.622301   clock uncertainty
                                  0.000000    0.622301   clock reconvergence pessimism
                                 -0.028968    0.593333   library hold time
                                              0.593333   data required time
---------------------------------------------------------------------------------------------
                                              0.593333   data required time
                                             -2.353439   data arrival time
---------------------------------------------------------------------------------------------
                                              1.760106   slack (MET)


Startpoint: a[1] (input port clocked by clk)
Endpoint: _308_ (rising edge-triggered flip-flop clocked by clk)
Path Group: clk
Path Type: min

Fanout         Cap        Slew       Delay        Time   Description
---------------------------------------------------------------------------------------------
                                  0.000000    0.000000   clock clk (rise edge)
                                  0.000000    0.000000   clock network delay (propagated)
                                  2.000000    2.000000 ^ input external delay
     1    0.003519    0.022849    0.012200    2.012200 ^ a[1] (in)
                                                         a[1] (net)
                      0.022856    0.000000    2.012200 ^ input2/A (sky130_fd_sc_hd__clkdlybuf4s25_1)
     1    0.002538    0.041754    0.221384    2.233584 ^ input2/X (sky130_fd_sc_hd__clkdlybuf4s25_1)
                                                         net2 (net)
                      0.041754    0.000069    2.233653 ^ _176_/B (sky130_fd_sc_hd__and2_2)
     1    0.002844    0.036977    0.120471    2.354124 ^ _176_/X (sky130_fd_sc_hd__and2_2)
                                                         _012_ (net)
                      0.036977    0.000081    2.354205 ^ _308_/D (sky130_fd_sc_hd__dfxtp_2)
                                              2.354205   data arrival time

                                  0.000000    0.000000   clock clk (rise edge)
                                  0.000000    0.000000   clock source latency
     1    0.017804    0.085938    0.061958    0.061958 ^ clk (in)
                                                         clk (net)
                      0.085948    0.000000    0.061958 ^ clkbuf_0_clk/A (sky130_fd_sc_hd__clkbuf_16)
     4    0.039527    0.059351    0.164209    0.226167 ^ clkbuf_0_clk/X (sky130_fd_sc_hd__clkbuf_16)
                                                         clknet_0_clk (net)
                      0.059373    0.001057    0.227224 ^ clkbuf_2_1__f_clk/A (sky130_fd_sc_hd__clkbuf_16)
     8    0.026488    0.047713    0.143259    0.370483 ^ clkbuf_2_1__f_clk/X (sky130_fd_sc_hd__clkbuf_16)
                                                         clknet_2_1__leaf_clk (net)
                      0.047771    0.001513    0.371996 ^ _308_/CLK (sky130_fd_sc_hd__dfxtp_2)
                                  0.250000    0.621996   clock uncertainty
                                  0.000000    0.621996   clock reconvergence pessimism
                                 -0.029164    0.592833   library hold time
                                              0.592833   data required time
---------------------------------------------------------------------------------------------
                                              0.592833   data required time
                                             -2.354205   data arrival time
---------------------------------------------------------------------------------------------
                                              1.761372   slack (MET)


Startpoint: a[4] (input port clocked by clk)
Endpoint: _311_ (rising edge-triggered flip-flop clocked by clk)
Path Group: clk
Path Type: min

Fanout         Cap        Slew       Delay        Time   Description
---------------------------------------------------------------------------------------------
                                  0.000000    0.000000   clock clk (rise edge)
                                  0.000000    0.000000   clock network delay (propagated)
                                  2.000000    2.000000 ^ input external delay
     1    0.003395    0.022310    0.011789    2.011790 ^ a[4] (in)
                                                         a[4] (net)
                      0.022310    0.000000    2.011790 ^ input5/A (sky130_fd_sc_hd__clkdlybuf4s25_1)
     1    0.003248    0.047996    0.226276    2.238065 ^ input5/X (sky130_fd_sc_hd__clkdlybuf4s25_1)
                                                         net5 (net)
                      0.047996    0.000095    2.238160 ^ _179_/B (sky130_fd_sc_hd__and2_2)
     1    0.002297    0.034625    0.119601    2.357761 ^ _179_/X (sky130_fd_sc_hd__and2_2)
                                                         _015_ (net)
                      0.034625    0.000062    2.357823 ^ _311_/D (sky130_fd_sc_hd__dfxtp_2)
                                              2.357823   data arrival time

                                  0.000000    0.000000   clock clk (rise edge)
                                  0.000000    0.000000   clock source latency
     1    0.017804    0.085938    0.061958    0.061958 ^ clk (in)
                                                         clk (net)
                      0.085948    0.000000    0.061958 ^ clkbuf_0_clk/A (sky130_fd_sc_hd__clkbuf_16)
     4    0.039527    0.059351    0.164209    0.226167 ^ clkbuf_0_clk/X (sky130_fd_sc_hd__clkbuf_16)
                                                         clknet_0_clk (net)
                      0.059356    0.000616    0.226784 ^ clkbuf_2_2__f_clk/A (sky130_fd_sc_hd__clkbuf_16)
     8    0.029672    0.050763    0.146392    0.373175 ^ clkbuf_2_2__f_clk/X (sky130_fd_sc_hd__clkbuf_16)
                                                         clknet_2_2__leaf_clk (net)
                      0.050767    0.000862    0.374037 ^ _311_/CLK (sky130_fd_sc_hd__dfxtp_2)
                                  0.250000    0.624037   clock uncertainty
                                  0.000000    0.624037   clock reconvergence pessimism
                                 -0.028283    0.595754   library hold time
                                              0.595754   data required time
---------------------------------------------------------------------------------------------
                                              0.595754   data required time
                                             -2.357823   data arrival time
---------------------------------------------------------------------------------------------
                                              1.762068   slack (MET)


Startpoint: b[4] (input port clocked by clk)
Endpoint: _319_ (rising edge-triggered flip-flop clocked by clk)
Path Group: clk
Path Type: min

Fanout         Cap        Slew       Delay        Time   Description
---------------------------------------------------------------------------------------------
                                  0.000000    0.000000   clock clk (rise edge)
                                  0.000000    0.000000   clock network delay (propagated)
                                  2.000000    2.000000 ^ input external delay
     1    0.003482    0.022688    0.012079    2.012079 ^ b[4] (in)
                                                         b[4] (net)
                      0.022695    0.000000    2.012079 ^ input13/A (sky130_fd_sc_hd__clkdlybuf4s25_1)
     1    0.003216    0.047710    0.226164    2.238243 ^ input13/X (sky130_fd_sc_hd__clkdlybuf4s25_1)
                                                         net13 (net)
                      0.047710    0.000091    2.238334 ^ _187_/B (sky130_fd_sc_hd__and2_2)
     1    0.002025    0.033457    0.118190    2.356524 ^ _187_/X (sky130_fd_sc_hd__and2_2)
                                                         _023_ (net)
                      0.033457    0.000053    2.356577 ^ _319_/D (sky130_fd_sc_hd__dfxtp_2)
                                              2.356577   data arrival time

                                  0.000000    0.000000   clock clk (rise edge)
                                  0.000000    0.000000   clock source latency
     1    0.017804    0.085938    0.061958    0.061958 ^ clk (in)
                                                         clk (net)
                      0.085948    0.000000    0.061958 ^ clkbuf_0_clk/A (sky130_fd_sc_hd__clkbuf_16)
     4    0.039527    0.059351    0.164209    0.226167 ^ clkbuf_0_clk/X (sky130_fd_sc_hd__clkbuf_16)
                                                         clknet_0_clk (net)
                      0.059373    0.001053    0.227220 ^ clkbuf_2_0__f_clk/A (sky130_fd_sc_hd__clkbuf_16)
     8    0.026991    0.048100    0.143825    0.371045 ^ clkbuf_2_0__f_clk/X (sky130_fd_sc_hd__clkbuf_16)
                                                         clknet_2_0__leaf_clk (net)
                      0.048125    0.001019    0.372064 ^ _319_/CLK (sky130_fd_sc_hd__dfxtp_2)
                                  0.250000    0.622064   clock uncertainty
                                  0.000000    0.622064   clock reconvergence pessimism
                                 -0.028388    0.593676   library hold time
                                              0.593676   data required time
---------------------------------------------------------------------------------------------
                                              0.593676   data required time
                                             -2.356577   data arrival time
---------------------------------------------------------------------------------------------
                                              1.762901   slack (MET)


Startpoint: b[5] (input port clocked by clk)
Endpoint: _320_ (rising edge-triggered flip-flop clocked by clk)
Path Group: clk
Path Type: min

Fanout         Cap        Slew       Delay        Time   Description
---------------------------------------------------------------------------------------------
                                  0.000000    0.000000   clock clk (rise edge)
                                  0.000000    0.000000   clock network delay (propagated)
                                  2.000000    2.000000 ^ input external delay
     1    0.003479    0.022674    0.012069    2.012069 ^ b[5] (in)
                                                         b[5] (net)
                      0.022682    0.000000    2.012069 ^ input14/A (sky130_fd_sc_hd__clkdlybuf4s25_1)
     1    0.003502    0.050268    0.228133    2.240202 ^ input14/X (sky130_fd_sc_hd__clkdlybuf4s25_1)
                                                         net14 (net)
                      0.050268    0.000115    2.240317 ^ _188_/B (sky130_fd_sc_hd__and2_2)
     1    0.002005    0.033364    0.118825    2.359142 ^ _188_/X (sky130_fd_sc_hd__and2_2)
                                                         _024_ (net)
                      0.033364    0.000053    2.359195 ^ _320_/D (sky130_fd_sc_hd__dfxtp_2)
                                              2.359195   data arrival time

                                  0.000000    0.000000   clock clk (rise edge)
                                  0.000000    0.000000   clock source latency
     1    0.017804    0.085938    0.061958    0.061958 ^ clk (in)
                                                         clk (net)
                      0.085948    0.000000    0.061958 ^ clkbuf_0_clk/A (sky130_fd_sc_hd__clkbuf_16)
     4    0.039527    0.059351    0.164209    0.226167 ^ clkbuf_0_clk/X (sky130_fd_sc_hd__clkbuf_16)
                                                         clknet_0_clk (net)
                      0.059356    0.000616    0.226784 ^ clkbuf_2_2__f_clk/A (sky130_fd_sc_hd__clkbuf_16)
     8    0.029672    0.050763    0.146392    0.373175 ^ clkbuf_2_2__f_clk/X (sky130_fd_sc_hd__clkbuf_16)
                                                         clknet_2_2__leaf_clk (net)
                      0.050767    0.000860    0.374036 ^ _320_/CLK (sky130_fd_sc_hd__dfxtp_2)
                                  0.250000    0.624036   clock uncertainty
                                  0.000000    0.624036   clock reconvergence pessimism
                                 -0.028022    0.596014   library hold time
                                              0.596014   data required time
---------------------------------------------------------------------------------------------
                                              0.596014   data required time
                                             -2.359195   data arrival time
---------------------------------------------------------------------------------------------
                                              1.763181   slack (MET)


Startpoint: b[3] (input port clocked by clk)
Endpoint: _318_ (rising edge-triggered flip-flop clocked by clk)
Path Group: clk
Path Type: min

Fanout         Cap        Slew       Delay        Time   Description
---------------------------------------------------------------------------------------------
                                  0.000000    0.000000   clock clk (rise edge)
                                  0.000000    0.000000   clock network delay (propagated)
                                  2.000000    2.000000 ^ input external delay
     1    0.003479    0.022674    0.012069    2.012069 ^ b[3] (in)
                                                         b[3] (net)
                      0.022682    0.000000    2.012069 ^ input12/A (sky130_fd_sc_hd__clkdlybuf4s25_1)
     1    0.003304    0.048498    0.226791    2.238859 ^ input12/X (sky130_fd_sc_hd__clkdlybuf4s25_1)
                                                         net12 (net)
                      0.048498    0.000099    2.238959 ^ _186_/B (sky130_fd_sc_hd__and2_2)
     1    0.002154    0.034007    0.119043    2.358001 ^ _186_/X (sky130_fd_sc_hd__and2_2)
                                                         _022_ (net)
                      0.034007    0.000058    2.358059 ^ _318_/D (sky130_fd_sc_hd__dfxtp_2)
                                              2.358059   data arrival time

                                  0.000000    0.000000   clock clk (rise edge)
                                  0.000000    0.000000   clock source latency
     1    0.017804    0.085938    0.061958    0.061958 ^ clk (in)
                                                         clk (net)
                      0.085948    0.000000    0.061958 ^ clkbuf_0_clk/A (sky130_fd_sc_hd__clkbuf_16)
     4    0.039527    0.059351    0.164209    0.226167 ^ clkbuf_0_clk/X (sky130_fd_sc_hd__clkbuf_16)
                                                         clknet_0_clk (net)
                      0.059373    0.001053    0.227220 ^ clkbuf_2_0__f_clk/A (sky130_fd_sc_hd__clkbuf_16)
     8    0.026991    0.048100    0.143825    0.371045 ^ clkbuf_2_0__f_clk/X (sky130_fd_sc_hd__clkbuf_16)
                                                         clknet_2_0__leaf_clk (net)
                      0.048122    0.000970    0.372015 ^ _318_/CLK (sky130_fd_sc_hd__dfxtp_2)
                                  0.250000    0.622015   clock uncertainty
                                  0.000000    0.622015   clock reconvergence pessimism
                                 -0.028503    0.593512   library hold time
                                              0.593512   data required time
---------------------------------------------------------------------------------------------
                                              0.593512   data required time
                                             -2.358059   data arrival time
---------------------------------------------------------------------------------------------
                                              1.764547   slack (MET)


Startpoint: b[6] (input port clocked by clk)
Endpoint: _321_ (rising edge-triggered flip-flop clocked by clk)
Path Group: clk
Path Type: min

Fanout         Cap        Slew       Delay        Time   Description
---------------------------------------------------------------------------------------------
                                  0.000000    0.000000   clock clk (rise edge)
                                  0.000000    0.000000   clock network delay (propagated)
                                  2.000000    2.000000 ^ input external delay
     1    0.003690    0.023590    0.012774    2.012774 ^ b[6] (in)
                                                         b[6] (net)
                      0.023598    0.000000    2.012774 ^ input15/A (sky130_fd_sc_hd__clkdlybuf4s25_1)
     1    0.003579    0.050963    0.228948    2.241722 ^ input15/X (sky130_fd_sc_hd__clkdlybuf4s25_1)
                                                         net15 (net)
                      0.050963    0.000111    2.241833 ^ _189_/B (sky130_fd_sc_hd__and2_2)
     1    0.002081    0.033689    0.119394    2.361227 ^ _189_/X (sky130_fd_sc_hd__and2_2)
                                                         _025_ (net)
                      0.033689    0.000056    2.361283 ^ _321_/D (sky130_fd_sc_hd__dfxtp_2)
                                              2.361283   data arrival time

                                  0.000000    0.000000   clock clk (rise edge)
                                  0.000000    0.000000   clock source latency
     1    0.017804    0.085938    0.061958    0.061958 ^ clk (in)
                                                         clk (net)
                      0.085948    0.000000    0.061958 ^ clkbuf_0_clk/A (sky130_fd_sc_hd__clkbuf_16)
     4    0.039527    0.059351    0.164209    0.226167 ^ clkbuf_0_clk/X (sky130_fd_sc_hd__clkbuf_16)
                                                         clknet_0_clk (net)
                      0.059356    0.000616    0.226784 ^ clkbuf_2_2__f_clk/A (sky130_fd_sc_hd__clkbuf_16)
     8    0.029672    0.050763    0.146392    0.373175 ^ clkbuf_2_2__f_clk/X (sky130_fd_sc_hd__clkbuf_16)
                                                         clknet_2_2__leaf_clk (net)
                      0.050765    0.000712    0.373887 ^ _321_/CLK (sky130_fd_sc_hd__dfxtp_2)
                                  0.250000    0.623887   clock uncertainty
                                  0.000000    0.623887   clock reconvergence pessimism
                                 -0.028089    0.595798   library hold time
                                              0.595798   data required time
---------------------------------------------------------------------------------------------
                                              0.595798   data required time
                                             -2.361283   data arrival time
---------------------------------------------------------------------------------------------
                                              1.765485   slack (MET)


Startpoint: b[7] (input port clocked by clk)
Endpoint: _322_ (rising edge-triggered flip-flop clocked by clk)
Path Group: clk
Path Type: min

Fanout         Cap        Slew       Delay        Time   Description
---------------------------------------------------------------------------------------------
                                  0.000000    0.000000   clock clk (rise edge)
                                  0.000000    0.000000   clock network delay (propagated)
                                  2.000000    2.000000 ^ input external delay
     1    0.003732    0.023776    0.012915    2.012915 ^ b[7] (in)
                                                         b[7] (net)
                      0.023784    0.000000    2.012915 ^ input16/A (sky130_fd_sc_hd__clkdlybuf4s25_1)
     1    0.003689    0.051959    0.229739    2.242654 ^ input16/X (sky130_fd_sc_hd__clkdlybuf4s25_1)
                                                         net16 (net)
                      0.051987    0.000121    2.242775 ^ _190_/B (sky130_fd_sc_hd__and2_2)
     1    0.002076    0.033666    0.119664    2.362439 ^ _190_/X (sky130_fd_sc_hd__and2_2)
                                                         _026_ (net)
                      0.033666    0.000056    2.362495 ^ _322_/D (sky130_fd_sc_hd__dfxtp_2)
                                              2.362495   data arrival time

                                  0.000000    0.000000   clock clk (rise edge)
                                  0.000000    0.000000   clock source latency
     1    0.017804    0.085938    0.061958    0.061958 ^ clk (in)
                                                         clk (net)
                      0.085948    0.000000    0.061958 ^ clkbuf_0_clk/A (sky130_fd_sc_hd__clkbuf_16)
     4    0.039527    0.059351    0.164209    0.226167 ^ clkbuf_0_clk/X (sky130_fd_sc_hd__clkbuf_16)
                                                         clknet_0_clk (net)
                      0.059356    0.000616    0.226784 ^ clkbuf_2_2__f_clk/A (sky130_fd_sc_hd__clkbuf_16)
     8    0.029672    0.050763    0.146392    0.373175 ^ clkbuf_2_2__f_clk/X (sky130_fd_sc_hd__clkbuf_16)
                                                         clknet_2_2__leaf_clk (net)
                      0.050763    0.000329    0.373504 ^ _322_/CLK (sky130_fd_sc_hd__dfxtp_2)
                                  0.250000    0.623504   clock uncertainty
                                  0.000000    0.623504   clock reconvergence pessimism
                                 -0.028085    0.595419   library hold time
                                              0.595419   data required time
---------------------------------------------------------------------------------------------
                                              0.595419   data required time
                                             -2.362495   data arrival time
---------------------------------------------------------------------------------------------
                                              1.767076   slack (MET)


Startpoint: a[7] (input port clocked by clk)
Endpoint: _314_ (rising edge-triggered flip-flop clocked by clk)
Path Group: clk
Path Type: min

Fanout         Cap        Slew       Delay        Time   Description
---------------------------------------------------------------------------------------------
                                  0.000000    0.000000   clock clk (rise edge)
                                  0.000000    0.000000   clock network delay (propagated)
                                  2.000000    2.000000 ^ input external delay
     1    0.003785    0.024005    0.013090    2.013090 ^ a[7] (in)
                                                         a[7] (net)
                      0.024013    0.000000    2.013090 ^ input8/A (sky130_fd_sc_hd__clkdlybuf4s25_1)
     1    0.003258    0.048081    0.226892    2.239982 ^ input8/X (sky130_fd_sc_hd__clkdlybuf4s25_1)
                                                         net8 (net)
                      0.048081    0.000097    2.240079 ^ _182_/B (sky130_fd_sc_hd__and2_2)
     1    0.002112    0.033828    0.118724    2.358803 ^ _182_/X (sky130_fd_sc_hd__and2_2)
                                                         _018_ (net)
                      0.033828    0.000039    2.358842 ^ _314_/D (sky130_fd_sc_hd__dfxtp_2)
                                              2.358842   data arrival time

                                  0.000000    0.000000   clock clk (rise edge)
                                  0.000000    0.000000   clock source latency
     1    0.017804    0.085938    0.061958    0.061958 ^ clk (in)
                                                         clk (net)
                      0.085948    0.000000    0.061958 ^ clkbuf_0_clk/A (sky130_fd_sc_hd__clkbuf_16)
     4    0.039527    0.059351    0.164209    0.226167 ^ clkbuf_0_clk/X (sky130_fd_sc_hd__clkbuf_16)
                                                         clknet_0_clk (net)
                      0.059356    0.000618    0.226786 ^ clkbuf_2_3__f_clk/A (sky130_fd_sc_hd__clkbuf_16)
     8    0.024970    0.046268    0.141928    0.368714 ^ clkbuf_2_3__f_clk/X (sky130_fd_sc_hd__clkbuf_16)
                                                         clknet_2_3__leaf_clk (net)
                      0.046298    0.001100    0.369814 ^ _314_/CLK (sky130_fd_sc_hd__dfxtp_2)
                                  0.250000    0.619814   clock uncertainty
                                  0.000000    0.619814   clock reconvergence pessimism
                                 -0.028705    0.591109   library hold time
                                              0.591109   data required time
---------------------------------------------------------------------------------------------
                                              0.591109   data required time
                                             -2.358842   data arrival time
---------------------------------------------------------------------------------------------
                                              1.767733   slack (MET)


Startpoint: a[3] (input port clocked by clk)
Endpoint: _310_ (rising edge-triggered flip-flop clocked by clk)
Path Group: clk
Path Type: min

Fanout         Cap        Slew       Delay        Time   Description
---------------------------------------------------------------------------------------------
                                  0.000000    0.000000   clock clk (rise edge)
                                  0.000000    0.000000   clock network delay (propagated)
                                  2.000000    2.000000 ^ input external delay
     1    0.003483    0.022692    0.012082    2.012082 ^ a[3] (in)
                                                         a[3] (net)
                      0.022700    0.000000    2.012082 ^ input4/A (sky130_fd_sc_hd__clkdlybuf4s25_1)
     1    0.004043    0.055221    0.231756    2.243838 ^ input4/X (sky130_fd_sc_hd__clkdlybuf4s25_1)
                                                         net4 (net)
                      0.055221    0.000132    2.243969 ^ _178_/B (sky130_fd_sc_hd__and2_2)
     1    0.002240    0.034371    0.121384    2.365354 ^ _178_/X (sky130_fd_sc_hd__and2_2)
                                                         _014_ (net)
                      0.034371    0.000063    2.365417 ^ _310_/D (sky130_fd_sc_hd__dfxtp_2)
                                              2.365417   data arrival time

                                  0.000000    0.000000   clock clk (rise edge)
                                  0.000000    0.000000   clock source latency
     1    0.017804    0.085938    0.061958    0.061958 ^ clk (in)
                                                         clk (net)
                      0.085948    0.000000    0.061958 ^ clkbuf_0_clk/A (sky130_fd_sc_hd__clkbuf_16)
     4    0.039527    0.059351    0.164209    0.226167 ^ clkbuf_0_clk/X (sky130_fd_sc_hd__clkbuf_16)
                                                         clknet_0_clk (net)
                      0.059373    0.001053    0.227220 ^ clkbuf_2_0__f_clk/A (sky130_fd_sc_hd__clkbuf_16)
     8    0.026991    0.048100    0.143825    0.371045 ^ clkbuf_2_0__f_clk/X (sky130_fd_sc_hd__clkbuf_16)
                                                         clknet_2_0__leaf_clk (net)
                      0.048118    0.000889    0.371935 ^ _310_/CLK (sky130_fd_sc_hd__dfxtp_2)
                                  0.250000    0.621935   clock uncertainty
                                  0.000000    0.621935   clock reconvergence pessimism
                                 -0.028578    0.593356   library hold time
                                              0.593356   data required time
---------------------------------------------------------------------------------------------
                                              0.593356   data required time
                                             -2.365417   data arrival time
---------------------------------------------------------------------------------------------
                                              1.772060   slack (MET)


Startpoint: _305_ (rising edge-triggered flip-flop clocked by clk)
Endpoint: zero (output port clocked by clk)
Path Group: clk
Path Type: min

Fanout         Cap        Slew       Delay        Time   Description
---------------------------------------------------------------------------------------------
                                  0.000000    0.000000   clock clk (rise edge)
                                  0.000000    0.000000   clock source latency
     1    0.017804    0.085938    0.056057    0.056057 ^ clk (in)
                                                         clk (net)
                      0.085948    0.000000    0.056057 ^ clkbuf_0_clk/A (sky130_fd_sc_hd__clkbuf_16)
     4    0.039527    0.059351    0.148570    0.204628 ^ clkbuf_0_clk/X (sky130_fd_sc_hd__clkbuf_16)
                                                         clknet_0_clk (net)
                      0.059356    0.000559    0.205187 ^ clkbuf_2_3__f_clk/A (sky130_fd_sc_hd__clkbuf_16)
     8    0.024970    0.046268    0.128411    0.333598 ^ clkbuf_2_3__f_clk/X (sky130_fd_sc_hd__clkbuf_16)
                                                         clknet_2_3__leaf_clk (net)
                      0.046278    0.000657    0.334255 ^ _305_/CLK (sky130_fd_sc_hd__dfxtp_2)
     1    0.002655    0.022241    0.286614    0.620869 v _305_/Q (sky130_fd_sc_hd__dfxtp_2)
                                                         net32 (net)
                      0.022241    0.000073    0.620942 v output32/A (sky130_fd_sc_hd__clkdlybuf4s25_1)
     1    0.034909    0.259693    0.387536    1.008478 v output32/X (sky130_fd_sc_hd__clkdlybuf4s25_1)
                                                         zero (net)
                      0.259693    0.000708    1.009186 v zero (out)
                                              1.009186   data arrival time

                                  0.000000    0.000000   clock clk (rise edge)
                                  0.000000    0.000000   clock network delay (propagated)
                                  0.250000    0.250000   clock uncertainty
                                  0.000000    0.250000   clock reconvergence pessimism
                                 -2.000000   -1.750000   output external delay
                                             -1.750000   data required time
---------------------------------------------------------------------------------------------
                                             -1.750000   data required time
                                             -1.009186   data arrival time
---------------------------------------------------------------------------------------------
                                              2.759186   slack (MET)


Startpoint: _301_ (rising edge-triggered flip-flop clocked by clk)
Endpoint: y[4] (output port clocked by clk)
Path Group: clk
Path Type: min

Fanout         Cap        Slew       Delay        Time   Description
---------------------------------------------------------------------------------------------
                                  0.000000    0.000000   clock clk (rise edge)
                                  0.000000    0.000000   clock source latency
     1    0.017804    0.085938    0.056057    0.056057 ^ clk (in)
                                                         clk (net)
                      0.085948    0.000000    0.056057 ^ clkbuf_0_clk/A (sky130_fd_sc_hd__clkbuf_16)
     4    0.039527    0.059351    0.148570    0.204628 ^ clkbuf_0_clk/X (sky130_fd_sc_hd__clkbuf_16)
                                                         clknet_0_clk (net)
                      0.059356    0.000559    0.205187 ^ clkbuf_2_3__f_clk/A (sky130_fd_sc_hd__clkbuf_16)
     8    0.024970    0.046268    0.128411    0.333598 ^ clkbuf_2_3__f_clk/X (sky130_fd_sc_hd__clkbuf_16)
                                                         clknet_2_3__leaf_clk (net)
                      0.046305    0.001084    0.334682 ^ _301_/CLK (sky130_fd_sc_hd__dfxtp_2)
     1    0.002606    0.022154    0.286458    0.621139 v _301_/Q (sky130_fd_sc_hd__dfxtp_2)
                                                         net28 (net)
                      0.022154    0.000071    0.621211 v output28/A (sky130_fd_sc_hd__clkdlybuf4s25_1)
     1    0.035003    0.260431    0.387824    1.009034 v output28/X (sky130_fd_sc_hd__clkdlybuf4s25_1)
                                                         y[4] (net)
                      0.260431    0.000897    1.009931 v y[4] (out)
                                              1.009931   data arrival time

                                  0.000000    0.000000   clock clk (rise edge)
                                  0.000000    0.000000   clock network delay (propagated)
                                  0.250000    0.250000   clock uncertainty
                                  0.000000    0.250000   clock reconvergence pessimism
                                 -2.000000   -1.750000   output external delay
                                             -1.750000   data required time
---------------------------------------------------------------------------------------------
                                             -1.750000   data required time
                                             -1.009931   data arrival time
---------------------------------------------------------------------------------------------
                                              2.759931   slack (MET)


Startpoint: _303_ (rising edge-triggered flip-flop clocked by clk)
Endpoint: y[6] (output port clocked by clk)
Path Group: clk
Path Type: min

Fanout         Cap        Slew       Delay        Time   Description
---------------------------------------------------------------------------------------------
                                  0.000000    0.000000   clock clk (rise edge)
                                  0.000000    0.000000   clock source latency
     1    0.017804    0.085938    0.056057    0.056057 ^ clk (in)
                                                         clk (net)
                      0.085948    0.000000    0.056057 ^ clkbuf_0_clk/A (sky130_fd_sc_hd__clkbuf_16)
     4    0.039527    0.059351    0.148570    0.204628 ^ clkbuf_0_clk/X (sky130_fd_sc_hd__clkbuf_16)
                                                         clknet_0_clk (net)
                      0.059356    0.000559    0.205187 ^ clkbuf_2_3__f_clk/A (sky130_fd_sc_hd__clkbuf_16)
     8    0.024970    0.046268    0.128411    0.333598 ^ clkbuf_2_3__f_clk/X (sky130_fd_sc_hd__clkbuf_16)
                                                         clknet_2_3__leaf_clk (net)
                      0.046276    0.000621    0.334219 ^ _303_/CLK (sky130_fd_sc_hd__dfxtp_2)
     1    0.003275    0.023492    0.288745    0.622965 v _303_/Q (sky130_fd_sc_hd__dfxtp_2)
                                                         net30 (net)
                      0.023492    0.000098    0.623063 v output30/A (sky130_fd_sc_hd__clkdlybuf4s25_1)
     1    0.035131    0.261307    0.389010    1.012072 v output30/X (sky130_fd_sc_hd__clkdlybuf4s25_1)
                                                         y[6] (net)
                      0.261308    0.000872    1.012945 v y[6] (out)
                                              1.012945   data arrival time

                                  0.000000    0.000000   clock clk (rise edge)
                                  0.000000    0.000000   clock network delay (propagated)
                                  0.250000    0.250000   clock uncertainty
                                  0.000000    0.250000   clock reconvergence pessimism
                                 -2.000000   -1.750000   output external delay
                                             -1.750000   data required time
---------------------------------------------------------------------------------------------
                                             -1.750000   data required time
                                             -1.012945   data arrival time
---------------------------------------------------------------------------------------------
                                              2.762945   slack (MET)


Startpoint: _296_ (rising edge-triggered flip-flop clocked by clk)
Endpoint: overflow (output port clocked by clk)
Path Group: clk
Path Type: min

Fanout         Cap        Slew       Delay        Time   Description
---------------------------------------------------------------------------------------------
                                  0.000000    0.000000   clock clk (rise edge)
                                  0.000000    0.000000   clock source latency
     1    0.017804    0.085938    0.056057    0.056057 ^ clk (in)
                                                         clk (net)
                      0.085948    0.000000    0.056057 ^ clkbuf_0_clk/A (sky130_fd_sc_hd__clkbuf_16)
     4    0.039527    0.059351    0.148570    0.204628 ^ clkbuf_0_clk/X (sky130_fd_sc_hd__clkbuf_16)
                                                         clknet_0_clk (net)
                      0.059356    0.000558    0.205185 ^ clkbuf_2_2__f_clk/A (sky130_fd_sc_hd__clkbuf_16)
     8    0.029672    0.050763    0.132450    0.337635 ^ clkbuf_2_2__f_clk/X (sky130_fd_sc_hd__clkbuf_16)
                                                         clknet_2_2__leaf_clk (net)
                      0.050763    0.000286    0.337921 ^ _296_/CLK (sky130_fd_sc_hd__dfxtp_2)
     1    0.002659    0.022251    0.288198    0.626118 v _296_/Q (sky130_fd_sc_hd__dfxtp_2)
                                                         net23 (net)
                      0.022251    0.000074    0.626192 v output23/A (sky130_fd_sc_hd__clkdlybuf4s25_1)
     1    0.034722    0.258335    0.386650    1.012842 v output23/X (sky130_fd_sc_hd__clkdlybuf4s25_1)
                                                         overflow (net)
                      0.258335    0.000645    1.013487 v overflow (out)
                                              1.013487   data arrival time

                                  0.000000    0.000000   clock clk (rise edge)
                                  0.000000    0.000000   clock network delay (propagated)
                                  0.250000    0.250000   clock uncertainty
                                  0.000000    0.250000   clock reconvergence pessimism
                                 -2.000000   -1.750000   output external delay
                                             -1.750000   data required time
---------------------------------------------------------------------------------------------
                                             -1.750000   data required time
                                             -1.013487   data arrival time
---------------------------------------------------------------------------------------------
                                              2.763487   slack (MET)


Startpoint: _300_ (rising edge-triggered flip-flop clocked by clk)
Endpoint: y[3] (output port clocked by clk)
Path Group: clk
Path Type: min

Fanout         Cap        Slew       Delay        Time   Description
---------------------------------------------------------------------------------------------
                                  0.000000    0.000000   clock clk (rise edge)
                                  0.000000    0.000000   clock source latency
     1    0.017804    0.085938    0.056057    0.056057 ^ clk (in)
                                                         clk (net)
                      0.085948    0.000000    0.056057 ^ clkbuf_0_clk/A (sky130_fd_sc_hd__clkbuf_16)
     4    0.039527    0.059351    0.148570    0.204628 ^ clkbuf_0_clk/X (sky130_fd_sc_hd__clkbuf_16)
                                                         clknet_0_clk (net)
                      0.059356    0.000559    0.205187 ^ clkbuf_2_3__f_clk/A (sky130_fd_sc_hd__clkbuf_16)
     8    0.024970    0.046268    0.128411    0.333598 ^ clkbuf_2_3__f_clk/X (sky130_fd_sc_hd__clkbuf_16)
                                                         clknet_2_3__leaf_clk (net)
                      0.046305    0.001095    0.334693 ^ _300_/CLK (sky130_fd_sc_hd__dfxtp_2)
     1    0.002757    0.022427    0.286974    0.621667 v _300_/Q (sky130_fd_sc_hd__dfxtp_2)
                                                         net27 (net)
                      0.022427    0.000078    0.621745 v output27/A (sky130_fd_sc_hd__clkdlybuf4s25_1)
     1    0.035602    0.264728    0.390840    1.012586 v output27/X (sky130_fd_sc_hd__clkdlybuf4s25_1)
                                                         y[3] (net)
                      0.264729    0.001017    1.013603 v y[3] (out)
                                              1.013603   data arrival time

                                  0.000000    0.000000   clock clk (rise edge)
                                  0.000000    0.000000   clock network delay (propagated)
                                  0.250000    0.250000   clock uncertainty
                                  0.000000    0.250000   clock reconvergence pessimism
                                 -2.000000   -1.750000   output external delay
                                             -1.750000   data required time
---------------------------------------------------------------------------------------------
                                             -1.750000   data required time
                                             -1.013603   data arrival time
---------------------------------------------------------------------------------------------
                                              2.763603   slack (MET)


Startpoint: _299_ (rising edge-triggered flip-flop clocked by clk)
Endpoint: y[2] (output port clocked by clk)
Path Group: clk
Path Type: min

Fanout         Cap        Slew       Delay        Time   Description
---------------------------------------------------------------------------------------------
                                  0.000000    0.000000   clock clk (rise edge)
                                  0.000000    0.000000   clock source latency
     1    0.017804    0.085938    0.056057    0.056057 ^ clk (in)
                                                         clk (net)
                      0.085948    0.000000    0.056057 ^ clkbuf_0_clk/A (sky130_fd_sc_hd__clkbuf_16)
     4    0.039527    0.059351    0.148570    0.204628 ^ clkbuf_0_clk/X (sky130_fd_sc_hd__clkbuf_16)
                                                         clknet_0_clk (net)
                      0.059373    0.000956    0.205584 ^ clkbuf_2_1__f_clk/A (sky130_fd_sc_hd__clkbuf_16)
     8    0.026488    0.047713    0.129616    0.335199 ^ clkbuf_2_1__f_clk/X (sky130_fd_sc_hd__clkbuf_16)
                                                         clknet_2_1__leaf_clk (net)
                      0.047734    0.000909    0.336108 ^ _299_/CLK (sky130_fd_sc_hd__dfxtp_2)
     1    0.002839    0.022581    0.287757    0.623865 v _299_/Q (sky130_fd_sc_hd__dfxtp_2)
                                                         net26 (net)
                      0.022581    0.000081    0.623946 v output26/A (sky130_fd_sc_hd__clkdlybuf4s25_1)
     1    0.035162    0.261555    0.388771    1.012717 v output26/X (sky130_fd_sc_hd__clkdlybuf4s25_1)
                                                         y[2] (net)
                      0.261556    0.000924    1.013641 v y[2] (out)
                                              1.013641   data arrival time

                                  0.000000    0.000000   clock clk (rise edge)
                                  0.000000    0.000000   clock network delay (propagated)
                                  0.250000    0.250000   clock uncertainty
                                  0.000000    0.250000   clock reconvergence pessimism
                                 -2.000000   -1.750000   output external delay
                                             -1.750000   data required time
---------------------------------------------------------------------------------------------
                                             -1.750000   data required time
                                             -1.013641   data arrival time
---------------------------------------------------------------------------------------------
                                              2.763641   slack (MET)


Startpoint: _298_ (rising edge-triggered flip-flop clocked by clk)
Endpoint: y[1] (output port clocked by clk)
Path Group: clk
Path Type: min

Fanout         Cap        Slew       Delay        Time   Description
---------------------------------------------------------------------------------------------
                                  0.000000    0.000000   clock clk (rise edge)
                                  0.000000    0.000000   clock source latency
     1    0.017804    0.085938    0.056057    0.056057 ^ clk (in)
                                                         clk (net)
                      0.085948    0.000000    0.056057 ^ clkbuf_0_clk/A (sky130_fd_sc_hd__clkbuf_16)
     4    0.039527    0.059351    0.148570    0.204628 ^ clkbuf_0_clk/X (sky130_fd_sc_hd__clkbuf_16)
                                                         clknet_0_clk (net)
                      0.059373    0.000956    0.205584 ^ clkbuf_2_1__f_clk/A (sky130_fd_sc_hd__clkbuf_16)
     8    0.026488    0.047713    0.129616    0.335199 ^ clkbuf_2_1__f_clk/X (sky130_fd_sc_hd__clkbuf_16)
                                                         clknet_2_1__leaf_clk (net)
                      0.047738    0.000963    0.336162 ^ _298_/CLK (sky130_fd_sc_hd__dfxtp_2)
     1    0.002839    0.022581    0.287759    0.623921 v _298_/Q (sky130_fd_sc_hd__dfxtp_2)
                                                         net25 (net)
                      0.022581    0.000081    0.624001 v output25/A (sky130_fd_sc_hd__clkdlybuf4s25_1)
     1    0.035162    0.261555    0.388771    1.012772 v output25/X (sky130_fd_sc_hd__clkdlybuf4s25_1)
                                                         y[1] (net)
                      0.261556    0.000924    1.013696 v y[1] (out)
                                              1.013696   data arrival time

                                  0.000000    0.000000   clock clk (rise edge)
                                  0.000000    0.000000   clock network delay (propagated)
                                  0.250000    0.250000   clock uncertainty
                                  0.000000    0.250000   clock reconvergence pessimism
                                 -2.000000   -1.750000   output external delay
                                             -1.750000   data required time
---------------------------------------------------------------------------------------------
                                             -1.750000   data required time
                                             -1.013696   data arrival time
---------------------------------------------------------------------------------------------
                                              2.763696   slack (MET)


Startpoint: _304_ (rising edge-triggered flip-flop clocked by clk)
Endpoint: carry (output port clocked by clk)
Path Group: clk
Path Type: min

Fanout         Cap        Slew       Delay        Time   Description
---------------------------------------------------------------------------------------------
                                  0.000000    0.000000   clock clk (rise edge)
                                  0.000000    0.000000   clock source latency
     1    0.017804    0.085938    0.056057    0.056057 ^ clk (in)
                                                         clk (net)
                      0.085948    0.000000    0.056057 ^ clkbuf_0_clk/A (sky130_fd_sc_hd__clkbuf_16)
     4    0.039527    0.059351    0.148570    0.204628 ^ clkbuf_0_clk/X (sky130_fd_sc_hd__clkbuf_16)
                                                         clknet_0_clk (net)
                      0.059356    0.000558    0.205185 ^ clkbuf_2_2__f_clk/A (sky130_fd_sc_hd__clkbuf_16)
     8    0.029672    0.050763    0.132450    0.337635 ^ clkbuf_2_2__f_clk/X (sky130_fd_sc_hd__clkbuf_16)
                                                         clknet_2_2__leaf_clk (net)
                      0.050764    0.000332    0.337967 ^ _304_/CLK (sky130_fd_sc_hd__dfxtp_2)
     1    0.002681    0.022291    0.288274    0.626241 v _304_/Q (sky130_fd_sc_hd__dfxtp_2)
                                                         net21 (net)
                      0.022291    0.000074    0.626315 v output21/A (sky130_fd_sc_hd__clkdlybuf4s25_1)
     1    0.034751    0.258548    0.386795    1.013110 v output21/X (sky130_fd_sc_hd__clkdlybuf4s25_1)
                                                         carry (net)
                      0.258548    0.000665    1.013776 v carry (out)
                                              1.013776   data arrival time

                                  0.000000    0.000000   clock clk (rise edge)
                                  0.000000    0.000000   clock network delay (propagated)
                                  0.250000    0.250000   clock uncertainty
                                  0.000000    0.250000   clock reconvergence pessimism
                                 -2.000000   -1.750000   output external delay
                                             -1.750000   data required time
---------------------------------------------------------------------------------------------
                                             -1.750000   data required time
                                             -1.013776   data arrival time
---------------------------------------------------------------------------------------------
                                              2.763776   slack (MET)


Startpoint: _302_ (rising edge-triggered flip-flop clocked by clk)
Endpoint: y[5] (output port clocked by clk)
Path Group: clk
Path Type: min

Fanout         Cap        Slew       Delay        Time   Description
---------------------------------------------------------------------------------------------
                                  0.000000    0.000000   clock clk (rise edge)
                                  0.000000    0.000000   clock source latency
     1    0.017804    0.085938    0.056057    0.056057 ^ clk (in)
                                                         clk (net)
                      0.085948    0.000000    0.056057 ^ clkbuf_0_clk/A (sky130_fd_sc_hd__clkbuf_16)
     4    0.039527    0.059351    0.148570    0.204628 ^ clkbuf_0_clk/X (sky130_fd_sc_hd__clkbuf_16)
                                                         clknet_0_clk (net)
                      0.059356    0.000559    0.205187 ^ clkbuf_2_3__f_clk/A (sky130_fd_sc_hd__clkbuf_16)
     8    0.024970    0.046268    0.128411    0.333598 ^ clkbuf_2_3__f_clk/X (sky130_fd_sc_hd__clkbuf_16)
                                                         clknet_2_3__leaf_clk (net)
                      0.046286    0.000814    0.334412 ^ _302_/CLK (sky130_fd_sc_hd__dfxtp_2)
     1    0.003444    0.023924    0.289334    0.623746 v _302_/Q (sky130_fd_sc_hd__dfxtp_2)
                                                         net29 (net)
                      0.023924    0.000097    0.623844 v output29/A (sky130_fd_sc_hd__clkdlybuf4s25_1)
     1    0.035236    0.262020    0.389806    1.013650 v output29/X (sky130_fd_sc_hd__clkdlybuf4s25_1)
                                                         y[5] (net)
                      0.262020    0.000753    1.014403 v y[5] (out)
                                              1.014403   data arrival time

                                  0.000000    0.000000   clock clk (rise edge)
                                  0.000000    0.000000   clock network delay (propagated)
                                  0.250000    0.250000   clock uncertainty
                                  0.000000    0.250000   clock reconvergence pessimism
                                 -2.000000   -1.750000   output external delay
                                             -1.750000   data required time
---------------------------------------------------------------------------------------------
                                             -1.750000   data required time
                                             -1.014403   data arrival time
---------------------------------------------------------------------------------------------
                                              2.764403   slack (MET)


Startpoint: _297_ (rising edge-triggered flip-flop clocked by clk)
Endpoint: y[0] (output port clocked by clk)
Path Group: clk
Path Type: min

Fanout         Cap        Slew       Delay        Time   Description
---------------------------------------------------------------------------------------------
                                  0.000000    0.000000   clock clk (rise edge)
                                  0.000000    0.000000   clock source latency
     1    0.017804    0.085938    0.056057    0.056057 ^ clk (in)
                                                         clk (net)
                      0.085948    0.000000    0.056057 ^ clkbuf_0_clk/A (sky130_fd_sc_hd__clkbuf_16)
     4    0.039527    0.059351    0.148570    0.204628 ^ clkbuf_0_clk/X (sky130_fd_sc_hd__clkbuf_16)
                                                         clknet_0_clk (net)
                      0.059373    0.000956    0.205584 ^ clkbuf_2_1__f_clk/A (sky130_fd_sc_hd__clkbuf_16)
     8    0.026488    0.047713    0.129616    0.335199 ^ clkbuf_2_1__f_clk/X (sky130_fd_sc_hd__clkbuf_16)
                                                         clknet_2_1__leaf_clk (net)
                      0.047733    0.000878    0.336077 ^ _297_/CLK (sky130_fd_sc_hd__dfxtp_2)
     1    0.003321    0.023608    0.289413    0.625490 v _297_/Q (sky130_fd_sc_hd__dfxtp_2)
                                                         net24 (net)
                      0.023608    0.000098    0.625588 v output24/A (sky130_fd_sc_hd__clkdlybuf4s25_1)
     1    0.035131    0.261316    0.389029    1.014617 v output24/X (sky130_fd_sc_hd__clkdlybuf4s25_1)
                                                         y[0] (net)
                      0.261317    0.000911    1.015527 v y[0] (out)
                                              1.015527   data arrival time

                                  0.000000    0.000000   clock clk (rise edge)
                                  0.000000    0.000000   clock network delay (propagated)
                                  0.250000    0.250000   clock uncertainty
                                  0.000000    0.250000   clock reconvergence pessimism
                                 -2.000000   -1.750000   output external delay
                                             -1.750000   data required time
---------------------------------------------------------------------------------------------
                                             -1.750000   data required time
                                             -1.015527   data arrival time
---------------------------------------------------------------------------------------------
                                              2.765527   slack (MET)


Startpoint: _306_ (rising edge-triggered flip-flop clocked by clk)
Endpoint: negative (output port clocked by clk)
Path Group: clk
Path Type: min

Fanout         Cap        Slew       Delay        Time   Description
---------------------------------------------------------------------------------------------
                                  0.000000    0.000000   clock clk (rise edge)
                                  0.000000    0.000000   clock source latency
     1    0.017804    0.085938    0.056057    0.056057 ^ clk (in)
                                                         clk (net)
                      0.085948    0.000000    0.056057 ^ clkbuf_0_clk/A (sky130_fd_sc_hd__clkbuf_16)
     4    0.039527    0.059351    0.148570    0.204628 ^ clkbuf_0_clk/X (sky130_fd_sc_hd__clkbuf_16)
                                                         clknet_0_clk (net)
                      0.059356    0.000559    0.205187 ^ clkbuf_2_3__f_clk/A (sky130_fd_sc_hd__clkbuf_16)
     8    0.024970    0.046268    0.128411    0.333598 ^ clkbuf_2_3__f_clk/X (sky130_fd_sc_hd__clkbuf_16)
                                                         clknet_2_3__leaf_clk (net)
                      0.046273    0.000540    0.334138 ^ _306_/CLK (sky130_fd_sc_hd__dfxtp_2)
     2    0.004724    0.027039    0.293251    0.627389 v _306_/Q (sky130_fd_sc_hd__dfxtp_2)
                                                         net22 (net)
                      0.027039    0.000102    0.627491 v output22/A (sky130_fd_sc_hd__clkdlybuf4s25_1)
     1    0.035073    0.260874    0.390318    1.017809 v output22/X (sky130_fd_sc_hd__clkdlybuf4s25_1)
                                                         negative (net)
                      0.260874    0.000675    1.018484 v negative (out)
                                              1.018484   data arrival time

                                  0.000000    0.000000   clock clk (rise edge)
                                  0.000000    0.000000   clock network delay (propagated)
                                  0.250000    0.250000   clock uncertainty
                                  0.000000    0.250000   clock reconvergence pessimism
                                 -2.000000   -1.750000   output external delay
                                             -1.750000   data required time
---------------------------------------------------------------------------------------------
                                             -1.750000   data required time
                                             -1.018484   data arrival time
---------------------------------------------------------------------------------------------
                                              2.768484   slack (MET)


Startpoint: _306_ (rising edge-triggered flip-flop clocked by clk)
Endpoint: y[7] (output port clocked by clk)
Path Group: clk
Path Type: min

Fanout         Cap        Slew       Delay        Time   Description
---------------------------------------------------------------------------------------------
                                  0.000000    0.000000   clock clk (rise edge)
                                  0.000000    0.000000   clock source latency
     1    0.017804    0.085938    0.056057    0.056057 ^ clk (in)
                                                         clk (net)
                      0.085948    0.000000    0.056057 ^ clkbuf_0_clk/A (sky130_fd_sc_hd__clkbuf_16)
     4    0.039527    0.059351    0.148570    0.204628 ^ clkbuf_0_clk/X (sky130_fd_sc_hd__clkbuf_16)
                                                         clknet_0_clk (net)
                      0.059356    0.000559    0.205187 ^ clkbuf_2_3__f_clk/A (sky130_fd_sc_hd__clkbuf_16)
     8    0.024970    0.046268    0.128411    0.333598 ^ clkbuf_2_3__f_clk/X (sky130_fd_sc_hd__clkbuf_16)
                                                         clknet_2_3__leaf_clk (net)
                      0.046273    0.000540    0.334138 ^ _306_/CLK (sky130_fd_sc_hd__dfxtp_2)
     2    0.004724    0.027039    0.293251    0.627389 v _306_/Q (sky130_fd_sc_hd__dfxtp_2)
                                                         net22 (net)
                      0.027039    0.000094    0.627483 v _326_/A (sky130_fd_sc_hd__buf_2)
     1    0.002768    0.023331    0.100429    0.727912 v _326_/X (sky130_fd_sc_hd__buf_2)
                                                         net31 (net)
                      0.023331    0.000076    0.727988 v output31/A (sky130_fd_sc_hd__clkdlybuf4s25_1)
     1    0.035707    0.265346    0.391983    1.119972 v output31/X (sky130_fd_sc_hd__clkdlybuf4s25_1)
                                                         y[7] (net)
                      0.265346    0.000676    1.120648 v y[7] (out)
                                              1.120648   data arrival time

                                  0.000000    0.000000   clock clk (rise edge)
                                  0.000000    0.000000   clock network delay (propagated)
                                  0.250000    0.250000   clock uncertainty
                                  0.000000    0.250000   clock reconvergence pessimism
                                 -2.000000   -1.750000   output external delay
                                             -1.750000   data required time
---------------------------------------------------------------------------------------------
                                             -1.750000   data required time
                                             -1.120648   data arrival time
---------------------------------------------------------------------------------------------
                                              2.870648   slack (MET)



%OL_END_REPORT
%OL_CREATE_REPORT max.rpt

===========================================================================
report_checks -path_delay max (Setup)
============================================================================
======================= nom_tt_025C_1v80 Corner ===================================

Startpoint: _323_ (rising edge-triggered flip-flop clocked by clk)
Endpoint: _305_ (rising edge-triggered flip-flop clocked by clk)
Path Group: clk
Path Type: max

Fanout         Cap        Slew       Delay        Time   Description
---------------------------------------------------------------------------------------------
                                  0.000000    0.000000   clock clk (rise edge)
                                  0.000000    0.000000   clock source latency
     1    0.017804    0.085938    0.061958    0.061958 ^ clk (in)
                                                         clk (net)
                      0.085948    0.000000    0.061958 ^ clkbuf_0_clk/A (sky130_fd_sc_hd__clkbuf_16)
     4    0.039527    0.059351    0.164209    0.226167 ^ clkbuf_0_clk/X (sky130_fd_sc_hd__clkbuf_16)
                                                         clknet_0_clk (net)
                      0.059373    0.001053    0.227220 ^ clkbuf_2_0__f_clk/A (sky130_fd_sc_hd__clkbuf_16)
     8    0.026991    0.048100    0.143825    0.371045 ^ clkbuf_2_0__f_clk/X (sky130_fd_sc_hd__clkbuf_16)
                                                         clknet_2_0__leaf_clk (net)
                      0.048133    0.001149    0.372194 ^ _323_/CLK (sky130_fd_sc_hd__dfxtp_2)
     8    0.026144    0.137811    0.408801    0.780995 ^ _323_/Q (sky130_fd_sc_hd__dfxtp_2)
                                                         op_q[0] (net)
                      0.137811    0.000380    0.781375 ^ _201_/C_N (sky130_fd_sc_hd__or3b_2)
     5    0.042220    0.180176    0.634645    1.416020 v _201_/X (sky130_fd_sc_hd__or3b_2)
                                                         _125_ (net)
                      0.180198    0.002219    1.418239 v _224_/B (sky130_fd_sc_hd__xnor2_2)
     4    0.015931    0.098929    0.228457    1.646696 v _224_/Y (sky130_fd_sc_hd__xnor2_2)
                                                         _030_ (net)
                      0.098929    0.000455    1.647151 v _225_/B (sky130_fd_sc_hd__or2_2)
     4    0.014441    0.085822    0.353142    2.000293 v _225_/X (sky130_fd_sc_hd__or2_2)
                                                         _031_ (net)
                      0.085826    0.000381    2.000673 v _230_/A2 (sky130_fd_sc_hd__a311o_2)
     3    0.013762    0.082886    0.436732    2.437405 v _230_/X (sky130_fd_sc_hd__a311o_2)
                                                         _036_ (net)
                      0.082896    0.000504    2.437909 v _233_/A3 (sky130_fd_sc_hd__a311o_2)
     3    0.014585    0.084726    0.462572    2.900481 v _233_/X (sky130_fd_sc_hd__a311o_2)
                                                         _039_ (net)
                      0.084770    0.000552    2.901033 v _234_/A3 (sky130_fd_sc_hd__a31o_2)
     3    0.017463    0.070430    0.314153    3.215186 v _234_/X (sky130_fd_sc_hd__a31o_2)
                                                         _040_ (net)
                      0.070434    0.000616    3.215802 v _164_/A (sky130_fd_sc_hd__xnor2_2)
     1    0.002517    0.042340    0.139826    3.355628 v _164_/Y (sky130_fd_sc_hd__xnor2_2)
                                                         _109_ (net)
                      0.042340    0.000076    3.355704 v _170_/A2 (sky130_fd_sc_hd__a21o_2)
     2    0.007055    0.044048    0.228263    3.583967 v _170_/X (sky130_fd_sc_hd__a21o_2)
                                                         _115_ (net)
                      0.044049    0.000274    3.584241 v _174_/A2 (sky130_fd_sc_hd__a2111oi_2)
     1    0.003365    0.266242    0.366596    3.950837 ^ _174_/Y (sky130_fd_sc_hd__a2111oi_2)
                                                         _009_ (net)
                      0.266242    0.000110    3.950946 ^ _305_/D (sky130_fd_sc_hd__dfxtp_2)
                                              3.950946   data arrival time

                                 10.000000   10.000000   clock clk (rise edge)
                                  0.000000   10.000000   clock source latency
     1    0.017804    0.085938    0.056057   10.056058 ^ clk (in)
                                                         clk (net)
                      0.085948    0.000000   10.056058 ^ clkbuf_0_clk/A (sky130_fd_sc_hd__clkbuf_16)
     4    0.039527    0.059351    0.148570   10.204628 ^ clkbuf_0_clk/X (sky130_fd_sc_hd__clkbuf_16)
                                                         clknet_0_clk (net)
                      0.059356    0.000560   10.205187 ^ clkbuf_2_3__f_clk/A (sky130_fd_sc_hd__clkbuf_16)
     8    0.024970    0.046268    0.128411   10.333598 ^ clkbuf_2_3__f_clk/X (sky130_fd_sc_hd__clkbuf_16)
                                                         clknet_2_3__leaf_clk (net)
                      0.046278    0.000657   10.334255 ^ _305_/CLK (sky130_fd_sc_hd__dfxtp_2)
                                 -0.250000   10.084255   clock uncertainty
                                  0.021540   10.105796   clock reconvergence pessimism
                                 -0.110816    9.994979   library setup time
                                              9.994979   data required time
---------------------------------------------------------------------------------------------
                                              9.994979   data required time
                                             -3.950946   data arrival time
---------------------------------------------------------------------------------------------
                                              6.044033   slack (MET)


Startpoint: _323_ (rising edge-triggered flip-flop clocked by clk)
Endpoint: _306_ (rising edge-triggered flip-flop clocked by clk)
Path Group: clk
Path Type: max

Fanout         Cap        Slew       Delay        Time   Description
---------------------------------------------------------------------------------------------
                                  0.000000    0.000000   clock clk (rise edge)
                                  0.000000    0.000000   clock source latency
     1    0.017804    0.085938    0.061958    0.061958 ^ clk (in)
                                                         clk (net)
                      0.085948    0.000000    0.061958 ^ clkbuf_0_clk/A (sky130_fd_sc_hd__clkbuf_16)
     4    0.039527    0.059351    0.164209    0.226167 ^ clkbuf_0_clk/X (sky130_fd_sc_hd__clkbuf_16)
                                                         clknet_0_clk (net)
                      0.059373    0.001053    0.227220 ^ clkbuf_2_0__f_clk/A (sky130_fd_sc_hd__clkbuf_16)
     8    0.026991    0.048100    0.143825    0.371045 ^ clkbuf_2_0__f_clk/X (sky130_fd_sc_hd__clkbuf_16)
                                                         clknet_2_0__leaf_clk (net)
                      0.048133    0.001149    0.372194 ^ _323_/CLK (sky130_fd_sc_hd__dfxtp_2)
     8    0.026144    0.137811    0.408801    0.780995 ^ _323_/Q (sky130_fd_sc_hd__dfxtp_2)
                                                         op_q[0] (net)
                      0.137811    0.000380    0.781375 ^ _201_/C_N (sky130_fd_sc_hd__or3b_2)
     5    0.042220    0.180176    0.634645    1.416020 v _201_/X (sky130_fd_sc_hd__or3b_2)
                                                         _125_ (net)
                      0.180198    0.002219    1.418239 v _224_/B (sky130_fd_sc_hd__xnor2_2)
     4    0.015931    0.098929    0.228457    1.646696 v _224_/Y (sky130_fd_sc_hd__xnor2_2)
                                                         _030_ (net)
                      0.098929    0.000455    1.647151 v _225_/B (sky130_fd_sc_hd__or2_2)
     4    0.014441    0.085822    0.353142    2.000293 v _225_/X (sky130_fd_sc_hd__or2_2)
                                                         _031_ (net)
                      0.085826    0.000381    2.000673 v _230_/A2 (sky130_fd_sc_hd__a311o_2)
     3    0.013762    0.082886    0.436732    2.437405 v _230_/X (sky130_fd_sc_hd__a311o_2)
                                                         _036_ (net)
                      0.082896    0.000504    2.437909 v _233_/A3 (sky130_fd_sc_hd__a311o_2)
     3    0.014585    0.084726    0.462572    2.900481 v _233_/X (sky130_fd_sc_hd__a311o_2)
                                                         _039_ (net)
                      0.084770    0.000552    2.901033 v _234_/A3 (sky130_fd_sc_hd__a31o_2)
     3    0.017463    0.070430    0.314153    3.215186 v _234_/X (sky130_fd_sc_hd__a31o_2)
                                                         _040_ (net)
                      0.070434    0.000616    3.215802 v _164_/A (sky130_fd_sc_hd__xnor2_2)
     1    0.002517    0.042340    0.139826    3.355628 v _164_/Y (sky130_fd_sc_hd__xnor2_2)
                                                         _109_ (net)
                      0.042340    0.000076    3.355704 v _170_/A2 (sky130_fd_sc_hd__a21o_2)
     2    0.007055    0.044048    0.228263    3.583967 v _170_/X (sky130_fd_sc_hd__a21o_2)
                                                         _115_ (net)
                      0.044048    0.000175    3.584143 v _171_/B (sky130_fd_sc_hd__and2_2)
     1    0.002068    0.034511    0.187324    3.771467 v _171_/X (sky130_fd_sc_hd__and2_2)
                                                         _010_ (net)
                      0.034511    0.000042    3.771509 v _306_/D (sky130_fd_sc_hd__dfxtp_2)
                                              3.771509   data arrival time

                                 10.000000   10.000000   clock clk (rise edge)
                                  0.000000   10.000000   clock source latency
     1    0.017804    0.085938    0.056057   10.056058 ^ clk (in)
                                                         clk (net)
                      0.085948    0.000000   10.056058 ^ clkbuf_0_clk/A (sky130_fd_sc_hd__clkbuf_16)
     4    0.039527    0.059351    0.148570   10.204628 ^ clkbuf_0_clk/X (sky130_fd_sc_hd__clkbuf_16)
                                                         clknet_0_clk (net)
                      0.059356    0.000560   10.205187 ^ clkbuf_2_3__f_clk/A (sky130_fd_sc_hd__clkbuf_16)
     8    0.024970    0.046268    0.128411   10.333598 ^ clkbuf_2_3__f_clk/X (sky130_fd_sc_hd__clkbuf_16)
                                                         clknet_2_3__leaf_clk (net)
                      0.046273    0.000540   10.334138 ^ _306_/CLK (sky130_fd_sc_hd__dfxtp_2)
                                 -0.250000   10.084138   clock uncertainty
                                  0.021540   10.105679   clock reconvergence pessimism
                                 -0.108009    9.997669   library setup time
                                              9.997669   data required time
---------------------------------------------------------------------------------------------
                                              9.997669   data required time
                                             -3.771509   data arrival time
---------------------------------------------------------------------------------------------
                                              6.226160   slack (MET)


Startpoint: _323_ (rising edge-triggered flip-flop clocked by clk)
Endpoint: _304_ (rising edge-triggered flip-flop clocked by clk)
Path Group: clk
Path Type: max

Fanout         Cap        Slew       Delay        Time   Description
---------------------------------------------------------------------------------------------
                                  0.000000    0.000000   clock clk (rise edge)
                                  0.000000    0.000000   clock source latency
     1    0.017804    0.085938    0.061958    0.061958 ^ clk (in)
                                                         clk (net)
                      0.085948    0.000000    0.061958 ^ clkbuf_0_clk/A (sky130_fd_sc_hd__clkbuf_16)
     4    0.039527    0.059351    0.164209    0.226167 ^ clkbuf_0_clk/X (sky130_fd_sc_hd__clkbuf_16)
                                                         clknet_0_clk (net)
                      0.059373    0.001053    0.227220 ^ clkbuf_2_0__f_clk/A (sky130_fd_sc_hd__clkbuf_16)
     8    0.026991    0.048100    0.143825    0.371045 ^ clkbuf_2_0__f_clk/X (sky130_fd_sc_hd__clkbuf_16)
                                                         clknet_2_0__leaf_clk (net)
                      0.048133    0.001149    0.372194 ^ _323_/CLK (sky130_fd_sc_hd__dfxtp_2)
     8    0.026144    0.137811    0.408801    0.780995 ^ _323_/Q (sky130_fd_sc_hd__dfxtp_2)
                                                         op_q[0] (net)
                      0.137811    0.000380    0.781375 ^ _201_/C_N (sky130_fd_sc_hd__or3b_2)
     5    0.042220    0.180176    0.634645    1.416020 v _201_/X (sky130_fd_sc_hd__or3b_2)
                                                         _125_ (net)
                      0.180198    0.002219    1.418239 v _224_/B (sky130_fd_sc_hd__xnor2_2)
     4    0.015931    0.098929    0.228457    1.646696 v _224_/Y (sky130_fd_sc_hd__xnor2_2)
                                                         _030_ (net)
                      0.098929    0.000455    1.647151 v _225_/B (sky130_fd_sc_hd__or2_2)
     4    0.014441    0.085822    0.353142    2.000293 v _225_/X (sky130_fd_sc_hd__or2_2)
                                                         _031_ (net)
                      0.085826    0.000381    2.000673 v _230_/A2 (sky130_fd_sc_hd__a311o_2)
     3    0.013762    0.082886    0.436732    2.437405 v _230_/X (sky130_fd_sc_hd__a311o_2)
                                                         _036_ (net)
                      0.082896    0.000504    2.437909 v _233_/A3 (sky130_fd_sc_hd__a311o_2)
     3    0.014585    0.084726    0.462572    2.900481 v _233_/X (sky130_fd_sc_hd__a311o_2)
                                                         _039_ (net)
                      0.084770    0.000552    2.901033 v _234_/A3 (sky130_fd_sc_hd__a31o_2)
     3    0.017463    0.070430    0.314153    3.215186 v _234_/X (sky130_fd_sc_hd__a31o_2)
                                                         _040_ (net)
                      0.070431    0.000435    3.215621 v _235_/A2 (sky130_fd_sc_hd__o211a_2)
     2    0.004207    0.045061    0.260217    3.475838 v _235_/X (sky130_fd_sc_hd__o211a_2)
                                                         _041_ (net)
                      0.045061    0.000099    3.475937 v _162_/A (sky130_fd_sc_hd__and2_2)
     1    0.002102    0.034573    0.167076    3.643013 v _162_/X (sky130_fd_sc_hd__and2_2)
                                                         _008_ (net)
                      0.034573    0.000061    3.643074 v _304_/D (sky130_fd_sc_hd__dfxtp_2)
                                              3.643074   data arrival time

                                 10.000000   10.000000   clock clk (rise edge)
                                  0.000000   10.000000   clock source latency
     1    0.017804    0.085938    0.056057   10.056058 ^ clk (in)
                                                         clk (net)
                      0.085948    0.000000   10.056058 ^ clkbuf_0_clk/A (sky130_fd_sc_hd__clkbuf_16)
     4    0.039527    0.059351    0.148570   10.204628 ^ clkbuf_0_clk/X (sky130_fd_sc_hd__clkbuf_16)
                                                         clknet_0_clk (net)
                      0.059356    0.000558   10.205186 ^ clkbuf_2_2__f_clk/A (sky130_fd_sc_hd__clkbuf_16)
     8    0.029672    0.050763    0.132450   10.337635 ^ clkbuf_2_2__f_clk/X (sky130_fd_sc_hd__clkbuf_16)
                                                         clknet_2_2__leaf_clk (net)
                      0.050764    0.000332   10.337967 ^ _304_/CLK (sky130_fd_sc_hd__dfxtp_2)
                                 -0.250000   10.087967   clock uncertainty
                                  0.021540   10.109508   clock reconvergence pessimism
                                 -0.106988   10.002519   library setup time
                                             10.002519   data required time
---------------------------------------------------------------------------------------------
                                             10.002519   data required time
                                             -3.643074   data arrival time
---------------------------------------------------------------------------------------------
                                              6.359445   slack (MET)


Startpoint: _323_ (rising edge-triggered flip-flop clocked by clk)
Endpoint: _296_ (rising edge-triggered flip-flop clocked by clk)
Path Group: clk
Path Type: max

Fanout         Cap        Slew       Delay        Time   Description
---------------------------------------------------------------------------------------------
                                  0.000000    0.000000   clock clk (rise edge)
                                  0.000000    0.000000   clock source latency
     1    0.017804    0.085938    0.061958    0.061958 ^ clk (in)
                                                         clk (net)
                      0.085948    0.000000    0.061958 ^ clkbuf_0_clk/A (sky130_fd_sc_hd__clkbuf_16)
     4    0.039527    0.059351    0.164209    0.226167 ^ clkbuf_0_clk/X (sky130_fd_sc_hd__clkbuf_16)
                                                         clknet_0_clk (net)
                      0.059373    0.001053    0.227220 ^ clkbuf_2_0__f_clk/A (sky130_fd_sc_hd__clkbuf_16)
     8    0.026991    0.048100    0.143825    0.371045 ^ clkbuf_2_0__f_clk/X (sky130_fd_sc_hd__clkbuf_16)
                                                         clknet_2_0__leaf_clk (net)
                      0.048133    0.001149    0.372194 ^ _323_/CLK (sky130_fd_sc_hd__dfxtp_2)
     8    0.026144    0.137811    0.408801    0.780995 ^ _323_/Q (sky130_fd_sc_hd__dfxtp_2)
                                                         op_q[0] (net)
                      0.137811    0.000380    0.781375 ^ _201_/C_N (sky130_fd_sc_hd__or3b_2)
     5    0.042220    0.180176    0.634645    1.416020 v _201_/X (sky130_fd_sc_hd__or3b_2)
                                                         _125_ (net)
                      0.180198    0.002219    1.418239 v _224_/B (sky130_fd_sc_hd__xnor2_2)
     4    0.015931    0.098929    0.228457    1.646696 v _224_/Y (sky130_fd_sc_hd__xnor2_2)
                                                         _030_ (net)
                      0.098929    0.000455    1.647151 v _225_/B (sky130_fd_sc_hd__or2_2)
     4    0.014441    0.085822    0.353142    2.000293 v _225_/X (sky130_fd_sc_hd__or2_2)
                                                         _031_ (net)
                      0.085826    0.000381    2.000673 v _230_/A2 (sky130_fd_sc_hd__a311o_2)
     3    0.013762    0.082886    0.436732    2.437405 v _230_/X (sky130_fd_sc_hd__a311o_2)
                                                         _036_ (net)
                      0.082896    0.000504    2.437909 v _233_/A3 (sky130_fd_sc_hd__a311o_2)
     3    0.014585    0.084726    0.462572    2.900481 v _233_/X (sky130_fd_sc_hd__a311o_2)
                                                         _039_ (net)
                      0.084770    0.000552    2.901033 v _234_/A3 (sky130_fd_sc_hd__a31o_2)
     3    0.017463    0.070430    0.314153    3.215186 v _234_/X (sky130_fd_sc_hd__a31o_2)
                                                         _040_ (net)
                      0.070431    0.000435    3.215621 v _235_/A2 (sky130_fd_sc_hd__o211a_2)
     2    0.004207    0.045061    0.260217    3.475838 v _235_/X (sky130_fd_sc_hd__o211a_2)
                                                         _041_ (net)
                      0.045061    0.000099    3.475937 v _237_/B1_N (sky130_fd_sc_hd__a21boi_2)
     1    0.002559    0.041325    0.152009    3.627946 v _237_/Y (sky130_fd_sc_hd__a21boi_2)
                                                         _000_ (net)
                      0.041326    0.000081    3.628026 v _296_/D (sky130_fd_sc_hd__dfxtp_2)
                                              3.628026   data arrival time

                                 10.000000   10.000000   clock clk (rise edge)
                                  0.000000   10.000000   clock source latency
     1    0.017804    0.085938    0.056057   10.056058 ^ clk (in)
                                                         clk (net)
                      0.085948    0.000000   10.056058 ^ clkbuf_0_clk/A (sky130_fd_sc_hd__clkbuf_16)
     4    0.039527    0.059351    0.148570   10.204628 ^ clkbuf_0_clk/X (sky130_fd_sc_hd__clkbuf_16)
                                                         clknet_0_clk (net)
                      0.059356    0.000558   10.205186 ^ clkbuf_2_2__f_clk/A (sky130_fd_sc_hd__clkbuf_16)
     8    0.029672    0.050763    0.132450   10.337635 ^ clkbuf_2_2__f_clk/X (sky130_fd_sc_hd__clkbuf_16)
                                                         clknet_2_2__leaf_clk (net)
                      0.050763    0.000286   10.337921 ^ _296_/CLK (sky130_fd_sc_hd__dfxtp_2)
                                 -0.250000   10.087921   clock uncertainty
                                  0.021540   10.109461   clock reconvergence pessimism
                                 -0.109935    9.999526   library setup time
                                              9.999526   data required time
---------------------------------------------------------------------------------------------
                                              9.999526   data required time
                                             -3.628026   data arrival time
---------------------------------------------------------------------------------------------
                                              6.371500   slack (MET)


Startpoint: _323_ (rising edge-triggered flip-flop clocked by clk)
Endpoint: _303_ (rising edge-triggered flip-flop clocked by clk)
Path Group: clk
Path Type: max

Fanout         Cap        Slew       Delay        Time   Description
---------------------------------------------------------------------------------------------
                                  0.000000    0.000000   clock clk (rise edge)
                                  0.000000    0.000000   clock source latency
     1    0.017804    0.085938    0.061958    0.061958 ^ clk (in)
                                                         clk (net)
                      0.085948    0.000000    0.061958 ^ clkbuf_0_clk/A (sky130_fd_sc_hd__clkbuf_16)
     4    0.039527    0.059351    0.164209    0.226167 ^ clkbuf_0_clk/X (sky130_fd_sc_hd__clkbuf_16)
                                                         clknet_0_clk (net)
                      0.059373    0.001053    0.227220 ^ clkbuf_2_0__f_clk/A (sky130_fd_sc_hd__clkbuf_16)
     8    0.026991    0.048100    0.143825    0.371045 ^ clkbuf_2_0__f_clk/X (sky130_fd_sc_hd__clkbuf_16)
                                                         clknet_2_0__leaf_clk (net)
                      0.048133    0.001149    0.372194 ^ _323_/CLK (sky130_fd_sc_hd__dfxtp_2)
     8    0.026144    0.137811    0.408801    0.780995 ^ _323_/Q (sky130_fd_sc_hd__dfxtp_2)
                                                         op_q[0] (net)
                      0.137811    0.000380    0.781375 ^ _201_/C_N (sky130_fd_sc_hd__or3b_2)
     5    0.042220    0.180176    0.634645    1.416020 v _201_/X (sky130_fd_sc_hd__or3b_2)
                                                         _125_ (net)
                      0.180198    0.002219    1.418239 v _224_/B (sky130_fd_sc_hd__xnor2_2)
     4    0.015931    0.098929    0.228457    1.646696 v _224_/Y (sky130_fd_sc_hd__xnor2_2)
                                                         _030_ (net)
                      0.098929    0.000455    1.647151 v _225_/B (sky130_fd_sc_hd__or2_2)
     4    0.014441    0.085822    0.353142    2.000293 v _225_/X (sky130_fd_sc_hd__or2_2)
                                                         _031_ (net)
                      0.085826    0.000381    2.000673 v _230_/A2 (sky130_fd_sc_hd__a311o_2)
     3    0.013762    0.082886    0.436732    2.437405 v _230_/X (sky130_fd_sc_hd__a311o_2)
                                                         _036_ (net)
                      0.082896    0.000504    2.437909 v _233_/A3 (sky130_fd_sc_hd__a311o_2)
     3    0.014585    0.084726    0.462572    2.900481 v _233_/X (sky130_fd_sc_hd__a311o_2)
                                                         _039_ (net)
                      0.084770    0.000541    2.901022 v _154_/A2 (sky130_fd_sc_hd__a21bo_2)
     1    0.003191    0.035395    0.233559    3.134581 v _154_/X (sky130_fd_sc_hd__a21bo_2)
                                                         _101_ (net)
                      0.035395    0.000103    3.134684 v _160_/A3 (sky130_fd_sc_hd__a31o_2)
     1    0.005945    0.044581    0.256691    3.391375 v _160_/X (sky130_fd_sc_hd__a31o_2)
                                                         _107_ (net)
                      0.044581    0.000279    3.391654 v _161_/B1 (sky130_fd_sc_hd__o211a_2)
     2    0.007537    0.053229    0.149278    3.540932 v _161_/X (sky130_fd_sc_hd__o211a_2)
                                                         _007_ (net)
                      0.053229    0.000138    3.541070 v _303_/D (sky130_fd_sc_hd__dfxtp_2)
                                              3.541070   data arrival time

                                 10.000000   10.000000   clock clk (rise edge)
                                  0.000000   10.000000   clock source latency
     1    0.017804    0.085938    0.056057   10.056058 ^ clk (in)
                                                         clk (net)
                      0.085948    0.000000   10.056058 ^ clkbuf_0_clk/A (sky130_fd_sc_hd__clkbuf_16)
     4    0.039527    0.059351    0.148570   10.204628 ^ clkbuf_0_clk/X (sky130_fd_sc_hd__clkbuf_16)
                                                         clknet_0_clk (net)
                      0.059356    0.000560   10.205187 ^ clkbuf_2_3__f_clk/A (sky130_fd_sc_hd__clkbuf_16)
     8    0.024970    0.046268    0.128411   10.333598 ^ clkbuf_2_3__f_clk/X (sky130_fd_sc_hd__clkbuf_16)
                                                         clknet_2_3__leaf_clk (net)
                      0.046276    0.000621   10.334219 ^ _303_/CLK (sky130_fd_sc_hd__dfxtp_2)
                                 -0.250000   10.084219   clock uncertainty
                                  0.021540   10.105760   clock reconvergence pessimism
                                 -0.116178    9.989581   library setup time
                                              9.989581   data required time
---------------------------------------------------------------------------------------------
                                              9.989581   data required time
                                             -3.541070   data arrival time
---------------------------------------------------------------------------------------------
                                              6.448511   slack (MET)


Startpoint: _306_ (rising edge-triggered flip-flop clocked by clk)
Endpoint: y[7] (output port clocked by clk)
Path Group: clk
Path Type: max

Fanout         Cap        Slew       Delay        Time   Description
---------------------------------------------------------------------------------------------
                                  0.000000    0.000000   clock clk (rise edge)
                                  0.000000    0.000000   clock source latency
     1    0.017804    0.085938    0.061958    0.061958 ^ clk (in)
                                                         clk (net)
                      0.085948    0.000000    0.061958 ^ clkbuf_0_clk/A (sky130_fd_sc_hd__clkbuf_16)
     4    0.039527    0.059351    0.164209    0.226167 ^ clkbuf_0_clk/X (sky130_fd_sc_hd__clkbuf_16)
                                                         clknet_0_clk (net)
                      0.059356    0.000618    0.226786 ^ clkbuf_2_3__f_clk/A (sky130_fd_sc_hd__clkbuf_16)
     8    0.024970    0.046268    0.141928    0.368714 ^ clkbuf_2_3__f_clk/X (sky130_fd_sc_hd__clkbuf_16)
                                                         clknet_2_3__leaf_clk (net)
                      0.046273    0.000597    0.369310 ^ _306_/CLK (sky130_fd_sc_hd__dfxtp_2)
     2    0.005109    0.039715    0.329716    0.699027 ^ _306_/Q (sky130_fd_sc_hd__dfxtp_2)
                                                         net22 (net)
                      0.039715    0.000113    0.699139 ^ _326_/A (sky130_fd_sc_hd__buf_2)
     1    0.002993    0.027578    0.093886    0.793025 ^ _326_/X (sky130_fd_sc_hd__buf_2)
                                                         net31 (net)
                      0.027578    0.000092    0.793117 ^ output31/A (sky130_fd_sc_hd__clkdlybuf4s25_1)
     1    0.035707    0.360490    0.486112    1.279229 ^ output31/X (sky130_fd_sc_hd__clkdlybuf4s25_1)
                                                         y[7] (net)
                      0.360490    0.000748    1.279977 ^ y[7] (out)
                                              1.279977   data arrival time

                                 10.000000   10.000000   clock clk (rise edge)
                                  0.000000   10.000000   clock network delay (propagated)
                                 -0.250000    9.750000   clock uncertainty
                                  0.000000    9.750000   clock reconvergence pessimism
                                 -2.000000    7.750000   output external delay
                                              7.750000   data required time
---------------------------------------------------------------------------------------------
                                              7.750000   data required time
                                             -1.279977   data arrival time
---------------------------------------------------------------------------------------------
                                              6.470023   slack (MET)


Startpoint: _306_ (rising edge-triggered flip-flop clocked by clk)
Endpoint: negative (output port clocked by clk)
Path Group: clk
Path Type: max

Fanout         Cap        Slew       Delay        Time   Description
---------------------------------------------------------------------------------------------
                                  0.000000    0.000000   clock clk (rise edge)
                                  0.000000    0.000000   clock source latency
     1    0.017804    0.085938    0.061958    0.061958 ^ clk (in)
                                                         clk (net)
                      0.085948    0.000000    0.061958 ^ clkbuf_0_clk/A (sky130_fd_sc_hd__clkbuf_16)
     4    0.039527    0.059351    0.164209    0.226167 ^ clkbuf_0_clk/X (sky130_fd_sc_hd__clkbuf_16)
                                                         clknet_0_clk (net)
                      0.059356    0.000618    0.226786 ^ clkbuf_2_3__f_clk/A (sky130_fd_sc_hd__clkbuf_16)
     8    0.024970    0.046268    0.141928    0.368714 ^ clkbuf_2_3__f_clk/X (sky130_fd_sc_hd__clkbuf_16)
                                                         clknet_2_3__leaf_clk (net)
                      0.046273    0.000597    0.369310 ^ _306_/CLK (sky130_fd_sc_hd__dfxtp_2)
     2    0.005109    0.039715    0.329716    0.699027 ^ _306_/Q (sky130_fd_sc_hd__dfxtp_2)
                                                         net22 (net)
                      0.039715    0.000123    0.699149 ^ output22/A (sky130_fd_sc_hd__clkdlybuf4s25_1)
     1    0.035073    0.353986    0.486043    1.185192 ^ output22/X (sky130_fd_sc_hd__clkdlybuf4s25_1)
                                                         negative (net)
                      0.353986    0.000746    1.185939 ^ negative (out)
                                              1.185939   data arrival time

                                 10.000000   10.000000   clock clk (rise edge)
                                  0.000000   10.000000   clock network delay (propagated)
                                 -0.250000    9.750000   clock uncertainty
                                  0.000000    9.750000   clock reconvergence pessimism
                                 -2.000000    7.750000   output external delay
                                              7.750000   data required time
---------------------------------------------------------------------------------------------
                                              7.750000   data required time
                                             -1.185939   data arrival time
---------------------------------------------------------------------------------------------
                                              6.564062   slack (MET)


Startpoint: _297_ (rising edge-triggered flip-flop clocked by clk)
Endpoint: y[0] (output port clocked by clk)
Path Group: clk
Path Type: max

Fanout         Cap        Slew       Delay        Time   Description
---------------------------------------------------------------------------------------------
                                  0.000000    0.000000   clock clk (rise edge)
                                  0.000000    0.000000   clock source latency
     1    0.017804    0.085938    0.061958    0.061958 ^ clk (in)
                                                         clk (net)
                      0.085948    0.000000    0.061958 ^ clkbuf_0_clk/A (sky130_fd_sc_hd__clkbuf_16)
     4    0.039527    0.059351    0.164209    0.226167 ^ clkbuf_0_clk/X (sky130_fd_sc_hd__clkbuf_16)
                                                         clknet_0_clk (net)
                      0.059373    0.001057    0.227224 ^ clkbuf_2_1__f_clk/A (sky130_fd_sc_hd__clkbuf_16)
     8    0.026488    0.047713    0.143259    0.370483 ^ clkbuf_2_1__f_clk/X (sky130_fd_sc_hd__clkbuf_16)
                                                         clknet_2_1__leaf_clk (net)
                      0.047733    0.000970    0.371454 ^ _297_/CLK (sky130_fd_sc_hd__dfxtp_2)
     1    0.003546    0.032659    0.323520    0.694974 ^ _297_/Q (sky130_fd_sc_hd__dfxtp_2)
                                                         net24 (net)
                      0.032659    0.000117    0.695091 ^ output24/A (sky130_fd_sc_hd__clkdlybuf4s25_1)
     1    0.035131    0.354789    0.483668    1.178759 ^ output24/X (sky130_fd_sc_hd__clkdlybuf4s25_1)
                                                         y[0] (net)
                      0.354789    0.001007    1.179766 ^ y[0] (out)
                                              1.179766   data arrival time

                                 10.000000   10.000000   clock clk (rise edge)
                                  0.000000   10.000000   clock network delay (propagated)
                                 -0.250000    9.750000   clock uncertainty
                                  0.000000    9.750000   clock reconvergence pessimism
                                 -2.000000    7.750000   output external delay
                                              7.750000   data required time
---------------------------------------------------------------------------------------------
                                              7.750000   data required time
                                             -1.179766   data arrival time
---------------------------------------------------------------------------------------------
                                              6.570234   slack (MET)


Startpoint: _302_ (rising edge-triggered flip-flop clocked by clk)
Endpoint: y[5] (output port clocked by clk)
Path Group: clk
Path Type: max

Fanout         Cap        Slew       Delay        Time   Description
---------------------------------------------------------------------------------------------
                                  0.000000    0.000000   clock clk (rise edge)
                                  0.000000    0.000000   clock source latency
     1    0.017804    0.085938    0.061958    0.061958 ^ clk (in)
                                                         clk (net)
                      0.085948    0.000000    0.061958 ^ clkbuf_0_clk/A (sky130_fd_sc_hd__clkbuf_16)
     4    0.039527    0.059351    0.164209    0.226167 ^ clkbuf_0_clk/X (sky130_fd_sc_hd__clkbuf_16)
                                                         clknet_0_clk (net)
                      0.059356    0.000618    0.226786 ^ clkbuf_2_3__f_clk/A (sky130_fd_sc_hd__clkbuf_16)
     8    0.024970    0.046268    0.141928    0.368714 ^ clkbuf_2_3__f_clk/X (sky130_fd_sc_hd__clkbuf_16)
                                                         clknet_2_3__leaf_clk (net)
                      0.046286    0.000900    0.369614 ^ _302_/CLK (sky130_fd_sc_hd__dfxtp_2)
     1    0.003669    0.033196    0.323555    0.693169 ^ _302_/Q (sky130_fd_sc_hd__dfxtp_2)
                                                         net29 (net)
                      0.033196    0.000116    0.693285 ^ output29/A (sky130_fd_sc_hd__clkdlybuf4s25_1)
     1    0.035236    0.355765    0.484746    1.178031 ^ output29/X (sky130_fd_sc_hd__clkdlybuf4s25_1)
                                                         y[5] (net)
                      0.355765    0.000832    1.178863 ^ y[5] (out)
                                              1.178863   data arrival time

                                 10.000000   10.000000   clock clk (rise edge)
                                  0.000000   10.000000   clock network delay (propagated)
                                 -0.250000    9.750000   clock uncertainty
                                  0.000000    9.750000   clock reconvergence pessimism
                                 -2.000000    7.750000   output external delay
                                              7.750000   data required time
---------------------------------------------------------------------------------------------
                                              7.750000   data required time
                                             -1.178863   data arrival time
---------------------------------------------------------------------------------------------
                                              6.571137   slack (MET)


Startpoint: _300_ (rising edge-triggered flip-flop clocked by clk)
Endpoint: y[3] (output port clocked by clk)
Path Group: clk
Path Type: max

Fanout         Cap        Slew       Delay        Time   Description
---------------------------------------------------------------------------------------------
                                  0.000000    0.000000   clock clk (rise edge)
                                  0.000000    0.000000   clock source latency
     1    0.017804    0.085938    0.061958    0.061958 ^ clk (in)
                                                         clk (net)
                      0.085948    0.000000    0.061958 ^ clkbuf_0_clk/A (sky130_fd_sc_hd__clkbuf_16)
     4    0.039527    0.059351    0.164209    0.226167 ^ clkbuf_0_clk/X (sky130_fd_sc_hd__clkbuf_16)
                                                         clknet_0_clk (net)
                      0.059356    0.000618    0.226786 ^ clkbuf_2_3__f_clk/A (sky130_fd_sc_hd__clkbuf_16)
     8    0.024970    0.046268    0.141928    0.368714 ^ clkbuf_2_3__f_clk/X (sky130_fd_sc_hd__clkbuf_16)
                                                         clknet_2_3__leaf_clk (net)
                      0.046305    0.001210    0.369924 ^ _300_/CLK (sky130_fd_sc_hd__dfxtp_2)
     1    0.002982    0.030423    0.320238    0.690162 ^ _300_/Q (sky130_fd_sc_hd__dfxtp_2)
                                                         net27 (net)
                      0.030423    0.000094    0.690256 ^ output27/A (sky130_fd_sc_hd__clkdlybuf4s25_1)
     1    0.035602    0.359466    0.486142    1.176398 ^ output27/X (sky130_fd_sc_hd__clkdlybuf4s25_1)
                                                         y[3] (net)
                      0.359466    0.001124    1.177522 ^ y[3] (out)
                                              1.177522   data arrival time

                                 10.000000   10.000000   clock clk (rise edge)
                                  0.000000   10.000000   clock network delay (propagated)
                                 -0.250000    9.750000   clock uncertainty
                                  0.000000    9.750000   clock reconvergence pessimism
                                 -2.000000    7.750000   output external delay
                                              7.750000   data required time
---------------------------------------------------------------------------------------------
                                              7.750000   data required time
                                             -1.177522   data arrival time
---------------------------------------------------------------------------------------------
                                              6.572478   slack (MET)


Startpoint: _298_ (rising edge-triggered flip-flop clocked by clk)
Endpoint: y[1] (output port clocked by clk)
Path Group: clk
Path Type: max

Fanout         Cap        Slew       Delay        Time   Description
---------------------------------------------------------------------------------------------
                                  0.000000    0.000000   clock clk (rise edge)
                                  0.000000    0.000000   clock source latency
     1    0.017804    0.085938    0.061958    0.061958 ^ clk (in)
                                                         clk (net)
                      0.085948    0.000000    0.061958 ^ clkbuf_0_clk/A (sky130_fd_sc_hd__clkbuf_16)
     4    0.039527    0.059351    0.164209    0.226167 ^ clkbuf_0_clk/X (sky130_fd_sc_hd__clkbuf_16)
                                                         clknet_0_clk (net)
                      0.059373    0.001057    0.227224 ^ clkbuf_2_1__f_clk/A (sky130_fd_sc_hd__clkbuf_16)
     8    0.026488    0.047713    0.143259    0.370483 ^ clkbuf_2_1__f_clk/X (sky130_fd_sc_hd__clkbuf_16)
                                                         clknet_2_1__leaf_clk (net)
                      0.047738    0.001064    0.371547 ^ _298_/CLK (sky130_fd_sc_hd__dfxtp_2)
     1    0.003064    0.030711    0.321194    0.692741 ^ _298_/Q (sky130_fd_sc_hd__dfxtp_2)
                                                         net25 (net)
                      0.030711    0.000097    0.692838 ^ output25/A (sky130_fd_sc_hd__clkdlybuf4s25_1)
     1    0.035162    0.355152    0.483166    1.176004 ^ output25/X (sky130_fd_sc_hd__clkdlybuf4s25_1)
                                                         y[1] (net)
                      0.355152    0.001021    1.177025 ^ y[1] (out)
                                              1.177025   data arrival time

                                 10.000000   10.000000   clock clk (rise edge)
                                  0.000000   10.000000   clock network delay (propagated)
                                 -0.250000    9.750000   clock uncertainty
                                  0.000000    9.750000   clock reconvergence pessimism
                                 -2.000000    7.750000   output external delay
                                              7.750000   data required time
---------------------------------------------------------------------------------------------
                                              7.750000   data required time
                                             -1.177025   data arrival time
---------------------------------------------------------------------------------------------
                                              6.572974   slack (MET)


Startpoint: _299_ (rising edge-triggered flip-flop clocked by clk)
Endpoint: y[2] (output port clocked by clk)
Path Group: clk
Path Type: max

Fanout         Cap        Slew       Delay        Time   Description
---------------------------------------------------------------------------------------------
                                  0.000000    0.000000   clock clk (rise edge)
                                  0.000000    0.000000   clock source latency
     1    0.017804    0.085938    0.061958    0.061958 ^ clk (in)
                                                         clk (net)
                      0.085948    0.000000    0.061958 ^ clkbuf_0_clk/A (sky130_fd_sc_hd__clkbuf_16)
     4    0.039527    0.059351    0.164209    0.226167 ^ clkbuf_0_clk/X (sky130_fd_sc_hd__clkbuf_16)
                                                         clknet_0_clk (net)
                      0.059373    0.001057    0.227224 ^ clkbuf_2_1__f_clk/A (sky130_fd_sc_hd__clkbuf_16)
     8    0.026488    0.047713    0.143259    0.370483 ^ clkbuf_2_1__f_clk/X (sky130_fd_sc_hd__clkbuf_16)
                                                         clknet_2_1__leaf_clk (net)
                      0.047734    0.001005    0.371488 ^ _299_/CLK (sky130_fd_sc_hd__dfxtp_2)
     1    0.003064    0.030711    0.321192    0.692680 ^ _299_/Q (sky130_fd_sc_hd__dfxtp_2)
                                                         net26 (net)
                      0.030711    0.000097    0.692777 ^ output26/A (sky130_fd_sc_hd__clkdlybuf4s25_1)
     1    0.035162    0.355153    0.483166    1.175943 ^ output26/X (sky130_fd_sc_hd__clkdlybuf4s25_1)
                                                         y[2] (net)
                      0.355153    0.001021    1.176964 ^ y[2] (out)
                                              1.176964   data arrival time

                                 10.000000   10.000000   clock clk (rise edge)
                                  0.000000   10.000000   clock network delay (propagated)
                                 -0.250000    9.750000   clock uncertainty
                                  0.000000    9.750000   clock reconvergence pessimism
                                 -2.000000    7.750000   output external delay
                                              7.750000   data required time
---------------------------------------------------------------------------------------------
                                              7.750000   data required time
                                             -1.176964   data arrival time
---------------------------------------------------------------------------------------------
                                              6.573036   slack (MET)


Startpoint: _303_ (rising edge-triggered flip-flop clocked by clk)
Endpoint: y[6] (output port clocked by clk)
Path Group: clk
Path Type: max

Fanout         Cap        Slew       Delay        Time   Description
---------------------------------------------------------------------------------------------
                                  0.000000    0.000000   clock clk (rise edge)
                                  0.000000    0.000000   clock source latency
     1    0.017804    0.085938    0.061958    0.061958 ^ clk (in)
                                                         clk (net)
                      0.085948    0.000000    0.061958 ^ clkbuf_0_clk/A (sky130_fd_sc_hd__clkbuf_16)
     4    0.039527    0.059351    0.164209    0.226167 ^ clkbuf_0_clk/X (sky130_fd_sc_hd__clkbuf_16)
                                                         clknet_0_clk (net)
                      0.059356    0.000618    0.226786 ^ clkbuf_2_3__f_clk/A (sky130_fd_sc_hd__clkbuf_16)
     8    0.024970    0.046268    0.141928    0.368714 ^ clkbuf_2_3__f_clk/X (sky130_fd_sc_hd__clkbuf_16)
                                                         clknet_2_3__leaf_clk (net)
                      0.046276    0.000687    0.369400 ^ _303_/CLK (sky130_fd_sc_hd__dfxtp_2)
     1    0.003500    0.032469    0.322730    0.692131 ^ _303_/Q (sky130_fd_sc_hd__dfxtp_2)
                                                         net30 (net)
                      0.032469    0.000117    0.692248 ^ output30/A (sky130_fd_sc_hd__clkdlybuf4s25_1)
     1    0.035131    0.354791    0.483628    1.175875 ^ output30/X (sky130_fd_sc_hd__clkdlybuf4s25_1)
                                                         y[6] (net)
                      0.354791    0.000964    1.176839 ^ y[6] (out)
                                              1.176839   data arrival time

                                 10.000000   10.000000   clock clk (rise edge)
                                  0.000000   10.000000   clock network delay (propagated)
                                 -0.250000    9.750000   clock uncertainty
                                  0.000000    9.750000   clock reconvergence pessimism
                                 -2.000000    7.750000   output external delay
                                              7.750000   data required time
---------------------------------------------------------------------------------------------
                                              7.750000   data required time
                                             -1.176839   data arrival time
---------------------------------------------------------------------------------------------
                                              6.573161   slack (MET)


Startpoint: _304_ (rising edge-triggered flip-flop clocked by clk)
Endpoint: carry (output port clocked by clk)
Path Group: clk
Path Type: max

Fanout         Cap        Slew       Delay        Time   Description
---------------------------------------------------------------------------------------------
                                  0.000000    0.000000   clock clk (rise edge)
                                  0.000000    0.000000   clock source latency
     1    0.017804    0.085938    0.061958    0.061958 ^ clk (in)
                                                         clk (net)
                      0.085948    0.000000    0.061958 ^ clkbuf_0_clk/A (sky130_fd_sc_hd__clkbuf_16)
     4    0.039527    0.059351    0.164209    0.226167 ^ clkbuf_0_clk/X (sky130_fd_sc_hd__clkbuf_16)
                                                         clknet_0_clk (net)
                      0.059356    0.000616    0.226784 ^ clkbuf_2_2__f_clk/A (sky130_fd_sc_hd__clkbuf_16)
     8    0.029672    0.050763    0.146392    0.373175 ^ clkbuf_2_2__f_clk/X (sky130_fd_sc_hd__clkbuf_16)
                                                         clknet_2_2__leaf_clk (net)
                      0.050764    0.000367    0.373543 ^ _304_/CLK (sky130_fd_sc_hd__dfxtp_2)
     1    0.002906    0.030133    0.321609    0.695152 ^ _304_/Q (sky130_fd_sc_hd__dfxtp_2)
                                                         net21 (net)
                      0.030133    0.000090    0.695241 ^ output21/A (sky130_fd_sc_hd__clkdlybuf4s25_1)
     1    0.034751    0.351100    0.480196    1.175437 ^ output21/X (sky130_fd_sc_hd__clkdlybuf4s25_1)
                                                         carry (net)
                      0.351100    0.000736    1.176172 ^ carry (out)
                                              1.176172   data arrival time

                                 10.000000   10.000000   clock clk (rise edge)
                                  0.000000   10.000000   clock network delay (propagated)
                                 -0.250000    9.750000   clock uncertainty
                                  0.000000    9.750000   clock reconvergence pessimism
                                 -2.000000    7.750000   output external delay
                                              7.750000   data required time
---------------------------------------------------------------------------------------------
                                              7.750000   data required time
                                             -1.176172   data arrival time
---------------------------------------------------------------------------------------------
                                              6.573828   slack (MET)


Startpoint: _296_ (rising edge-triggered flip-flop clocked by clk)
Endpoint: overflow (output port clocked by clk)
Path Group: clk
Path Type: max

Fanout         Cap        Slew       Delay        Time   Description
---------------------------------------------------------------------------------------------
                                  0.000000    0.000000   clock clk (rise edge)
                                  0.000000    0.000000   clock source latency
     1    0.017804    0.085938    0.061958    0.061958 ^ clk (in)
                                                         clk (net)
                      0.085948    0.000000    0.061958 ^ clkbuf_0_clk/A (sky130_fd_sc_hd__clkbuf_16)
     4    0.039527    0.059351    0.164209    0.226167 ^ clkbuf_0_clk/X (sky130_fd_sc_hd__clkbuf_16)
                                                         clknet_0_clk (net)
                      0.059356    0.000616    0.226784 ^ clkbuf_2_2__f_clk/A (sky130_fd_sc_hd__clkbuf_16)
     8    0.029672    0.050763    0.146392    0.373175 ^ clkbuf_2_2__f_clk/X (sky130_fd_sc_hd__clkbuf_16)
                                                         clknet_2_2__leaf_clk (net)
                      0.050763    0.000316    0.373491 ^ _296_/CLK (sky130_fd_sc_hd__dfxtp_2)
     1    0.002884    0.030054    0.321502    0.694993 ^ _296_/Q (sky130_fd_sc_hd__dfxtp_2)
                                                         net23 (net)
                      0.030054    0.000089    0.695082 ^ output23/A (sky130_fd_sc_hd__clkdlybuf4s25_1)
     1    0.034722    0.350815    0.479974    1.175056 ^ output23/X (sky130_fd_sc_hd__clkdlybuf4s25_1)
                                                         overflow (net)
                      0.350815    0.000713    1.175769 ^ overflow (out)
                                              1.175769   data arrival time

                                 10.000000   10.000000   clock clk (rise edge)
                                  0.000000   10.000000   clock network delay (propagated)
                                 -0.250000    9.750000   clock uncertainty
                                  0.000000    9.750000   clock reconvergence pessimism
                                 -2.000000    7.750000   output external delay
                                              7.750000   data required time
---------------------------------------------------------------------------------------------
                                              7.750000   data required time
                                             -1.175769   data arrival time
---------------------------------------------------------------------------------------------
                                              6.574231   slack (MET)


Startpoint: _301_ (rising edge-triggered flip-flop clocked by clk)
Endpoint: y[4] (output port clocked by clk)
Path Group: clk
Path Type: max

Fanout         Cap        Slew       Delay        Time   Description
---------------------------------------------------------------------------------------------
                                  0.000000    0.000000   clock clk (rise edge)
                                  0.000000    0.000000   clock source latency
     1    0.017804    0.085938    0.061958    0.061958 ^ clk (in)
                                                         clk (net)
                      0.085948    0.000000    0.061958 ^ clkbuf_0_clk/A (sky130_fd_sc_hd__clkbuf_16)
     4    0.039527    0.059351    0.164209    0.226167 ^ clkbuf_0_clk/X (sky130_fd_sc_hd__clkbuf_16)
                                                         clknet_0_clk (net)
                      0.059356    0.000618    0.226786 ^ clkbuf_2_3__f_clk/A (sky130_fd_sc_hd__clkbuf_16)
     8    0.024970    0.046268    0.141928    0.368714 ^ clkbuf_2_3__f_clk/X (sky130_fd_sc_hd__clkbuf_16)
                                                         clknet_2_3__leaf_clk (net)
                      0.046305    0.001198    0.369911 ^ _301_/CLK (sky130_fd_sc_hd__dfxtp_2)
     1    0.002831    0.029889    0.319512    0.689423 ^ _301_/Q (sky130_fd_sc_hd__dfxtp_2)
                                                         net28 (net)
                      0.029889    0.000086    0.689509 ^ output28/A (sky130_fd_sc_hd__clkdlybuf4s25_1)
     1    0.035003    0.353620    0.481733    1.171242 ^ output28/X (sky130_fd_sc_hd__clkdlybuf4s25_1)
                                                         y[4] (net)
                      0.353620    0.000992    1.172234 ^ y[4] (out)
                                              1.172234   data arrival time

                                 10.000000   10.000000   clock clk (rise edge)
                                  0.000000   10.000000   clock network delay (propagated)
                                 -0.250000    9.750000   clock uncertainty
                                  0.000000    9.750000   clock reconvergence pessimism
                                 -2.000000    7.750000   output external delay
                                              7.750000   data required time
---------------------------------------------------------------------------------------------
                                              7.750000   data required time
                                             -1.172234   data arrival time
---------------------------------------------------------------------------------------------
                                              6.577766   slack (MET)


Startpoint: _305_ (rising edge-triggered flip-flop clocked by clk)
Endpoint: zero (output port clocked by clk)
Path Group: clk
Path Type: max

Fanout         Cap        Slew       Delay        Time   Description
---------------------------------------------------------------------------------------------
                                  0.000000    0.000000   clock clk (rise edge)
                                  0.000000    0.000000   clock source latency
     1    0.017804    0.085938    0.061958    0.061958 ^ clk (in)
                                                         clk (net)
                      0.085948    0.000000    0.061958 ^ clkbuf_0_clk/A (sky130_fd_sc_hd__clkbuf_16)
     4    0.039527    0.059351    0.164209    0.226167 ^ clkbuf_0_clk/X (sky130_fd_sc_hd__clkbuf_16)
                                                         clknet_0_clk (net)
                      0.059356    0.000618    0.226786 ^ clkbuf_2_3__f_clk/A (sky130_fd_sc_hd__clkbuf_16)
     8    0.024970    0.046268    0.141928    0.368714 ^ clkbuf_2_3__f_clk/X (sky130_fd_sc_hd__clkbuf_16)
                                                         clknet_2_3__leaf_clk (net)
                      0.046278    0.000727    0.369440 ^ _305_/CLK (sky130_fd_sc_hd__dfxtp_2)
     1    0.002880    0.030059    0.319734    0.689174 ^ _305_/Q (sky130_fd_sc_hd__dfxtp_2)
                                                         net32 (net)
                      0.030059    0.000089    0.689263 ^ output32/A (sky130_fd_sc_hd__clkdlybuf4s25_1)
     1    0.034909    0.352655    0.481272    1.170535 ^ output32/X (sky130_fd_sc_hd__clkdlybuf4s25_1)
                                                         zero (net)
                      0.352655    0.000783    1.171317 ^ zero (out)
                                              1.171317   data arrival time

                                 10.000000   10.000000   clock clk (rise edge)
                                  0.000000   10.000000   clock network delay (propagated)
                                 -0.250000    9.750000   clock uncertainty
                                  0.000000    9.750000   clock reconvergence pessimism
                                 -2.000000    7.750000   output external delay
                                              7.750000   data required time
---------------------------------------------------------------------------------------------
                                              7.750000   data required time
                                             -1.171317   data arrival time
---------------------------------------------------------------------------------------------
                                              6.578683   slack (MET)


Startpoint: _323_ (rising edge-triggered flip-flop clocked by clk)
Endpoint: _302_ (rising edge-triggered flip-flop clocked by clk)
Path Group: clk
Path Type: max

Fanout         Cap        Slew       Delay        Time   Description
---------------------------------------------------------------------------------------------
                                  0.000000    0.000000   clock clk (rise edge)
                                  0.000000    0.000000   clock source latency
     1    0.017804    0.085938    0.061958    0.061958 ^ clk (in)
                                                         clk (net)
                      0.085948    0.000000    0.061958 ^ clkbuf_0_clk/A (sky130_fd_sc_hd__clkbuf_16)
     4    0.039527    0.059351    0.164209    0.226167 ^ clkbuf_0_clk/X (sky130_fd_sc_hd__clkbuf_16)
                                                         clknet_0_clk (net)
                      0.059373    0.001053    0.227220 ^ clkbuf_2_0__f_clk/A (sky130_fd_sc_hd__clkbuf_16)
     8    0.026991    0.048100    0.143825    0.371045 ^ clkbuf_2_0__f_clk/X (sky130_fd_sc_hd__clkbuf_16)
                                                         clknet_2_0__leaf_clk (net)
                      0.048133    0.001149    0.372194 ^ _323_/CLK (sky130_fd_sc_hd__dfxtp_2)
     8    0.026144    0.137811    0.408801    0.780995 ^ _323_/Q (sky130_fd_sc_hd__dfxtp_2)
                                                         op_q[0] (net)
                      0.137811    0.000380    0.781375 ^ _201_/C_N (sky130_fd_sc_hd__or3b_2)
     5    0.042220    0.180176    0.634645    1.416020 v _201_/X (sky130_fd_sc_hd__or3b_2)
                                                         _125_ (net)
                      0.180198    0.002219    1.418239 v _224_/B (sky130_fd_sc_hd__xnor2_2)
     4    0.015931    0.098929    0.228457    1.646696 v _224_/Y (sky130_fd_sc_hd__xnor2_2)
                                                         _030_ (net)
                      0.098929    0.000455    1.647151 v _225_/B (sky130_fd_sc_hd__or2_2)
     4    0.014441    0.085822    0.353142    2.000293 v _225_/X (sky130_fd_sc_hd__or2_2)
                                                         _031_ (net)
                      0.085826    0.000381    2.000673 v _230_/A2 (sky130_fd_sc_hd__a311o_2)
     3    0.013762    0.082886    0.436732    2.437405 v _230_/X (sky130_fd_sc_hd__a311o_2)
                                                         _036_ (net)
                      0.082897    0.000555    2.437961 v _232_/A3 (sky130_fd_sc_hd__a31o_2)
     1    0.009972    0.054971    0.292733    2.730693 v _232_/X (sky130_fd_sc_hd__a31o_2)
                                                         _038_ (net)
                      0.054973    0.000383    2.731077 v _292_/A (sky130_fd_sc_hd__xnor2_2)
     1    0.003059    0.043942    0.135042    2.866118 v _292_/Y (sky130_fd_sc_hd__xnor2_2)
                                                         _092_ (net)
                      0.043943    0.000095    2.866213 v _150_/A2 (sky130_fd_sc_hd__a211o_2)
     1    0.004207    0.051887    0.344650    3.210863 v _150_/X (sky130_fd_sc_hd__a211o_2)
                                                         _098_ (net)
                      0.051887    0.000102    3.210965 v _151_/B1 (sky130_fd_sc_hd__o211a_2)
     2    0.010260    0.060515    0.160882    3.371847 v _151_/X (sky130_fd_sc_hd__o211a_2)
                                                         _006_ (net)
                      0.060515    0.000363    3.372210 v _302_/D (sky130_fd_sc_hd__dfxtp_2)
                                              3.372210   data arrival time

                                 10.000000   10.000000   clock clk (rise edge)
                                  0.000000   10.000000   clock source latency
     1    0.017804    0.085938    0.056057   10.056058 ^ clk (in)
                                                         clk (net)
                      0.085948    0.000000   10.056058 ^ clkbuf_0_clk/A (sky130_fd_sc_hd__clkbuf_16)
     4    0.039527    0.059351    0.148570   10.204628 ^ clkbuf_0_clk/X (sky130_fd_sc_hd__clkbuf_16)
                                                         clknet_0_clk (net)
                      0.059356    0.000560   10.205187 ^ clkbuf_2_3__f_clk/A (sky130_fd_sc_hd__clkbuf_16)
     8    0.024970    0.046268    0.128411   10.333598 ^ clkbuf_2_3__f_clk/X (sky130_fd_sc_hd__clkbuf_16)
                                                         clknet_2_3__leaf_clk (net)
                      0.046286    0.000814   10.334413 ^ _302_/CLK (sky130_fd_sc_hd__dfxtp_2)
                                 -0.250000   10.084413   clock uncertainty
                                  0.021540   10.105953   clock reconvergence pessimism
                                 -0.119356    9.986597   library setup time
                                              9.986597   data required time
---------------------------------------------------------------------------------------------
                                              9.986597   data required time
                                             -3.372210   data arrival time
---------------------------------------------------------------------------------------------
                                              6.614388   slack (MET)


Startpoint: _323_ (rising edge-triggered flip-flop clocked by clk)
Endpoint: _301_ (rising edge-triggered flip-flop clocked by clk)
Path Group: clk
Path Type: max

Fanout         Cap        Slew       Delay        Time   Description
---------------------------------------------------------------------------------------------
                                  0.000000    0.000000   clock clk (rise edge)
                                  0.000000    0.000000   clock source latency
     1    0.017804    0.085938    0.061958    0.061958 ^ clk (in)
                                                         clk (net)
                      0.085948    0.000000    0.061958 ^ clkbuf_0_clk/A (sky130_fd_sc_hd__clkbuf_16)
     4    0.039527    0.059351    0.164209    0.226167 ^ clkbuf_0_clk/X (sky130_fd_sc_hd__clkbuf_16)
                                                         clknet_0_clk (net)
                      0.059373    0.001053    0.227220 ^ clkbuf_2_0__f_clk/A (sky130_fd_sc_hd__clkbuf_16)
     8    0.026991    0.048100    0.143825    0.371045 ^ clkbuf_2_0__f_clk/X (sky130_fd_sc_hd__clkbuf_16)
                                                         clknet_2_0__leaf_clk (net)
                      0.048133    0.001149    0.372194 ^ _323_/CLK (sky130_fd_sc_hd__dfxtp_2)
     8    0.026144    0.137811    0.408801    0.780995 ^ _323_/Q (sky130_fd_sc_hd__dfxtp_2)
                                                         op_q[0] (net)
                      0.137811    0.000380    0.781375 ^ _201_/C_N (sky130_fd_sc_hd__or3b_2)
     5    0.042220    0.180176    0.634645    1.416020 v _201_/X (sky130_fd_sc_hd__or3b_2)
                                                         _125_ (net)
                      0.180198    0.002219    1.418239 v _224_/B (sky130_fd_sc_hd__xnor2_2)
     4    0.015931    0.098929    0.228457    1.646696 v _224_/Y (sky130_fd_sc_hd__xnor2_2)
                                                         _030_ (net)
                      0.098929    0.000455    1.647151 v _225_/B (sky130_fd_sc_hd__or2_2)
     4    0.014441    0.085822    0.353142    2.000293 v _225_/X (sky130_fd_sc_hd__or2_2)
                                                         _031_ (net)
                      0.085826    0.000381    2.000673 v _230_/A2 (sky130_fd_sc_hd__a311o_2)
     3    0.013762    0.082886    0.436732    2.437405 v _230_/X (sky130_fd_sc_hd__a311o_2)
                                                         _036_ (net)
                      0.082896    0.000488    2.437893 v _231_/B (sky130_fd_sc_hd__nand2_2)
     1    0.010164    0.071378    0.104842    2.542735 ^ _231_/Y (sky130_fd_sc_hd__nand2_2)
                                                         _037_ (net)
                      0.071378    0.000341    2.543076 ^ _283_/A (sky130_fd_sc_hd__xor2_2)
     1    0.002861    0.042568    0.066603    2.609679 v _283_/X (sky130_fd_sc_hd__xor2_2)
                                                         _084_ (net)
                      0.042569    0.000087    2.609766 v _288_/A2 (sky130_fd_sc_hd__a211o_2)
     2    0.009985    0.067124    0.369359    2.979125 v _288_/X (sky130_fd_sc_hd__a211o_2)
                                                         _089_ (net)
                      0.067125    0.000452    2.979577 v _290_/A (sky130_fd_sc_hd__and2_2)
     1    0.003979    0.039909    0.185852    3.165429 v _290_/X (sky130_fd_sc_hd__and2_2)
                                                         _005_ (net)
                      0.039909    0.000151    3.165580 v _301_/D (sky130_fd_sc_hd__dfxtp_2)
                                              3.165580   data arrival time

                                 10.000000   10.000000   clock clk (rise edge)
                                  0.000000   10.000000   clock source latency
     1    0.017804    0.085938    0.056057   10.056058 ^ clk (in)
                                                         clk (net)
                      0.085948    0.000000   10.056058 ^ clkbuf_0_clk/A (sky130_fd_sc_hd__clkbuf_16)
     4    0.039527    0.059351    0.148570   10.204628 ^ clkbuf_0_clk/X (sky130_fd_sc_hd__clkbuf_16)
                                                         clknet_0_clk (net)
                      0.059356    0.000560   10.205187 ^ clkbuf_2_3__f_clk/A (sky130_fd_sc_hd__clkbuf_16)
     8    0.024970    0.046268    0.128411   10.333598 ^ clkbuf_2_3__f_clk/X (sky130_fd_sc_hd__clkbuf_16)
                                                         clknet_2_3__leaf_clk (net)
                      0.046305    0.001084   10.334682 ^ _301_/CLK (sky130_fd_sc_hd__dfxtp_2)
                                 -0.250000   10.084682   clock uncertainty
                                  0.021540   10.106222   clock reconvergence pessimism
                                 -0.110358    9.995864   library setup time
                                              9.995864   data required time
---------------------------------------------------------------------------------------------
                                              9.995864   data required time
                                             -3.165580   data arrival time
---------------------------------------------------------------------------------------------
                                              6.830284   slack (MET)


Startpoint: rst_n (input port clocked by clk)
Endpoint: _311_ (rising edge-triggered flip-flop clocked by clk)
Path Group: clk
Path Type: max

Fanout         Cap        Slew       Delay        Time   Description
---------------------------------------------------------------------------------------------
                                  0.000000    0.000000   clock clk (rise edge)
                                  0.000000    0.000000   clock network delay (propagated)
                                  2.000000    2.000000 ^ input external delay
     1    0.003594    0.023177    0.013763    2.013763 ^ rst_n (in)
                                                         rst_n (net)
                      0.023184    0.000000    2.013763 ^ input20/A (sky130_fd_sc_hd__clkdlybuf4s25_1)
     4    0.017387    0.182406    0.353040    2.366802 ^ input20/X (sky130_fd_sc_hd__clkdlybuf4s25_1)
                                                         net20 (net)
                      0.182406    0.000616    2.367418 ^ fanout37/A (sky130_fd_sc_hd__clkdlybuf4s25_1)
    10    0.041019    0.412434    0.573582    2.941000 ^ fanout37/X (sky130_fd_sc_hd__clkdlybuf4s25_1)
                                                         net37 (net)
                      0.412436    0.001863    2.942863 ^ _179_/A (sky130_fd_sc_hd__and2_2)
     1    0.002297    0.042583    0.227990    3.170853 ^ _179_/X (sky130_fd_sc_hd__and2_2)
                                                         _015_ (net)
                      0.042583    0.000068    3.170921 ^ _311_/D (sky130_fd_sc_hd__dfxtp_2)
                                              3.170921   data arrival time

                                 10.000000   10.000000   clock clk (rise edge)
                                  0.000000   10.000000   clock source latency
     1    0.017804    0.085938    0.056057   10.056058 ^ clk (in)
                                                         clk (net)
                      0.085948    0.000000   10.056058 ^ clkbuf_0_clk/A (sky130_fd_sc_hd__clkbuf_16)
     4    0.039527    0.059351    0.148570   10.204628 ^ clkbuf_0_clk/X (sky130_fd_sc_hd__clkbuf_16)
                                                         clknet_0_clk (net)
                      0.059356    0.000558   10.205186 ^ clkbuf_2_2__f_clk/A (sky130_fd_sc_hd__clkbuf_16)
     8    0.029672    0.050763    0.132450   10.337635 ^ clkbuf_2_2__f_clk/X (sky130_fd_sc_hd__clkbuf_16)
                                                         clknet_2_2__leaf_clk (net)
                      0.050767    0.000780   10.338415 ^ _311_/CLK (sky130_fd_sc_hd__dfxtp_2)
                                 -0.250000   10.088415   clock uncertainty
                                  0.000000   10.088415   clock reconvergence pessimism
                                 -0.057441   10.030974   library setup time
                                             10.030974   data required time
---------------------------------------------------------------------------------------------
                                             10.030974   data required time
                                             -3.170921   data arrival time
---------------------------------------------------------------------------------------------
                                              6.860053   slack (MET)


Startpoint: rst_n (input port clocked by clk)
Endpoint: _313_ (rising edge-triggered flip-flop clocked by clk)
Path Group: clk
Path Type: max

Fanout         Cap        Slew       Delay        Time   Description
---------------------------------------------------------------------------------------------
                                  0.000000    0.000000   clock clk (rise edge)
                                  0.000000    0.000000   clock network delay (propagated)
                                  2.000000    2.000000 ^ input external delay
     1    0.003594    0.023177    0.013763    2.013763 ^ rst_n (in)
                                                         rst_n (net)
                      0.023184    0.000000    2.013763 ^ input20/A (sky130_fd_sc_hd__clkdlybuf4s25_1)
     4    0.017387    0.182406    0.353040    2.366802 ^ input20/X (sky130_fd_sc_hd__clkdlybuf4s25_1)
                                                         net20 (net)
                      0.182406    0.000616    2.367418 ^ fanout37/A (sky130_fd_sc_hd__clkdlybuf4s25_1)
    10    0.041019    0.412434    0.573582    2.941000 ^ fanout37/X (sky130_fd_sc_hd__clkdlybuf4s25_1)
                                                         net37 (net)
                      0.412436    0.001824    2.942824 ^ _181_/A (sky130_fd_sc_hd__and2_2)
     1    0.002201    0.042211    0.227407    3.170231 ^ _181_/X (sky130_fd_sc_hd__and2_2)
                                                         _017_ (net)
                      0.042211    0.000067    3.170298 ^ _313_/D (sky130_fd_sc_hd__dfxtp_2)
                                              3.170298   data arrival time

                                 10.000000   10.000000   clock clk (rise edge)
                                  0.000000   10.000000   clock source latency
     1    0.017804    0.085938    0.056057   10.056058 ^ clk (in)
                                                         clk (net)
                      0.085948    0.000000   10.056058 ^ clkbuf_0_clk/A (sky130_fd_sc_hd__clkbuf_16)
     4    0.039527    0.059351    0.148570   10.204628 ^ clkbuf_0_clk/X (sky130_fd_sc_hd__clkbuf_16)
                                                         clknet_0_clk (net)
                      0.059356    0.000558   10.205186 ^ clkbuf_2_2__f_clk/A (sky130_fd_sc_hd__clkbuf_16)
     8    0.029672    0.050763    0.132450   10.337635 ^ clkbuf_2_2__f_clk/X (sky130_fd_sc_hd__clkbuf_16)
                                                         clknet_2_2__leaf_clk (net)
                      0.050765    0.000590   10.338224 ^ _313_/CLK (sky130_fd_sc_hd__dfxtp_2)
                                 -0.250000   10.088224   clock uncertainty
                                  0.000000   10.088224   clock reconvergence pessimism
                                 -0.057353   10.030871   library setup time
                                             10.030871   data required time
---------------------------------------------------------------------------------------------
                                             10.030871   data required time
                                             -3.170298   data arrival time
---------------------------------------------------------------------------------------------
                                              6.860573   slack (MET)


Startpoint: rst_n (input port clocked by clk)
Endpoint: _312_ (rising edge-triggered flip-flop clocked by clk)
Path Group: clk
Path Type: max

Fanout         Cap        Slew       Delay        Time   Description
---------------------------------------------------------------------------------------------
                                  0.000000    0.000000   clock clk (rise edge)
                                  0.000000    0.000000   clock network delay (propagated)
                                  2.000000    2.000000 ^ input external delay
     1    0.003594    0.023177    0.013763    2.013763 ^ rst_n (in)
                                                         rst_n (net)
                      0.023184    0.000000    2.013763 ^ input20/A (sky130_fd_sc_hd__clkdlybuf4s25_1)
     4    0.017387    0.182406    0.353040    2.366802 ^ input20/X (sky130_fd_sc_hd__clkdlybuf4s25_1)
                                                         net20 (net)
                      0.182406    0.000616    2.367418 ^ fanout37/A (sky130_fd_sc_hd__clkdlybuf4s25_1)
    10    0.041019    0.412434    0.573582    2.941000 ^ fanout37/X (sky130_fd_sc_hd__clkdlybuf4s25_1)
                                                         net37 (net)
                      0.412436    0.001813    2.942813 ^ _180_/A (sky130_fd_sc_hd__and2_2)
     1    0.002118    0.041892    0.226912    3.169725 ^ _180_/X (sky130_fd_sc_hd__and2_2)
                                                         _016_ (net)
                      0.041892    0.000064    3.169789 ^ _312_/D (sky130_fd_sc_hd__dfxtp_2)
                                              3.169789   data arrival time

                                 10.000000   10.000000   clock clk (rise edge)
                                  0.000000   10.000000   clock source latency
     1    0.017804    0.085938    0.056057   10.056058 ^ clk (in)
                                                         clk (net)
                      0.085948    0.000000   10.056058 ^ clkbuf_0_clk/A (sky130_fd_sc_hd__clkbuf_16)
     4    0.039527    0.059351    0.148570   10.204628 ^ clkbuf_0_clk/X (sky130_fd_sc_hd__clkbuf_16)
                                                         clknet_0_clk (net)
                      0.059356    0.000558   10.205186 ^ clkbuf_2_2__f_clk/A (sky130_fd_sc_hd__clkbuf_16)
     8    0.029672    0.050763    0.132450   10.337635 ^ clkbuf_2_2__f_clk/X (sky130_fd_sc_hd__clkbuf_16)
                                                         clknet_2_2__leaf_clk (net)
                      0.050766    0.000753   10.338388 ^ _312_/CLK (sky130_fd_sc_hd__dfxtp_2)
                                 -0.250000   10.088388   clock uncertainty
                                  0.000000   10.088388   clock reconvergence pessimism
                                 -0.057278   10.031111   library setup time
                                             10.031111   data required time
---------------------------------------------------------------------------------------------
                                             10.031111   data required time
                                             -3.169789   data arrival time
---------------------------------------------------------------------------------------------
                                              6.861321   slack (MET)


Startpoint: rst_n (input port clocked by clk)
Endpoint: _321_ (rising edge-triggered flip-flop clocked by clk)
Path Group: clk
Path Type: max

Fanout         Cap        Slew       Delay        Time   Description
---------------------------------------------------------------------------------------------
                                  0.000000    0.000000   clock clk (rise edge)
                                  0.000000    0.000000   clock network delay (propagated)
                                  2.000000    2.000000 ^ input external delay
     1    0.003594    0.023177    0.013763    2.013763 ^ rst_n (in)
                                                         rst_n (net)
                      0.023184    0.000000    2.013763 ^ input20/A (sky130_fd_sc_hd__clkdlybuf4s25_1)
     4    0.017387    0.182406    0.353040    2.366802 ^ input20/X (sky130_fd_sc_hd__clkdlybuf4s25_1)
                                                         net20 (net)
                      0.182406    0.000616    2.367418 ^ fanout37/A (sky130_fd_sc_hd__clkdlybuf4s25_1)
    10    0.041019    0.412434    0.573582    2.941000 ^ fanout37/X (sky130_fd_sc_hd__clkdlybuf4s25_1)
                                                         net37 (net)
                      0.412436    0.001799    2.942800 ^ _189_/A (sky130_fd_sc_hd__and2_2)
     1    0.002081    0.041745    0.226685    3.169485 ^ _189_/X (sky130_fd_sc_hd__and2_2)
                                                         _025_ (net)
                      0.041745    0.000062    3.169547 ^ _321_/D (sky130_fd_sc_hd__dfxtp_2)
                                              3.169547   data arrival time

                                 10.000000   10.000000   clock clk (rise edge)
                                  0.000000   10.000000   clock source latency
     1    0.017804    0.085938    0.056057   10.056058 ^ clk (in)
                                                         clk (net)
                      0.085948    0.000000   10.056058 ^ clkbuf_0_clk/A (sky130_fd_sc_hd__clkbuf_16)
     4    0.039527    0.059351    0.148570   10.204628 ^ clkbuf_0_clk/X (sky130_fd_sc_hd__clkbuf_16)
                                                         clknet_0_clk (net)
                      0.059356    0.000558   10.205186 ^ clkbuf_2_2__f_clk/A (sky130_fd_sc_hd__clkbuf_16)
     8    0.029672    0.050763    0.132450   10.337635 ^ clkbuf_2_2__f_clk/X (sky130_fd_sc_hd__clkbuf_16)
                                                         clknet_2_2__leaf_clk (net)
                      0.050765    0.000644   10.338279 ^ _321_/CLK (sky130_fd_sc_hd__dfxtp_2)
                                 -0.250000   10.088279   clock uncertainty
                                  0.000000   10.088279   clock reconvergence pessimism
                                 -0.057244   10.031035   library setup time
                                             10.031035   data required time
---------------------------------------------------------------------------------------------
                                             10.031035   data required time
                                             -3.169547   data arrival time
---------------------------------------------------------------------------------------------
                                              6.861488   slack (MET)


Startpoint: rst_n (input port clocked by clk)
Endpoint: _320_ (rising edge-triggered flip-flop clocked by clk)
Path Group: clk
Path Type: max

Fanout         Cap        Slew       Delay        Time   Description
---------------------------------------------------------------------------------------------
                                  0.000000    0.000000   clock clk (rise edge)
                                  0.000000    0.000000   clock network delay (propagated)
                                  2.000000    2.000000 ^ input external delay
     1    0.003594    0.023177    0.013763    2.013763 ^ rst_n (in)
                                                         rst_n (net)
                      0.023184    0.000000    2.013763 ^ input20/A (sky130_fd_sc_hd__clkdlybuf4s25_1)
     4    0.017387    0.182406    0.353040    2.366802 ^ input20/X (sky130_fd_sc_hd__clkdlybuf4s25_1)
                                                         net20 (net)
                      0.182406    0.000616    2.367418 ^ fanout37/A (sky130_fd_sc_hd__clkdlybuf4s25_1)
    10    0.041019    0.412434    0.573582    2.941000 ^ fanout37/X (sky130_fd_sc_hd__clkdlybuf4s25_1)
                                                         net37 (net)
                      0.412436    0.001848    2.942848 ^ _188_/A (sky130_fd_sc_hd__and2_2)
     1    0.002005    0.041452    0.226230    3.169078 ^ _188_/X (sky130_fd_sc_hd__and2_2)
                                                         _024_ (net)
                      0.041452    0.000059    3.169137 ^ _320_/D (sky130_fd_sc_hd__dfxtp_2)
                                              3.169137   data arrival time

                                 10.000000   10.000000   clock clk (rise edge)
                                  0.000000   10.000000   clock source latency
     1    0.017804    0.085938    0.056057   10.056058 ^ clk (in)
                                                         clk (net)
                      0.085948    0.000000   10.056058 ^ clkbuf_0_clk/A (sky130_fd_sc_hd__clkbuf_16)
     4    0.039527    0.059351    0.148570   10.204628 ^ clkbuf_0_clk/X (sky130_fd_sc_hd__clkbuf_16)
                                                         clknet_0_clk (net)
                      0.059356    0.000558   10.205186 ^ clkbuf_2_2__f_clk/A (sky130_fd_sc_hd__clkbuf_16)
     8    0.029672    0.050763    0.132450   10.337635 ^ clkbuf_2_2__f_clk/X (sky130_fd_sc_hd__clkbuf_16)
                                                         clknet_2_2__leaf_clk (net)
                      0.050767    0.000779   10.338414 ^ _320_/CLK (sky130_fd_sc_hd__dfxtp_2)
                                 -0.250000   10.088414   clock uncertainty
                                  0.000000   10.088414   clock reconvergence pessimism
                                 -0.057174   10.031240   library setup time
                                             10.031240   data required time
---------------------------------------------------------------------------------------------
                                             10.031240   data required time
                                             -3.169137   data arrival time
---------------------------------------------------------------------------------------------
                                              6.862102   slack (MET)


Startpoint: _323_ (rising edge-triggered flip-flop clocked by clk)
Endpoint: _299_ (rising edge-triggered flip-flop clocked by clk)
Path Group: clk
Path Type: max

Fanout         Cap        Slew       Delay        Time   Description
---------------------------------------------------------------------------------------------
                                  0.000000    0.000000   clock clk (rise edge)
                                  0.000000    0.000000   clock source latency
     1    0.017804    0.085938    0.061958    0.061958 ^ clk (in)
                                                         clk (net)
                      0.085948    0.000000    0.061958 ^ clkbuf_0_clk/A (sky130_fd_sc_hd__clkbuf_16)
     4    0.039527    0.059351    0.164209    0.226167 ^ clkbuf_0_clk/X (sky130_fd_sc_hd__clkbuf_16)
                                                         clknet_0_clk (net)
                      0.059373    0.001053    0.227220 ^ clkbuf_2_0__f_clk/A (sky130_fd_sc_hd__clkbuf_16)
     8    0.026991    0.048100    0.143825    0.371045 ^ clkbuf_2_0__f_clk/X (sky130_fd_sc_hd__clkbuf_16)
                                                         clknet_2_0__leaf_clk (net)
                      0.048133    0.001149    0.372194 ^ _323_/CLK (sky130_fd_sc_hd__dfxtp_2)
     8    0.026144    0.137811    0.408801    0.780995 ^ _323_/Q (sky130_fd_sc_hd__dfxtp_2)
                                                         op_q[0] (net)
                      0.137811    0.000380    0.781375 ^ _201_/C_N (sky130_fd_sc_hd__or3b_2)
     5    0.042220    0.180176    0.634645    1.416020 v _201_/X (sky130_fd_sc_hd__or3b_2)
                                                         _125_ (net)
                      0.180232    0.003137    1.419157 v _220_/B (sky130_fd_sc_hd__xor2_2)
     3    0.011963    0.100204    0.223875    1.643032 v _220_/X (sky130_fd_sc_hd__xor2_2)
                                                         _144_ (net)
                      0.100204    0.000303    1.643336 v _223_/B (sky130_fd_sc_hd__or2_2)
     4    0.019256    0.096206    0.367770    2.011106 v _223_/X (sky130_fd_sc_hd__or2_2)
                                                         _147_ (net)
                      0.096207    0.000491    2.011597 v _263_/A2 (sky130_fd_sc_hd__a22o_2)
     1    0.001839    0.036252    0.277556    2.289153 v _263_/X (sky130_fd_sc_hd__a22o_2)
                                                         _066_ (net)
                      0.036252    0.000036    2.289189 v _264_/C (sky130_fd_sc_hd__and3_2)
     1    0.003479    0.039055    0.210667    2.499856 v _264_/X (sky130_fd_sc_hd__and3_2)
                                                         _067_ (net)
                      0.039055    0.000110    2.499966 v _270_/A1 (sky130_fd_sc_hd__o32a_2)
     2    0.005219    0.060098    0.402877    2.902843 v _270_/X (sky130_fd_sc_hd__o32a_2)
                                                         _073_ (net)
                      0.060098    0.000177    2.903021 v _271_/B (sky130_fd_sc_hd__and2_2)
     1    0.001875    0.033986    0.193946    3.096967 v _271_/X (sky130_fd_sc_hd__and2_2)
                                                         _003_ (net)
                      0.033986    0.000054    3.097022 v _299_/D (sky130_fd_sc_hd__dfxtp_2)
                                              3.097022   data arrival time

                                 10.000000   10.000000   clock clk (rise edge)
                                  0.000000   10.000000   clock source latency
     1    0.017804    0.085938    0.056057   10.056058 ^ clk (in)
                                                         clk (net)
                      0.085948    0.000000   10.056058 ^ clkbuf_0_clk/A (sky130_fd_sc_hd__clkbuf_16)
     4    0.039527    0.059351    0.148570   10.204628 ^ clkbuf_0_clk/X (sky130_fd_sc_hd__clkbuf_16)
                                                         clknet_0_clk (net)
                      0.059373    0.000957   10.205585 ^ clkbuf_2_1__f_clk/A (sky130_fd_sc_hd__clkbuf_16)
     8    0.026488    0.047713    0.129615   10.335199 ^ clkbuf_2_1__f_clk/X (sky130_fd_sc_hd__clkbuf_16)
                                                         clknet_2_1__leaf_clk (net)
                      0.047734    0.000909   10.336108 ^ _299_/CLK (sky130_fd_sc_hd__dfxtp_2)
                                 -0.250000   10.086108   clock uncertainty
                                  0.021540   10.107648   clock reconvergence pessimism
                                 -0.107439   10.000209   library setup time
                                             10.000209   data required time
---------------------------------------------------------------------------------------------
                                             10.000209   data required time
                                             -3.097022   data arrival time
---------------------------------------------------------------------------------------------
                                              6.903188   slack (MET)


Startpoint: rst_n (input port clocked by clk)
Endpoint: _308_ (rising edge-triggered flip-flop clocked by clk)
Path Group: clk
Path Type: max

Fanout         Cap        Slew       Delay        Time   Description
---------------------------------------------------------------------------------------------
                                  0.000000    0.000000   clock clk (rise edge)
                                  0.000000    0.000000   clock network delay (propagated)
                                  2.000000    2.000000 v input external delay
     1    0.003369    0.009956    0.005672    2.005672 v rst_n (in)
                                                         rst_n (net)
                      0.009956    0.000000    2.005672 v input20/A (sky130_fd_sc_hd__clkdlybuf4s25_1)
     4    0.016487    0.131099    0.320533    2.326205 v input20/X (sky130_fd_sc_hd__clkdlybuf4s25_1)
                                                         net20 (net)
                      0.131099    0.000233    2.326437 v fanout35/A (sky130_fd_sc_hd__clkdlybuf4s25_1)
    10    0.028061    0.210910    0.438848    2.765286 v fanout35/X (sky130_fd_sc_hd__clkdlybuf4s25_1)
                                                         net35 (net)
                      0.210911    0.000826    2.766112 v _176_/A (sky130_fd_sc_hd__and2_2)
     1    0.002851    0.036524    0.249655    3.015766 v _176_/X (sky130_fd_sc_hd__and2_2)
                                                         _012_ (net)
                      0.036524    0.000089    3.015856 v _308_/D (sky130_fd_sc_hd__dfxtp_2)
                                              3.015856   data arrival time

                                 10.000000   10.000000   clock clk (rise edge)
                                  0.000000   10.000000   clock source latency
     1    0.017804    0.085938    0.056057   10.056058 ^ clk (in)
                                                         clk (net)
                      0.085948    0.000000   10.056058 ^ clkbuf_0_clk/A (sky130_fd_sc_hd__clkbuf_16)
     4    0.039527    0.059351    0.148570   10.204628 ^ clkbuf_0_clk/X (sky130_fd_sc_hd__clkbuf_16)
                                                         clknet_0_clk (net)
                      0.059373    0.000957   10.205585 ^ clkbuf_2_1__f_clk/A (sky130_fd_sc_hd__clkbuf_16)
     8    0.026488    0.047713    0.129615   10.335199 ^ clkbuf_2_1__f_clk/X (sky130_fd_sc_hd__clkbuf_16)
                                                         clknet_2_1__leaf_clk (net)
                      0.047771    0.001369   10.336568 ^ _308_/CLK (sky130_fd_sc_hd__dfxtp_2)
                                 -0.250000   10.086568   clock uncertainty
                                  0.000000   10.086568   clock reconvergence pessimism
                                 -0.108538    9.978030   library setup time
                                              9.978030   data required time
---------------------------------------------------------------------------------------------
                                              9.978030   data required time
                                             -3.015856   data arrival time
---------------------------------------------------------------------------------------------
                                              6.962174   slack (MET)


Startpoint: rst_n (input port clocked by clk)
Endpoint: _325_ (rising edge-triggered flip-flop clocked by clk)
Path Group: clk
Path Type: max

Fanout         Cap        Slew       Delay        Time   Description
---------------------------------------------------------------------------------------------
                                  0.000000    0.000000   clock clk (rise edge)
                                  0.000000    0.000000   clock network delay (propagated)
                                  2.000000    2.000000 v input external delay
     1    0.003369    0.009956    0.005672    2.005672 v rst_n (in)
                                                         rst_n (net)
                      0.009956    0.000000    2.005672 v input20/A (sky130_fd_sc_hd__clkdlybuf4s25_1)
     4    0.016487    0.131099    0.320533    2.326205 v input20/X (sky130_fd_sc_hd__clkdlybuf4s25_1)
                                                         net20 (net)
                      0.131099    0.000233    2.326437 v fanout35/A (sky130_fd_sc_hd__clkdlybuf4s25_1)
    10    0.028061    0.210910    0.438848    2.765286 v fanout35/X (sky130_fd_sc_hd__clkdlybuf4s25_1)
                                                         net35 (net)
                      0.210916    0.001446    2.766732 v _193_/A (sky130_fd_sc_hd__and2_2)
     1    0.002685    0.036102    0.248894    3.015626 v _193_/X (sky130_fd_sc_hd__and2_2)
                                                         _029_ (net)
                      0.036102    0.000084    3.015710 v _325_/D (sky130_fd_sc_hd__dfxtp_2)
                                              3.015710   data arrival time

                                 10.000000   10.000000   clock clk (rise edge)
                                  0.000000   10.000000   clock source latency
     1    0.017804    0.085938    0.056057   10.056058 ^ clk (in)
                                                         clk (net)
                      0.085948    0.000000   10.056058 ^ clkbuf_0_clk/A (sky130_fd_sc_hd__clkbuf_16)
     4    0.039527    0.059351    0.148570   10.204628 ^ clkbuf_0_clk/X (sky130_fd_sc_hd__clkbuf_16)
                                                         clknet_0_clk (net)
                      0.059373    0.000953   10.205581 ^ clkbuf_2_0__f_clk/A (sky130_fd_sc_hd__clkbuf_16)
     8    0.026991    0.048100    0.130127   10.335708 ^ clkbuf_2_0__f_clk/X (sky130_fd_sc_hd__clkbuf_16)
                                                         clknet_2_0__leaf_clk (net)
                      0.048141    0.001136   10.336843 ^ _325_/CLK (sky130_fd_sc_hd__dfxtp_2)
                                 -0.250000   10.086843   clock uncertainty
                                  0.000000   10.086843   clock reconvergence pessimism
                                 -0.108268    9.978577   library setup time
                                              9.978577   data required time
---------------------------------------------------------------------------------------------
                                              9.978577   data required time
                                             -3.015710   data arrival time
---------------------------------------------------------------------------------------------
                                              6.962867   slack (MET)


Startpoint: rst_n (input port clocked by clk)
Endpoint: _323_ (rising edge-triggered flip-flop clocked by clk)
Path Group: clk
Path Type: max

Fanout         Cap        Slew       Delay        Time   Description
---------------------------------------------------------------------------------------------
                                  0.000000    0.000000   clock clk (rise edge)
                                  0.000000    0.000000   clock network delay (propagated)
                                  2.000000    2.000000 v input external delay
     1    0.003369    0.009956    0.005672    2.005672 v rst_n (in)
                                                         rst_n (net)
                      0.009956    0.000000    2.005672 v input20/A (sky130_fd_sc_hd__clkdlybuf4s25_1)
     4    0.016487    0.131099    0.320533    2.326205 v input20/X (sky130_fd_sc_hd__clkdlybuf4s25_1)
                                                         net20 (net)
                      0.131099    0.000233    2.326437 v fanout35/A (sky130_fd_sc_hd__clkdlybuf4s25_1)
    10    0.028061    0.210910    0.438848    2.765286 v fanout35/X (sky130_fd_sc_hd__clkdlybuf4s25_1)
                                                         net35 (net)
                      0.210914    0.001235    2.766521 v _191_/A (sky130_fd_sc_hd__and2_2)
     1    0.002590    0.035859    0.248458    3.014979 v _191_/X (sky130_fd_sc_hd__and2_2)
                                                         _027_ (net)
                      0.035859    0.000076    3.015056 v _323_/D (sky130_fd_sc_hd__dfxtp_2)
                                              3.015056   data arrival time

                                 10.000000   10.000000   clock clk (rise edge)
                                  0.000000   10.000000   clock source latency
     1    0.017804    0.085938    0.056057   10.056058 ^ clk (in)
                                                         clk (net)
                      0.085948    0.000000   10.056058 ^ clkbuf_0_clk/A (sky130_fd_sc_hd__clkbuf_16)
     4    0.039527    0.059351    0.148570   10.204628 ^ clkbuf_0_clk/X (sky130_fd_sc_hd__clkbuf_16)
                                                         clknet_0_clk (net)
                      0.059373    0.000953   10.205581 ^ clkbuf_2_0__f_clk/A (sky130_fd_sc_hd__clkbuf_16)
     8    0.026991    0.048100    0.130127   10.335708 ^ clkbuf_2_0__f_clk/X (sky130_fd_sc_hd__clkbuf_16)
                                                         clknet_2_0__leaf_clk (net)
                      0.048133    0.001040   10.336748 ^ _323_/CLK (sky130_fd_sc_hd__dfxtp_2)
                                 -0.250000   10.086748   clock uncertainty
                                  0.000000   10.086748   clock reconvergence pessimism
                                 -0.108163    9.978584   library setup time
                                              9.978584   data required time
---------------------------------------------------------------------------------------------
                                              9.978584   data required time
                                             -3.015056   data arrival time
---------------------------------------------------------------------------------------------
                                              6.963529   slack (MET)


Startpoint: rst_n (input port clocked by clk)
Endpoint: _310_ (rising edge-triggered flip-flop clocked by clk)
Path Group: clk
Path Type: max

Fanout         Cap        Slew       Delay        Time   Description
---------------------------------------------------------------------------------------------
                                  0.000000    0.000000   clock clk (rise edge)
                                  0.000000    0.000000   clock network delay (propagated)
                                  2.000000    2.000000 v input external delay
     1    0.003369    0.009956    0.005672    2.005672 v rst_n (in)
                                                         rst_n (net)
                      0.009956    0.000000    2.005672 v input20/A (sky130_fd_sc_hd__clkdlybuf4s25_1)
     4    0.016487    0.131099    0.320533    2.326205 v input20/X (sky130_fd_sc_hd__clkdlybuf4s25_1)
                                                         net20 (net)
                      0.131099    0.000233    2.326437 v fanout35/A (sky130_fd_sc_hd__clkdlybuf4s25_1)
    10    0.028061    0.210910    0.438848    2.765286 v fanout35/X (sky130_fd_sc_hd__clkdlybuf4s25_1)
                                                         net35 (net)
                      0.210920    0.001715    2.767000 v _178_/A (sky130_fd_sc_hd__and2_2)
     1    0.002247    0.034977    0.246884    3.013884 v _178_/X (sky130_fd_sc_hd__and2_2)
                                                         _014_ (net)
                      0.034977    0.000069    3.013954 v _310_/D (sky130_fd_sc_hd__dfxtp_2)
                                              3.013954   data arrival time

                                 10.000000   10.000000   clock clk (rise edge)
                                  0.000000   10.000000   clock source latency
     1    0.017804    0.085938    0.056057   10.056058 ^ clk (in)
                                                         clk (net)
                      0.085948    0.000000   10.056058 ^ clkbuf_0_clk/A (sky130_fd_sc_hd__clkbuf_16)
     4    0.039527    0.059351    0.148570   10.204628 ^ clkbuf_0_clk/X (sky130_fd_sc_hd__clkbuf_16)
                                                         clknet_0_clk (net)
                      0.059373    0.000953   10.205581 ^ clkbuf_2_0__f_clk/A (sky130_fd_sc_hd__clkbuf_16)
     8    0.026991    0.048100    0.130127   10.335708 ^ clkbuf_2_0__f_clk/X (sky130_fd_sc_hd__clkbuf_16)
                                                         clknet_2_0__leaf_clk (net)
                      0.048118    0.000805   10.336513 ^ _310_/CLK (sky130_fd_sc_hd__dfxtp_2)
                                 -0.250000   10.086513   clock uncertainty
                                  0.000000   10.086513   clock reconvergence pessimism
                                 -0.107782    9.978730   library setup time
                                              9.978730   data required time
---------------------------------------------------------------------------------------------
                                              9.978730   data required time
                                             -3.013954   data arrival time
---------------------------------------------------------------------------------------------
                                              6.964777   slack (MET)


Startpoint: rst_n (input port clocked by clk)
Endpoint: _318_ (rising edge-triggered flip-flop clocked by clk)
Path Group: clk
Path Type: max

Fanout         Cap        Slew       Delay        Time   Description
---------------------------------------------------------------------------------------------
                                  0.000000    0.000000   clock clk (rise edge)
                                  0.000000    0.000000   clock network delay (propagated)
                                  2.000000    2.000000 v input external delay
     1    0.003369    0.009956    0.005672    2.005672 v rst_n (in)
                                                         rst_n (net)
                      0.009956    0.000000    2.005672 v input20/A (sky130_fd_sc_hd__clkdlybuf4s25_1)
     4    0.016487    0.131099    0.320533    2.326205 v input20/X (sky130_fd_sc_hd__clkdlybuf4s25_1)
                                                         net20 (net)
                      0.131099    0.000233    2.326437 v fanout35/A (sky130_fd_sc_hd__clkdlybuf4s25_1)
    10    0.028061    0.210910    0.438848    2.765286 v fanout35/X (sky130_fd_sc_hd__clkdlybuf4s25_1)
                                                         net35 (net)
                      0.210920    0.001707    2.766993 v _186_/A (sky130_fd_sc_hd__and2_2)
     1    0.002161    0.034756    0.246486    3.013479 v _186_/X (sky130_fd_sc_hd__and2_2)
                                                         _022_ (net)
                      0.034756    0.000064    3.013543 v _318_/D (sky130_fd_sc_hd__dfxtp_2)
                                              3.013543   data arrival time

                                 10.000000   10.000000   clock clk (rise edge)
                                  0.000000   10.000000   clock source latency
     1    0.017804    0.085938    0.056057   10.056058 ^ clk (in)
                                                         clk (net)
                      0.085948    0.000000   10.056058 ^ clkbuf_0_clk/A (sky130_fd_sc_hd__clkbuf_16)
     4    0.039527    0.059351    0.148570   10.204628 ^ clkbuf_0_clk/X (sky130_fd_sc_hd__clkbuf_16)
                                                         clknet_0_clk (net)
                      0.059373    0.000953   10.205581 ^ clkbuf_2_0__f_clk/A (sky130_fd_sc_hd__clkbuf_16)
     8    0.026991    0.048100    0.130127   10.335708 ^ clkbuf_2_0__f_clk/X (sky130_fd_sc_hd__clkbuf_16)
                                                         clknet_2_0__leaf_clk (net)
                      0.048122    0.000878   10.336585 ^ _318_/CLK (sky130_fd_sc_hd__dfxtp_2)
                                 -0.250000   10.086585   clock uncertainty
                                  0.000000   10.086585   clock reconvergence pessimism
                                 -0.107684    9.978901   library setup time
                                              9.978901   data required time
---------------------------------------------------------------------------------------------
                                              9.978901   data required time
                                             -3.013543   data arrival time
---------------------------------------------------------------------------------------------
                                              6.965357   slack (MET)


Startpoint: rst_n (input port clocked by clk)
Endpoint: _324_ (rising edge-triggered flip-flop clocked by clk)
Path Group: clk
Path Type: max

Fanout         Cap        Slew       Delay        Time   Description
---------------------------------------------------------------------------------------------
                                  0.000000    0.000000   clock clk (rise edge)
                                  0.000000    0.000000   clock network delay (propagated)
                                  2.000000    2.000000 v input external delay
     1    0.003369    0.009956    0.005672    2.005672 v rst_n (in)
                                                         rst_n (net)
                      0.009956    0.000000    2.005672 v input20/A (sky130_fd_sc_hd__clkdlybuf4s25_1)
     4    0.016487    0.131099    0.320533    2.326205 v input20/X (sky130_fd_sc_hd__clkdlybuf4s25_1)
                                                         net20 (net)
                      0.131099    0.000233    2.326437 v fanout35/A (sky130_fd_sc_hd__clkdlybuf4s25_1)
    10    0.028061    0.210910    0.438848    2.765286 v fanout35/X (sky130_fd_sc_hd__clkdlybuf4s25_1)
                                                         net35 (net)
                      0.210917    0.001482    2.766768 v _192_/A (sky130_fd_sc_hd__and2_2)
     1    0.002205    0.034876    0.246687    3.013455 v _192_/X (sky130_fd_sc_hd__and2_2)
                                                         _028_ (net)
                      0.034876    0.000065    3.013520 v _324_/D (sky130_fd_sc_hd__dfxtp_2)
                                              3.013520   data arrival time

                                 10.000000   10.000000   clock clk (rise edge)
                                  0.000000   10.000000   clock source latency
     1    0.017804    0.085938    0.056057   10.056058 ^ clk (in)
                                                         clk (net)
                      0.085948    0.000000   10.056058 ^ clkbuf_0_clk/A (sky130_fd_sc_hd__clkbuf_16)
     4    0.039527    0.059351    0.148570   10.204628 ^ clkbuf_0_clk/X (sky130_fd_sc_hd__clkbuf_16)
                                                         clknet_0_clk (net)
                      0.059373    0.000953   10.205581 ^ clkbuf_2_0__f_clk/A (sky130_fd_sc_hd__clkbuf_16)
     8    0.026991    0.048100    0.130127   10.335708 ^ clkbuf_2_0__f_clk/X (sky130_fd_sc_hd__clkbuf_16)
                                                         clknet_2_0__leaf_clk (net)
                      0.048143    0.001159   10.336866 ^ _324_/CLK (sky130_fd_sc_hd__dfxtp_2)
                                 -0.250000   10.086866   clock uncertainty
                                  0.000000   10.086866   clock reconvergence pessimism
                                 -0.107732    9.979135   library setup time
                                              9.979135   data required time
---------------------------------------------------------------------------------------------
                                              9.979135   data required time
                                             -3.013520   data arrival time
---------------------------------------------------------------------------------------------
                                              6.965614   slack (MET)


Startpoint: rst_n (input port clocked by clk)
Endpoint: _307_ (rising edge-triggered flip-flop clocked by clk)
Path Group: clk
Path Type: max

Fanout         Cap        Slew       Delay        Time   Description
---------------------------------------------------------------------------------------------
                                  0.000000    0.000000   clock clk (rise edge)
                                  0.000000    0.000000   clock network delay (propagated)
                                  2.000000    2.000000 v input external delay
     1    0.003369    0.009956    0.005672    2.005672 v rst_n (in)
                                                         rst_n (net)
                      0.009956    0.000000    2.005672 v input20/A (sky130_fd_sc_hd__clkdlybuf4s25_1)
     4    0.016487    0.131099    0.320533    2.326205 v input20/X (sky130_fd_sc_hd__clkdlybuf4s25_1)
                                                         net20 (net)
                      0.131099    0.000233    2.326437 v fanout35/A (sky130_fd_sc_hd__clkdlybuf4s25_1)
    10    0.028061    0.210910    0.438848    2.765286 v fanout35/X (sky130_fd_sc_hd__clkdlybuf4s25_1)
                                                         net35 (net)
                      0.210913    0.001140    2.766426 v _175_/A (sky130_fd_sc_hd__and2_2)
     1    0.002163    0.034766    0.246496    3.012922 v _175_/X (sky130_fd_sc_hd__and2_2)
                                                         _011_ (net)
                      0.034766    0.000045    3.012967 v _307_/D (sky130_fd_sc_hd__dfxtp_2)
                                              3.012967   data arrival time

                                 10.000000   10.000000   clock clk (rise edge)
                                  0.000000   10.000000   clock source latency
     1    0.017804    0.085938    0.056057   10.056058 ^ clk (in)
                                                         clk (net)
                      0.085948    0.000000   10.056058 ^ clkbuf_0_clk/A (sky130_fd_sc_hd__clkbuf_16)
     4    0.039527    0.059351    0.148570   10.204628 ^ clkbuf_0_clk/X (sky130_fd_sc_hd__clkbuf_16)
                                                         clknet_0_clk (net)
                      0.059373    0.000953   10.205581 ^ clkbuf_2_0__f_clk/A (sky130_fd_sc_hd__clkbuf_16)
     8    0.026991    0.048100    0.130127   10.335708 ^ clkbuf_2_0__f_clk/X (sky130_fd_sc_hd__clkbuf_16)
                                                         clknet_2_0__leaf_clk (net)
                      0.048131    0.001000   10.336708 ^ _307_/CLK (sky130_fd_sc_hd__dfxtp_2)
                                 -0.250000   10.086708   clock uncertainty
                                  0.000000   10.086708   clock reconvergence pessimism
                                 -0.107687    9.979020   library setup time
                                              9.979020   data required time
---------------------------------------------------------------------------------------------
                                              9.979020   data required time
                                             -3.012967   data arrival time
---------------------------------------------------------------------------------------------
                                              6.966053   slack (MET)


Startpoint: rst_n (input port clocked by clk)
Endpoint: _319_ (rising edge-triggered flip-flop clocked by clk)
Path Group: clk
Path Type: max

Fanout         Cap        Slew       Delay        Time   Description
---------------------------------------------------------------------------------------------
                                  0.000000    0.000000   clock clk (rise edge)
                                  0.000000    0.000000   clock network delay (propagated)
                                  2.000000    2.000000 v input external delay
     1    0.003369    0.009956    0.005672    2.005672 v rst_n (in)
                                                         rst_n (net)
                      0.009956    0.000000    2.005672 v input20/A (sky130_fd_sc_hd__clkdlybuf4s25_1)
     4    0.016487    0.131099    0.320533    2.326205 v input20/X (sky130_fd_sc_hd__clkdlybuf4s25_1)
                                                         net20 (net)
                      0.131099    0.000233    2.326437 v fanout35/A (sky130_fd_sc_hd__clkdlybuf4s25_1)
    10    0.028061    0.210910    0.438848    2.765286 v fanout35/X (sky130_fd_sc_hd__clkdlybuf4s25_1)
                                                         net35 (net)
                      0.210921    0.001752    2.767038 v _187_/A (sky130_fd_sc_hd__and2_2)
     1    0.002032    0.034423    0.245897    3.012935 v _187_/X (sky130_fd_sc_hd__and2_2)
                                                         _023_ (net)
                      0.034423    0.000059    3.012994 v _319_/D (sky130_fd_sc_hd__dfxtp_2)
                                              3.012994   data arrival time

                                 10.000000   10.000000   clock clk (rise edge)
                                  0.000000   10.000000   clock source latency
     1    0.017804    0.085938    0.056057   10.056058 ^ clk (in)
                                                         clk (net)
                      0.085948    0.000000   10.056058 ^ clkbuf_0_clk/A (sky130_fd_sc_hd__clkbuf_16)
     4    0.039527    0.059351    0.148570   10.204628 ^ clkbuf_0_clk/X (sky130_fd_sc_hd__clkbuf_16)
                                                         clknet_0_clk (net)
                      0.059373    0.000953   10.205581 ^ clkbuf_2_0__f_clk/A (sky130_fd_sc_hd__clkbuf_16)
     8    0.026991    0.048100    0.130127   10.335708 ^ clkbuf_2_0__f_clk/X (sky130_fd_sc_hd__clkbuf_16)
                                                         clknet_2_0__leaf_clk (net)
                      0.048125    0.000922   10.336630 ^ _319_/CLK (sky130_fd_sc_hd__dfxtp_2)
                                 -0.250000   10.086630   clock uncertainty
                                  0.000000   10.086630   clock reconvergence pessimism
                                 -0.107538    9.979091   library setup time
                                              9.979091   data required time
---------------------------------------------------------------------------------------------
                                              9.979091   data required time
                                             -3.012994   data arrival time
---------------------------------------------------------------------------------------------
                                              6.966097   slack (MET)


Startpoint: rst_n (input port clocked by clk)
Endpoint: _316_ (rising edge-triggered flip-flop clocked by clk)
Path Group: clk
Path Type: max

Fanout         Cap        Slew       Delay        Time   Description
---------------------------------------------------------------------------------------------
                                  0.000000    0.000000   clock clk (rise edge)
                                  0.000000    0.000000   clock network delay (propagated)
                                  2.000000    2.000000 v input external delay
     1    0.003369    0.009956    0.005672    2.005672 v rst_n (in)
                                                         rst_n (net)
                      0.009956    0.000000    2.005672 v input20/A (sky130_fd_sc_hd__clkdlybuf4s25_1)
     4    0.016487    0.131099    0.320533    2.326205 v input20/X (sky130_fd_sc_hd__clkdlybuf4s25_1)
                                                         net20 (net)
                      0.131099    0.000233    2.326437 v fanout35/A (sky130_fd_sc_hd__clkdlybuf4s25_1)
    10    0.028061    0.210910    0.438848    2.765286 v fanout35/X (sky130_fd_sc_hd__clkdlybuf4s25_1)
                                                         net35 (net)
                      0.210913    0.001103    2.766388 v _184_/A (sky130_fd_sc_hd__and2_2)
     1    0.002097    0.034601    0.246190    3.012578 v _184_/X (sky130_fd_sc_hd__and2_2)
                                                         _020_ (net)
                      0.034601    0.000063    3.012641 v _316_/D (sky130_fd_sc_hd__dfxtp_2)
                                              3.012641   data arrival time

                                 10.000000   10.000000   clock clk (rise edge)
                                  0.000000   10.000000   clock source latency
     1    0.017804    0.085938    0.056057   10.056058 ^ clk (in)
                                                         clk (net)
                      0.085948    0.000000   10.056058 ^ clkbuf_0_clk/A (sky130_fd_sc_hd__clkbuf_16)
     4    0.039527    0.059351    0.148570   10.204628 ^ clkbuf_0_clk/X (sky130_fd_sc_hd__clkbuf_16)
                                                         clknet_0_clk (net)
                      0.059373    0.000953   10.205581 ^ clkbuf_2_0__f_clk/A (sky130_fd_sc_hd__clkbuf_16)
     8    0.026991    0.048100    0.130127   10.335708 ^ clkbuf_2_0__f_clk/X (sky130_fd_sc_hd__clkbuf_16)
                                                         clknet_2_0__leaf_clk (net)
                      0.048132    0.001015   10.336723 ^ _316_/CLK (sky130_fd_sc_hd__dfxtp_2)
                                 -0.250000   10.086723   clock uncertainty
                                  0.000000   10.086723   clock reconvergence pessimism
                                 -0.107615    9.979108   library setup time
                                              9.979108   data required time
---------------------------------------------------------------------------------------------
                                              9.979108   data required time
                                             -3.012641   data arrival time
---------------------------------------------------------------------------------------------
                                              6.966467   slack (MET)


Startpoint: rst_n (input port clocked by clk)
Endpoint: _309_ (rising edge-triggered flip-flop clocked by clk)
Path Group: clk
Path Type: max

Fanout         Cap        Slew       Delay        Time   Description
---------------------------------------------------------------------------------------------
                                  0.000000    0.000000   clock clk (rise edge)
                                  0.000000    0.000000   clock network delay (propagated)
                                  2.000000    2.000000 v input external delay
     1    0.003369    0.009956    0.005672    2.005672 v rst_n (in)
                                                         rst_n (net)
                      0.009956    0.000000    2.005672 v input20/A (sky130_fd_sc_hd__clkdlybuf4s25_1)
     4    0.016487    0.131099    0.320533    2.326205 v input20/X (sky130_fd_sc_hd__clkdlybuf4s25_1)
                                                         net20 (net)
                      0.131099    0.000233    2.326437 v fanout35/A (sky130_fd_sc_hd__clkdlybuf4s25_1)
    10    0.028061    0.210910    0.438848    2.765286 v fanout35/X (sky130_fd_sc_hd__clkdlybuf4s25_1)
                                                         net35 (net)
                      0.210910    0.000046    2.765332 v _177_/A (sky130_fd_sc_hd__and2_2)
     1    0.002131    0.034686    0.246345    3.011677 v _177_/X (sky130_fd_sc_hd__and2_2)
                                                         _013_ (net)
                      0.034686    0.000064    3.011741 v _309_/D (sky130_fd_sc_hd__dfxtp_2)
                                              3.011741   data arrival time

                                 10.000000   10.000000   clock clk (rise edge)
                                  0.000000   10.000000   clock source latency
     1    0.017804    0.085938    0.056057   10.056058 ^ clk (in)
                                                         clk (net)
                      0.085948    0.000000   10.056058 ^ clkbuf_0_clk/A (sky130_fd_sc_hd__clkbuf_16)
     4    0.039527    0.059351    0.148570   10.204628 ^ clkbuf_0_clk/X (sky130_fd_sc_hd__clkbuf_16)
                                                         clknet_0_clk (net)
                      0.059373    0.000957   10.205585 ^ clkbuf_2_1__f_clk/A (sky130_fd_sc_hd__clkbuf_16)
     8    0.026488    0.047713    0.129615   10.335199 ^ clkbuf_2_1__f_clk/X (sky130_fd_sc_hd__clkbuf_16)
                                                         clknet_2_1__leaf_clk (net)
                      0.047762    0.001275   10.336475 ^ _309_/CLK (sky130_fd_sc_hd__dfxtp_2)
                                 -0.250000   10.086475   clock uncertainty
                                  0.000000   10.086475   clock reconvergence pessimism
                                 -0.107738    9.978737   library setup time
                                              9.978737   data required time
---------------------------------------------------------------------------------------------
                                              9.978737   data required time
                                             -3.011741   data arrival time
---------------------------------------------------------------------------------------------
                                              6.966996   slack (MET)


Startpoint: _323_ (rising edge-triggered flip-flop clocked by clk)
Endpoint: _300_ (rising edge-triggered flip-flop clocked by clk)
Path Group: clk
Path Type: max

Fanout         Cap        Slew       Delay        Time   Description
---------------------------------------------------------------------------------------------
                                  0.000000    0.000000   clock clk (rise edge)
                                  0.000000    0.000000   clock source latency
     1    0.017804    0.085938    0.061958    0.061958 ^ clk (in)
                                                         clk (net)
                      0.085948    0.000000    0.061958 ^ clkbuf_0_clk/A (sky130_fd_sc_hd__clkbuf_16)
     4    0.039527    0.059351    0.164209    0.226167 ^ clkbuf_0_clk/X (sky130_fd_sc_hd__clkbuf_16)
                                                         clknet_0_clk (net)
                      0.059373    0.001053    0.227220 ^ clkbuf_2_0__f_clk/A (sky130_fd_sc_hd__clkbuf_16)
     8    0.026991    0.048100    0.143825    0.371045 ^ clkbuf_2_0__f_clk/X (sky130_fd_sc_hd__clkbuf_16)
                                                         clknet_2_0__leaf_clk (net)
                      0.048133    0.001149    0.372194 ^ _323_/CLK (sky130_fd_sc_hd__dfxtp_2)
     8    0.026144    0.137811    0.408801    0.780995 ^ _323_/Q (sky130_fd_sc_hd__dfxtp_2)
                                                         op_q[0] (net)
                      0.137811    0.000380    0.781375 ^ _201_/C_N (sky130_fd_sc_hd__or3b_2)
     5    0.042220    0.180176    0.634645    1.416020 v _201_/X (sky130_fd_sc_hd__or3b_2)
                                                         _125_ (net)
                      0.180198    0.002219    1.418239 v _224_/B (sky130_fd_sc_hd__xnor2_2)
     4    0.015931    0.098929    0.228457    1.646696 v _224_/Y (sky130_fd_sc_hd__xnor2_2)
                                                         _030_ (net)
                      0.098929    0.000455    1.647151 v _225_/B (sky130_fd_sc_hd__or2_2)
     4    0.014441    0.085822    0.353142    2.000293 v _225_/X (sky130_fd_sc_hd__or2_2)
                                                         _031_ (net)
                      0.085822    0.000253    2.000546 v _229_/A2 (sky130_fd_sc_hd__a31o_2)
     1    0.012947    0.060574    0.289774    2.290320 v _229_/X (sky130_fd_sc_hd__a31o_2)
                                                         _035_ (net)
                      0.060579    0.000614    2.290934 v _273_/A (sky130_fd_sc_hd__xnor2_2)
     1    0.002808    0.042924    0.136527    2.427460 v _273_/Y (sky130_fd_sc_hd__xnor2_2)
                                                         _075_ (net)
                      0.042924    0.000087    2.427548 v _279_/A2 (sky130_fd_sc_hd__a211o_2)
     2    0.005789    0.055767    0.351379    2.778927 v _279_/X (sky130_fd_sc_hd__a211o_2)
                                                         _081_ (net)
                      0.055767    0.000173    2.779101 v _281_/B (sky130_fd_sc_hd__and3_2)
     1    0.002564    0.036554    0.200199    2.979300 v _281_/X (sky130_fd_sc_hd__and3_2)
                                                         _004_ (net)
                      0.036554    0.000079    2.979378 v _300_/D (sky130_fd_sc_hd__dfxtp_2)
                                              2.979378   data arrival time

                                 10.000000   10.000000   clock clk (rise edge)
                                  0.000000   10.000000   clock source latency
     1    0.017804    0.085938    0.056057   10.056058 ^ clk (in)
                                                         clk (net)
                      0.085948    0.000000   10.056058 ^ clkbuf_0_clk/A (sky130_fd_sc_hd__clkbuf_16)
     4    0.039527    0.059351    0.148570   10.204628 ^ clkbuf_0_clk/X (sky130_fd_sc_hd__clkbuf_16)
                                                         clknet_0_clk (net)
                      0.059356    0.000560   10.205187 ^ clkbuf_2_3__f_clk/A (sky130_fd_sc_hd__clkbuf_16)
     8    0.024970    0.046268    0.128411   10.333598 ^ clkbuf_2_3__f_clk/X (sky130_fd_sc_hd__clkbuf_16)
                                                         clknet_2_3__leaf_clk (net)
                      0.046305    0.001095   10.334693 ^ _300_/CLK (sky130_fd_sc_hd__dfxtp_2)
                                 -0.250000   10.084693   clock uncertainty
                                  0.021540   10.106234   clock reconvergence pessimism
                                 -0.108893    9.997340   library setup time
                                              9.997340   data required time
---------------------------------------------------------------------------------------------
                                              9.997340   data required time
                                             -2.979378   data arrival time
---------------------------------------------------------------------------------------------
                                              7.017962   slack (MET)


Startpoint: rst_n (input port clocked by clk)
Endpoint: _314_ (rising edge-triggered flip-flop clocked by clk)
Path Group: clk
Path Type: max

Fanout         Cap        Slew       Delay        Time   Description
---------------------------------------------------------------------------------------------
                                  0.000000    0.000000   clock clk (rise edge)
                                  0.000000    0.000000   clock network delay (propagated)
                                  2.000000    2.000000 v input external delay
     1    0.003369    0.009956    0.005672    2.005672 v rst_n (in)
                                                         rst_n (net)
                      0.009956    0.000000    2.005672 v input20/A (sky130_fd_sc_hd__clkdlybuf4s25_1)
     4    0.016487    0.131099    0.320533    2.326205 v input20/X (sky130_fd_sc_hd__clkdlybuf4s25_1)
                                                         net20 (net)
                      0.131099    0.000541    2.326746 v fanout38/A (sky130_fd_sc_hd__clkdlybuf4s25_1)
     5    0.017607    0.138715    0.380842    2.707587 v fanout38/X (sky130_fd_sc_hd__clkdlybuf4s25_1)
                                                         net38 (net)
                      0.138715    0.000424    2.708011 v _182_/A (sky130_fd_sc_hd__and2_2)
     1    0.002119    0.034646    0.211073    2.919084 v _182_/X (sky130_fd_sc_hd__and2_2)
                                                         _018_ (net)
                      0.034646    0.000044    2.919128 v _314_/D (sky130_fd_sc_hd__dfxtp_2)
                                              2.919128   data arrival time

                                 10.000000   10.000000   clock clk (rise edge)
                                  0.000000   10.000000   clock source latency
     1    0.017804    0.085938    0.056057   10.056058 ^ clk (in)
                                                         clk (net)
                      0.085948    0.000000   10.056058 ^ clkbuf_0_clk/A (sky130_fd_sc_hd__clkbuf_16)
     4    0.039527    0.059351    0.148570   10.204628 ^ clkbuf_0_clk/X (sky130_fd_sc_hd__clkbuf_16)
                                                         clknet_0_clk (net)
                      0.059356    0.000560   10.205187 ^ clkbuf_2_3__f_clk/A (sky130_fd_sc_hd__clkbuf_16)
     8    0.024970    0.046268    0.128411   10.333598 ^ clkbuf_2_3__f_clk/X (sky130_fd_sc_hd__clkbuf_16)
                                                         clknet_2_3__leaf_clk (net)
                      0.046298    0.000996   10.334594 ^ _314_/CLK (sky130_fd_sc_hd__dfxtp_2)
                                 -0.250000   10.084594   clock uncertainty
                                  0.000000   10.084594   clock reconvergence pessimism
                                 -0.108062    9.976531   library setup time
                                              9.976531   data required time
---------------------------------------------------------------------------------------------
                                              9.976531   data required time
                                             -2.919128   data arrival time
---------------------------------------------------------------------------------------------
                                              7.057403   slack (MET)


Startpoint: rst_n (input port clocked by clk)
Endpoint: _322_ (rising edge-triggered flip-flop clocked by clk)
Path Group: clk
Path Type: max

Fanout         Cap        Slew       Delay        Time   Description
---------------------------------------------------------------------------------------------
                                  0.000000    0.000000   clock clk (rise edge)
                                  0.000000    0.000000   clock network delay (propagated)
                                  2.000000    2.000000 v input external delay
     1    0.003369    0.009956    0.005672    2.005672 v rst_n (in)
                                                         rst_n (net)
                      0.009956    0.000000    2.005672 v input20/A (sky130_fd_sc_hd__clkdlybuf4s25_1)
     4    0.016487    0.131099    0.320533    2.326205 v input20/X (sky130_fd_sc_hd__clkdlybuf4s25_1)
                                                         net20 (net)
                      0.131099    0.000541    2.326746 v fanout38/A (sky130_fd_sc_hd__clkdlybuf4s25_1)
     5    0.017607    0.138715    0.380842    2.707587 v fanout38/X (sky130_fd_sc_hd__clkdlybuf4s25_1)
                                                         net38 (net)
                      0.138715    0.000406    2.707993 v _190_/A (sky130_fd_sc_hd__and2_2)
     1    0.002083    0.034550    0.210901    2.918894 v _190_/X (sky130_fd_sc_hd__and2_2)
                                                         _026_ (net)
                      0.034550    0.000062    2.918956 v _322_/D (sky130_fd_sc_hd__dfxtp_2)
                                              2.918956   data arrival time

                                 10.000000   10.000000   clock clk (rise edge)
                                  0.000000   10.000000   clock source latency
     1    0.017804    0.085938    0.056057   10.056058 ^ clk (in)
                                                         clk (net)
                      0.085948    0.000000   10.056058 ^ clkbuf_0_clk/A (sky130_fd_sc_hd__clkbuf_16)
     4    0.039527    0.059351    0.148570   10.204628 ^ clkbuf_0_clk/X (sky130_fd_sc_hd__clkbuf_16)
                                                         clknet_0_clk (net)
                      0.059356    0.000558   10.205186 ^ clkbuf_2_2__f_clk/A (sky130_fd_sc_hd__clkbuf_16)
     8    0.029672    0.050763    0.132450   10.337635 ^ clkbuf_2_2__f_clk/X (sky130_fd_sc_hd__clkbuf_16)
                                                         clknet_2_2__leaf_clk (net)
                      0.050763    0.000298   10.337933 ^ _322_/CLK (sky130_fd_sc_hd__dfxtp_2)
                                 -0.250000   10.087933   clock uncertainty
                                  0.000000   10.087933   clock reconvergence pessimism
                                 -0.106978    9.980954   library setup time
                                              9.980954   data required time
---------------------------------------------------------------------------------------------
                                              9.980954   data required time
                                             -2.918956   data arrival time
---------------------------------------------------------------------------------------------
                                              7.061998   slack (MET)


Startpoint: rst_n (input port clocked by clk)
Endpoint: _317_ (rising edge-triggered flip-flop clocked by clk)
Path Group: clk
Path Type: max

Fanout         Cap        Slew       Delay        Time   Description
---------------------------------------------------------------------------------------------
                                  0.000000    0.000000   clock clk (rise edge)
                                  0.000000    0.000000   clock network delay (propagated)
                                  2.000000    2.000000 v input external delay
     1    0.003369    0.009956    0.005672    2.005672 v rst_n (in)
                                                         rst_n (net)
                      0.009956    0.000000    2.005672 v input20/A (sky130_fd_sc_hd__clkdlybuf4s25_1)
     4    0.016487    0.131099    0.320533    2.326205 v input20/X (sky130_fd_sc_hd__clkdlybuf4s25_1)
                                                         net20 (net)
                      0.131099    0.000318    2.326523 v fanout36/A (sky130_fd_sc_hd__clkdlybuf4s25_1)
     5    0.016590    0.131658    0.375155    2.701677 v fanout36/X (sky130_fd_sc_hd__clkdlybuf4s25_1)
                                                         net36 (net)
                      0.131658    0.000236    2.701913 v _185_/A (sky130_fd_sc_hd__and2_2)
     1    0.003012    0.036931    0.211763    2.913677 v _185_/X (sky130_fd_sc_hd__and2_2)
                                                         _021_ (net)
                      0.036931    0.000096    2.913773 v _317_/D (sky130_fd_sc_hd__dfxtp_2)
                                              2.913773   data arrival time

                                 10.000000   10.000000   clock clk (rise edge)
                                  0.000000   10.000000   clock source latency
     1    0.017804    0.085938    0.056057   10.056058 ^ clk (in)
                                                         clk (net)
                      0.085948    0.000000   10.056058 ^ clkbuf_0_clk/A (sky130_fd_sc_hd__clkbuf_16)
     4    0.039527    0.059351    0.148570   10.204628 ^ clkbuf_0_clk/X (sky130_fd_sc_hd__clkbuf_16)
                                                         clknet_0_clk (net)
                      0.059373    0.000957   10.205585 ^ clkbuf_2_1__f_clk/A (sky130_fd_sc_hd__clkbuf_16)
     8    0.026488    0.047713    0.129615   10.335199 ^ clkbuf_2_1__f_clk/X (sky130_fd_sc_hd__clkbuf_16)
                                                         clknet_2_1__leaf_clk (net)
                      0.047763    0.001290   10.336490 ^ _317_/CLK (sky130_fd_sc_hd__dfxtp_2)
                                 -0.250000   10.086490   clock uncertainty
                                  0.000000   10.086490   clock reconvergence pessimism
                                 -0.108717    9.977772   library setup time
                                              9.977772   data required time
---------------------------------------------------------------------------------------------
                                              9.977772   data required time
                                             -2.913773   data arrival time
---------------------------------------------------------------------------------------------
                                              7.063999   slack (MET)


Startpoint: rst_n (input port clocked by clk)
Endpoint: _315_ (rising edge-triggered flip-flop clocked by clk)
Path Group: clk
Path Type: max

Fanout         Cap        Slew       Delay        Time   Description
---------------------------------------------------------------------------------------------
                                  0.000000    0.000000   clock clk (rise edge)
                                  0.000000    0.000000   clock network delay (propagated)
                                  2.000000    2.000000 v input external delay
     1    0.003369    0.009956    0.005672    2.005672 v rst_n (in)
                                                         rst_n (net)
                      0.009956    0.000000    2.005672 v input20/A (sky130_fd_sc_hd__clkdlybuf4s25_1)
     4    0.016487    0.131099    0.320533    2.326205 v input20/X (sky130_fd_sc_hd__clkdlybuf4s25_1)
                                                         net20 (net)
                      0.131099    0.000318    2.326523 v fanout36/A (sky130_fd_sc_hd__clkdlybuf4s25_1)
     5    0.016590    0.131658    0.375155    2.701677 v fanout36/X (sky130_fd_sc_hd__clkdlybuf4s25_1)
                                                         net36 (net)
                      0.131658    0.000309    2.701986 v _183_/A (sky130_fd_sc_hd__and2_2)
     1    0.002697    0.036131    0.210305    2.912291 v _183_/X (sky130_fd_sc_hd__and2_2)
                                                         _019_ (net)
                      0.036131    0.000082    2.912373 v _315_/D (sky130_fd_sc_hd__dfxtp_2)
                                              2.912373   data arrival time

                                 10.000000   10.000000   clock clk (rise edge)
                                  0.000000   10.000000   clock source latency
     1    0.017804    0.085938    0.056057   10.056058 ^ clk (in)
                                                         clk (net)
                      0.085948    0.000000   10.056058 ^ clkbuf_0_clk/A (sky130_fd_sc_hd__clkbuf_16)
     4    0.039527    0.059351    0.148570   10.204628 ^ clkbuf_0_clk/X (sky130_fd_sc_hd__clkbuf_16)
                                                         clknet_0_clk (net)
                      0.059373    0.000957   10.205585 ^ clkbuf_2_1__f_clk/A (sky130_fd_sc_hd__clkbuf_16)
     8    0.026488    0.047713    0.129615   10.335199 ^ clkbuf_2_1__f_clk/X (sky130_fd_sc_hd__clkbuf_16)
                                                         clknet_2_1__leaf_clk (net)
                      0.047775    0.001416   10.336616 ^ _315_/CLK (sky130_fd_sc_hd__dfxtp_2)
                                 -0.250000   10.086616   clock uncertainty
                                  0.000000   10.086616   clock reconvergence pessimism
                                 -0.108365    9.978250   library setup time
                                              9.978250   data required time
---------------------------------------------------------------------------------------------
                                              9.978250   data required time
                                             -2.912373   data arrival time
---------------------------------------------------------------------------------------------
                                              7.065877   slack (MET)


Startpoint: rst_n (input port clocked by clk)
Endpoint: _298_ (rising edge-triggered flip-flop clocked by clk)
Path Group: clk
Path Type: max

Fanout         Cap        Slew       Delay        Time   Description
---------------------------------------------------------------------------------------------
                                  0.000000    0.000000   clock clk (rise edge)
                                  0.000000    0.000000   clock network delay (propagated)
                                  2.000000    2.000000 v input external delay
     1    0.003369    0.009956    0.005672    2.005672 v rst_n (in)
                                                         rst_n (net)
                      0.009956    0.000000    2.005672 v input20/A (sky130_fd_sc_hd__clkdlybuf4s25_1)
     4    0.016487    0.131099    0.320533    2.326205 v input20/X (sky130_fd_sc_hd__clkdlybuf4s25_1)
                                                         net20 (net)
                      0.131099    0.000318    2.326523 v fanout36/A (sky130_fd_sc_hd__clkdlybuf4s25_1)
     5    0.016590    0.131658    0.375155    2.701677 v fanout36/X (sky130_fd_sc_hd__clkdlybuf4s25_1)
                                                         net36 (net)
                      0.131658    0.000444    2.702121 v _260_/A (sky130_fd_sc_hd__and2_2)
     1    0.002160    0.034750    0.207817    2.909939 v _260_/X (sky130_fd_sc_hd__and2_2)
                                                         _002_ (net)
                      0.034750    0.000064    2.910002 v _298_/D (sky130_fd_sc_hd__dfxtp_2)
                                              2.910002   data arrival time

                                 10.000000   10.000000   clock clk (rise edge)
                                  0.000000   10.000000   clock source latency
     1    0.017804    0.085938    0.056057   10.056058 ^ clk (in)
                                                         clk (net)
                      0.085948    0.000000   10.056058 ^ clkbuf_0_clk/A (sky130_fd_sc_hd__clkbuf_16)
     4    0.039527    0.059351    0.148570   10.204628 ^ clkbuf_0_clk/X (sky130_fd_sc_hd__clkbuf_16)
                                                         clknet_0_clk (net)
                      0.059373    0.000957   10.205585 ^ clkbuf_2_1__f_clk/A (sky130_fd_sc_hd__clkbuf_16)
     8    0.026488    0.047713    0.129615   10.335199 ^ clkbuf_2_1__f_clk/X (sky130_fd_sc_hd__clkbuf_16)
                                                         clknet_2_1__leaf_clk (net)
                      0.047738    0.000963   10.336163 ^ _298_/CLK (sky130_fd_sc_hd__dfxtp_2)
                                 -0.250000   10.086163   clock uncertainty
                                  0.000000   10.086163   clock reconvergence pessimism
                                 -0.107772    9.978391   library setup time
                                              9.978391   data required time
---------------------------------------------------------------------------------------------
                                              9.978391   data required time
                                             -2.910002   data arrival time
---------------------------------------------------------------------------------------------
                                              7.068388   slack (MET)


Startpoint: rst_n (input port clocked by clk)
Endpoint: _297_ (rising edge-triggered flip-flop clocked by clk)
Path Group: clk
Path Type: max

Fanout         Cap        Slew       Delay        Time   Description
---------------------------------------------------------------------------------------------
                                  0.000000    0.000000   clock clk (rise edge)
                                  0.000000    0.000000   clock network delay (propagated)
                                  2.000000    2.000000 v input external delay
     1    0.003369    0.009956    0.005672    2.005672 v rst_n (in)
                                                         rst_n (net)
                      0.009956    0.000000    2.005672 v input20/A (sky130_fd_sc_hd__clkdlybuf4s25_1)
     4    0.016487    0.131099    0.320533    2.326205 v input20/X (sky130_fd_sc_hd__clkdlybuf4s25_1)
                                                         net20 (net)
                      0.131099    0.000318    2.326523 v fanout36/A (sky130_fd_sc_hd__clkdlybuf4s25_1)
     5    0.016590    0.131658    0.375155    2.701677 v fanout36/X (sky130_fd_sc_hd__clkdlybuf4s25_1)
                                                         net36 (net)
                      0.131658    0.000510    2.702188 v _248_/A (sky130_fd_sc_hd__and2_2)
     1    0.001985    0.034271    0.207003    2.909190 v _248_/X (sky130_fd_sc_hd__and2_2)
                                                         _001_ (net)
                      0.034271    0.000058    2.909248 v _297_/D (sky130_fd_sc_hd__dfxtp_2)
                                              2.909248   data arrival time

                                 10.000000   10.000000   clock clk (rise edge)
                                  0.000000   10.000000   clock source latency
     1    0.017804    0.085938    0.056057   10.056058 ^ clk (in)
                                                         clk (net)
                      0.085948    0.000000   10.056058 ^ clkbuf_0_clk/A (sky130_fd_sc_hd__clkbuf_16)
     4    0.039527    0.059351    0.148570   10.204628 ^ clkbuf_0_clk/X (sky130_fd_sc_hd__clkbuf_16)
                                                         clknet_0_clk (net)
                      0.059373    0.000957   10.205585 ^ clkbuf_2_1__f_clk/A (sky130_fd_sc_hd__clkbuf_16)
     8    0.026488    0.047713    0.129615   10.335199 ^ clkbuf_2_1__f_clk/X (sky130_fd_sc_hd__clkbuf_16)
                                                         clknet_2_1__leaf_clk (net)
                      0.047733    0.000878   10.336077 ^ _297_/CLK (sky130_fd_sc_hd__dfxtp_2)
                                 -0.250000   10.086077   clock uncertainty
                                  0.000000   10.086077   clock reconvergence pessimism
                                 -0.107564    9.978514   library setup time
                                              9.978514   data required time
---------------------------------------------------------------------------------------------
                                              9.978514   data required time
                                             -2.909248   data arrival time
---------------------------------------------------------------------------------------------
                                              7.069265   slack (MET)



%OL_END_REPORT
%OL_CREATE_REPORT checks.rpt

===========================================================================
report_checks -unconstrained
===========================================================================
======================= nom_tt_025C_1v80 Corner ===================================

Startpoint: _323_ (rising edge-triggered flip-flop clocked by clk)
Endpoint: _305_ (rising edge-triggered flip-flop clocked by clk)
Path Group: clk
Path Type: max

Fanout         Cap        Slew       Delay        Time   Description
---------------------------------------------------------------------------------------------
                                  0.000000    0.000000   clock clk (rise edge)
                                  0.000000    0.000000   clock source latency
     1    0.017804    0.085938    0.061958    0.061958 ^ clk (in)
                                                         clk (net)
                      0.085948    0.000000    0.061958 ^ clkbuf_0_clk/A (sky130_fd_sc_hd__clkbuf_16)
     4    0.039527    0.059351    0.164209    0.226167 ^ clkbuf_0_clk/X (sky130_fd_sc_hd__clkbuf_16)
                                                         clknet_0_clk (net)
                      0.059373    0.001053    0.227220 ^ clkbuf_2_0__f_clk/A (sky130_fd_sc_hd__clkbuf_16)
     8    0.026991    0.048100    0.143825    0.371045 ^ clkbuf_2_0__f_clk/X (sky130_fd_sc_hd__clkbuf_16)
                                                         clknet_2_0__leaf_clk (net)
                      0.048133    0.001149    0.372194 ^ _323_/CLK (sky130_fd_sc_hd__dfxtp_2)
     8    0.026144    0.137811    0.408801    0.780995 ^ _323_/Q (sky130_fd_sc_hd__dfxtp_2)
                                                         op_q[0] (net)
                      0.137811    0.000380    0.781375 ^ _201_/C_N (sky130_fd_sc_hd__or3b_2)
     5    0.042220    0.180176    0.634645    1.416020 v _201_/X (sky130_fd_sc_hd__or3b_2)
                                                         _125_ (net)
                      0.180198    0.002219    1.418239 v _224_/B (sky130_fd_sc_hd__xnor2_2)
     4    0.015931    0.098929    0.228457    1.646696 v _224_/Y (sky130_fd_sc_hd__xnor2_2)
                                                         _030_ (net)
                      0.098929    0.000455    1.647151 v _225_/B (sky130_fd_sc_hd__or2_2)
     4    0.014441    0.085822    0.353142    2.000293 v _225_/X (sky130_fd_sc_hd__or2_2)
                                                         _031_ (net)
                      0.085826    0.000381    2.000673 v _230_/A2 (sky130_fd_sc_hd__a311o_2)
     3    0.013762    0.082886    0.436732    2.437405 v _230_/X (sky130_fd_sc_hd__a311o_2)
                                                         _036_ (net)
                      0.082896    0.000504    2.437909 v _233_/A3 (sky130_fd_sc_hd__a311o_2)
     3    0.014585    0.084726    0.462572    2.900481 v _233_/X (sky130_fd_sc_hd__a311o_2)
                                                         _039_ (net)
                      0.084770    0.000552    2.901033 v _234_/A3 (sky130_fd_sc_hd__a31o_2)
     3    0.017463    0.070430    0.314153    3.215186 v _234_/X (sky130_fd_sc_hd__a31o_2)
                                                         _040_ (net)
                      0.070434    0.000616    3.215802 v _164_/A (sky130_fd_sc_hd__xnor2_2)
     1    0.002517    0.042340    0.139826    3.355628 v _164_/Y (sky130_fd_sc_hd__xnor2_2)
                                                         _109_ (net)
                      0.042340    0.000076    3.355704 v _170_/A2 (sky130_fd_sc_hd__a21o_2)
     2    0.007055    0.044048    0.228263    3.583967 v _170_/X (sky130_fd_sc_hd__a21o_2)
                                                         _115_ (net)
                      0.044049    0.000274    3.584241 v _174_/A2 (sky130_fd_sc_hd__a2111oi_2)
     1    0.003365    0.266242    0.366596    3.950837 ^ _174_/Y (sky130_fd_sc_hd__a2111oi_2)
                                                         _009_ (net)
                      0.266242    0.000110    3.950946 ^ _305_/D (sky130_fd_sc_hd__dfxtp_2)
                                              3.950946   data arrival time

                                 10.000000   10.000000   clock clk (rise edge)
                                  0.000000   10.000000   clock source latency
     1    0.017804    0.085938    0.056057   10.056058 ^ clk (in)
                                                         clk (net)
                      0.085948    0.000000   10.056058 ^ clkbuf_0_clk/A (sky130_fd_sc_hd__clkbuf_16)
     4    0.039527    0.059351    0.148570   10.204628 ^ clkbuf_0_clk/X (sky130_fd_sc_hd__clkbuf_16)
                                                         clknet_0_clk (net)
                      0.059356    0.000560   10.205187 ^ clkbuf_2_3__f_clk/A (sky130_fd_sc_hd__clkbuf_16)
     8    0.024970    0.046268    0.128411   10.333598 ^ clkbuf_2_3__f_clk/X (sky130_fd_sc_hd__clkbuf_16)
                                                         clknet_2_3__leaf_clk (net)
                      0.046278    0.000657   10.334255 ^ _305_/CLK (sky130_fd_sc_hd__dfxtp_2)
                                 -0.250000   10.084255   clock uncertainty
                                  0.021540   10.105796   clock reconvergence pessimism
                                 -0.110816    9.994979   library setup time
                                              9.994979   data required time
---------------------------------------------------------------------------------------------
                                              9.994979   data required time
                                             -3.950946   data arrival time
---------------------------------------------------------------------------------------------
                                              6.044033   slack (MET)




===========================================================================
report_checks --slack_max -0.01
============================================================================
======================= nom_tt_025C_1v80 Corner ===================================

No paths found.


===========================================================================
 report_check_types -max_slew -max_cap -max_fanout -violators
============================================================================
======================= nom_tt_025C_1v80 Corner ===================================



===========================================================================
report_parasitic_annotation -report_unannotated
============================================================================
Found 2 unannotated drivers.
 clkload0/X
 clkload1/X
Found 0 partially unannotated drivers.

===========================================================================
max slew violation count 0
%OL_METRIC_I design__max_slew_violation__count__corner:nom_tt_025C_1v80 0
max fanout violation count 0
%OL_METRIC_I design__max_fanout_violation__count__corner:nom_tt_025C_1v80 0
max cap violation count 0
%OL_METRIC_I design__max_cap_violation__count__corner:nom_tt_025C_1v80 0
============================================================================

===========================================================================
check_setup -verbose -unconstrained_endpoints -multiple_clock -no_clock -no_input_delay -loops -generated_clocks
===========================================================================
%OL_END_REPORT
%OL_CREATE_REPORT power.rpt

===========================================================================
 report_power
============================================================================
======================= nom_tt_025C_1v80 Corner ===================================

Group                    Internal    Switching      Leakage        Total
                            Power        Power        Power        Power (Watts)
------------------------------------------------------------------------
Sequential           1.305876e-04 8.059853e-06 2.579918e-10 1.386478e-04  36.7%
Combinational        4.867135e-05 4.672964e-05 7.358975e-10 9.540172e-05  25.3%
Clock                9.588095e-05 4.783804e-05 4.253740e-09 1.437232e-04  38.0%
Macro                0.000000e+00 0.000000e+00 0.000000e+00 0.000000e+00   0.0%
Pad                  0.000000e+00 0.000000e+00 0.000000e+00 0.000000e+00   0.0%
------------------------------------------------------------------------
Total                2.751400e-04 1.026275e-04 5.247630e-09 3.777727e-04 100.0%
                            72.8%        27.2%         0.0%
%OL_METRIC_F power__internal__total 0.0002751399588305503
%OL_METRIC_F power__switching__total 0.0001026275276672095
%OL_METRIC_F power__leakage__total 5.247630330273978e-9
%OL_METRIC_F power__total 0.00037777272518724203

%OL_END_REPORT
%OL_CREATE_REPORT skew.min.rpt

===========================================================================
Clock Skew (Hold)
============================================================================
%OL_METRIC_F clock__skew__worst_hold__corner:nom_tt_025C_1v80 -0.3211506707024015
======================= nom_tt_025C_1v80 Corner ===================================

Clock clk
0.337932 source latency _322_/CLK ^
-0.373543 target latency _304_/CLK ^
-0.250000 clock uncertainty
-0.035541 CRPR
--------------
-0.321151 hold skew

%OL_END_REPORT
%OL_CREATE_REPORT skew.max.rpt

===========================================================================
Clock Skew (Setup)
============================================================================
%OL_METRIC_F clock__skew__worst_setup__corner:nom_tt_025C_1v80 0.26835942561055887
======================= nom_tt_025C_1v80 Corner ===================================

Clock clk
0.374037 source latency _311_/CLK ^
-0.334138 target latency _306_/CLK ^
0.250000 clock uncertainty
-0.021540 CRPR
--------------
0.268359 setup skew

%OL_END_REPORT
%OL_CREATE_REPORT ws.min.rpt

===========================================================================
Worst Slack (Hold)
============================================================================
%OL_METRIC_F timing__hold__ws__corner:nom_tt_025C_1v80 0.3463547324756564
nom_tt_025C_1v80: 0.3463547324756564
%OL_END_REPORT
%OL_CREATE_REPORT ws.max.rpt

===========================================================================
Worst Slack (Setup)
============================================================================
%OL_METRIC_F timing__setup__ws__corner:nom_tt_025C_1v80 6.044033000714206
nom_tt_025C_1v80: 6.044033000714206
%OL_END_REPORT
%OL_CREATE_REPORT tns.min.rpt

===========================================================================
Total Negative Slack (Hold)
============================================================================
%OL_METRIC_F timing__hold__tns__corner:nom_tt_025C_1v80 0.0
nom_tt_025C_1v80: 0.0
%OL_END_REPORT
%OL_CREATE_REPORT tns.max.rpt

===========================================================================
Total Negative Slack (Setup)
============================================================================
%OL_METRIC_F timing__setup__tns__corner:nom_tt_025C_1v80 0.0
nom_tt_025C_1v80: 0.0
%OL_END_REPORT
%OL_CREATE_REPORT wns.min.rpt

===========================================================================
Worst Negative Slack (Hold)
============================================================================
%OL_METRIC_F timing__hold__wns__corner:nom_tt_025C_1v80 0
nom_tt_025C_1v80: 0
%OL_END_REPORT
%OL_CREATE_REPORT wns.max.rpt

===========================================================================
Worst Negative Slack (Setup)
============================================================================
%OL_METRIC_F timing__setup__wns__corner:nom_tt_025C_1v80 0.0
nom_tt_025C_1v80: 0.0
%OL_END_REPORT
%OL_CREATE_REPORT violator_list.rpt

===========================================================================
Violator List
============================================================================
%OL_METRIC_I timing__hold_vio__count__corner:nom_tt_025C_1v80 0
%OL_METRIC_F timing__hold_r2r__ws__corner:nom_tt_025C_1v80 0.346355
%OL_METRIC_I timing__hold_r2r_vio__count__corner:nom_tt_025C_1v80 0
%OL_METRIC_I timing__setup_vio__count__corner:nom_tt_025C_1v80 0
%OL_METRIC_F timing__setup_r2r__ws__corner:nom_tt_025C_1v80 6.044033
%OL_METRIC_I timing__setup_r2r_vio__count__corner:nom_tt_025C_1v80 0
%OL_END_REPORT
%OL_CREATE_REPORT unpropagated.rpt
%OL_END_REPORT
%OL_CREATE_REPORT clock.rpt
Clock: clk
Sources: clk 
Generated: no
Virtual: yes
Propagated: no
Period: 10.000000

===========================================================================
report_clock_properties
============================================================================
Clock                   Period          Waveform
----------------------------------------------------
clk                  10.000000    0.000000  5.000000

===========================================================================
report_clock_latency
============================================================================
Clock clk
rise -> rise
    min     max
0.000000 0.000000 source latency
0.334138         network latency _306_/CLK
        0.374037 network latency _311_/CLK
---------------
0.334138 0.374037 latency
        0.039899 skew

fall -> fall
    min     max
0.000000 0.000000 source latency
0.315863         network latency _306_/CLK
        0.353448 network latency _311_/CLK
---------------
0.315863 0.353448 latency
        0.037585 skew



===========================================================================
report_clock_min_period
============================================================================
clk period_min = 3.96 fmax = 252.78
%OL_END_REPORT
Writing SDF files for all corners…
Removing Clock latencies before writing libs…
Writing timing models for all corners…
Writing timing models for the nom_tt_025C_1v80 corner to /home/runner/work/ASIC_101/ASIC_101/files/alu/pd/runs/rca-10ns/55-openroad-stapostpnr/nom_tt_025C_1v80/alu_top__nom_tt_025C_1v80.lib…
