
===========================================================================
report_checks -path_delay min (Hold)
============================================================================
======================= min_ff_n40C_1v95 Corner ===================================

Startpoint: _310_ (rising edge-triggered flip-flop clocked by clk)
Endpoint: _299_ (rising edge-triggered flip-flop clocked by clk)
Path Group: clk
Path Type: min

Fanout         Cap        Slew       Delay        Time   Description
---------------------------------------------------------------------------------------------
                                  0.000000    0.000000   clock clk (rise edge)
                                  0.000000    0.000000   clock source latency
     1    0.017100    0.062095    0.040126    0.040126 ^ clk (in)
                                                         clk (net)
                      0.062101    0.000000    0.040126 ^ clkbuf_0_clk/A (sky130_fd_sc_hd__clkbuf_16)
     4    0.039109    0.044668    0.100035    0.140160 ^ clkbuf_0_clk/X (sky130_fd_sc_hd__clkbuf_16)
                                                         clknet_0_clk (net)
                      0.044676    0.000517    0.140677 ^ clkbuf_2_0__f_clk/A (sky130_fd_sc_hd__clkbuf_16)
     8    0.026549    0.035662    0.088163    0.228840 ^ clkbuf_2_0__f_clk/X (sky130_fd_sc_hd__clkbuf_16)
                                                         clknet_2_0__leaf_clk (net)
                      0.035666    0.000394    0.229234 ^ _310_/CLK (sky130_fd_sc_hd__dfxtp_2)
     5    0.023405    0.093230    0.230892    0.460126 ^ _310_/Q (sky130_fd_sc_hd__dfxtp_2)
                                                         a_q[3] (net)
                      0.093231    0.000455    0.460582 ^ _270_/B2 (sky130_fd_sc_hd__o32a_2)
     2    0.005762    0.030243    0.070259    0.530841 ^ _270_/X (sky130_fd_sc_hd__o32a_2)
                                                         _073_ (net)
                      0.030243    0.000075    0.530916 ^ _271_/B (sky130_fd_sc_hd__and2_2)
     1    0.001921    0.022061    0.071390    0.602305 ^ _271_/X (sky130_fd_sc_hd__and2_2)
                                                         _003_ (net)
                      0.022061    0.000015    0.602320 ^ _299_/D (sky130_fd_sc_hd__dfxtp_2)
                                              0.602320   data arrival time

                                  0.000000    0.000000   clock clk (rise edge)
                                  0.000000    0.000000   clock source latency
     1    0.017100    0.062095    0.044349    0.044349 ^ clk (in)
                                                         clk (net)
                      0.062101    0.000000    0.044349 ^ clkbuf_0_clk/A (sky130_fd_sc_hd__clkbuf_16)
     4    0.039109    0.044668    0.110565    0.154914 ^ clkbuf_0_clk/X (sky130_fd_sc_hd__clkbuf_16)
                                                         clknet_0_clk (net)
                      0.044676    0.000575    0.155489 ^ clkbuf_2_1__f_clk/A (sky130_fd_sc_hd__clkbuf_16)
     8    0.026149    0.035376    0.097100    0.252589 ^ clkbuf_2_1__f_clk/X (sky130_fd_sc_hd__clkbuf_16)
                                                         clknet_2_1__leaf_clk (net)
                      0.035383    0.000557    0.253146 ^ _299_/CLK (sky130_fd_sc_hd__dfxtp_2)
                                  0.250000    0.503146   clock uncertainty
                                 -0.014754    0.488393   clock reconvergence pessimism
                                 -0.016563    0.471829   library hold time
                                              0.471829   data required time
---------------------------------------------------------------------------------------------
                                              0.471829   data required time
                                             -0.602320   data arrival time
---------------------------------------------------------------------------------------------
                                              0.130491   slack (MET)


Startpoint: _314_ (rising edge-triggered flip-flop clocked by clk)
Endpoint: _296_ (rising edge-triggered flip-flop clocked by clk)
Path Group: clk
Path Type: min

Fanout         Cap        Slew       Delay        Time   Description
---------------------------------------------------------------------------------------------
                                  0.000000    0.000000   clock clk (rise edge)
                                  0.000000    0.000000   clock source latency
     1    0.017100    0.062095    0.040126    0.040126 ^ clk (in)
                                                         clk (net)
                      0.062101    0.000000    0.040126 ^ clkbuf_0_clk/A (sky130_fd_sc_hd__clkbuf_16)
     4    0.039109    0.044668    0.100035    0.140160 ^ clkbuf_0_clk/X (sky130_fd_sc_hd__clkbuf_16)
                                                         clknet_0_clk (net)
                      0.044668    0.000268    0.140428 ^ clkbuf_2_3__f_clk/A (sky130_fd_sc_hd__clkbuf_16)
     8    0.024704    0.034361    0.086999    0.227428 ^ clkbuf_2_3__f_clk/X (sky130_fd_sc_hd__clkbuf_16)
                                                         clknet_2_3__leaf_clk (net)
                      0.034377    0.000617    0.228045 ^ _314_/CLK (sky130_fd_sc_hd__dfxtp_2)
     6    0.028820    0.113069    0.243613    0.471657 ^ _314_/Q (sky130_fd_sc_hd__dfxtp_2)
                                                         a_q[7] (net)
                      0.113070    0.000585    0.472243 ^ _194_/A (sky130_fd_sc_hd__inv_2)
     2    0.009505    0.035590    0.029645    0.501887 v _194_/Y (sky130_fd_sc_hd__inv_2)
                                                         _118_ (net)
                      0.035590    0.000089    0.501976 v _236_/A (sky130_fd_sc_hd__nand2_2)
     3    0.013206    0.057753    0.058969    0.560945 ^ _236_/Y (sky130_fd_sc_hd__nand2_2)
                                                         _042_ (net)
                      0.057754    0.000174    0.561119 ^ _237_/A2 (sky130_fd_sc_hd__a21boi_2)
     1    0.002584    0.022072    0.029547    0.590666 v _237_/Y (sky130_fd_sc_hd__a21boi_2)
                                                         _000_ (net)
                      0.022072    0.000027    0.590693 v _296_/D (sky130_fd_sc_hd__dfxtp_2)
                                              0.590693   data arrival time

                                  0.000000    0.000000   clock clk (rise edge)
                                  0.000000    0.000000   clock source latency
     1    0.017100    0.062095    0.044349    0.044349 ^ clk (in)
                                                         clk (net)
                      0.062101    0.000000    0.044349 ^ clkbuf_0_clk/A (sky130_fd_sc_hd__clkbuf_16)
     4    0.039109    0.044668    0.110565    0.154914 ^ clkbuf_0_clk/X (sky130_fd_sc_hd__clkbuf_16)
                                                         clknet_0_clk (net)
                      0.044668    0.000294    0.155208 ^ clkbuf_2_2__f_clk/A (sky130_fd_sc_hd__clkbuf_16)
     8    0.028947    0.037352    0.099299    0.254507 ^ clkbuf_2_2__f_clk/X (sky130_fd_sc_hd__clkbuf_16)
                                                         clknet_2_2__leaf_clk (net)
                      0.037352    0.000107    0.254615 ^ _296_/CLK (sky130_fd_sc_hd__dfxtp_2)
                                  0.250000    0.504615   clock uncertainty
                                 -0.014754    0.489861   clock reconvergence pessimism
                                 -0.031064    0.458797   library hold time
                                              0.458797   data required time
---------------------------------------------------------------------------------------------
                                              0.458797   data required time
                                             -0.590693   data arrival time
---------------------------------------------------------------------------------------------
                                              0.131896   slack (MET)


Startpoint: _314_ (rising edge-triggered flip-flop clocked by clk)
Endpoint: _303_ (rising edge-triggered flip-flop clocked by clk)
Path Group: clk
Path Type: min

Fanout         Cap        Slew       Delay        Time   Description
---------------------------------------------------------------------------------------------
                                  0.000000    0.000000   clock clk (rise edge)
                                  0.000000    0.000000   clock source latency
     1    0.017100    0.062095    0.040126    0.040126 ^ clk (in)
                                                         clk (net)
                      0.062101    0.000000    0.040126 ^ clkbuf_0_clk/A (sky130_fd_sc_hd__clkbuf_16)
     4    0.039109    0.044668    0.100035    0.140160 ^ clkbuf_0_clk/X (sky130_fd_sc_hd__clkbuf_16)
                                                         clknet_0_clk (net)
                      0.044668    0.000268    0.140428 ^ clkbuf_2_3__f_clk/A (sky130_fd_sc_hd__clkbuf_16)
     8    0.024704    0.034361    0.086999    0.227428 ^ clkbuf_2_3__f_clk/X (sky130_fd_sc_hd__clkbuf_16)
                                                         clknet_2_3__leaf_clk (net)
                      0.034377    0.000617    0.228045 ^ _314_/CLK (sky130_fd_sc_hd__dfxtp_2)
     6    0.028820    0.113069    0.243613    0.471657 ^ _314_/Q (sky130_fd_sc_hd__dfxtp_2)
                                                         a_q[7] (net)
                      0.113069    0.000297    0.471955 ^ _161_/A1 (sky130_fd_sc_hd__o211a_2)
     2    0.008179    0.046793    0.120647    0.592602 ^ _161_/X (sky130_fd_sc_hd__o211a_2)
                                                         _007_ (net)
                      0.046793    0.000046    0.592649 ^ _303_/D (sky130_fd_sc_hd__dfxtp_2)
                                              0.592649   data arrival time

                                  0.000000    0.000000   clock clk (rise edge)
                                  0.000000    0.000000   clock source latency
     1    0.017100    0.062095    0.044349    0.044349 ^ clk (in)
                                                         clk (net)
                      0.062101    0.000000    0.044349 ^ clkbuf_0_clk/A (sky130_fd_sc_hd__clkbuf_16)
     4    0.039109    0.044668    0.110565    0.154914 ^ clkbuf_0_clk/X (sky130_fd_sc_hd__clkbuf_16)
                                                         clknet_0_clk (net)
                      0.044668    0.000296    0.155210 ^ clkbuf_2_3__f_clk/A (sky130_fd_sc_hd__clkbuf_16)
     8    0.024704    0.034361    0.096157    0.251367 ^ clkbuf_2_3__f_clk/X (sky130_fd_sc_hd__clkbuf_16)
                                                         clknet_2_3__leaf_clk (net)
                      0.034364    0.000388    0.251756 ^ _303_/CLK (sky130_fd_sc_hd__dfxtp_2)
                                  0.250000    0.501756   clock uncertainty
                                 -0.023940    0.477816   clock reconvergence pessimism
                                 -0.018337    0.459479   library hold time
                                              0.459479   data required time
---------------------------------------------------------------------------------------------
                                              0.459479   data required time
                                             -0.592649   data arrival time
---------------------------------------------------------------------------------------------
                                              0.133169   slack (MET)


Startpoint: _314_ (rising edge-triggered flip-flop clocked by clk)
Endpoint: _304_ (rising edge-triggered flip-flop clocked by clk)
Path Group: clk
Path Type: min

Fanout         Cap        Slew       Delay        Time   Description
---------------------------------------------------------------------------------------------
                                  0.000000    0.000000   clock clk (rise edge)
                                  0.000000    0.000000   clock source latency
     1    0.017100    0.062095    0.040126    0.040126 ^ clk (in)
                                                         clk (net)
                      0.062101    0.000000    0.040126 ^ clkbuf_0_clk/A (sky130_fd_sc_hd__clkbuf_16)
     4    0.039109    0.044668    0.100035    0.140160 ^ clkbuf_0_clk/X (sky130_fd_sc_hd__clkbuf_16)
                                                         clknet_0_clk (net)
                      0.044668    0.000268    0.140428 ^ clkbuf_2_3__f_clk/A (sky130_fd_sc_hd__clkbuf_16)
     8    0.024704    0.034361    0.086999    0.227428 ^ clkbuf_2_3__f_clk/X (sky130_fd_sc_hd__clkbuf_16)
                                                         clknet_2_3__leaf_clk (net)
                      0.034377    0.000617    0.228045 ^ _314_/CLK (sky130_fd_sc_hd__dfxtp_2)
     6    0.028820    0.113069    0.243613    0.471657 ^ _314_/Q (sky130_fd_sc_hd__dfxtp_2)
                                                         a_q[7] (net)
                      0.113070    0.000585    0.472243 ^ _194_/A (sky130_fd_sc_hd__inv_2)
     2    0.009505    0.035590    0.029645    0.501887 v _194_/Y (sky130_fd_sc_hd__inv_2)
                                                         _118_ (net)
                      0.035590    0.000089    0.501976 v _236_/A (sky130_fd_sc_hd__nand2_2)
     3    0.013206    0.057753    0.058969    0.560945 ^ _236_/Y (sky130_fd_sc_hd__nand2_2)
                                                         _042_ (net)
                      0.057754    0.000146    0.561091 ^ _162_/B (sky130_fd_sc_hd__and2_2)
     1    0.002126    0.022711    0.078450    0.639542 ^ _162_/X (sky130_fd_sc_hd__and2_2)
                                                         _008_ (net)
                      0.022711    0.000018    0.639560 ^ _304_/D (sky130_fd_sc_hd__dfxtp_2)
                                              0.639560   data arrival time

                                  0.000000    0.000000   clock clk (rise edge)
                                  0.000000    0.000000   clock source latency
     1    0.017100    0.062095    0.044349    0.044349 ^ clk (in)
                                                         clk (net)
                      0.062101    0.000000    0.044349 ^ clkbuf_0_clk/A (sky130_fd_sc_hd__clkbuf_16)
     4    0.039109    0.044668    0.110565    0.154914 ^ clkbuf_0_clk/X (sky130_fd_sc_hd__clkbuf_16)
                                                         clknet_0_clk (net)
                      0.044668    0.000294    0.155208 ^ clkbuf_2_2__f_clk/A (sky130_fd_sc_hd__clkbuf_16)
     8    0.028947    0.037352    0.099299    0.254507 ^ clkbuf_2_2__f_clk/X (sky130_fd_sc_hd__clkbuf_16)
                                                         clknet_2_2__leaf_clk (net)
                      0.037352    0.000136    0.254643 ^ _304_/CLK (sky130_fd_sc_hd__dfxtp_2)
                                  0.250000    0.504643   clock uncertainty
                                 -0.014754    0.489890   clock reconvergence pessimism
                                 -0.016562    0.473327   library hold time
                                              0.473327   data required time
---------------------------------------------------------------------------------------------
                                              0.473327   data required time
                                             -0.639560   data arrival time
---------------------------------------------------------------------------------------------
                                              0.166233   slack (MET)


Startpoint: _314_ (rising edge-triggered flip-flop clocked by clk)
Endpoint: _305_ (rising edge-triggered flip-flop clocked by clk)
Path Group: clk
Path Type: min

Fanout         Cap        Slew       Delay        Time   Description
---------------------------------------------------------------------------------------------
                                  0.000000    0.000000   clock clk (rise edge)
                                  0.000000    0.000000   clock source latency
     1    0.017100    0.062095    0.040126    0.040126 ^ clk (in)
                                                         clk (net)
                      0.062101    0.000000    0.040126 ^ clkbuf_0_clk/A (sky130_fd_sc_hd__clkbuf_16)
     4    0.039109    0.044668    0.100035    0.140160 ^ clkbuf_0_clk/X (sky130_fd_sc_hd__clkbuf_16)
                                                         clknet_0_clk (net)
                      0.044668    0.000268    0.140428 ^ clkbuf_2_3__f_clk/A (sky130_fd_sc_hd__clkbuf_16)
     8    0.024704    0.034361    0.086999    0.227428 ^ clkbuf_2_3__f_clk/X (sky130_fd_sc_hd__clkbuf_16)
                                                         clknet_2_3__leaf_clk (net)
                      0.034377    0.000617    0.228045 ^ _314_/CLK (sky130_fd_sc_hd__dfxtp_2)
     6    0.028820    0.113069    0.243613    0.471657 ^ _314_/Q (sky130_fd_sc_hd__dfxtp_2)
                                                         a_q[7] (net)
                      0.113069    0.000297    0.471955 ^ _161_/A1 (sky130_fd_sc_hd__o211a_2)
     2    0.008179    0.046793    0.120647    0.592602 ^ _161_/X (sky130_fd_sc_hd__o211a_2)
                                                         _007_ (net)
                      0.046793    0.000033    0.592635 ^ _174_/D1 (sky130_fd_sc_hd__a2111oi_2)
     1    0.003278    0.019633    0.021286    0.613921 v _174_/Y (sky130_fd_sc_hd__a2111oi_2)
                                                         _009_ (net)
                      0.019633    0.000039    0.613960 v _305_/D (sky130_fd_sc_hd__dfxtp_2)
                                              0.613960   data arrival time

                                  0.000000    0.000000   clock clk (rise edge)
                                  0.000000    0.000000   clock source latency
     1    0.017100    0.062095    0.044349    0.044349 ^ clk (in)
                                                         clk (net)
                      0.062101    0.000000    0.044349 ^ clkbuf_0_clk/A (sky130_fd_sc_hd__clkbuf_16)
     4    0.039109    0.044668    0.110565    0.154914 ^ clkbuf_0_clk/X (sky130_fd_sc_hd__clkbuf_16)
                                                         clknet_0_clk (net)
                      0.044668    0.000296    0.155210 ^ clkbuf_2_3__f_clk/A (sky130_fd_sc_hd__clkbuf_16)
     8    0.024704    0.034361    0.096157    0.251367 ^ clkbuf_2_3__f_clk/X (sky130_fd_sc_hd__clkbuf_16)
                                                         clknet_2_3__leaf_clk (net)
                      0.034365    0.000421    0.251789 ^ _305_/CLK (sky130_fd_sc_hd__dfxtp_2)
                                  0.250000    0.501789   clock uncertainty
                                 -0.023940    0.477849   clock reconvergence pessimism
                                 -0.030546    0.447303   library hold time
                                              0.447303   data required time
---------------------------------------------------------------------------------------------
                                              0.447303   data required time
                                             -0.613960   data arrival time
---------------------------------------------------------------------------------------------
                                              0.166657   slack (MET)


Startpoint: _311_ (rising edge-triggered flip-flop clocked by clk)
Endpoint: _300_ (rising edge-triggered flip-flop clocked by clk)
Path Group: clk
Path Type: min

Fanout         Cap        Slew       Delay        Time   Description
---------------------------------------------------------------------------------------------
                                  0.000000    0.000000   clock clk (rise edge)
                                  0.000000    0.000000   clock source latency
     1    0.017100    0.062095    0.040126    0.040126 ^ clk (in)
                                                         clk (net)
                      0.062101    0.000000    0.040126 ^ clkbuf_0_clk/A (sky130_fd_sc_hd__clkbuf_16)
     4    0.039109    0.044668    0.100035    0.140160 ^ clkbuf_0_clk/X (sky130_fd_sc_hd__clkbuf_16)
                                                         clknet_0_clk (net)
                      0.044668    0.000266    0.140427 ^ clkbuf_2_2__f_clk/A (sky130_fd_sc_hd__clkbuf_16)
     8    0.028947    0.037352    0.089842    0.230269 ^ clkbuf_2_2__f_clk/X (sky130_fd_sc_hd__clkbuf_16)
                                                         clknet_2_2__leaf_clk (net)
                      0.037359    0.000451    0.230720 ^ _311_/CLK (sky130_fd_sc_hd__dfxtp_2)
     5    0.024989    0.099029    0.235175    0.465895 ^ _311_/Q (sky130_fd_sc_hd__dfxtp_2)
                                                         a_q[4] (net)
                      0.099032    0.000596    0.466491 ^ _280_/A (sky130_fd_sc_hd__or2_2)
     2    0.004713    0.028415    0.081787    0.548278 ^ _280_/X (sky130_fd_sc_hd__or2_2)
                                                         _082_ (net)
                      0.028415    0.000036    0.548313 ^ _281_/C (sky130_fd_sc_hd__and3_2)
     1    0.002547    0.026431    0.090694    0.639007 ^ _281_/X (sky130_fd_sc_hd__and3_2)
                                                         _004_ (net)
                      0.026431    0.000027    0.639034 ^ _300_/D (sky130_fd_sc_hd__dfxtp_2)
                                              0.639034   data arrival time

                                  0.000000    0.000000   clock clk (rise edge)
                                  0.000000    0.000000   clock source latency
     1    0.017100    0.062095    0.044349    0.044349 ^ clk (in)
                                                         clk (net)
                      0.062101    0.000000    0.044349 ^ clkbuf_0_clk/A (sky130_fd_sc_hd__clkbuf_16)
     4    0.039109    0.044668    0.110565    0.154914 ^ clkbuf_0_clk/X (sky130_fd_sc_hd__clkbuf_16)
                                                         clknet_0_clk (net)
                      0.044668    0.000296    0.155210 ^ clkbuf_2_3__f_clk/A (sky130_fd_sc_hd__clkbuf_16)
     8    0.024704    0.034361    0.096157    0.251367 ^ clkbuf_2_3__f_clk/X (sky130_fd_sc_hd__clkbuf_16)
                                                         clknet_2_3__leaf_clk (net)
                      0.034382    0.000756    0.252124 ^ _300_/CLK (sky130_fd_sc_hd__dfxtp_2)
                                  0.250000    0.502124   clock uncertainty
                                 -0.014754    0.487370   clock reconvergence pessimism
                                 -0.016896    0.470474   library hold time
                                              0.470474   data required time
---------------------------------------------------------------------------------------------
                                              0.470474   data required time
                                             -0.639034   data arrival time
---------------------------------------------------------------------------------------------
                                              0.168561   slack (MET)


Startpoint: _312_ (rising edge-triggered flip-flop clocked by clk)
Endpoint: _301_ (rising edge-triggered flip-flop clocked by clk)
Path Group: clk
Path Type: min

Fanout         Cap        Slew       Delay        Time   Description
---------------------------------------------------------------------------------------------
                                  0.000000    0.000000   clock clk (rise edge)
                                  0.000000    0.000000   clock source latency
     1    0.017100    0.062095    0.040126    0.040126 ^ clk (in)
                                                         clk (net)
                      0.062101    0.000000    0.040126 ^ clkbuf_0_clk/A (sky130_fd_sc_hd__clkbuf_16)
     4    0.039109    0.044668    0.100035    0.140160 ^ clkbuf_0_clk/X (sky130_fd_sc_hd__clkbuf_16)
                                                         clknet_0_clk (net)
                      0.044668    0.000266    0.140427 ^ clkbuf_2_2__f_clk/A (sky130_fd_sc_hd__clkbuf_16)
     8    0.028947    0.037352    0.089842    0.230269 ^ clkbuf_2_2__f_clk/X (sky130_fd_sc_hd__clkbuf_16)
                                                         clknet_2_2__leaf_clk (net)
                      0.037358    0.000431    0.230699 ^ _312_/CLK (sky130_fd_sc_hd__dfxtp_2)
     5    0.027027    0.106508    0.240057    0.470757 ^ _312_/Q (sky130_fd_sc_hd__dfxtp_2)
                                                         a_q[5] (net)
                      0.106512    0.000708    0.471465 ^ _289_/A1 (sky130_fd_sc_hd__o21a_2)
     2    0.005153    0.029296    0.090633    0.562098 ^ _289_/X (sky130_fd_sc_hd__o21a_2)
                                                         _090_ (net)
                      0.029296    0.000049    0.562147 ^ _290_/B (sky130_fd_sc_hd__and2_2)
     1    0.003827    0.028045    0.077365    0.639512 ^ _290_/X (sky130_fd_sc_hd__and2_2)
                                                         _005_ (net)
                      0.028045    0.000059    0.639571 ^ _301_/D (sky130_fd_sc_hd__dfxtp_2)
                                              0.639571   data arrival time

                                  0.000000    0.000000   clock clk (rise edge)
                                  0.000000    0.000000   clock source latency
     1    0.017100    0.062095    0.044349    0.044349 ^ clk (in)
                                                         clk (net)
                      0.062101    0.000000    0.044349 ^ clkbuf_0_clk/A (sky130_fd_sc_hd__clkbuf_16)
     4    0.039109    0.044668    0.110565    0.154914 ^ clkbuf_0_clk/X (sky130_fd_sc_hd__clkbuf_16)
                                                         clknet_0_clk (net)
                      0.044668    0.000296    0.155210 ^ clkbuf_2_3__f_clk/A (sky130_fd_sc_hd__clkbuf_16)
     8    0.024704    0.034361    0.096157    0.251367 ^ clkbuf_2_3__f_clk/X (sky130_fd_sc_hd__clkbuf_16)
                                                         clknet_2_3__leaf_clk (net)
                      0.034381    0.000747    0.252115 ^ _301_/CLK (sky130_fd_sc_hd__dfxtp_2)
                                  0.250000    0.502115   clock uncertainty
                                 -0.014754    0.487361   clock reconvergence pessimism
                                 -0.017010    0.470351   library hold time
                                              0.470351   data required time
---------------------------------------------------------------------------------------------
                                              0.470351   data required time
                                             -0.639571   data arrival time
---------------------------------------------------------------------------------------------
                                              0.169220   slack (MET)


Startpoint: _309_ (rising edge-triggered flip-flop clocked by clk)
Endpoint: _298_ (rising edge-triggered flip-flop clocked by clk)
Path Group: clk
Path Type: min

Fanout         Cap        Slew       Delay        Time   Description
---------------------------------------------------------------------------------------------
                                  0.000000    0.000000   clock clk (rise edge)
                                  0.000000    0.000000   clock source latency
     1    0.017100    0.062095    0.040126    0.040126 ^ clk (in)
                                                         clk (net)
                      0.062101    0.000000    0.040126 ^ clkbuf_0_clk/A (sky130_fd_sc_hd__clkbuf_16)
     4    0.039109    0.044668    0.100035    0.140160 ^ clkbuf_0_clk/X (sky130_fd_sc_hd__clkbuf_16)
                                                         clknet_0_clk (net)
                      0.044676    0.000520    0.140680 ^ clkbuf_2_1__f_clk/A (sky130_fd_sc_hd__clkbuf_16)
     8    0.026149    0.035376    0.087853    0.228533 ^ clkbuf_2_1__f_clk/X (sky130_fd_sc_hd__clkbuf_16)
                                                         clknet_2_1__leaf_clk (net)
                      0.035401    0.000789    0.229322 ^ _309_/CLK (sky130_fd_sc_hd__dfxtp_2)
     5    0.024494    0.097238    0.233368    0.462690 ^ _309_/Q (sky130_fd_sc_hd__dfxtp_2)
                                                         a_q[2] (net)
                      0.097238    0.000155    0.462845 ^ _259_/A1 (sky130_fd_sc_hd__o21a_2)
     2    0.007726    0.036809    0.096064    0.558909 ^ _259_/X (sky130_fd_sc_hd__o21a_2)
                                                         _063_ (net)
                      0.036809    0.000046    0.558955 ^ _260_/B (sky130_fd_sc_hd__and2_2)
     1    0.002181    0.022870    0.073804    0.632759 ^ _260_/X (sky130_fd_sc_hd__and2_2)
                                                         _002_ (net)
                      0.022870    0.000020    0.632779 ^ _298_/D (sky130_fd_sc_hd__dfxtp_2)
                                              0.632779   data arrival time

                                  0.000000    0.000000   clock clk (rise edge)
                                  0.000000    0.000000   clock source latency
     1    0.017100    0.062095    0.044349    0.044349 ^ clk (in)
                                                         clk (net)
                      0.062101    0.000000    0.044349 ^ clkbuf_0_clk/A (sky130_fd_sc_hd__clkbuf_16)
     4    0.039109    0.044668    0.110565    0.154914 ^ clkbuf_0_clk/X (sky130_fd_sc_hd__clkbuf_16)
                                                         clknet_0_clk (net)
                      0.044676    0.000575    0.155489 ^ clkbuf_2_1__f_clk/A (sky130_fd_sc_hd__clkbuf_16)
     8    0.026149    0.035376    0.097100    0.252589 ^ clkbuf_2_1__f_clk/X (sky130_fd_sc_hd__clkbuf_16)
                                                         clknet_2_1__leaf_clk (net)
                      0.035386    0.000610    0.253199 ^ _298_/CLK (sky130_fd_sc_hd__dfxtp_2)
                                  0.250000    0.503200   clock uncertainty
                                 -0.024056    0.479143   clock reconvergence pessimism
                                 -0.016620    0.462523   library hold time
                                              0.462523   data required time
---------------------------------------------------------------------------------------------
                                              0.462523   data required time
                                             -0.632779   data arrival time
---------------------------------------------------------------------------------------------
                                              0.170256   slack (MET)


Startpoint: _315_ (rising edge-triggered flip-flop clocked by clk)
Endpoint: _297_ (rising edge-triggered flip-flop clocked by clk)
Path Group: clk
Path Type: min

Fanout         Cap        Slew       Delay        Time   Description
---------------------------------------------------------------------------------------------
                                  0.000000    0.000000   clock clk (rise edge)
                                  0.000000    0.000000   clock source latency
     1    0.017100    0.062095    0.040126    0.040126 ^ clk (in)
                                                         clk (net)
                      0.062101    0.000000    0.040126 ^ clkbuf_0_clk/A (sky130_fd_sc_hd__clkbuf_16)
     4    0.039109    0.044668    0.100035    0.140160 ^ clkbuf_0_clk/X (sky130_fd_sc_hd__clkbuf_16)
                                                         clknet_0_clk (net)
                      0.044676    0.000520    0.140680 ^ clkbuf_2_1__f_clk/A (sky130_fd_sc_hd__clkbuf_16)
     8    0.026149    0.035376    0.087853    0.228533 ^ clkbuf_2_1__f_clk/X (sky130_fd_sc_hd__clkbuf_16)
                                                         clknet_2_1__leaf_clk (net)
                      0.035409    0.000886    0.229419 ^ _315_/CLK (sky130_fd_sc_hd__dfxtp_2)
     3    0.016489    0.067962    0.214039    0.443458 ^ _315_/Q (sky130_fd_sc_hd__dfxtp_2)
                                                         b_q[0] (net)
                      0.067962    0.000254    0.443712 ^ _241_/A2 (sky130_fd_sc_hd__o22a_2)
     1    0.003876    0.022405    0.073772    0.517484 ^ _241_/X (sky130_fd_sc_hd__o22a_2)
                                                         _046_ (net)
                      0.022405    0.000033    0.517517 ^ _247_/B2 (sky130_fd_sc_hd__o22a_2)
     2    0.011726    0.049611    0.073746    0.591262 ^ _247_/X (sky130_fd_sc_hd__o22a_2)
                                                         _052_ (net)
                      0.049613    0.000373    0.591635 ^ _248_/B (sky130_fd_sc_hd__and2_2)
     1    0.002018    0.022357    0.076331    0.667967 ^ _248_/X (sky130_fd_sc_hd__and2_2)
                                                         _001_ (net)
                      0.022357    0.000016    0.667983 ^ _297_/D (sky130_fd_sc_hd__dfxtp_2)
                                              0.667983   data arrival time

                                  0.000000    0.000000   clock clk (rise edge)
                                  0.000000    0.000000   clock source latency
     1    0.017100    0.062095    0.044349    0.044349 ^ clk (in)
                                                         clk (net)
                      0.062101    0.000000    0.044349 ^ clkbuf_0_clk/A (sky130_fd_sc_hd__clkbuf_16)
     4    0.039109    0.044668    0.110565    0.154914 ^ clkbuf_0_clk/X (sky130_fd_sc_hd__clkbuf_16)
                                                         clknet_0_clk (net)
                      0.044676    0.000575    0.155489 ^ clkbuf_2_1__f_clk/A (sky130_fd_sc_hd__clkbuf_16)
     8    0.026149    0.035376    0.097100    0.252589 ^ clkbuf_2_1__f_clk/X (sky130_fd_sc_hd__clkbuf_16)
                                                         clknet_2_1__leaf_clk (net)
                      0.035382    0.000533    0.253122 ^ _297_/CLK (sky130_fd_sc_hd__dfxtp_2)
                                  0.250000    0.503122   clock uncertainty
                                 -0.024056    0.479066   clock reconvergence pessimism
                                 -0.016584    0.462481   library hold time
                                              0.462481   data required time
---------------------------------------------------------------------------------------------
                                              0.462481   data required time
                                             -0.667983   data arrival time
---------------------------------------------------------------------------------------------
                                              0.205502   slack (MET)


Startpoint: _313_ (rising edge-triggered flip-flop clocked by clk)
Endpoint: _306_ (rising edge-triggered flip-flop clocked by clk)
Path Group: clk
Path Type: min

Fanout         Cap        Slew       Delay        Time   Description
---------------------------------------------------------------------------------------------
                                  0.000000    0.000000   clock clk (rise edge)
                                  0.000000    0.000000   clock source latency
     1    0.017100    0.062095    0.040126    0.040126 ^ clk (in)
                                                         clk (net)
                      0.062101    0.000000    0.040126 ^ clkbuf_0_clk/A (sky130_fd_sc_hd__clkbuf_16)
     4    0.039109    0.044668    0.100035    0.140160 ^ clkbuf_0_clk/X (sky130_fd_sc_hd__clkbuf_16)
                                                         clknet_0_clk (net)
                      0.044668    0.000266    0.140427 ^ clkbuf_2_2__f_clk/A (sky130_fd_sc_hd__clkbuf_16)
     8    0.028947    0.037352    0.089842    0.230269 ^ clkbuf_2_2__f_clk/X (sky130_fd_sc_hd__clkbuf_16)
                                                         clknet_2_2__leaf_clk (net)
                      0.037354    0.000316    0.230585 ^ _313_/CLK (sky130_fd_sc_hd__dfxtp_2)
     5    0.022390    0.089525    0.228857    0.459441 ^ _313_/Q (sky130_fd_sc_hd__dfxtp_2)
                                                         a_q[6] (net)
                      0.089527    0.000526    0.459967 ^ _168_/B2 (sky130_fd_sc_hd__a32o_2)
     1    0.001900    0.022340    0.067474    0.527440 ^ _168_/X (sky130_fd_sc_hd__a32o_2)
                                                         _113_ (net)
                      0.022340    0.000016    0.527457 ^ _169_/C (sky130_fd_sc_hd__or3_2)
     1    0.004243    0.024534    0.061265    0.588722 ^ _169_/X (sky130_fd_sc_hd__or3_2)
                                                         _114_ (net)
                      0.024534    0.000053    0.588775 ^ _170_/B1 (sky130_fd_sc_hd__a21o_2)
     2    0.007592    0.034442    0.056504    0.645279 ^ _170_/X (sky130_fd_sc_hd__a21o_2)
                                                         _115_ (net)
                      0.034442    0.000066    0.645345 ^ _171_/B (sky130_fd_sc_hd__and2_2)
     1    0.002106    0.022636    0.072996    0.718340 ^ _171_/X (sky130_fd_sc_hd__and2_2)
                                                         _010_ (net)
                      0.022636    0.000010    0.718351 ^ _306_/D (sky130_fd_sc_hd__dfxtp_2)
                                              0.718351   data arrival time

                                  0.000000    0.000000   clock clk (rise edge)
                                  0.000000    0.000000   clock source latency
     1    0.017100    0.062095    0.044349    0.044349 ^ clk (in)
                                                         clk (net)
                      0.062101    0.000000    0.044349 ^ clkbuf_0_clk/A (sky130_fd_sc_hd__clkbuf_16)
     4    0.039109    0.044668    0.110565    0.154914 ^ clkbuf_0_clk/X (sky130_fd_sc_hd__clkbuf_16)
                                                         clknet_0_clk (net)
                      0.044668    0.000296    0.155210 ^ clkbuf_2_3__f_clk/A (sky130_fd_sc_hd__clkbuf_16)
     8    0.024704    0.034361    0.096157    0.251367 ^ clkbuf_2_3__f_clk/X (sky130_fd_sc_hd__clkbuf_16)
                                                         clknet_2_3__leaf_clk (net)
                      0.034362    0.000313    0.251680 ^ _306_/CLK (sky130_fd_sc_hd__dfxtp_2)
                                  0.250000    0.501680   clock uncertainty
                                 -0.014754    0.486927   clock reconvergence pessimism
                                 -0.016628    0.470298   library hold time
                                              0.470298   data required time
---------------------------------------------------------------------------------------------
                                              0.470298   data required time
                                             -0.718351   data arrival time
---------------------------------------------------------------------------------------------
                                              0.248052   slack (MET)


Startpoint: _311_ (rising edge-triggered flip-flop clocked by clk)
Endpoint: _302_ (rising edge-triggered flip-flop clocked by clk)
Path Group: clk
Path Type: min

Fanout         Cap        Slew       Delay        Time   Description
---------------------------------------------------------------------------------------------
                                  0.000000    0.000000   clock clk (rise edge)
                                  0.000000    0.000000   clock source latency
     1    0.017100    0.062095    0.040126    0.040126 ^ clk (in)
                                                         clk (net)
                      0.062101    0.000000    0.040126 ^ clkbuf_0_clk/A (sky130_fd_sc_hd__clkbuf_16)
     4    0.039109    0.044668    0.100035    0.140160 ^ clkbuf_0_clk/X (sky130_fd_sc_hd__clkbuf_16)
                                                         clknet_0_clk (net)
                      0.044668    0.000266    0.140427 ^ clkbuf_2_2__f_clk/A (sky130_fd_sc_hd__clkbuf_16)
     8    0.028947    0.037352    0.089842    0.230269 ^ clkbuf_2_2__f_clk/X (sky130_fd_sc_hd__clkbuf_16)
                                                         clknet_2_2__leaf_clk (net)
                      0.037359    0.000451    0.230720 ^ _311_/CLK (sky130_fd_sc_hd__dfxtp_2)
     5    0.024989    0.099029    0.235175    0.465895 ^ _311_/Q (sky130_fd_sc_hd__dfxtp_2)
                                                         a_q[4] (net)
                      0.099030    0.000414    0.466308 ^ _295_/A1 (sky130_fd_sc_hd__a211o_2)
     1    0.004916    0.023990    0.084441    0.550750 ^ _295_/X (sky130_fd_sc_hd__a211o_2)
                                                         _095_ (net)
                      0.023990    0.000080    0.550830 ^ _148_/B1 (sky130_fd_sc_hd__a21o_2)
     1    0.003546    0.020429    0.046215    0.597046 ^ _148_/X (sky130_fd_sc_hd__a21o_2)
                                                         _096_ (net)
                      0.020429    0.000043    0.597088 ^ _150_/B1 (sky130_fd_sc_hd__a211o_2)
     1    0.004182    0.021698    0.052794    0.649882 ^ _150_/X (sky130_fd_sc_hd__a211o_2)
                                                         _098_ (net)
                      0.021698    0.000038    0.649919 ^ _151_/B1 (sky130_fd_sc_hd__o211a_2)
     2    0.010691    0.056845    0.098033    0.747952 ^ _151_/X (sky130_fd_sc_hd__o211a_2)
                                                         _006_ (net)
                      0.056845    0.000191    0.748143 ^ _302_/D (sky130_fd_sc_hd__dfxtp_2)
                                              0.748143   data arrival time

                                  0.000000    0.000000   clock clk (rise edge)
                                  0.000000    0.000000   clock source latency
     1    0.017100    0.062095    0.044349    0.044349 ^ clk (in)
                                                         clk (net)
                      0.062101    0.000000    0.044349 ^ clkbuf_0_clk/A (sky130_fd_sc_hd__clkbuf_16)
     4    0.039109    0.044668    0.110565    0.154914 ^ clkbuf_0_clk/X (sky130_fd_sc_hd__clkbuf_16)
                                                         clknet_0_clk (net)
                      0.044668    0.000296    0.155210 ^ clkbuf_2_3__f_clk/A (sky130_fd_sc_hd__clkbuf_16)
     8    0.024704    0.034361    0.096157    0.251367 ^ clkbuf_2_3__f_clk/X (sky130_fd_sc_hd__clkbuf_16)
                                                         clknet_2_3__leaf_clk (net)
                      0.034370    0.000547    0.251915 ^ _302_/CLK (sky130_fd_sc_hd__dfxtp_2)
                                  0.250000    0.501915   clock uncertainty
                                 -0.014754    0.487161   clock reconvergence pessimism
                                 -0.019048    0.468113   library hold time
                                              0.468113   data required time
---------------------------------------------------------------------------------------------
                                              0.468113   data required time
                                             -0.748143   data arrival time
---------------------------------------------------------------------------------------------
                                              0.280030   slack (MET)


Startpoint: b[1] (input port clocked by clk)
Endpoint: _316_ (rising edge-triggered flip-flop clocked by clk)
Path Group: clk
Path Type: min

Fanout         Cap        Slew       Delay        Time   Description
---------------------------------------------------------------------------------------------
                                  0.000000    0.000000   clock clk (rise edge)
                                  0.000000    0.000000   clock network delay (propagated)
                                  2.000000    2.000000 ^ input external delay
     1    0.003569    0.016676    0.008780    2.008780 ^ b[1] (in)
                                                         b[1] (net)
                      0.016676    0.000000    2.008780 ^ input10/A (sky130_fd_sc_hd__clkdlybuf4s25_1)
     1    0.001922    0.025954    0.141486    2.150266 ^ input10/X (sky130_fd_sc_hd__clkdlybuf4s25_1)
                                                         net10 (net)
                      0.025954    0.000008    2.150274 ^ _184_/B (sky130_fd_sc_hd__and2_2)
     1    0.002120    0.022682    0.071012    2.221286 ^ _184_/X (sky130_fd_sc_hd__and2_2)
                                                         _020_ (net)
                      0.022682    0.000018    2.221304 ^ _316_/D (sky130_fd_sc_hd__dfxtp_2)
                                              2.221304   data arrival time

                                  0.000000    0.000000   clock clk (rise edge)
                                  0.000000    0.000000   clock source latency
     1    0.017100    0.062095    0.044349    0.044349 ^ clk (in)
                                                         clk (net)
                      0.062101    0.000000    0.044349 ^ clkbuf_0_clk/A (sky130_fd_sc_hd__clkbuf_16)
     4    0.039109    0.044668    0.110565    0.154914 ^ clkbuf_0_clk/X (sky130_fd_sc_hd__clkbuf_16)
                                                         clknet_0_clk (net)
                      0.044676    0.000571    0.155486 ^ clkbuf_2_0__f_clk/A (sky130_fd_sc_hd__clkbuf_16)
     8    0.026549    0.035662    0.097443    0.252929 ^ clkbuf_2_0__f_clk/X (sky130_fd_sc_hd__clkbuf_16)
                                                         clknet_2_0__leaf_clk (net)
                      0.035673    0.000614    0.253543 ^ _316_/CLK (sky130_fd_sc_hd__dfxtp_2)
                                  0.250000    0.503543   clock uncertainty
                                  0.000000    0.503543   clock reconvergence pessimism
                                 -0.016600    0.486943   library hold time
                                              0.486943   data required time
---------------------------------------------------------------------------------------------
                                              0.486943   data required time
                                             -2.221304   data arrival time
---------------------------------------------------------------------------------------------
                                              1.734361   slack (MET)


Startpoint: op[1] (input port clocked by clk)
Endpoint: _324_ (rising edge-triggered flip-flop clocked by clk)
Path Group: clk
Path Type: min

Fanout         Cap        Slew       Delay        Time   Description
---------------------------------------------------------------------------------------------
                                  0.000000    0.000000   clock clk (rise edge)
                                  0.000000    0.000000   clock network delay (propagated)
                                  2.000000    2.000000 ^ input external delay
     1    0.003665    0.017023    0.009021    2.009021 ^ op[1] (in)
                                                         op[1] (net)
                      0.017023    0.000000    2.009021 ^ input18/A (sky130_fd_sc_hd__clkdlybuf4s25_1)
     1    0.002097    0.027162    0.142475    2.151495 ^ input18/X (sky130_fd_sc_hd__clkdlybuf4s25_1)
                                                         net18 (net)
                      0.027162    0.000018    2.151513 ^ _192_/B (sky130_fd_sc_hd__and2_2)
     1    0.002225    0.023011    0.071644    2.223158 ^ _192_/X (sky130_fd_sc_hd__and2_2)
                                                         _028_ (net)
                      0.023011    0.000020    2.223178 ^ _324_/D (sky130_fd_sc_hd__dfxtp_2)
                                              2.223178   data arrival time

                                  0.000000    0.000000   clock clk (rise edge)
                                  0.000000    0.000000   clock source latency
     1    0.017100    0.062095    0.044349    0.044349 ^ clk (in)
                                                         clk (net)
                      0.062101    0.000000    0.044349 ^ clkbuf_0_clk/A (sky130_fd_sc_hd__clkbuf_16)
     4    0.039109    0.044668    0.110565    0.154914 ^ clkbuf_0_clk/X (sky130_fd_sc_hd__clkbuf_16)
                                                         clknet_0_clk (net)
                      0.044676    0.000571    0.155486 ^ clkbuf_2_0__f_clk/A (sky130_fd_sc_hd__clkbuf_16)
     8    0.026549    0.035662    0.097443    0.252929 ^ clkbuf_2_0__f_clk/X (sky130_fd_sc_hd__clkbuf_16)
                                                         clknet_2_0__leaf_clk (net)
                      0.035678    0.000713    0.253642 ^ _324_/CLK (sky130_fd_sc_hd__dfxtp_2)
                                  0.250000    0.503642   clock uncertainty
                                  0.000000    0.503642   clock reconvergence pessimism
                                 -0.016623    0.487018   library hold time
                                              0.487018   data required time
---------------------------------------------------------------------------------------------
                                              0.487018   data required time
                                             -2.223178   data arrival time
---------------------------------------------------------------------------------------------
                                              1.736159   slack (MET)


Startpoint: a[0] (input port clocked by clk)
Endpoint: _307_ (rising edge-triggered flip-flop clocked by clk)
Path Group: clk
Path Type: min

Fanout         Cap        Slew       Delay        Time   Description
---------------------------------------------------------------------------------------------
                                  0.000000    0.000000   clock clk (rise edge)
                                  0.000000    0.000000   clock network delay (propagated)
                                  2.000000    2.000000 ^ input external delay
     1    0.003584    0.016731    0.008815    2.008815 ^ a[0] (in)
                                                         a[0] (net)
                      0.016731    0.000000    2.008815 ^ input1/A (sky130_fd_sc_hd__clkdlybuf4s25_1)
     1    0.002148    0.027500    0.142667    2.151482 ^ input1/X (sky130_fd_sc_hd__clkdlybuf4s25_1)
                                                         net1 (net)
                      0.027500    0.000019    2.151501 ^ _175_/B (sky130_fd_sc_hd__and2_2)
     1    0.002191    0.022902    0.071614    2.223115 ^ _175_/X (sky130_fd_sc_hd__and2_2)
                                                         _011_ (net)
                      0.022902    0.000011    2.223126 ^ _307_/D (sky130_fd_sc_hd__dfxtp_2)
                                              2.223126   data arrival time

                                  0.000000    0.000000   clock clk (rise edge)
                                  0.000000    0.000000   clock source latency
     1    0.017100    0.062095    0.044349    0.044349 ^ clk (in)
                                                         clk (net)
                      0.062101    0.000000    0.044349 ^ clkbuf_0_clk/A (sky130_fd_sc_hd__clkbuf_16)
     4    0.039109    0.044668    0.110565    0.154914 ^ clkbuf_0_clk/X (sky130_fd_sc_hd__clkbuf_16)
                                                         clknet_0_clk (net)
                      0.044676    0.000571    0.155486 ^ clkbuf_2_0__f_clk/A (sky130_fd_sc_hd__clkbuf_16)
     8    0.026549    0.035662    0.097443    0.252929 ^ clkbuf_2_0__f_clk/X (sky130_fd_sc_hd__clkbuf_16)
                                                         clknet_2_0__leaf_clk (net)
                      0.035673    0.000603    0.253532 ^ _307_/CLK (sky130_fd_sc_hd__dfxtp_2)
                                  0.250000    0.503532   clock uncertainty
                                  0.000000    0.503532   clock reconvergence pessimism
                                 -0.016616    0.486916   library hold time
                                              0.486916   data required time
---------------------------------------------------------------------------------------------
                                              0.486916   data required time
                                             -2.223126   data arrival time
---------------------------------------------------------------------------------------------
                                              1.736210   slack (MET)


Startpoint: op[0] (input port clocked by clk)
Endpoint: _323_ (rising edge-triggered flip-flop clocked by clk)
Path Group: clk
Path Type: min

Fanout         Cap        Slew       Delay        Time   Description
---------------------------------------------------------------------------------------------
                                  0.000000    0.000000   clock clk (rise edge)
                                  0.000000    0.000000   clock network delay (propagated)
                                  2.000000    2.000000 ^ input external delay
     1    0.003661    0.017009    0.009008    2.009008 ^ op[0] (in)
                                                         op[0] (net)
                      0.017009    0.000000    2.009008 ^ input17/A (sky130_fd_sc_hd__clkdlybuf4s25_1)
     1    0.001985    0.026429    0.141892    2.150900 ^ input17/X (sky130_fd_sc_hd__clkdlybuf4s25_1)
                                                         net17 (net)
                      0.026429    0.000017    2.150917 ^ _191_/B (sky130_fd_sc_hd__and2_2)
     1    0.002553    0.024029    0.072538    2.223455 ^ _191_/X (sky130_fd_sc_hd__and2_2)
                                                         _027_ (net)
                      0.024029    0.000024    2.223480 ^ _323_/D (sky130_fd_sc_hd__dfxtp_2)
                                              2.223480   data arrival time

                                  0.000000    0.000000   clock clk (rise edge)
                                  0.000000    0.000000   clock source latency
     1    0.017100    0.062095    0.044349    0.044349 ^ clk (in)
                                                         clk (net)
                      0.062101    0.000000    0.044349 ^ clkbuf_0_clk/A (sky130_fd_sc_hd__clkbuf_16)
     4    0.039109    0.044668    0.110565    0.154914 ^ clkbuf_0_clk/X (sky130_fd_sc_hd__clkbuf_16)
                                                         clknet_0_clk (net)
                      0.044676    0.000571    0.155486 ^ clkbuf_2_0__f_clk/A (sky130_fd_sc_hd__clkbuf_16)
     8    0.026549    0.035662    0.097443    0.252929 ^ clkbuf_2_0__f_clk/X (sky130_fd_sc_hd__clkbuf_16)
                                                         clknet_2_0__leaf_clk (net)
                      0.035674    0.000631    0.253559 ^ _323_/CLK (sky130_fd_sc_hd__dfxtp_2)
                                  0.250000    0.503559   clock uncertainty
                                  0.000000    0.503559   clock reconvergence pessimism
                                 -0.016696    0.486864   library hold time
                                              0.486864   data required time
---------------------------------------------------------------------------------------------
                                              0.486864   data required time
                                             -2.223480   data arrival time
---------------------------------------------------------------------------------------------
                                              1.736616   slack (MET)


Startpoint: b[0] (input port clocked by clk)
Endpoint: _315_ (rising edge-triggered flip-flop clocked by clk)
Path Group: clk
Path Type: min

Fanout         Cap        Slew       Delay        Time   Description
---------------------------------------------------------------------------------------------
                                  0.000000    0.000000   clock clk (rise edge)
                                  0.000000    0.000000   clock network delay (propagated)
                                  2.000000    2.000000 ^ input external delay
     1    0.003609    0.016820    0.008880    2.008880 ^ b[0] (in)
                                                         b[0] (net)
                      0.016820    0.000000    2.008880 ^ input9/A (sky130_fd_sc_hd__clkdlybuf4s25_1)
     1    0.001980    0.026399    0.141821    2.150700 ^ input9/X (sky130_fd_sc_hd__clkdlybuf4s25_1)
                                                         net9 (net)
                      0.026399    0.000017    2.150717 ^ _183_/B (sky130_fd_sc_hd__and2_2)
     1    0.002673    0.024401    0.072921    2.223638 ^ _183_/X (sky130_fd_sc_hd__and2_2)
                                                         _019_ (net)
                      0.024401    0.000029    2.223666 ^ _315_/D (sky130_fd_sc_hd__dfxtp_2)
                                              2.223666   data arrival time

                                  0.000000    0.000000   clock clk (rise edge)
                                  0.000000    0.000000   clock source latency
     1    0.017100    0.062095    0.044349    0.044349 ^ clk (in)
                                                         clk (net)
                      0.062101    0.000000    0.044349 ^ clkbuf_0_clk/A (sky130_fd_sc_hd__clkbuf_16)
     4    0.039109    0.044668    0.110565    0.154914 ^ clkbuf_0_clk/X (sky130_fd_sc_hd__clkbuf_16)
                                                         clknet_0_clk (net)
                      0.044676    0.000575    0.155489 ^ clkbuf_2_1__f_clk/A (sky130_fd_sc_hd__clkbuf_16)
     8    0.026149    0.035376    0.097100    0.252589 ^ clkbuf_2_1__f_clk/X (sky130_fd_sc_hd__clkbuf_16)
                                                         clknet_2_1__leaf_clk (net)
                      0.035409    0.000979    0.253569 ^ _315_/CLK (sky130_fd_sc_hd__dfxtp_2)
                                  0.250000    0.503569   clock uncertainty
                                  0.000000    0.503569   clock reconvergence pessimism
                                 -0.016728    0.486840   library hold time
                                              0.486840   data required time
---------------------------------------------------------------------------------------------
                                              0.486840   data required time
                                             -2.223666   data arrival time
---------------------------------------------------------------------------------------------
                                              1.736826   slack (MET)


Startpoint: a[2] (input port clocked by clk)
Endpoint: _309_ (rising edge-triggered flip-flop clocked by clk)
Path Group: clk
Path Type: min

Fanout         Cap        Slew       Delay        Time   Description
---------------------------------------------------------------------------------------------
                                  0.000000    0.000000   clock clk (rise edge)
                                  0.000000    0.000000   clock network delay (propagated)
                                  2.000000    2.000000 ^ input external delay
     1    0.003502    0.016437    0.008612    2.008611 ^ a[2] (in)
                                                         a[2] (net)
                      0.016437    0.000000    2.008611 ^ input3/A (sky130_fd_sc_hd__clkdlybuf4s25_1)
     1    0.002375    0.028986    0.143765    2.152376 ^ input3/X (sky130_fd_sc_hd__clkdlybuf4s25_1)
                                                         net3 (net)
                      0.028986    0.000023    2.152399 ^ _177_/B (sky130_fd_sc_hd__and2_2)
     1    0.002154    0.022789    0.071849    2.224248 ^ _177_/X (sky130_fd_sc_hd__and2_2)
                                                         _013_ (net)
                      0.022789    0.000018    2.224266 ^ _309_/D (sky130_fd_sc_hd__dfxtp_2)
                                              2.224266   data arrival time

                                  0.000000    0.000000   clock clk (rise edge)
                                  0.000000    0.000000   clock source latency
     1    0.017100    0.062095    0.044349    0.044349 ^ clk (in)
                                                         clk (net)
                      0.062101    0.000000    0.044349 ^ clkbuf_0_clk/A (sky130_fd_sc_hd__clkbuf_16)
     4    0.039109    0.044668    0.110565    0.154914 ^ clkbuf_0_clk/X (sky130_fd_sc_hd__clkbuf_16)
                                                         clknet_0_clk (net)
                      0.044676    0.000575    0.155489 ^ clkbuf_2_1__f_clk/A (sky130_fd_sc_hd__clkbuf_16)
     8    0.026149    0.035376    0.097100    0.252589 ^ clkbuf_2_1__f_clk/X (sky130_fd_sc_hd__clkbuf_16)
                                                         clknet_2_1__leaf_clk (net)
                      0.035401    0.000872    0.253461 ^ _309_/CLK (sky130_fd_sc_hd__dfxtp_2)
                                  0.250000    0.503461   clock uncertainty
                                  0.000000    0.503461   clock reconvergence pessimism
                                 -0.016614    0.486847   library hold time
                                              0.486847   data required time
---------------------------------------------------------------------------------------------
                                              0.486847   data required time
                                             -2.224266   data arrival time
---------------------------------------------------------------------------------------------
                                              1.737419   slack (MET)


Startpoint: b[2] (input port clocked by clk)
Endpoint: _317_ (rising edge-triggered flip-flop clocked by clk)
Path Group: clk
Path Type: min

Fanout         Cap        Slew       Delay        Time   Description
---------------------------------------------------------------------------------------------
                                  0.000000    0.000000   clock clk (rise edge)
                                  0.000000    0.000000   clock network delay (propagated)
                                  2.000000    2.000000 ^ input external delay
     1    0.003608    0.016818    0.008878    2.008878 ^ b[2] (in)
                                                         b[2] (net)
                      0.016818    0.000000    2.008878 ^ input11/A (sky130_fd_sc_hd__clkdlybuf4s25_1)
     1    0.002083    0.027070    0.142349    2.151228 ^ input11/X (sky130_fd_sc_hd__clkdlybuf4s25_1)
                                                         net11 (net)
                      0.027070    0.000018    2.151246 ^ _185_/B (sky130_fd_sc_hd__and2_2)
     1    0.002942    0.025237    0.073957    2.225203 ^ _185_/X (sky130_fd_sc_hd__and2_2)
                                                         _021_ (net)
                      0.025237    0.000034    2.225236 ^ _317_/D (sky130_fd_sc_hd__dfxtp_2)
                                              2.225236   data arrival time

                                  0.000000    0.000000   clock clk (rise edge)
                                  0.000000    0.000000   clock source latency
     1    0.017100    0.062095    0.044349    0.044349 ^ clk (in)
                                                         clk (net)
                      0.062101    0.000000    0.044349 ^ clkbuf_0_clk/A (sky130_fd_sc_hd__clkbuf_16)
     4    0.039109    0.044668    0.110565    0.154914 ^ clkbuf_0_clk/X (sky130_fd_sc_hd__clkbuf_16)
                                                         clknet_0_clk (net)
                      0.044676    0.000575    0.155489 ^ clkbuf_2_1__f_clk/A (sky130_fd_sc_hd__clkbuf_16)
     8    0.026149    0.035376    0.097100    0.252589 ^ clkbuf_2_1__f_clk/X (sky130_fd_sc_hd__clkbuf_16)
                                                         clknet_2_1__leaf_clk (net)
                      0.035402    0.000886    0.253475 ^ _317_/CLK (sky130_fd_sc_hd__dfxtp_2)
                                  0.250000    0.503475   clock uncertainty
                                  0.000000    0.503475   clock reconvergence pessimism
                                 -0.016787    0.486688   library hold time
                                              0.486688   data required time
---------------------------------------------------------------------------------------------
                                              0.486688   data required time
                                             -2.225236   data arrival time
---------------------------------------------------------------------------------------------
                                              1.738549   slack (MET)


Startpoint: a[6] (input port clocked by clk)
Endpoint: _313_ (rising edge-triggered flip-flop clocked by clk)
Path Group: clk
Path Type: min

Fanout         Cap        Slew       Delay        Time   Description
---------------------------------------------------------------------------------------------
                                  0.000000    0.000000   clock clk (rise edge)
                                  0.000000    0.000000   clock network delay (propagated)
                                  2.000000    2.000000 ^ input external delay
     1    0.003506    0.016450    0.008615    2.008615 ^ a[6] (in)
                                                         a[6] (net)
                      0.016450    0.000000    2.008615 ^ input7/A (sky130_fd_sc_hd__clkdlybuf4s25_1)
     1    0.002789    0.031705    0.145906    2.154521 ^ input7/X (sky130_fd_sc_hd__clkdlybuf4s25_1)
                                                         net7 (net)
                      0.031705    0.000029    2.154550 ^ _181_/B (sky130_fd_sc_hd__and2_2)
     1    0.002212    0.022966    0.072684    2.227234 ^ _181_/X (sky130_fd_sc_hd__and2_2)
                                                         _017_ (net)
                      0.022966    0.000019    2.227253 ^ _313_/D (sky130_fd_sc_hd__dfxtp_2)
                                              2.227253   data arrival time

                                  0.000000    0.000000   clock clk (rise edge)
                                  0.000000    0.000000   clock source latency
     1    0.017100    0.062095    0.044349    0.044349 ^ clk (in)
                                                         clk (net)
                      0.062101    0.000000    0.044349 ^ clkbuf_0_clk/A (sky130_fd_sc_hd__clkbuf_16)
     4    0.039109    0.044668    0.110565    0.154914 ^ clkbuf_0_clk/X (sky130_fd_sc_hd__clkbuf_16)
                                                         clknet_0_clk (net)
                      0.044668    0.000294    0.155208 ^ clkbuf_2_2__f_clk/A (sky130_fd_sc_hd__clkbuf_16)
     8    0.028947    0.037352    0.099299    0.254507 ^ clkbuf_2_2__f_clk/X (sky130_fd_sc_hd__clkbuf_16)
                                                         clknet_2_2__leaf_clk (net)
                      0.037354    0.000349    0.254857 ^ _313_/CLK (sky130_fd_sc_hd__dfxtp_2)
                                  0.250000    0.504857   clock uncertainty
                                  0.000000    0.504857   clock reconvergence pessimism
                                 -0.016580    0.488276   library hold time
                                              0.488276   data required time
---------------------------------------------------------------------------------------------
                                              0.488276   data required time
                                             -2.227253   data arrival time
---------------------------------------------------------------------------------------------
                                              1.738977   slack (MET)


Startpoint: op[2] (input port clocked by clk)
Endpoint: _325_ (rising edge-triggered flip-flop clocked by clk)
Path Group: clk
Path Type: min

Fanout         Cap        Slew       Delay        Time   Description
---------------------------------------------------------------------------------------------
                                  0.000000    0.000000   clock clk (rise edge)
                                  0.000000    0.000000   clock network delay (propagated)
                                  2.000000    2.000000 ^ input external delay
     1    0.003623    0.016871    0.008911    2.008911 ^ op[2] (in)
                                                         op[2] (net)
                      0.016871    0.000000    2.008911 ^ input19/A (sky130_fd_sc_hd__clkdlybuf4s25_1)
     1    0.002460    0.029542    0.144314    2.153225 ^ input19/X (sky130_fd_sc_hd__clkdlybuf4s25_1)
                                                         net19 (net)
                      0.029542    0.000025    2.153250 ^ _193_/B (sky130_fd_sc_hd__and2_2)
     1    0.002654    0.024343    0.073610    2.226860 ^ _193_/X (sky130_fd_sc_hd__and2_2)
                                                         _029_ (net)
                      0.024343    0.000028    2.226888 ^ _325_/D (sky130_fd_sc_hd__dfxtp_2)
                                              2.226888   data arrival time

                                  0.000000    0.000000   clock clk (rise edge)
                                  0.000000    0.000000   clock source latency
     1    0.017100    0.062095    0.044349    0.044349 ^ clk (in)
                                                         clk (net)
                      0.062101    0.000000    0.044349 ^ clkbuf_0_clk/A (sky130_fd_sc_hd__clkbuf_16)
     4    0.039109    0.044668    0.110565    0.154914 ^ clkbuf_0_clk/X (sky130_fd_sc_hd__clkbuf_16)
                                                         clknet_0_clk (net)
                      0.044676    0.000571    0.155486 ^ clkbuf_2_0__f_clk/A (sky130_fd_sc_hd__clkbuf_16)
     8    0.026549    0.035662    0.097443    0.252929 ^ clkbuf_2_0__f_clk/X (sky130_fd_sc_hd__clkbuf_16)
                                                         clknet_2_0__leaf_clk (net)
                      0.035678    0.000701    0.253630 ^ _325_/CLK (sky130_fd_sc_hd__dfxtp_2)
                                  0.250000    0.503630   clock uncertainty
                                  0.000000    0.503630   clock reconvergence pessimism
                                 -0.016718    0.486912   library hold time
                                              0.486912   data required time
---------------------------------------------------------------------------------------------
                                              0.486912   data required time
                                             -2.226888   data arrival time
---------------------------------------------------------------------------------------------
                                              1.739976   slack (MET)


Startpoint: a[5] (input port clocked by clk)
Endpoint: _312_ (rising edge-triggered flip-flop clocked by clk)
Path Group: clk
Path Type: min

Fanout         Cap        Slew       Delay        Time   Description
---------------------------------------------------------------------------------------------
                                  0.000000    0.000000   clock clk (rise edge)
                                  0.000000    0.000000   clock network delay (propagated)
                                  2.000000    2.000000 ^ input external delay
     1    0.003371    0.015964    0.008288    2.008288 ^ a[5] (in)
                                                         a[5] (net)
                      0.015964    0.000000    2.008288 ^ input6/A (sky130_fd_sc_hd__clkdlybuf4s25_1)
     1    0.003094    0.033750    0.147354    2.155643 ^ input6/X (sky130_fd_sc_hd__clkdlybuf4s25_1)
                                                         net6 (net)
                      0.033750    0.000042    2.155684 ^ _180_/B (sky130_fd_sc_hd__and2_2)
     1    0.002149    0.022770    0.072968    2.228652 ^ _180_/X (sky130_fd_sc_hd__and2_2)
                                                         _016_ (net)
                      0.022770    0.000018    2.228671 ^ _312_/D (sky130_fd_sc_hd__dfxtp_2)
                                              2.228671   data arrival time

                                  0.000000    0.000000   clock clk (rise edge)
                                  0.000000    0.000000   clock source latency
     1    0.017100    0.062095    0.044349    0.044349 ^ clk (in)
                                                         clk (net)
                      0.062101    0.000000    0.044349 ^ clkbuf_0_clk/A (sky130_fd_sc_hd__clkbuf_16)
     4    0.039109    0.044668    0.110565    0.154914 ^ clkbuf_0_clk/X (sky130_fd_sc_hd__clkbuf_16)
                                                         clknet_0_clk (net)
                      0.044668    0.000294    0.155208 ^ clkbuf_2_2__f_clk/A (sky130_fd_sc_hd__clkbuf_16)
     8    0.028947    0.037352    0.099299    0.254507 ^ clkbuf_2_2__f_clk/X (sky130_fd_sc_hd__clkbuf_16)
                                                         clknet_2_2__leaf_clk (net)
                      0.037358    0.000476    0.254984 ^ _312_/CLK (sky130_fd_sc_hd__dfxtp_2)
                                  0.250000    0.504984   clock uncertainty
                                  0.000000    0.504984   clock reconvergence pessimism
                                 -0.016566    0.488417   library hold time
                                              0.488417   data required time
---------------------------------------------------------------------------------------------
                                              0.488417   data required time
                                             -2.228671   data arrival time
---------------------------------------------------------------------------------------------
                                              1.740254   slack (MET)


Startpoint: a[1] (input port clocked by clk)
Endpoint: _308_ (rising edge-triggered flip-flop clocked by clk)
Path Group: clk
Path Type: min

Fanout         Cap        Slew       Delay        Time   Description
---------------------------------------------------------------------------------------------
                                  0.000000    0.000000   clock clk (rise edge)
                                  0.000000    0.000000   clock network delay (propagated)
                                  2.000000    2.000000 ^ input external delay
     1    0.003477    0.016344    0.008547    2.008547 ^ a[1] (in)
                                                         a[1] (net)
                      0.016344    0.000000    2.008547 ^ input2/A (sky130_fd_sc_hd__clkdlybuf4s25_1)
     1    0.002532    0.030012    0.144551    2.153097 ^ input2/X (sky130_fd_sc_hd__clkdlybuf4s25_1)
                                                         net2 (net)
                      0.030012    0.000026    2.153124 ^ _176_/B (sky130_fd_sc_hd__and2_2)
     1    0.002799    0.024793    0.074194    2.227318 ^ _176_/X (sky130_fd_sc_hd__and2_2)
                                                         _012_ (net)
                      0.024793    0.000031    2.227348 ^ _308_/D (sky130_fd_sc_hd__dfxtp_2)
                                              2.227348   data arrival time

                                  0.000000    0.000000   clock clk (rise edge)
                                  0.000000    0.000000   clock source latency
     1    0.017100    0.062095    0.044349    0.044349 ^ clk (in)
                                                         clk (net)
                      0.062101    0.000000    0.044349 ^ clkbuf_0_clk/A (sky130_fd_sc_hd__clkbuf_16)
     4    0.039109    0.044668    0.110565    0.154914 ^ clkbuf_0_clk/X (sky130_fd_sc_hd__clkbuf_16)
                                                         clknet_0_clk (net)
                      0.044676    0.000575    0.155489 ^ clkbuf_2_1__f_clk/A (sky130_fd_sc_hd__clkbuf_16)
     8    0.026149    0.035376    0.097100    0.252589 ^ clkbuf_2_1__f_clk/X (sky130_fd_sc_hd__clkbuf_16)
                                                         clknet_2_1__leaf_clk (net)
                      0.035407    0.000951    0.253540 ^ _308_/CLK (sky130_fd_sc_hd__dfxtp_2)
                                  0.250000    0.503540   clock uncertainty
                                  0.000000    0.503540   clock reconvergence pessimism
                                 -0.016756    0.486784   library hold time
                                              0.486784   data required time
---------------------------------------------------------------------------------------------
                                              0.486784   data required time
                                             -2.227348   data arrival time
---------------------------------------------------------------------------------------------
                                              1.740564   slack (MET)


Startpoint: a[4] (input port clocked by clk)
Endpoint: _311_ (rising edge-triggered flip-flop clocked by clk)
Path Group: clk
Path Type: min

Fanout         Cap        Slew       Delay        Time   Description
---------------------------------------------------------------------------------------------
                                  0.000000    0.000000   clock clk (rise edge)
                                  0.000000    0.000000   clock network delay (propagated)
                                  2.000000    2.000000 ^ input external delay
     1    0.003371    0.015964    0.008288    2.008288 ^ a[4] (in)
                                                         a[4] (net)
                      0.015964    0.000000    2.008288 ^ input5/A (sky130_fd_sc_hd__clkdlybuf4s25_1)
     1    0.003202    0.034472    0.147909    2.156197 ^ input5/X (sky130_fd_sc_hd__clkdlybuf4s25_1)
                                                         net5 (net)
                      0.034472    0.000044    2.156241 ^ _179_/B (sky130_fd_sc_hd__and2_2)
     1    0.002324    0.023316    0.073712    2.229953 ^ _179_/X (sky130_fd_sc_hd__and2_2)
                                                         _015_ (net)
                      0.023316    0.000022    2.229975 ^ _311_/D (sky130_fd_sc_hd__dfxtp_2)
                                              2.229975   data arrival time

                                  0.000000    0.000000   clock clk (rise edge)
                                  0.000000    0.000000   clock source latency
     1    0.017100    0.062095    0.044349    0.044349 ^ clk (in)
                                                         clk (net)
                      0.062101    0.000000    0.044349 ^ clkbuf_0_clk/A (sky130_fd_sc_hd__clkbuf_16)
     4    0.039109    0.044668    0.110565    0.154914 ^ clkbuf_0_clk/X (sky130_fd_sc_hd__clkbuf_16)
                                                         clknet_0_clk (net)
                      0.044668    0.000294    0.155208 ^ clkbuf_2_2__f_clk/A (sky130_fd_sc_hd__clkbuf_16)
     8    0.028947    0.037352    0.099299    0.254507 ^ clkbuf_2_2__f_clk/X (sky130_fd_sc_hd__clkbuf_16)
                                                         clknet_2_2__leaf_clk (net)
                      0.037359    0.000499    0.255006 ^ _311_/CLK (sky130_fd_sc_hd__dfxtp_2)
                                  0.250000    0.505006   clock uncertainty
                                  0.000000    0.505006   clock reconvergence pessimism
                                 -0.016605    0.488401   library hold time
                                              0.488401   data required time
---------------------------------------------------------------------------------------------
                                              0.488401   data required time
                                             -2.229975   data arrival time
---------------------------------------------------------------------------------------------
                                              1.741574   slack (MET)


Startpoint: b[4] (input port clocked by clk)
Endpoint: _319_ (rising edge-triggered flip-flop clocked by clk)
Path Group: clk
Path Type: min

Fanout         Cap        Slew       Delay        Time   Description
---------------------------------------------------------------------------------------------
                                  0.000000    0.000000   clock clk (rise edge)
                                  0.000000    0.000000   clock network delay (propagated)
                                  2.000000    2.000000 ^ input external delay
     1    0.003447    0.016237    0.008478    2.008478 ^ b[4] (in)
                                                         b[4] (net)
                      0.016237    0.000000    2.008478 ^ input13/A (sky130_fd_sc_hd__clkdlybuf4s25_1)
     1    0.003162    0.034204    0.147774    2.156252 ^ input13/X (sky130_fd_sc_hd__clkdlybuf4s25_1)
                                                         net13 (net)
                      0.034204    0.000041    2.156293 ^ _187_/B (sky130_fd_sc_hd__and2_2)
     1    0.002066    0.022510    0.072806    2.229099 ^ _187_/X (sky130_fd_sc_hd__and2_2)
                                                         _023_ (net)
                      0.022510    0.000017    2.229116 ^ _319_/D (sky130_fd_sc_hd__dfxtp_2)
                                              2.229116   data arrival time

                                  0.000000    0.000000   clock clk (rise edge)
                                  0.000000    0.000000   clock source latency
     1    0.017100    0.062095    0.044349    0.044349 ^ clk (in)
                                                         clk (net)
                      0.062101    0.000000    0.044349 ^ clkbuf_0_clk/A (sky130_fd_sc_hd__clkbuf_16)
     4    0.039109    0.044668    0.110565    0.154914 ^ clkbuf_0_clk/X (sky130_fd_sc_hd__clkbuf_16)
                                                         clknet_0_clk (net)
                      0.044676    0.000571    0.155486 ^ clkbuf_2_0__f_clk/A (sky130_fd_sc_hd__clkbuf_16)
     8    0.026549    0.035662    0.097443    0.252929 ^ clkbuf_2_0__f_clk/X (sky130_fd_sc_hd__clkbuf_16)
                                                         clknet_2_0__leaf_clk (net)
                      0.035669    0.000523    0.253452 ^ _319_/CLK (sky130_fd_sc_hd__dfxtp_2)
                                  0.250000    0.503452   clock uncertainty
                                  0.000000    0.503452   clock reconvergence pessimism
                                 -0.016588    0.486864   library hold time
                                              0.486864   data required time
---------------------------------------------------------------------------------------------
                                              0.486864   data required time
                                             -2.229116   data arrival time
---------------------------------------------------------------------------------------------
                                              1.742252   slack (MET)


Startpoint: b[5] (input port clocked by clk)
Endpoint: _320_ (rising edge-triggered flip-flop clocked by clk)
Path Group: clk
Path Type: min

Fanout         Cap        Slew       Delay        Time   Description
---------------------------------------------------------------------------------------------
                                  0.000000    0.000000   clock clk (rise edge)
                                  0.000000    0.000000   clock network delay (propagated)
                                  2.000000    2.000000 ^ input external delay
     1    0.003445    0.016230    0.008473    2.008473 ^ b[5] (in)
                                                         b[5] (net)
                      0.016230    0.000000    2.008473 ^ input14/A (sky130_fd_sc_hd__clkdlybuf4s25_1)
     1    0.003456    0.036207    0.149286    2.157759 ^ input14/X (sky130_fd_sc_hd__clkdlybuf4s25_1)
                                                         net14 (net)
                      0.036207    0.000055    2.157814 ^ _188_/B (sky130_fd_sc_hd__and2_2)
     1    0.002044    0.022442    0.073213    2.231027 ^ _188_/X (sky130_fd_sc_hd__and2_2)
                                                         _024_ (net)
                      0.022442    0.000016    2.231043 ^ _320_/D (sky130_fd_sc_hd__dfxtp_2)
                                              2.231043   data arrival time

                                  0.000000    0.000000   clock clk (rise edge)
                                  0.000000    0.000000   clock source latency
     1    0.017100    0.062095    0.044349    0.044349 ^ clk (in)
                                                         clk (net)
                      0.062101    0.000000    0.044349 ^ clkbuf_0_clk/A (sky130_fd_sc_hd__clkbuf_16)
     4    0.039109    0.044668    0.110565    0.154914 ^ clkbuf_0_clk/X (sky130_fd_sc_hd__clkbuf_16)
                                                         clknet_0_clk (net)
                      0.044668    0.000294    0.155208 ^ clkbuf_2_2__f_clk/A (sky130_fd_sc_hd__clkbuf_16)
     8    0.028947    0.037352    0.099299    0.254507 ^ clkbuf_2_2__f_clk/X (sky130_fd_sc_hd__clkbuf_16)
                                                         clknet_2_2__leaf_clk (net)
                      0.037358    0.000498    0.255005 ^ _320_/CLK (sky130_fd_sc_hd__dfxtp_2)
                                  0.250000    0.505005   clock uncertainty
                                  0.000000    0.505005   clock reconvergence pessimism
                                 -0.016543    0.488462   library hold time
                                              0.488462   data required time
---------------------------------------------------------------------------------------------
                                              0.488462   data required time
                                             -2.231043   data arrival time
---------------------------------------------------------------------------------------------
                                              1.742582   slack (MET)


Startpoint: b[3] (input port clocked by clk)
Endpoint: _318_ (rising edge-triggered flip-flop clocked by clk)
Path Group: clk
Path Type: min

Fanout         Cap        Slew       Delay        Time   Description
---------------------------------------------------------------------------------------------
                                  0.000000    0.000000   clock clk (rise edge)
                                  0.000000    0.000000   clock network delay (propagated)
                                  2.000000    2.000000 ^ input external delay
     1    0.003445    0.016230    0.008473    2.008473 ^ b[3] (in)
                                                         b[3] (net)
                      0.016230    0.000000    2.008473 ^ input12/A (sky130_fd_sc_hd__clkdlybuf4s25_1)
     1    0.003251    0.034802    0.148229    2.156702 ^ input12/X (sky130_fd_sc_hd__clkdlybuf4s25_1)
                                                         net12 (net)
                      0.034820    0.000046    2.156748 ^ _186_/B (sky130_fd_sc_hd__and2_2)
     1    0.002181    0.022869    0.073328    2.230076 ^ _186_/X (sky130_fd_sc_hd__and2_2)
                                                         _022_ (net)
                      0.022869    0.000019    2.230094 ^ _318_/D (sky130_fd_sc_hd__dfxtp_2)
                                              2.230094   data arrival time

                                  0.000000    0.000000   clock clk (rise edge)
                                  0.000000    0.000000   clock source latency
     1    0.017100    0.062095    0.044349    0.044349 ^ clk (in)
                                                         clk (net)
                      0.062101    0.000000    0.044349 ^ clkbuf_0_clk/A (sky130_fd_sc_hd__clkbuf_16)
     4    0.039109    0.044668    0.110565    0.154914 ^ clkbuf_0_clk/X (sky130_fd_sc_hd__clkbuf_16)
                                                         clknet_0_clk (net)
                      0.044676    0.000571    0.155486 ^ clkbuf_2_0__f_clk/A (sky130_fd_sc_hd__clkbuf_16)
     8    0.026549    0.035662    0.097443    0.252929 ^ clkbuf_2_0__f_clk/X (sky130_fd_sc_hd__clkbuf_16)
                                                         clknet_2_0__leaf_clk (net)
                      0.035668    0.000493    0.253422 ^ _318_/CLK (sky130_fd_sc_hd__dfxtp_2)
                                  0.250000    0.503422   clock uncertainty
                                  0.000000    0.503422   clock reconvergence pessimism
                                 -0.016614    0.486809   library hold time
                                              0.486809   data required time
---------------------------------------------------------------------------------------------
                                              0.486809   data required time
                                             -2.230094   data arrival time
---------------------------------------------------------------------------------------------
                                              1.743286   slack (MET)


Startpoint: b[6] (input port clocked by clk)
Endpoint: _321_ (rising edge-triggered flip-flop clocked by clk)
Path Group: clk
Path Type: min

Fanout         Cap        Slew       Delay        Time   Description
---------------------------------------------------------------------------------------------
                                  0.000000    0.000000   clock clk (rise edge)
                                  0.000000    0.000000   clock network delay (propagated)
                                  2.000000    2.000000 ^ input external delay
     1    0.003645    0.016952    0.008975    2.008975 ^ b[6] (in)
                                                         b[6] (net)
                      0.016952    0.000000    2.008975 ^ input15/A (sky130_fd_sc_hd__clkdlybuf4s25_1)
     1    0.003522    0.036652    0.149812    2.158787 ^ input15/X (sky130_fd_sc_hd__clkdlybuf4s25_1)
                                                         net15 (net)
                      0.036652    0.000055    2.158842 ^ _189_/B (sky130_fd_sc_hd__and2_2)
     1    0.002114    0.022661    0.073549    2.232390 ^ _189_/X (sky130_fd_sc_hd__and2_2)
                                                         _025_ (net)
                      0.022661    0.000018    2.232408 ^ _321_/D (sky130_fd_sc_hd__dfxtp_2)
                                              2.232408   data arrival time

                                  0.000000    0.000000   clock clk (rise edge)
                                  0.000000    0.000000   clock source latency
     1    0.017100    0.062095    0.044349    0.044349 ^ clk (in)
                                                         clk (net)
                      0.062101    0.000000    0.044349 ^ clkbuf_0_clk/A (sky130_fd_sc_hd__clkbuf_16)
     4    0.039109    0.044668    0.110565    0.154914 ^ clkbuf_0_clk/X (sky130_fd_sc_hd__clkbuf_16)
                                                         clknet_0_clk (net)
                      0.044668    0.000294    0.155208 ^ clkbuf_2_2__f_clk/A (sky130_fd_sc_hd__clkbuf_16)
     8    0.028947    0.037352    0.099299    0.254507 ^ clkbuf_2_2__f_clk/X (sky130_fd_sc_hd__clkbuf_16)
                                                         clknet_2_2__leaf_clk (net)
                      0.037355    0.000393    0.254900 ^ _321_/CLK (sky130_fd_sc_hd__dfxtp_2)
                                  0.250000    0.504900   clock uncertainty
                                  0.000000    0.504900   clock reconvergence pessimism
                                 -0.016559    0.488341   library hold time
                                              0.488341   data required time
---------------------------------------------------------------------------------------------
                                              0.488341   data required time
                                             -2.232408   data arrival time
---------------------------------------------------------------------------------------------
                                              1.744067   slack (MET)


Startpoint: b[7] (input port clocked by clk)
Endpoint: _322_ (rising edge-triggered flip-flop clocked by clk)
Path Group: clk
Path Type: min

Fanout         Cap        Slew       Delay        Time   Description
---------------------------------------------------------------------------------------------
                                  0.000000    0.000000   clock clk (rise edge)
                                  0.000000    0.000000   clock network delay (propagated)
                                  2.000000    2.000000 ^ input external delay
     1    0.003685    0.017097    0.009074    2.009074 ^ b[7] (in)
                                                         b[7] (net)
                      0.017097    0.000000    2.009074 ^ input16/A (sky130_fd_sc_hd__clkdlybuf4s25_1)
     1    0.003600    0.037180    0.150250    2.159324 ^ input16/X (sky130_fd_sc_hd__clkdlybuf4s25_1)
                                                         net16 (net)
                      0.037180    0.000057    2.159380 ^ _190_/B (sky130_fd_sc_hd__and2_2)
     1    0.002117    0.022670    0.073684    2.233064 ^ _190_/X (sky130_fd_sc_hd__and2_2)
                                                         _026_ (net)
                      0.022670    0.000018    2.233083 ^ _322_/D (sky130_fd_sc_hd__dfxtp_2)
                                              2.233083   data arrival time

                                  0.000000    0.000000   clock clk (rise edge)
                                  0.000000    0.000000   clock source latency
     1    0.017100    0.062095    0.044349    0.044349 ^ clk (in)
                                                         clk (net)
                      0.062101    0.000000    0.044349 ^ clkbuf_0_clk/A (sky130_fd_sc_hd__clkbuf_16)
     4    0.039109    0.044668    0.110565    0.154914 ^ clkbuf_0_clk/X (sky130_fd_sc_hd__clkbuf_16)
                                                         clknet_0_clk (net)
                      0.044668    0.000294    0.155208 ^ clkbuf_2_2__f_clk/A (sky130_fd_sc_hd__clkbuf_16)
     8    0.028947    0.037352    0.099299    0.254507 ^ clkbuf_2_2__f_clk/X (sky130_fd_sc_hd__clkbuf_16)
                                                         clknet_2_2__leaf_clk (net)
                      0.037352    0.000213    0.254721 ^ _322_/CLK (sky130_fd_sc_hd__dfxtp_2)
                                  0.250000    0.504721   clock uncertainty
                                  0.000000    0.504721   clock reconvergence pessimism
                                 -0.016559    0.488161   library hold time
                                              0.488161   data required time
---------------------------------------------------------------------------------------------
                                              0.488161   data required time
                                             -2.233083   data arrival time
---------------------------------------------------------------------------------------------
                                              1.744922   slack (MET)


Startpoint: a[7] (input port clocked by clk)
Endpoint: _314_ (rising edge-triggered flip-flop clocked by clk)
Path Group: clk
Path Type: min

Fanout         Cap        Slew       Delay        Time   Description
---------------------------------------------------------------------------------------------
                                  0.000000    0.000000   clock clk (rise edge)
                                  0.000000    0.000000   clock network delay (propagated)
                                  2.000000    2.000000 ^ input external delay
     1    0.003729    0.017254    0.009182    2.009182 ^ a[7] (in)
                                                         a[7] (net)
                      0.017255    0.000000    2.009182 ^ input8/A (sky130_fd_sc_hd__clkdlybuf4s25_1)
     1    0.003206    0.034504    0.148262    2.157444 ^ input8/X (sky130_fd_sc_hd__clkdlybuf4s25_1)
                                                         net8 (net)
                      0.034504    0.000045    2.157489 ^ _182_/B (sky130_fd_sc_hd__and2_2)
     1    0.002141    0.022746    0.073125    2.230614 ^ _182_/X (sky130_fd_sc_hd__and2_2)
                                                         _018_ (net)
                      0.022746    0.000010    2.230625 ^ _314_/D (sky130_fd_sc_hd__dfxtp_2)
                                              2.230625   data arrival time

                                  0.000000    0.000000   clock clk (rise edge)
                                  0.000000    0.000000   clock source latency
     1    0.017100    0.062095    0.044349    0.044349 ^ clk (in)
                                                         clk (net)
                      0.062101    0.000000    0.044349 ^ clkbuf_0_clk/A (sky130_fd_sc_hd__clkbuf_16)
     4    0.039109    0.044668    0.110565    0.154914 ^ clkbuf_0_clk/X (sky130_fd_sc_hd__clkbuf_16)
                                                         clknet_0_clk (net)
                      0.044668    0.000296    0.155210 ^ clkbuf_2_3__f_clk/A (sky130_fd_sc_hd__clkbuf_16)
     8    0.024704    0.034361    0.096157    0.251367 ^ clkbuf_2_3__f_clk/X (sky130_fd_sc_hd__clkbuf_16)
                                                         clknet_2_3__leaf_clk (net)
                      0.034377    0.000682    0.252049 ^ _314_/CLK (sky130_fd_sc_hd__dfxtp_2)
                                  0.250000    0.502049   clock uncertainty
                                  0.000000    0.502049   clock reconvergence pessimism
                                 -0.016636    0.485414   library hold time
                                              0.485414   data required time
---------------------------------------------------------------------------------------------
                                              0.485414   data required time
                                             -2.230625   data arrival time
---------------------------------------------------------------------------------------------
                                              1.745211   slack (MET)


Startpoint: a[3] (input port clocked by clk)
Endpoint: _310_ (rising edge-triggered flip-flop clocked by clk)
Path Group: clk
Path Type: min

Fanout         Cap        Slew       Delay        Time   Description
---------------------------------------------------------------------------------------------
                                  0.000000    0.000000   clock clk (rise edge)
                                  0.000000    0.000000   clock network delay (propagated)
                                  2.000000    2.000000 ^ input external delay
     1    0.003450    0.016249    0.008486    2.008486 ^ a[3] (in)
                                                         a[3] (net)
                      0.016249    0.000000    2.008486 ^ input4/A (sky130_fd_sc_hd__clkdlybuf4s25_1)
     1    0.003944    0.039562    0.151747    2.160233 ^ input4/X (sky130_fd_sc_hd__clkdlybuf4s25_1)
                                                         net4 (net)
                      0.039562    0.000067    2.160300 ^ _178_/B (sky130_fd_sc_hd__and2_2)
     1    0.002272    0.023155    0.074760    2.235059 ^ _178_/X (sky130_fd_sc_hd__and2_2)
                                                         _014_ (net)
                      0.023155    0.000022    2.235081 ^ _310_/D (sky130_fd_sc_hd__dfxtp_2)
                                              2.235081   data arrival time

                                  0.000000    0.000000   clock clk (rise edge)
                                  0.000000    0.000000   clock source latency
     1    0.017100    0.062095    0.044349    0.044349 ^ clk (in)
                                                         clk (net)
                      0.062101    0.000000    0.044349 ^ clkbuf_0_clk/A (sky130_fd_sc_hd__clkbuf_16)
     4    0.039109    0.044668    0.110565    0.154914 ^ clkbuf_0_clk/X (sky130_fd_sc_hd__clkbuf_16)
                                                         clknet_0_clk (net)
                      0.044676    0.000571    0.155486 ^ clkbuf_2_0__f_clk/A (sky130_fd_sc_hd__clkbuf_16)
     8    0.026549    0.035662    0.097443    0.252929 ^ clkbuf_2_0__f_clk/X (sky130_fd_sc_hd__clkbuf_16)
                                                         clknet_2_0__leaf_clk (net)
                      0.035666    0.000435    0.253364 ^ _310_/CLK (sky130_fd_sc_hd__dfxtp_2)
                                  0.250000    0.503364   clock uncertainty
                                  0.000000    0.503364   clock reconvergence pessimism
                                 -0.016634    0.486730   library hold time
                                              0.486730   data required time
---------------------------------------------------------------------------------------------
                                              0.486730   data required time
                                             -2.235081   data arrival time
---------------------------------------------------------------------------------------------
                                              1.748351   slack (MET)


Startpoint: _305_ (rising edge-triggered flip-flop clocked by clk)
Endpoint: zero (output port clocked by clk)
Path Group: clk
Path Type: min

Fanout         Cap        Slew       Delay        Time   Description
---------------------------------------------------------------------------------------------
                                  0.000000    0.000000   clock clk (rise edge)
                                  0.000000    0.000000   clock source latency
     1    0.017100    0.062095    0.040126    0.040126 ^ clk (in)
                                                         clk (net)
                      0.062101    0.000000    0.040126 ^ clkbuf_0_clk/A (sky130_fd_sc_hd__clkbuf_16)
     4    0.039109    0.044668    0.100035    0.140160 ^ clkbuf_0_clk/X (sky130_fd_sc_hd__clkbuf_16)
                                                         clknet_0_clk (net)
                      0.044668    0.000268    0.140428 ^ clkbuf_2_3__f_clk/A (sky130_fd_sc_hd__clkbuf_16)
     8    0.024704    0.034361    0.086999    0.227428 ^ clkbuf_2_3__f_clk/X (sky130_fd_sc_hd__clkbuf_16)
                                                         clknet_2_3__leaf_clk (net)
                      0.034365    0.000381    0.227809 ^ _305_/CLK (sky130_fd_sc_hd__dfxtp_2)
     1    0.002645    0.016601    0.181460    0.409269 v _305_/Q (sky130_fd_sc_hd__dfxtp_2)
                                                         net32 (net)
                      0.016601    0.000024    0.409293 v output32/A (sky130_fd_sc_hd__clkdlybuf4s25_1)
     1    0.034822    0.178071    0.259505    0.668798 v output32/X (sky130_fd_sc_hd__clkdlybuf4s25_1)
                                                         zero (net)
                      0.178071    0.000255    0.669054 v zero (out)
                                              0.669054   data arrival time

                                  0.000000    0.000000   clock clk (rise edge)
                                  0.000000    0.000000   clock network delay (propagated)
                                  0.250000    0.250000   clock uncertainty
                                  0.000000    0.250000   clock reconvergence pessimism
                                 -2.000000   -1.750000   output external delay
                                             -1.750000   data required time
---------------------------------------------------------------------------------------------
                                             -1.750000   data required time
                                             -0.669054   data arrival time
---------------------------------------------------------------------------------------------
                                              2.419054   slack (MET)


Startpoint: _301_ (rising edge-triggered flip-flop clocked by clk)
Endpoint: y[4] (output port clocked by clk)
Path Group: clk
Path Type: min

Fanout         Cap        Slew       Delay        Time   Description
---------------------------------------------------------------------------------------------
                                  0.000000    0.000000   clock clk (rise edge)
                                  0.000000    0.000000   clock source latency
     1    0.017100    0.062095    0.040126    0.040126 ^ clk (in)
                                                         clk (net)
                      0.062101    0.000000    0.040126 ^ clkbuf_0_clk/A (sky130_fd_sc_hd__clkbuf_16)
     4    0.039109    0.044668    0.100035    0.140160 ^ clkbuf_0_clk/X (sky130_fd_sc_hd__clkbuf_16)
                                                         clknet_0_clk (net)
                      0.044668    0.000268    0.140428 ^ clkbuf_2_3__f_clk/A (sky130_fd_sc_hd__clkbuf_16)
     8    0.024704    0.034361    0.086999    0.227428 ^ clkbuf_2_3__f_clk/X (sky130_fd_sc_hd__clkbuf_16)
                                                         clknet_2_3__leaf_clk (net)
                      0.034381    0.000676    0.228104 ^ _301_/CLK (sky130_fd_sc_hd__dfxtp_2)
     1    0.002606    0.016555    0.181369    0.409473 v _301_/Q (sky130_fd_sc_hd__dfxtp_2)
                                                         net28 (net)
                      0.016555    0.000024    0.409497 v output28/A (sky130_fd_sc_hd__clkdlybuf4s25_1)
     1    0.034903    0.178553    0.259581    0.669078 v output28/X (sky130_fd_sc_hd__clkdlybuf4s25_1)
                                                         y[4] (net)
                      0.178553    0.000491    0.669569 v y[4] (out)
                                              0.669569   data arrival time

                                  0.000000    0.000000   clock clk (rise edge)
                                  0.000000    0.000000   clock network delay (propagated)
                                  0.250000    0.250000   clock uncertainty
                                  0.000000    0.250000   clock reconvergence pessimism
                                 -2.000000   -1.750000   output external delay
                                             -1.750000   data required time
---------------------------------------------------------------------------------------------
                                             -1.750000   data required time
                                             -0.669569   data arrival time
---------------------------------------------------------------------------------------------
                                              2.419569   slack (MET)


Startpoint: _303_ (rising edge-triggered flip-flop clocked by clk)
Endpoint: y[6] (output port clocked by clk)
Path Group: clk
Path Type: min

Fanout         Cap        Slew       Delay        Time   Description
---------------------------------------------------------------------------------------------
                                  0.000000    0.000000   clock clk (rise edge)
                                  0.000000    0.000000   clock source latency
     1    0.017100    0.062095    0.040126    0.040126 ^ clk (in)
                                                         clk (net)
                      0.062101    0.000000    0.040126 ^ clkbuf_0_clk/A (sky130_fd_sc_hd__clkbuf_16)
     4    0.039109    0.044668    0.100035    0.140160 ^ clkbuf_0_clk/X (sky130_fd_sc_hd__clkbuf_16)
                                                         clknet_0_clk (net)
                      0.044668    0.000268    0.140428 ^ clkbuf_2_3__f_clk/A (sky130_fd_sc_hd__clkbuf_16)
     8    0.024704    0.034361    0.086999    0.227428 ^ clkbuf_2_3__f_clk/X (sky130_fd_sc_hd__clkbuf_16)
                                                         clknet_2_3__leaf_clk (net)
                      0.034364    0.000351    0.227779 ^ _303_/CLK (sky130_fd_sc_hd__dfxtp_2)
     1    0.003215    0.017349    0.182844    0.410623 v _303_/Q (sky130_fd_sc_hd__dfxtp_2)
                                                         net30 (net)
                      0.017349    0.000039    0.410663 v output30/A (sky130_fd_sc_hd__clkdlybuf4s25_1)
     1    0.034981    0.178879    0.260211    0.670873 v output30/X (sky130_fd_sc_hd__clkdlybuf4s25_1)
                                                         y[6] (net)
                      0.178879    0.000391    0.671265 v y[6] (out)
                                              0.671265   data arrival time

                                  0.000000    0.000000   clock clk (rise edge)
                                  0.000000    0.000000   clock network delay (propagated)
                                  0.250000    0.250000   clock uncertainty
                                  0.000000    0.250000   clock reconvergence pessimism
                                 -2.000000   -1.750000   output external delay
                                             -1.750000   data required time
---------------------------------------------------------------------------------------------
                                             -1.750000   data required time
                                             -0.671265   data arrival time
---------------------------------------------------------------------------------------------
                                              2.421265   slack (MET)


Startpoint: _300_ (rising edge-triggered flip-flop clocked by clk)
Endpoint: y[3] (output port clocked by clk)
Path Group: clk
Path Type: min

Fanout         Cap        Slew       Delay        Time   Description
---------------------------------------------------------------------------------------------
                                  0.000000    0.000000   clock clk (rise edge)
                                  0.000000    0.000000   clock source latency
     1    0.017100    0.062095    0.040126    0.040126 ^ clk (in)
                                                         clk (net)
                      0.062101    0.000000    0.040126 ^ clkbuf_0_clk/A (sky130_fd_sc_hd__clkbuf_16)
     4    0.039109    0.044668    0.100035    0.140160 ^ clkbuf_0_clk/X (sky130_fd_sc_hd__clkbuf_16)
                                                         clknet_0_clk (net)
                      0.044668    0.000268    0.140428 ^ clkbuf_2_3__f_clk/A (sky130_fd_sc_hd__clkbuf_16)
     8    0.024704    0.034361    0.086999    0.227428 ^ clkbuf_2_3__f_clk/X (sky130_fd_sc_hd__clkbuf_16)
                                                         clknet_2_3__leaf_clk (net)
                      0.034382    0.000684    0.228112 ^ _300_/CLK (sky130_fd_sc_hd__dfxtp_2)
     1    0.002738    0.016714    0.181691    0.409803 v _300_/Q (sky130_fd_sc_hd__dfxtp_2)
                                                         net27 (net)
                      0.016714    0.000027    0.409830 v output27/A (sky130_fd_sc_hd__clkdlybuf4s25_1)
     1    0.035432    0.181155    0.261400    0.671230 v output27/X (sky130_fd_sc_hd__clkdlybuf4s25_1)
                                                         y[3] (net)
                      0.181156    0.000589    0.671818 v y[3] (out)
                                              0.671818   data arrival time

                                  0.000000    0.000000   clock clk (rise edge)
                                  0.000000    0.000000   clock network delay (propagated)
                                  0.250000    0.250000   clock uncertainty
                                  0.000000    0.250000   clock reconvergence pessimism
                                 -2.000000   -1.750000   output external delay
                                             -1.750000   data required time
---------------------------------------------------------------------------------------------
                                             -1.750000   data required time
                                             -0.671818   data arrival time
---------------------------------------------------------------------------------------------
                                              2.421818   slack (MET)


Startpoint: _299_ (rising edge-triggered flip-flop clocked by clk)
Endpoint: y[2] (output port clocked by clk)
Path Group: clk
Path Type: min

Fanout         Cap        Slew       Delay        Time   Description
---------------------------------------------------------------------------------------------
                                  0.000000    0.000000   clock clk (rise edge)
                                  0.000000    0.000000   clock source latency
     1    0.017100    0.062095    0.040126    0.040126 ^ clk (in)
                                                         clk (net)
                      0.062101    0.000000    0.040126 ^ clkbuf_0_clk/A (sky130_fd_sc_hd__clkbuf_16)
     4    0.039109    0.044668    0.100035    0.140160 ^ clkbuf_0_clk/X (sky130_fd_sc_hd__clkbuf_16)
                                                         clknet_0_clk (net)
                      0.044676    0.000520    0.140680 ^ clkbuf_2_1__f_clk/A (sky130_fd_sc_hd__clkbuf_16)
     8    0.026149    0.035376    0.087853    0.228533 ^ clkbuf_2_1__f_clk/X (sky130_fd_sc_hd__clkbuf_16)
                                                         clknet_2_1__leaf_clk (net)
                      0.035383    0.000504    0.229037 ^ _299_/CLK (sky130_fd_sc_hd__dfxtp_2)
     1    0.002819    0.016814    0.182176    0.411213 v _299_/Q (sky130_fd_sc_hd__dfxtp_2)
                                                         net26 (net)
                      0.016814    0.000030    0.411244 v output26/A (sky130_fd_sc_hd__clkdlybuf4s25_1)
     1    0.035028    0.179160    0.260090    0.671333 v output26/X (sky130_fd_sc_hd__clkdlybuf4s25_1)
                                                         y[2] (net)
                      0.179160    0.000515    0.671848 v y[2] (out)
                                              0.671848   data arrival time

                                  0.000000    0.000000   clock clk (rise edge)
                                  0.000000    0.000000   clock network delay (propagated)
                                  0.250000    0.250000   clock uncertainty
                                  0.000000    0.250000   clock reconvergence pessimism
                                 -2.000000   -1.750000   output external delay
                                             -1.750000   data required time
---------------------------------------------------------------------------------------------
                                             -1.750000   data required time
                                             -0.671848   data arrival time
---------------------------------------------------------------------------------------------
                                              2.421848   slack (MET)


Startpoint: _296_ (rising edge-triggered flip-flop clocked by clk)
Endpoint: overflow (output port clocked by clk)
Path Group: clk
Path Type: min

Fanout         Cap        Slew       Delay        Time   Description
---------------------------------------------------------------------------------------------
                                  0.000000    0.000000   clock clk (rise edge)
                                  0.000000    0.000000   clock source latency
     1    0.017100    0.062095    0.040126    0.040126 ^ clk (in)
                                                         clk (net)
                      0.062101    0.000000    0.040126 ^ clkbuf_0_clk/A (sky130_fd_sc_hd__clkbuf_16)
     4    0.039109    0.044668    0.100035    0.140160 ^ clkbuf_0_clk/X (sky130_fd_sc_hd__clkbuf_16)
                                                         clknet_0_clk (net)
                      0.044668    0.000266    0.140427 ^ clkbuf_2_2__f_clk/A (sky130_fd_sc_hd__clkbuf_16)
     8    0.028947    0.037352    0.089842    0.230269 ^ clkbuf_2_2__f_clk/X (sky130_fd_sc_hd__clkbuf_16)
                                                         clknet_2_2__leaf_clk (net)
                      0.037352    0.000097    0.230366 ^ _296_/CLK (sky130_fd_sc_hd__dfxtp_2)
     1    0.002658    0.016616    0.182350    0.412716 v _296_/Q (sky130_fd_sc_hd__dfxtp_2)
                                                         net23 (net)
                      0.016616    0.000025    0.412741 v output23/A (sky130_fd_sc_hd__clkdlybuf4s25_1)
     1    0.034640    0.177165    0.258918    0.671659 v output23/X (sky130_fd_sc_hd__clkdlybuf4s25_1)
                                                         overflow (net)
                      0.177165    0.000204    0.671863 v overflow (out)
                                              0.671863   data arrival time

                                  0.000000    0.000000   clock clk (rise edge)
                                  0.000000    0.000000   clock network delay (propagated)
                                  0.250000    0.250000   clock uncertainty
                                  0.000000    0.250000   clock reconvergence pessimism
                                 -2.000000   -1.750000   output external delay
                                             -1.750000   data required time
---------------------------------------------------------------------------------------------
                                             -1.750000   data required time
                                             -0.671863   data arrival time
---------------------------------------------------------------------------------------------
                                              2.421864   slack (MET)


Startpoint: _298_ (rising edge-triggered flip-flop clocked by clk)
Endpoint: y[1] (output port clocked by clk)
Path Group: clk
Path Type: min

Fanout         Cap        Slew       Delay        Time   Description
---------------------------------------------------------------------------------------------
                                  0.000000    0.000000   clock clk (rise edge)
                                  0.000000    0.000000   clock source latency
     1    0.017100    0.062095    0.040126    0.040126 ^ clk (in)
                                                         clk (net)
                      0.062101    0.000000    0.040126 ^ clkbuf_0_clk/A (sky130_fd_sc_hd__clkbuf_16)
     4    0.039109    0.044668    0.100035    0.140160 ^ clkbuf_0_clk/X (sky130_fd_sc_hd__clkbuf_16)
                                                         clknet_0_clk (net)
                      0.044676    0.000520    0.140680 ^ clkbuf_2_1__f_clk/A (sky130_fd_sc_hd__clkbuf_16)
     8    0.026149    0.035376    0.087853    0.228533 ^ clkbuf_2_1__f_clk/X (sky130_fd_sc_hd__clkbuf_16)
                                                         clknet_2_1__leaf_clk (net)
                      0.035386    0.000552    0.229085 ^ _298_/CLK (sky130_fd_sc_hd__dfxtp_2)
     1    0.002819    0.016814    0.182177    0.411262 v _298_/Q (sky130_fd_sc_hd__dfxtp_2)
                                                         net25 (net)
                      0.016814    0.000030    0.411292 v output25/A (sky130_fd_sc_hd__clkdlybuf4s25_1)
     1    0.035028    0.179160    0.260090    0.671382 v output25/X (sky130_fd_sc_hd__clkdlybuf4s25_1)
                                                         y[1] (net)
                      0.179160    0.000515    0.671897 v y[1] (out)
                                              0.671897   data arrival time

                                  0.000000    0.000000   clock clk (rise edge)
                                  0.000000    0.000000   clock network delay (propagated)
                                  0.250000    0.250000   clock uncertainty
                                  0.000000    0.250000   clock reconvergence pessimism
                                 -2.000000   -1.750000   output external delay
                                             -1.750000   data required time
---------------------------------------------------------------------------------------------
                                             -1.750000   data required time
                                             -0.671897   data arrival time
---------------------------------------------------------------------------------------------
                                              2.421897   slack (MET)


Startpoint: _304_ (rising edge-triggered flip-flop clocked by clk)
Endpoint: carry (output port clocked by clk)
Path Group: clk
Path Type: min

Fanout         Cap        Slew       Delay        Time   Description
---------------------------------------------------------------------------------------------
                                  0.000000    0.000000   clock clk (rise edge)
                                  0.000000    0.000000   clock source latency
     1    0.017100    0.062095    0.040126    0.040126 ^ clk (in)
                                                         clk (net)
                      0.062101    0.000000    0.040126 ^ clkbuf_0_clk/A (sky130_fd_sc_hd__clkbuf_16)
     4    0.039109    0.044668    0.100035    0.140160 ^ clkbuf_0_clk/X (sky130_fd_sc_hd__clkbuf_16)
                                                         clknet_0_clk (net)
                      0.044668    0.000266    0.140427 ^ clkbuf_2_2__f_clk/A (sky130_fd_sc_hd__clkbuf_16)
     8    0.028947    0.037352    0.089842    0.230269 ^ clkbuf_2_2__f_clk/X (sky130_fd_sc_hd__clkbuf_16)
                                                         clknet_2_2__leaf_clk (net)
                      0.037352    0.000123    0.230392 ^ _304_/CLK (sky130_fd_sc_hd__dfxtp_2)
     1    0.002674    0.016635    0.182389    0.412780 v _304_/Q (sky130_fd_sc_hd__dfxtp_2)
                                                         net21 (net)
                      0.016635    0.000026    0.412806 v output21/A (sky130_fd_sc_hd__clkdlybuf4s25_1)
     1    0.034670    0.177315    0.259014    0.671820 v output21/X (sky130_fd_sc_hd__clkdlybuf4s25_1)
                                                         carry (net)
                      0.177315    0.000221    0.672041 v carry (out)
                                              0.672041   data arrival time

                                  0.000000    0.000000   clock clk (rise edge)
                                  0.000000    0.000000   clock network delay (propagated)
                                  0.250000    0.250000   clock uncertainty
                                  0.000000    0.250000   clock reconvergence pessimism
                                 -2.000000   -1.750000   output external delay
                                             -1.750000   data required time
---------------------------------------------------------------------------------------------
                                             -1.750000   data required time
                                             -0.672041   data arrival time
---------------------------------------------------------------------------------------------
                                              2.422041   slack (MET)


Startpoint: _302_ (rising edge-triggered flip-flop clocked by clk)
Endpoint: y[5] (output port clocked by clk)
Path Group: clk
Path Type: min

Fanout         Cap        Slew       Delay        Time   Description
---------------------------------------------------------------------------------------------
                                  0.000000    0.000000   clock clk (rise edge)
                                  0.000000    0.000000   clock source latency
     1    0.017100    0.062095    0.040126    0.040126 ^ clk (in)
                                                         clk (net)
                      0.062101    0.000000    0.040126 ^ clkbuf_0_clk/A (sky130_fd_sc_hd__clkbuf_16)
     4    0.039109    0.044668    0.100035    0.140160 ^ clkbuf_0_clk/X (sky130_fd_sc_hd__clkbuf_16)
                                                         clknet_0_clk (net)
                      0.044668    0.000268    0.140428 ^ clkbuf_2_3__f_clk/A (sky130_fd_sc_hd__clkbuf_16)
     8    0.024704    0.034361    0.086999    0.227428 ^ clkbuf_2_3__f_clk/X (sky130_fd_sc_hd__clkbuf_16)
                                                         clknet_2_3__leaf_clk (net)
                      0.034370    0.000495    0.227923 ^ _302_/CLK (sky130_fd_sc_hd__dfxtp_2)
     1    0.003348    0.017543    0.183170    0.411093 v _302_/Q (sky130_fd_sc_hd__dfxtp_2)
                                                         net29 (net)
                      0.017543    0.000039    0.411132 v output29/A (sky130_fd_sc_hd__clkdlybuf4s25_1)
     1    0.035109    0.179458    0.260804    0.671936 v output29/X (sky130_fd_sc_hd__clkdlybuf4s25_1)
                                                         y[5] (net)
                      0.179458    0.000290    0.672226 v y[5] (out)
                                              0.672226   data arrival time

                                  0.000000    0.000000   clock clk (rise edge)
                                  0.000000    0.000000   clock network delay (propagated)
                                  0.250000    0.250000   clock uncertainty
                                  0.000000    0.250000   clock reconvergence pessimism
                                 -2.000000   -1.750000   output external delay
                                             -1.750000   data required time
---------------------------------------------------------------------------------------------
                                             -1.750000   data required time
                                             -0.672226   data arrival time
---------------------------------------------------------------------------------------------
                                              2.422226   slack (MET)


Startpoint: _297_ (rising edge-triggered flip-flop clocked by clk)
Endpoint: y[0] (output port clocked by clk)
Path Group: clk
Path Type: min

Fanout         Cap        Slew       Delay        Time   Description
---------------------------------------------------------------------------------------------
                                  0.000000    0.000000   clock clk (rise edge)
                                  0.000000    0.000000   clock source latency
     1    0.017100    0.062095    0.040126    0.040126 ^ clk (in)
                                                         clk (net)
                      0.062101    0.000000    0.040126 ^ clkbuf_0_clk/A (sky130_fd_sc_hd__clkbuf_16)
     4    0.039109    0.044668    0.100035    0.140160 ^ clkbuf_0_clk/X (sky130_fd_sc_hd__clkbuf_16)
                                                         clknet_0_clk (net)
                      0.044676    0.000520    0.140680 ^ clkbuf_2_1__f_clk/A (sky130_fd_sc_hd__clkbuf_16)
     8    0.026149    0.035376    0.087853    0.228533 ^ clkbuf_2_1__f_clk/X (sky130_fd_sc_hd__clkbuf_16)
                                                         clknet_2_1__leaf_clk (net)
                      0.035382    0.000482    0.229015 ^ _297_/CLK (sky130_fd_sc_hd__dfxtp_2)
     1    0.003259    0.017412    0.183244    0.412259 v _297_/Q (sky130_fd_sc_hd__dfxtp_2)
                                                         net24 (net)
                      0.017412    0.000040    0.412299 v output24/A (sky130_fd_sc_hd__clkdlybuf4s25_1)
     1    0.035000    0.179010    0.260211    0.672510 v output24/X (sky130_fd_sc_hd__clkdlybuf4s25_1)
                                                         y[0] (net)
                      0.179010    0.000504    0.673014 v y[0] (out)
                                              0.673014   data arrival time

                                  0.000000    0.000000   clock clk (rise edge)
                                  0.000000    0.000000   clock network delay (propagated)
                                  0.250000    0.250000   clock uncertainty
                                  0.000000    0.250000   clock reconvergence pessimism
                                 -2.000000   -1.750000   output external delay
                                             -1.750000   data required time
---------------------------------------------------------------------------------------------
                                             -1.750000   data required time
                                             -0.673014   data arrival time
---------------------------------------------------------------------------------------------
                                              2.423014   slack (MET)


Startpoint: _306_ (rising edge-triggered flip-flop clocked by clk)
Endpoint: negative (output port clocked by clk)
Path Group: clk
Path Type: min

Fanout         Cap        Slew       Delay        Time   Description
---------------------------------------------------------------------------------------------
                                  0.000000    0.000000   clock clk (rise edge)
                                  0.000000    0.000000   clock source latency
     1    0.017100    0.062095    0.040126    0.040126 ^ clk (in)
                                                         clk (net)
                      0.062101    0.000000    0.040126 ^ clkbuf_0_clk/A (sky130_fd_sc_hd__clkbuf_16)
     4    0.039109    0.044668    0.100035    0.140160 ^ clkbuf_0_clk/X (sky130_fd_sc_hd__clkbuf_16)
                                                         clknet_0_clk (net)
                      0.044668    0.000268    0.140428 ^ clkbuf_2_3__f_clk/A (sky130_fd_sc_hd__clkbuf_16)
     8    0.024704    0.034361    0.086999    0.227428 ^ clkbuf_2_3__f_clk/X (sky130_fd_sc_hd__clkbuf_16)
                                                         clknet_2_3__leaf_clk (net)
                      0.034362    0.000283    0.227711 ^ _306_/CLK (sky130_fd_sc_hd__dfxtp_2)
     2    0.004759    0.020258    0.186526    0.414237 v _306_/Q (sky130_fd_sc_hd__dfxtp_2)
                                                         net22 (net)
                      0.020258    0.000032    0.414269 v output22/A (sky130_fd_sc_hd__clkdlybuf4s25_1)
     1    0.034916    0.178442    0.261141    0.675409 v output22/X (sky130_fd_sc_hd__clkdlybuf4s25_1)
                                                         negative (net)
                      0.178442    0.000224    0.675633 v negative (out)
                                              0.675633   data arrival time

                                  0.000000    0.000000   clock clk (rise edge)
                                  0.000000    0.000000   clock network delay (propagated)
                                  0.250000    0.250000   clock uncertainty
                                  0.000000    0.250000   clock reconvergence pessimism
                                 -2.000000   -1.750000   output external delay
                                             -1.750000   data required time
---------------------------------------------------------------------------------------------
                                             -1.750000   data required time
                                             -0.675633   data arrival time
---------------------------------------------------------------------------------------------
                                              2.425633   slack (MET)


Startpoint: _306_ (rising edge-triggered flip-flop clocked by clk)
Endpoint: y[7] (output port clocked by clk)
Path Group: clk
Path Type: min

Fanout         Cap        Slew       Delay        Time   Description
---------------------------------------------------------------------------------------------
                                  0.000000    0.000000   clock clk (rise edge)
                                  0.000000    0.000000   clock source latency
     1    0.017100    0.062095    0.040126    0.040126 ^ clk (in)
                                                         clk (net)
                      0.062101    0.000000    0.040126 ^ clkbuf_0_clk/A (sky130_fd_sc_hd__clkbuf_16)
     4    0.039109    0.044668    0.100035    0.140160 ^ clkbuf_0_clk/X (sky130_fd_sc_hd__clkbuf_16)
                                                         clknet_0_clk (net)
                      0.044668    0.000268    0.140428 ^ clkbuf_2_3__f_clk/A (sky130_fd_sc_hd__clkbuf_16)
     8    0.024704    0.034361    0.086999    0.227428 ^ clkbuf_2_3__f_clk/X (sky130_fd_sc_hd__clkbuf_16)
                                                         clknet_2_3__leaf_clk (net)
                      0.034362    0.000283    0.227711 ^ _306_/CLK (sky130_fd_sc_hd__dfxtp_2)
     2    0.004759    0.020258    0.186526    0.414237 v _306_/Q (sky130_fd_sc_hd__dfxtp_2)
                                                         net22 (net)
                      0.020258    0.000029    0.414266 v _326_/A (sky130_fd_sc_hd__buf_2)
     1    0.002745    0.016832    0.063509    0.477775 v _326_/X (sky130_fd_sc_hd__buf_2)
                                                         net31 (net)
                      0.016832    0.000027    0.477802 v output31/A (sky130_fd_sc_hd__clkdlybuf4s25_1)
     1    0.035512    0.181409    0.262012    0.739815 v output31/X (sky130_fd_sc_hd__clkdlybuf4s25_1)
                                                         y[7] (net)
                      0.181409    0.000221    0.740035 v y[7] (out)
                                              0.740035   data arrival time

                                  0.000000    0.000000   clock clk (rise edge)
                                  0.000000    0.000000   clock network delay (propagated)
                                  0.250000    0.250000   clock uncertainty
                                  0.000000    0.250000   clock reconvergence pessimism
                                 -2.000000   -1.750000   output external delay
                                             -1.750000   data required time
---------------------------------------------------------------------------------------------
                                             -1.750000   data required time
                                             -0.740035   data arrival time
---------------------------------------------------------------------------------------------
                                              2.490035   slack (MET)



