
===========================================================================
report_checks -path_delay min (Hold)
============================================================================
======================= min_ff_n40C_1v95 Corner ===================================

Startpoint: _310_ (rising edge-triggered flip-flop clocked by clk)
Endpoint: _299_ (rising edge-triggered flip-flop clocked by clk)
Path Group: clk
Path Type: min

Fanout         Cap        Slew       Delay        Time   Description
---------------------------------------------------------------------------------------------
                                  0.000000    0.000000   clock clk (rise edge)
                                  0.000000    0.000000   clock source latency
     1    0.016644    0.060602    0.039219    0.039219 ^ clk (in)
                                                         clk (net)
                      0.060615    0.000000    0.039219 ^ clkbuf_0_clk/A (sky130_fd_sc_hd__clkbuf_16)
     4    0.038550    0.044273    0.099391    0.138609 ^ clkbuf_0_clk/X (sky130_fd_sc_hd__clkbuf_16)
                                                         clknet_0_clk (net)
                      0.044276    0.000349    0.138959 ^ clkbuf_2_0__f_clk/A (sky130_fd_sc_hd__clkbuf_16)
     8    0.029746    0.037930    0.090173    0.229132 ^ clkbuf_2_0__f_clk/X (sky130_fd_sc_hd__clkbuf_16)
                                                         clknet_2_0__leaf_clk (net)
                      0.037934    0.000398    0.229530 ^ _310_/CLK (sky130_fd_sc_hd__dfxtp_2)
     5    0.025761    0.101841    0.237277    0.466807 ^ _310_/Q (sky130_fd_sc_hd__dfxtp_2)
                                                         a_q[5] (net)
                      0.101842    0.000469    0.467276 ^ _167_/A1 (sky130_fd_sc_hd__o211a_2)
     2    0.006373    0.039708    0.113613    0.580889 ^ _167_/X (sky130_fd_sc_hd__o211a_2)
                                                         _005_ (net)
                      0.039708    0.000061    0.580951 ^ _299_/D (sky130_fd_sc_hd__dfxtp_2)
                                              0.580951   data arrival time

                                  0.000000    0.000000   clock clk (rise edge)
                                  0.000000    0.000000   clock source latency
     1    0.016644    0.060602    0.043347    0.043347 ^ clk (in)
                                                         clk (net)
                      0.060615    0.000000    0.043347 ^ clkbuf_0_clk/A (sky130_fd_sc_hd__clkbuf_16)
     4    0.038550    0.044273    0.109853    0.153200 ^ clkbuf_0_clk/X (sky130_fd_sc_hd__clkbuf_16)
                                                         clknet_0_clk (net)
                      0.044275    0.000343    0.153543 ^ clkbuf_2_1__f_clk/A (sky130_fd_sc_hd__clkbuf_16)
     8    0.024586    0.034285    0.096053    0.249595 ^ clkbuf_2_1__f_clk/X (sky130_fd_sc_hd__clkbuf_16)
                                                         clknet_2_1__leaf_clk (net)
                      0.034286    0.000194    0.249790 ^ _299_/CLK (sky130_fd_sc_hd__dfxtp_2)
                                  0.250000    0.499790   clock uncertainty
                                 -0.014590    0.485199   clock reconvergence pessimism
                                 -0.017838    0.467362   library hold time
                                              0.467362   data required time
---------------------------------------------------------------------------------------------
                                              0.467362   data required time
                                             -0.580951   data arrival time
---------------------------------------------------------------------------------------------
                                              0.113589   slack (MET)


Startpoint: _307_ (rising edge-triggered flip-flop clocked by clk)
Endpoint: _296_ (rising edge-triggered flip-flop clocked by clk)
Path Group: clk
Path Type: min

Fanout         Cap        Slew       Delay        Time   Description
---------------------------------------------------------------------------------------------
                                  0.000000    0.000000   clock clk (rise edge)
                                  0.000000    0.000000   clock source latency
     1    0.016644    0.060602    0.039219    0.039219 ^ clk (in)
                                                         clk (net)
                      0.060615    0.000000    0.039219 ^ clkbuf_0_clk/A (sky130_fd_sc_hd__clkbuf_16)
     4    0.038550    0.044273    0.099391    0.138609 ^ clkbuf_0_clk/X (sky130_fd_sc_hd__clkbuf_16)
                                                         clknet_0_clk (net)
                      0.044275    0.000329    0.138939 ^ clkbuf_2_3__f_clk/A (sky130_fd_sc_hd__clkbuf_16)
     8    0.030311    0.038318    0.090645    0.229583 ^ clkbuf_2_3__f_clk/X (sky130_fd_sc_hd__clkbuf_16)
                                                         clknet_2_3__leaf_clk (net)
                      0.038318    0.000189    0.229772 ^ _307_/CLK (sky130_fd_sc_hd__dfxtp_2)
     5    0.025940    0.102478    0.237893    0.467665 ^ _307_/Q (sky130_fd_sc_hd__dfxtp_2)
                                                         a_q[2] (net)
                      0.102478    0.000239    0.467904 ^ _288_/A1 (sky130_fd_sc_hd__o221a_4)
     2    0.007614    0.033876    0.109171    0.577075 ^ _288_/X (sky130_fd_sc_hd__o221a_4)
                                                         _002_ (net)
                      0.033876    0.000076    0.577151 ^ _296_/D (sky130_fd_sc_hd__dfxtp_2)
                                              0.577151   data arrival time

                                  0.000000    0.000000   clock clk (rise edge)
                                  0.000000    0.000000   clock source latency
     1    0.016644    0.060602    0.043347    0.043347 ^ clk (in)
                                                         clk (net)
                      0.060615    0.000000    0.043347 ^ clkbuf_0_clk/A (sky130_fd_sc_hd__clkbuf_16)
     4    0.038550    0.044273    0.109853    0.153200 ^ clkbuf_0_clk/X (sky130_fd_sc_hd__clkbuf_16)
                                                         clknet_0_clk (net)
                      0.044275    0.000364    0.153564 ^ clkbuf_2_3__f_clk/A (sky130_fd_sc_hd__clkbuf_16)
     8    0.030311    0.038318    0.100186    0.253750 ^ clkbuf_2_3__f_clk/X (sky130_fd_sc_hd__clkbuf_16)
                                                         clknet_2_3__leaf_clk (net)
                      0.038321    0.000368    0.254117 ^ _296_/CLK (sky130_fd_sc_hd__dfxtp_2)
                                  0.250000    0.504117   clock uncertainty
                                 -0.024167    0.479951   clock reconvergence pessimism
                                 -0.017329    0.462622   library hold time
                                              0.462622   data required time
---------------------------------------------------------------------------------------------
                                              0.462622   data required time
                                             -0.577151   data arrival time
---------------------------------------------------------------------------------------------
                                              0.114529   slack (MET)


Startpoint: _311_ (rising edge-triggered flip-flop clocked by clk)
Endpoint: _300_ (rising edge-triggered flip-flop clocked by clk)
Path Group: clk
Path Type: min

Fanout         Cap        Slew       Delay        Time   Description
---------------------------------------------------------------------------------------------
                                  0.000000    0.000000   clock clk (rise edge)
                                  0.000000    0.000000   clock source latency
     1    0.016644    0.060602    0.039219    0.039219 ^ clk (in)
                                                         clk (net)
                      0.060615    0.000000    0.039219 ^ clkbuf_0_clk/A (sky130_fd_sc_hd__clkbuf_16)
     4    0.038550    0.044273    0.099391    0.138609 ^ clkbuf_0_clk/X (sky130_fd_sc_hd__clkbuf_16)
                                                         clknet_0_clk (net)
                      0.044276    0.000349    0.138959 ^ clkbuf_2_0__f_clk/A (sky130_fd_sc_hd__clkbuf_16)
     8    0.029746    0.037930    0.090173    0.229132 ^ clkbuf_2_0__f_clk/X (sky130_fd_sc_hd__clkbuf_16)
                                                         clknet_2_0__leaf_clk (net)
                      0.037942    0.000605    0.229737 ^ _311_/CLK (sky130_fd_sc_hd__dfxtp_2)
     5    0.025417    0.100592    0.236403    0.466140 ^ _311_/Q (sky130_fd_sc_hd__dfxtp_2)
                                                         a_q[6] (net)
                      0.100593    0.000548    0.466687 ^ _175_/A1 (sky130_fd_sc_hd__o211a_2)
     2    0.006722    0.041081    0.114516    0.581203 ^ _175_/X (sky130_fd_sc_hd__o211a_2)
                                                         _006_ (net)
                      0.041081    0.000107    0.581310 ^ _300_/D (sky130_fd_sc_hd__dfxtp_2)
                                              0.581310   data arrival time

                                  0.000000    0.000000   clock clk (rise edge)
                                  0.000000    0.000000   clock source latency
     1    0.016644    0.060602    0.043347    0.043347 ^ clk (in)
                                                         clk (net)
                      0.060615    0.000000    0.043347 ^ clkbuf_0_clk/A (sky130_fd_sc_hd__clkbuf_16)
     4    0.038550    0.044273    0.109853    0.153200 ^ clkbuf_0_clk/X (sky130_fd_sc_hd__clkbuf_16)
                                                         clknet_0_clk (net)
                      0.044276    0.000386    0.153586 ^ clkbuf_2_0__f_clk/A (sky130_fd_sc_hd__clkbuf_16)
     8    0.029746    0.037930    0.099665    0.253251 ^ clkbuf_2_0__f_clk/X (sky130_fd_sc_hd__clkbuf_16)
                                                         clknet_2_0__leaf_clk (net)
                      0.037930    0.000147    0.253398 ^ _300_/CLK (sky130_fd_sc_hd__dfxtp_2)
                                  0.250000    0.503398   clock uncertainty
                                 -0.024119    0.479279   clock reconvergence pessimism
                                 -0.017847    0.461432   library hold time
                                              0.461432   data required time
---------------------------------------------------------------------------------------------
                                              0.461432   data required time
                                             -0.581310   data arrival time
---------------------------------------------------------------------------------------------
                                              0.119878   slack (MET)


Startpoint: _309_ (rising edge-triggered flip-flop clocked by clk)
Endpoint: _298_ (rising edge-triggered flip-flop clocked by clk)
Path Group: clk
Path Type: min

Fanout         Cap        Slew       Delay        Time   Description
---------------------------------------------------------------------------------------------
                                  0.000000    0.000000   clock clk (rise edge)
                                  0.000000    0.000000   clock source latency
     1    0.016644    0.060602    0.039219    0.039219 ^ clk (in)
                                                         clk (net)
                      0.060615    0.000000    0.039219 ^ clkbuf_0_clk/A (sky130_fd_sc_hd__clkbuf_16)
     4    0.038550    0.044273    0.099391    0.138609 ^ clkbuf_0_clk/X (sky130_fd_sc_hd__clkbuf_16)
                                                         clknet_0_clk (net)
                      0.044276    0.000349    0.138959 ^ clkbuf_2_0__f_clk/A (sky130_fd_sc_hd__clkbuf_16)
     8    0.029746    0.037930    0.090173    0.229132 ^ clkbuf_2_0__f_clk/X (sky130_fd_sc_hd__clkbuf_16)
                                                         clknet_2_0__leaf_clk (net)
                      0.037935    0.000442    0.229573 ^ _309_/CLK (sky130_fd_sc_hd__dfxtp_2)
     5    0.028253    0.110983    0.243255    0.472828 ^ _309_/Q (sky130_fd_sc_hd__dfxtp_2)
                                                         a_q[4] (net)
                      0.110985    0.000654    0.473482 ^ _159_/A1 (sky130_fd_sc_hd__o211a_2)
     2    0.006275    0.039366    0.114480    0.587961 ^ _159_/X (sky130_fd_sc_hd__o211a_2)
                                                         _004_ (net)
                      0.039366    0.000028    0.587989 ^ _298_/D (sky130_fd_sc_hd__dfxtp_2)
                                              0.587989   data arrival time

                                  0.000000    0.000000   clock clk (rise edge)
                                  0.000000    0.000000   clock source latency
     1    0.016644    0.060602    0.043347    0.043347 ^ clk (in)
                                                         clk (net)
                      0.060615    0.000000    0.043347 ^ clkbuf_0_clk/A (sky130_fd_sc_hd__clkbuf_16)
     4    0.038550    0.044273    0.109853    0.153200 ^ clkbuf_0_clk/X (sky130_fd_sc_hd__clkbuf_16)
                                                         clknet_0_clk (net)
                      0.044275    0.000343    0.153543 ^ clkbuf_2_1__f_clk/A (sky130_fd_sc_hd__clkbuf_16)
     8    0.024586    0.034285    0.096053    0.249595 ^ clkbuf_2_1__f_clk/X (sky130_fd_sc_hd__clkbuf_16)
                                                         clknet_2_1__leaf_clk (net)
                      0.034286    0.000207    0.249802 ^ _298_/CLK (sky130_fd_sc_hd__dfxtp_2)
                                  0.250000    0.499802   clock uncertainty
                                 -0.014590    0.485212   clock reconvergence pessimism
                                 -0.017813    0.467398   library hold time
                                              0.467398   data required time
---------------------------------------------------------------------------------------------
                                              0.467398   data required time
                                             -0.587989   data arrival time
---------------------------------------------------------------------------------------------
                                              0.120591   slack (MET)


Startpoint: _308_ (rising edge-triggered flip-flop clocked by clk)
Endpoint: _297_ (rising edge-triggered flip-flop clocked by clk)
Path Group: clk
Path Type: min

Fanout         Cap        Slew       Delay        Time   Description
---------------------------------------------------------------------------------------------
                                  0.000000    0.000000   clock clk (rise edge)
                                  0.000000    0.000000   clock source latency
     1    0.016644    0.060602    0.039219    0.039219 ^ clk (in)
                                                         clk (net)
                      0.060615    0.000000    0.039219 ^ clkbuf_0_clk/A (sky130_fd_sc_hd__clkbuf_16)
     4    0.038550    0.044273    0.099391    0.138609 ^ clkbuf_0_clk/X (sky130_fd_sc_hd__clkbuf_16)
                                                         clknet_0_clk (net)
                      0.044275    0.000329    0.138939 ^ clkbuf_2_3__f_clk/A (sky130_fd_sc_hd__clkbuf_16)
     8    0.030311    0.038318    0.090645    0.229583 ^ clkbuf_2_3__f_clk/X (sky130_fd_sc_hd__clkbuf_16)
                                                         clknet_2_3__leaf_clk (net)
                      0.038318    0.000217    0.229801 ^ _308_/CLK (sky130_fd_sc_hd__dfxtp_2)
     5    0.032228    0.125611    0.252706    0.482506 ^ _308_/Q (sky130_fd_sc_hd__dfxtp_2)
                                                         a_q[3] (net)
                      0.125621    0.001152    0.483659 ^ _150_/A1 (sky130_fd_sc_hd__o221a_4)
     2    0.005277    0.029077    0.108065    0.591724 ^ _150_/X (sky130_fd_sc_hd__o221a_4)
                                                         _003_ (net)
                      0.029077    0.000019    0.591743 ^ _297_/D (sky130_fd_sc_hd__dfxtp_2)
                                              0.591743   data arrival time

                                  0.000000    0.000000   clock clk (rise edge)
                                  0.000000    0.000000   clock source latency
     1    0.016644    0.060602    0.043347    0.043347 ^ clk (in)
                                                         clk (net)
                      0.060615    0.000000    0.043347 ^ clkbuf_0_clk/A (sky130_fd_sc_hd__clkbuf_16)
     4    0.038550    0.044273    0.109853    0.153200 ^ clkbuf_0_clk/X (sky130_fd_sc_hd__clkbuf_16)
                                                         clknet_0_clk (net)
                      0.044275    0.000364    0.153564 ^ clkbuf_2_3__f_clk/A (sky130_fd_sc_hd__clkbuf_16)
     8    0.030311    0.038318    0.100186    0.253750 ^ clkbuf_2_3__f_clk/X (sky130_fd_sc_hd__clkbuf_16)
                                                         clknet_2_3__leaf_clk (net)
                      0.038320    0.000348    0.254098 ^ _297_/CLK (sky130_fd_sc_hd__dfxtp_2)
                                  0.250000    0.504098   clock uncertainty
                                 -0.024167    0.479931   clock reconvergence pessimism
                                 -0.016989    0.462942   library hold time
                                              0.462942   data required time
---------------------------------------------------------------------------------------------
                                              0.462942   data required time
                                             -0.591743   data arrival time
---------------------------------------------------------------------------------------------
                                              0.128801   slack (MET)


Startpoint: _313_ (rising edge-triggered flip-flop clocked by clk)
Endpoint: _295_ (rising edge-triggered flip-flop clocked by clk)
Path Group: clk
Path Type: min

Fanout         Cap        Slew       Delay        Time   Description
---------------------------------------------------------------------------------------------
                                  0.000000    0.000000   clock clk (rise edge)
                                  0.000000    0.000000   clock source latency
     1    0.016644    0.060602    0.039219    0.039219 ^ clk (in)
                                                         clk (net)
                      0.060615    0.000000    0.039219 ^ clkbuf_0_clk/A (sky130_fd_sc_hd__clkbuf_16)
     4    0.038550    0.044273    0.099391    0.138609 ^ clkbuf_0_clk/X (sky130_fd_sc_hd__clkbuf_16)
                                                         clknet_0_clk (net)
                      0.044276    0.000339    0.138948 ^ clkbuf_2_2__f_clk/A (sky130_fd_sc_hd__clkbuf_16)
     8    0.023529    0.033556    0.086146    0.225094 ^ clkbuf_2_2__f_clk/X (sky130_fd_sc_hd__clkbuf_16)
                                                         clknet_2_2__leaf_clk (net)
                      0.033564    0.000439    0.225533 ^ _313_/CLK (sky130_fd_sc_hd__dfxtp_2)
     3    0.015981    0.066106    0.212314    0.437847 ^ _313_/Q (sky130_fd_sc_hd__dfxtp_2)
                                                         b_q[0] (net)
                      0.066106    0.000184    0.438030 ^ _272_/A1 (sky130_fd_sc_hd__o21ai_2)
     1    0.005007    0.017828    0.038388    0.476418 v _272_/Y (sky130_fd_sc_hd__o21ai_2)
                                                         _050_ (net)
                      0.017828    0.000032    0.476450 v _277_/A (sky130_fd_sc_hd__nand2_2)
     1    0.004094    0.024275    0.029098    0.505548 ^ _277_/Y (sky130_fd_sc_hd__nand2_2)
                                                         _055_ (net)
                      0.024275    0.000055    0.505603 ^ _278_/B1 (sky130_fd_sc_hd__o211a_2)
     2    0.010669    0.056773    0.098561    0.604164 ^ _278_/X (sky130_fd_sc_hd__o211a_2)
                                                         _001_ (net)
                      0.056773    0.000273    0.604437 ^ _295_/D (sky130_fd_sc_hd__dfxtp_2)
                                              0.604437   data arrival time

                                  0.000000    0.000000   clock clk (rise edge)
                                  0.000000    0.000000   clock source latency
     1    0.016644    0.060602    0.043347    0.043347 ^ clk (in)
                                                         clk (net)
                      0.060615    0.000000    0.043347 ^ clkbuf_0_clk/A (sky130_fd_sc_hd__clkbuf_16)
     4    0.038550    0.044273    0.109853    0.153200 ^ clkbuf_0_clk/X (sky130_fd_sc_hd__clkbuf_16)
                                                         clknet_0_clk (net)
                      0.044275    0.000364    0.153564 ^ clkbuf_2_3__f_clk/A (sky130_fd_sc_hd__clkbuf_16)
     8    0.030311    0.038318    0.100186    0.253750 ^ clkbuf_2_3__f_clk/X (sky130_fd_sc_hd__clkbuf_16)
                                                         clknet_2_3__leaf_clk (net)
                      0.038321    0.000364    0.254114 ^ _295_/CLK (sky130_fd_sc_hd__dfxtp_2)
                                  0.250000    0.504114   clock uncertainty
                                 -0.014590    0.489524   clock reconvergence pessimism
                                 -0.018947    0.470576   library hold time
                                              0.470576   data required time
---------------------------------------------------------------------------------------------
                                              0.470576   data required time
                                             -0.604437   data arrival time
---------------------------------------------------------------------------------------------
                                              0.133861   slack (MET)


Startpoint: _310_ (rising edge-triggered flip-flop clocked by clk)
Endpoint: _303_ (rising edge-triggered flip-flop clocked by clk)
Path Group: clk
Path Type: min

Fanout         Cap        Slew       Delay        Time   Description
---------------------------------------------------------------------------------------------
                                  0.000000    0.000000   clock clk (rise edge)
                                  0.000000    0.000000   clock source latency
     1    0.016644    0.060602    0.039219    0.039219 ^ clk (in)
                                                         clk (net)
                      0.060615    0.000000    0.039219 ^ clkbuf_0_clk/A (sky130_fd_sc_hd__clkbuf_16)
     4    0.038550    0.044273    0.099391    0.138609 ^ clkbuf_0_clk/X (sky130_fd_sc_hd__clkbuf_16)
                                                         clknet_0_clk (net)
                      0.044276    0.000349    0.138959 ^ clkbuf_2_0__f_clk/A (sky130_fd_sc_hd__clkbuf_16)
     8    0.029746    0.037930    0.090173    0.229132 ^ clkbuf_2_0__f_clk/X (sky130_fd_sc_hd__clkbuf_16)
                                                         clknet_2_0__leaf_clk (net)
                      0.037934    0.000398    0.229530 ^ _310_/CLK (sky130_fd_sc_hd__dfxtp_2)
     5    0.025761    0.101841    0.237277    0.466807 ^ _310_/Q (sky130_fd_sc_hd__dfxtp_2)
                                                         a_q[5] (net)
                      0.101842    0.000469    0.467276 ^ _167_/A1 (sky130_fd_sc_hd__o211a_2)
     2    0.006373    0.039708    0.113613    0.580889 ^ _167_/X (sky130_fd_sc_hd__o211a_2)
                                                         _005_ (net)
                      0.039708    0.000058    0.580947 ^ _200_/D (sky130_fd_sc_hd__or4_4)
     1    0.005441    0.023429    0.069516    0.650463 ^ _200_/X (sky130_fd_sc_hd__or4_4)
                                                         _116_ (net)
                      0.023429    0.000061    0.650524 ^ _201_/C1 (sky130_fd_sc_hd__a211oi_2)
     1    0.002100    0.010601    0.015186    0.665711 v _201_/Y (sky130_fd_sc_hd__a211oi_2)
                                                         _009_ (net)
                      0.010601    0.000009    0.665720 v _303_/D (sky130_fd_sc_hd__dfxtp_2)
                                              0.665720   data arrival time

                                  0.000000    0.000000   clock clk (rise edge)
                                  0.000000    0.000000   clock source latency
     1    0.016644    0.060602    0.043347    0.043347 ^ clk (in)
                                                         clk (net)
                      0.060615    0.000000    0.043347 ^ clkbuf_0_clk/A (sky130_fd_sc_hd__clkbuf_16)
     4    0.038550    0.044273    0.109853    0.153200 ^ clkbuf_0_clk/X (sky130_fd_sc_hd__clkbuf_16)
                                                         clknet_0_clk (net)
                      0.044275    0.000343    0.153543 ^ clkbuf_2_1__f_clk/A (sky130_fd_sc_hd__clkbuf_16)
     8    0.024586    0.034285    0.096053    0.249595 ^ clkbuf_2_1__f_clk/X (sky130_fd_sc_hd__clkbuf_16)
                                                         clknet_2_1__leaf_clk (net)
                      0.034287    0.000289    0.249884 ^ _303_/CLK (sky130_fd_sc_hd__dfxtp_2)
                                  0.250000    0.499884   clock uncertainty
                                 -0.014590    0.485293   clock reconvergence pessimism
                                 -0.027549    0.457745   library hold time
                                              0.457745   data required time
---------------------------------------------------------------------------------------------
                                              0.457745   data required time
                                             -0.665720   data arrival time
---------------------------------------------------------------------------------------------
                                              0.207975   slack (MET)


Startpoint: _322_ (rising edge-triggered flip-flop clocked by clk)
Endpoint: _294_ (rising edge-triggered flip-flop clocked by clk)
Path Group: clk
Path Type: min

Fanout         Cap        Slew       Delay        Time   Description
---------------------------------------------------------------------------------------------
                                  0.000000    0.000000   clock clk (rise edge)
                                  0.000000    0.000000   clock source latency
     1    0.016644    0.060602    0.039219    0.039219 ^ clk (in)
                                                         clk (net)
                      0.060615    0.000000    0.039219 ^ clkbuf_0_clk/A (sky130_fd_sc_hd__clkbuf_16)
     4    0.038550    0.044273    0.099391    0.138609 ^ clkbuf_0_clk/X (sky130_fd_sc_hd__clkbuf_16)
                                                         clknet_0_clk (net)
                      0.044276    0.000339    0.138948 ^ clkbuf_2_2__f_clk/A (sky130_fd_sc_hd__clkbuf_16)
     8    0.023529    0.033556    0.086146    0.225094 ^ clkbuf_2_2__f_clk/X (sky130_fd_sc_hd__clkbuf_16)
                                                         clknet_2_2__leaf_clk (net)
                      0.033560    0.000334    0.225428 ^ _322_/CLK (sky130_fd_sc_hd__dfxtp_4)
     2    0.007277    0.029795    0.199408    0.424836 ^ _322_/Q (sky130_fd_sc_hd__dfxtp_4)
                                                         op_q[1] (net)
                      0.029795    0.000059    0.424895 ^ rebuffer47/A (sky130_fd_sc_hd__buf_2)
     7    0.022262    0.085455    0.102208    0.527103 ^ rebuffer47/X (sky130_fd_sc_hd__buf_2)
                                                         net47 (net)
                      0.085455    0.000282    0.527385 ^ _229_/B (sky130_fd_sc_hd__nor2_2)
     7    0.036138    0.067269    0.067354    0.594739 v _229_/Y (sky130_fd_sc_hd__nor2_2)
                                                         _125_ (net)
                      0.067288    0.000888    0.595627 v _268_/B (sky130_fd_sc_hd__and3_4)
     1    0.002096    0.019490    0.109255    0.704882 v _268_/X (sky130_fd_sc_hd__and3_4)
                                                         _000_ (net)
                      0.019490    0.000010    0.704892 v _294_/D (sky130_fd_sc_hd__dfxtp_2)
                                              0.704892   data arrival time

                                  0.000000    0.000000   clock clk (rise edge)
                                  0.000000    0.000000   clock source latency
     1    0.016644    0.060602    0.043347    0.043347 ^ clk (in)
                                                         clk (net)
                      0.060615    0.000000    0.043347 ^ clkbuf_0_clk/A (sky130_fd_sc_hd__clkbuf_16)
     4    0.038550    0.044273    0.109853    0.153200 ^ clkbuf_0_clk/X (sky130_fd_sc_hd__clkbuf_16)
                                                         clknet_0_clk (net)
                      0.044275    0.000343    0.153543 ^ clkbuf_2_1__f_clk/A (sky130_fd_sc_hd__clkbuf_16)
     8    0.024586    0.034285    0.096053    0.249595 ^ clkbuf_2_1__f_clk/X (sky130_fd_sc_hd__clkbuf_16)
                                                         clknet_2_1__leaf_clk (net)
                      0.034290    0.000376    0.249971 ^ _294_/CLK (sky130_fd_sc_hd__dfxtp_2)
                                  0.250000    0.499971   clock uncertainty
                                 -0.014590    0.485381   clock reconvergence pessimism
                                 -0.030506    0.454875   library hold time
                                              0.454875   data required time
---------------------------------------------------------------------------------------------
                                              0.454875   data required time
                                             -0.704892   data arrival time
---------------------------------------------------------------------------------------------
                                              0.250017   slack (MET)


Startpoint: _312_ (rising edge-triggered flip-flop clocked by clk)
Endpoint: _304_ (rising edge-triggered flip-flop clocked by clk)
Path Group: clk
Path Type: min

Fanout         Cap        Slew       Delay        Time   Description
---------------------------------------------------------------------------------------------
                                  0.000000    0.000000   clock clk (rise edge)
                                  0.000000    0.000000   clock source latency
     1    0.016644    0.060602    0.039219    0.039219 ^ clk (in)
                                                         clk (net)
                      0.060615    0.000000    0.039219 ^ clkbuf_0_clk/A (sky130_fd_sc_hd__clkbuf_16)
     4    0.038550    0.044273    0.099391    0.138609 ^ clkbuf_0_clk/X (sky130_fd_sc_hd__clkbuf_16)
                                                         clknet_0_clk (net)
                      0.044276    0.000349    0.138959 ^ clkbuf_2_0__f_clk/A (sky130_fd_sc_hd__clkbuf_16)
     8    0.029746    0.037930    0.090173    0.229132 ^ clkbuf_2_0__f_clk/X (sky130_fd_sc_hd__clkbuf_16)
                                                         clknet_2_0__leaf_clk (net)
                      0.037947    0.000694    0.229826 ^ _312_/CLK (sky130_fd_sc_hd__dfxtp_2)
     4    0.014030    0.033531    0.203017    0.432842 v _312_/Q (sky130_fd_sc_hd__dfxtp_2)
                                                         a_q[7] (net)
                      0.033531    0.000169    0.433011 v _193_/A (sky130_fd_sc_hd__nor2_2)
     1    0.002998    0.045050    0.060982    0.493993 ^ _193_/Y (sky130_fd_sc_hd__nor2_2)
                                                         _110_ (net)
                      0.045050    0.000026    0.494019 ^ _195_/C1 (sky130_fd_sc_hd__a221o_2)
     1    0.003485    0.021509    0.058185    0.552204 ^ _195_/X (sky130_fd_sc_hd__a221o_2)
                                                         _112_ (net)
                      0.021509    0.000025    0.552229 ^ _196_/C1 (sky130_fd_sc_hd__a211o_2)
     1    0.005512    0.025899    0.053930    0.606159 ^ _196_/X (sky130_fd_sc_hd__a211o_2)
                                                         _113_ (net)
                      0.025899    0.000034    0.606193 ^ _197_/B1 (sky130_fd_sc_hd__a31o_4)
     2    0.007197    0.025797    0.051331    0.657524 ^ _197_/X (sky130_fd_sc_hd__a31o_4)
                                                         _114_ (net)
                      0.025797    0.000023    0.657547 ^ _198_/B (sky130_fd_sc_hd__and2_2)
     1    0.001994    0.022291    0.070565    0.728112 ^ _198_/X (sky130_fd_sc_hd__and2_2)
                                                         _010_ (net)
                      0.022291    0.000016    0.728128 ^ _304_/D (sky130_fd_sc_hd__dfxtp_2)
                                              0.728128   data arrival time

                                  0.000000    0.000000   clock clk (rise edge)
                                  0.000000    0.000000   clock source latency
     1    0.016644    0.060602    0.043347    0.043347 ^ clk (in)
                                                         clk (net)
                      0.060615    0.000000    0.043347 ^ clkbuf_0_clk/A (sky130_fd_sc_hd__clkbuf_16)
     4    0.038550    0.044273    0.109853    0.153200 ^ clkbuf_0_clk/X (sky130_fd_sc_hd__clkbuf_16)
                                                         clknet_0_clk (net)
                      0.044275    0.000343    0.153543 ^ clkbuf_2_1__f_clk/A (sky130_fd_sc_hd__clkbuf_16)
     8    0.024586    0.034285    0.096053    0.249595 ^ clkbuf_2_1__f_clk/X (sky130_fd_sc_hd__clkbuf_16)
                                                         clknet_2_1__leaf_clk (net)
                      0.034288    0.000302    0.249897 ^ _304_/CLK (sky130_fd_sc_hd__dfxtp_2)
                                  0.250000    0.499897   clock uncertainty
                                 -0.014590    0.485307   clock reconvergence pessimism
                                 -0.016605    0.468701   library hold time
                                              0.468701   data required time
---------------------------------------------------------------------------------------------
                                              0.468701   data required time
                                             -0.728128   data arrival time
---------------------------------------------------------------------------------------------
                                              0.259427   slack (MET)


Startpoint: _322_ (rising edge-triggered flip-flop clocked by clk)
Endpoint: _302_ (rising edge-triggered flip-flop clocked by clk)
Path Group: clk
Path Type: min

Fanout         Cap        Slew       Delay        Time   Description
---------------------------------------------------------------------------------------------
                                  0.000000    0.000000   clock clk (rise edge)
                                  0.000000    0.000000   clock source latency
     1    0.016644    0.060602    0.039219    0.039219 ^ clk (in)
                                                         clk (net)
                      0.060615    0.000000    0.039219 ^ clkbuf_0_clk/A (sky130_fd_sc_hd__clkbuf_16)
     4    0.038550    0.044273    0.099391    0.138609 ^ clkbuf_0_clk/X (sky130_fd_sc_hd__clkbuf_16)
                                                         clknet_0_clk (net)
                      0.044276    0.000339    0.138948 ^ clkbuf_2_2__f_clk/A (sky130_fd_sc_hd__clkbuf_16)
     8    0.023529    0.033556    0.086146    0.225094 ^ clkbuf_2_2__f_clk/X (sky130_fd_sc_hd__clkbuf_16)
                                                         clknet_2_2__leaf_clk (net)
                      0.033560    0.000334    0.225428 ^ _322_/CLK (sky130_fd_sc_hd__dfxtp_4)
     2    0.007277    0.029795    0.199408    0.424836 ^ _322_/Q (sky130_fd_sc_hd__dfxtp_4)
                                                         op_q[1] (net)
                      0.029795    0.000059    0.424895 ^ rebuffer47/A (sky130_fd_sc_hd__buf_2)
     7    0.022262    0.085455    0.102208    0.527103 ^ rebuffer47/X (sky130_fd_sc_hd__buf_2)
                                                         net47 (net)
                      0.085455    0.000282    0.527385 ^ _229_/B (sky130_fd_sc_hd__nor2_2)
     7    0.036138    0.067269    0.067354    0.594739 v _229_/Y (sky130_fd_sc_hd__nor2_2)
                                                         _125_ (net)
                      0.067288    0.000869    0.595609 v _188_/B (sky130_fd_sc_hd__and3_2)
     1    0.002623    0.024052    0.123289    0.718898 v _188_/X (sky130_fd_sc_hd__and3_2)
                                                         _008_ (net)
                      0.024052    0.000025    0.718924 v _302_/D (sky130_fd_sc_hd__dfxtp_2)
                                              0.718924   data arrival time

                                  0.000000    0.000000   clock clk (rise edge)
                                  0.000000    0.000000   clock source latency
     1    0.016644    0.060602    0.043347    0.043347 ^ clk (in)
                                                         clk (net)
                      0.060615    0.000000    0.043347 ^ clkbuf_0_clk/A (sky130_fd_sc_hd__clkbuf_16)
     4    0.038550    0.044273    0.109853    0.153200 ^ clkbuf_0_clk/X (sky130_fd_sc_hd__clkbuf_16)
                                                         clknet_0_clk (net)
                      0.044275    0.000343    0.153543 ^ clkbuf_2_1__f_clk/A (sky130_fd_sc_hd__clkbuf_16)
     8    0.024586    0.034285    0.096053    0.249595 ^ clkbuf_2_1__f_clk/X (sky130_fd_sc_hd__clkbuf_16)
                                                         clknet_2_1__leaf_clk (net)
                      0.034289    0.000356    0.249951 ^ _302_/CLK (sky130_fd_sc_hd__dfxtp_2)
                                  0.250000    0.499951   clock uncertainty
                                 -0.014590    0.485360   clock reconvergence pessimism
                                 -0.032024    0.453337   library hold time
                                              0.453337   data required time
---------------------------------------------------------------------------------------------
                                              0.453337   data required time
                                             -0.718924   data arrival time
---------------------------------------------------------------------------------------------
                                              0.265587   slack (MET)


Startpoint: _311_ (rising edge-triggered flip-flop clocked by clk)
Endpoint: _301_ (rising edge-triggered flip-flop clocked by clk)
Path Group: clk
Path Type: min

Fanout         Cap        Slew       Delay        Time   Description
---------------------------------------------------------------------------------------------
                                  0.000000    0.000000   clock clk (rise edge)
                                  0.000000    0.000000   clock source latency
     1    0.016644    0.060602    0.039219    0.039219 ^ clk (in)
                                                         clk (net)
                      0.060615    0.000000    0.039219 ^ clkbuf_0_clk/A (sky130_fd_sc_hd__clkbuf_16)
     4    0.038550    0.044273    0.099391    0.138609 ^ clkbuf_0_clk/X (sky130_fd_sc_hd__clkbuf_16)
                                                         clknet_0_clk (net)
                      0.044276    0.000349    0.138959 ^ clkbuf_2_0__f_clk/A (sky130_fd_sc_hd__clkbuf_16)
     8    0.029746    0.037930    0.090173    0.229132 ^ clkbuf_2_0__f_clk/X (sky130_fd_sc_hd__clkbuf_16)
                                                         clknet_2_0__leaf_clk (net)
                      0.037942    0.000605    0.229737 ^ _311_/CLK (sky130_fd_sc_hd__dfxtp_2)
     5    0.023827    0.047534    0.215055    0.444792 v _311_/Q (sky130_fd_sc_hd__dfxtp_2)
                                                         a_q[6] (net)
                      0.047534    0.000185    0.444977 v _223_/A (sky130_fd_sc_hd__inv_2)
     2    0.006800    0.030800    0.041877    0.486854 ^ _223_/Y (sky130_fd_sc_hd__inv_2)
                                                         _119_ (net)
                      0.030800    0.000060    0.486915 ^ _237_/A (sky130_fd_sc_hd__nand2_2)
     2    0.009654    0.030803    0.032443    0.519358 v _237_/Y (sky130_fd_sc_hd__nand2_2)
                                                         _133_ (net)
                      0.030803    0.000080    0.519437 v _176_/B (sky130_fd_sc_hd__nand2_2)
     2    0.009072    0.044427    0.053149    0.572586 ^ _176_/Y (sky130_fd_sc_hd__nand2_2)
                                                         _095_ (net)
                      0.044427    0.000091    0.572677 ^ _177_/A (sky130_fd_sc_hd__inv_2)
     2    0.007237    0.019053    0.021736    0.594413 v _177_/Y (sky130_fd_sc_hd__inv_2)
                                                         _096_ (net)
                      0.019053    0.000059    0.594472 v _178_/B1 (sky130_fd_sc_hd__o21ai_2)
     1    0.003457    0.023039    0.028275    0.622747 ^ _178_/Y (sky130_fd_sc_hd__o21ai_2)
                                                         _097_ (net)
                      0.023039    0.000037    0.622783 ^ _185_/A1 (sky130_fd_sc_hd__a21bo_2)
     1    0.004461    0.026795    0.067713    0.690496 ^ _185_/X (sky130_fd_sc_hd__a21bo_2)
                                                         _104_ (net)
                      0.026807    0.000061    0.690557 ^ _186_/B1 (sky130_fd_sc_hd__o211a_2)
     2    0.010261    0.055118    0.097957    0.788515 ^ _186_/X (sky130_fd_sc_hd__o211a_2)
                                                         _007_ (net)
                      0.055118    0.000198    0.788713 ^ _301_/D (sky130_fd_sc_hd__dfxtp_2)
                                              0.788713   data arrival time

                                  0.000000    0.000000   clock clk (rise edge)
                                  0.000000    0.000000   clock source latency
     1    0.016644    0.060602    0.043347    0.043347 ^ clk (in)
                                                         clk (net)
                      0.060615    0.000000    0.043347 ^ clkbuf_0_clk/A (sky130_fd_sc_hd__clkbuf_16)
     4    0.038550    0.044273    0.109853    0.153200 ^ clkbuf_0_clk/X (sky130_fd_sc_hd__clkbuf_16)
                                                         clknet_0_clk (net)
                      0.044275    0.000343    0.153543 ^ clkbuf_2_1__f_clk/A (sky130_fd_sc_hd__clkbuf_16)
     8    0.024586    0.034285    0.096053    0.249595 ^ clkbuf_2_1__f_clk/X (sky130_fd_sc_hd__clkbuf_16)
                                                         clknet_2_1__leaf_clk (net)
                      0.034287    0.000273    0.249868 ^ _301_/CLK (sky130_fd_sc_hd__dfxtp_2)
                                  0.250000    0.499868   clock uncertainty
                                 -0.014590    0.485278   clock reconvergence pessimism
                                 -0.018928    0.466350   library hold time
                                              0.466350   data required time
---------------------------------------------------------------------------------------------
                                              0.466350   data required time
                                             -0.788713   data arrival time
---------------------------------------------------------------------------------------------
                                              0.322363   slack (MET)


Startpoint: a[4] (input port clocked by clk)
Endpoint: _309_ (rising edge-triggered flip-flop clocked by clk)
Path Group: clk
Path Type: min

Fanout         Cap        Slew       Delay        Time   Description
---------------------------------------------------------------------------------------------
                                  0.000000    0.000000   clock clk (rise edge)
                                  0.000000    0.000000   clock network delay (propagated)
                                  0.800000    0.800000 ^ input external delay
     1    0.003536    0.016559    0.008697    0.808697 ^ a[4] (in)
                                                         a[4] (net)
                      0.016560    0.000000    0.808697 ^ input5/A (sky130_fd_sc_hd__clkdlybuf4s25_1)
     1    0.001983    0.026418    0.141770    0.950467 ^ input5/X (sky130_fd_sc_hd__clkdlybuf4s25_1)
                                                         net5 (net)
                      0.026418    0.000010    0.950477 ^ _206_/B (sky130_fd_sc_hd__and2_2)
     1    0.002243    0.023064    0.071524    1.022001 ^ _206_/X (sky130_fd_sc_hd__and2_2)
                                                         _015_ (net)
                      0.023064    0.000013    1.022014 ^ _309_/D (sky130_fd_sc_hd__dfxtp_2)
                                              1.022014   data arrival time

                                  0.000000    0.000000   clock clk (rise edge)
                                  0.000000    0.000000   clock source latency
     1    0.016644    0.060602    0.043347    0.043347 ^ clk (in)
                                                         clk (net)
                      0.060615    0.000000    0.043347 ^ clkbuf_0_clk/A (sky130_fd_sc_hd__clkbuf_16)
     4    0.038550    0.044273    0.109853    0.153200 ^ clkbuf_0_clk/X (sky130_fd_sc_hd__clkbuf_16)
                                                         clknet_0_clk (net)
                      0.044276    0.000386    0.153586 ^ clkbuf_2_0__f_clk/A (sky130_fd_sc_hd__clkbuf_16)
     8    0.029746    0.037930    0.099665    0.253251 ^ clkbuf_2_0__f_clk/X (sky130_fd_sc_hd__clkbuf_16)
                                                         clknet_2_0__leaf_clk (net)
                      0.037935    0.000488    0.253739 ^ _309_/CLK (sky130_fd_sc_hd__dfxtp_2)
                                  0.250000    0.503739   clock uncertainty
                                  0.000000    0.503739   clock reconvergence pessimism
                                 -0.016573    0.487166   library hold time
                                              0.487166   data required time
---------------------------------------------------------------------------------------------
                                              0.487166   data required time
                                             -1.022014   data arrival time
---------------------------------------------------------------------------------------------
                                              0.534848   slack (MET)


Startpoint: b[6] (input port clocked by clk)
Endpoint: _319_ (rising edge-triggered flip-flop clocked by clk)
Path Group: clk
Path Type: min

Fanout         Cap        Slew       Delay        Time   Description
---------------------------------------------------------------------------------------------
                                  0.000000    0.000000   clock clk (rise edge)
                                  0.000000    0.000000   clock network delay (propagated)
                                  0.800000    0.800000 ^ input external delay
     1    0.003518    0.016492    0.008655    0.808655 ^ b[6] (in)
                                                         b[6] (net)
                      0.016492    0.000000    0.808655 ^ input15/A (sky130_fd_sc_hd__clkdlybuf4s25_1)
     1    0.001949    0.026199    0.141579    0.950233 ^ input15/X (sky130_fd_sc_hd__clkdlybuf4s25_1)
                                                         net15 (net)
                      0.026199    0.000016    0.950249 ^ _216_/B (sky130_fd_sc_hd__and2_2)
     1    0.002639    0.024294    0.072761    1.023010 ^ _216_/X (sky130_fd_sc_hd__and2_2)
                                                         _025_ (net)
                      0.024294    0.000029    1.023038 ^ _319_/D (sky130_fd_sc_hd__dfxtp_2)
                                              1.023038   data arrival time

                                  0.000000    0.000000   clock clk (rise edge)
                                  0.000000    0.000000   clock source latency
     1    0.016644    0.060602    0.043347    0.043347 ^ clk (in)
                                                         clk (net)
                      0.060615    0.000000    0.043347 ^ clkbuf_0_clk/A (sky130_fd_sc_hd__clkbuf_16)
     4    0.038550    0.044273    0.109853    0.153200 ^ clkbuf_0_clk/X (sky130_fd_sc_hd__clkbuf_16)
                                                         clknet_0_clk (net)
                      0.044276    0.000386    0.153586 ^ clkbuf_2_0__f_clk/A (sky130_fd_sc_hd__clkbuf_16)
     8    0.029746    0.037930    0.099665    0.253251 ^ clkbuf_2_0__f_clk/X (sky130_fd_sc_hd__clkbuf_16)
                                                         clknet_2_0__leaf_clk (net)
                      0.037940    0.000613    0.253864 ^ _319_/CLK (sky130_fd_sc_hd__dfxtp_2)
                                  0.250000    0.503864   clock uncertainty
                                  0.000000    0.503864   clock reconvergence pessimism
                                 -0.016660    0.487204   library hold time
                                              0.487204   data required time
---------------------------------------------------------------------------------------------
                                              0.487204   data required time
                                             -1.023038   data arrival time
---------------------------------------------------------------------------------------------
                                              0.535834   slack (MET)


Startpoint: b[2] (input port clocked by clk)
Endpoint: _315_ (rising edge-triggered flip-flop clocked by clk)
Path Group: clk
Path Type: min

Fanout         Cap        Slew       Delay        Time   Description
---------------------------------------------------------------------------------------------
                                  0.000000    0.000000   clock clk (rise edge)
                                  0.000000    0.000000   clock network delay (propagated)
                                  0.800000    0.800000 ^ input external delay
     1    0.003521    0.016504    0.008664    0.808664 ^ b[2] (in)
                                                         b[2] (net)
                      0.016504    0.000000    0.808664 ^ input11/A (sky130_fd_sc_hd__clkdlybuf4s25_1)
     1    0.002364    0.028911    0.143723    0.952387 ^ input11/X (sky130_fd_sc_hd__clkdlybuf4s25_1)
                                                         net11 (net)
                      0.028911    0.000024    0.952411 ^ _212_/B (sky130_fd_sc_hd__and2_2)
     1    0.001921    0.022060    0.071069    1.023480 ^ _212_/X (sky130_fd_sc_hd__and2_2)
                                                         _021_ (net)
                      0.022060    0.000015    1.023495 ^ _315_/D (sky130_fd_sc_hd__dfxtp_2)
                                              1.023495   data arrival time

                                  0.000000    0.000000   clock clk (rise edge)
                                  0.000000    0.000000   clock source latency
     1    0.016644    0.060602    0.043347    0.043347 ^ clk (in)
                                                         clk (net)
                      0.060615    0.000000    0.043347 ^ clkbuf_0_clk/A (sky130_fd_sc_hd__clkbuf_16)
     4    0.038550    0.044273    0.109853    0.153200 ^ clkbuf_0_clk/X (sky130_fd_sc_hd__clkbuf_16)
                                                         clknet_0_clk (net)
                      0.044275    0.000364    0.153564 ^ clkbuf_2_3__f_clk/A (sky130_fd_sc_hd__clkbuf_16)
     8    0.030311    0.038318    0.100186    0.253750 ^ clkbuf_2_3__f_clk/X (sky130_fd_sc_hd__clkbuf_16)
                                                         clknet_2_3__leaf_clk (net)
                      0.038318    0.000226    0.253976 ^ _315_/CLK (sky130_fd_sc_hd__dfxtp_2)
                                  0.250000    0.503976   clock uncertainty
                                  0.000000    0.503976   clock reconvergence pessimism
                                 -0.016493    0.487482   library hold time
                                              0.487482   data required time
---------------------------------------------------------------------------------------------
                                              0.487482   data required time
                                             -1.023495   data arrival time
---------------------------------------------------------------------------------------------
                                              0.536013   slack (MET)


Startpoint: a[2] (input port clocked by clk)
Endpoint: _307_ (rising edge-triggered flip-flop clocked by clk)
Path Group: clk
Path Type: min

Fanout         Cap        Slew       Delay        Time   Description
---------------------------------------------------------------------------------------------
                                  0.000000    0.000000   clock clk (rise edge)
                                  0.000000    0.000000   clock network delay (propagated)
                                  0.800000    0.800000 ^ input external delay
     1    0.003765    0.017386    0.009276    0.809276 ^ a[2] (in)
                                                         a[2] (net)
                      0.017386    0.000000    0.809276 ^ input3/A (sky130_fd_sc_hd__clkdlybuf4s25_1)
     1    0.001997    0.026512    0.142055    0.951330 ^ input3/X (sky130_fd_sc_hd__clkdlybuf4s25_1)
                                                         net3 (net)
                      0.026512    0.000017    0.951347 ^ _204_/B (sky130_fd_sc_hd__and2_2)
     1    0.002509    0.023890    0.072411    1.023758 ^ _204_/X (sky130_fd_sc_hd__and2_2)
                                                         _013_ (net)
                      0.023890    0.000026    1.023784 ^ _307_/D (sky130_fd_sc_hd__dfxtp_2)
                                              1.023784   data arrival time

                                  0.000000    0.000000   clock clk (rise edge)
                                  0.000000    0.000000   clock source latency
     1    0.016644    0.060602    0.043347    0.043347 ^ clk (in)
                                                         clk (net)
                      0.060615    0.000000    0.043347 ^ clkbuf_0_clk/A (sky130_fd_sc_hd__clkbuf_16)
     4    0.038550    0.044273    0.109853    0.153200 ^ clkbuf_0_clk/X (sky130_fd_sc_hd__clkbuf_16)
                                                         clknet_0_clk (net)
                      0.044275    0.000364    0.153564 ^ clkbuf_2_3__f_clk/A (sky130_fd_sc_hd__clkbuf_16)
     8    0.030311    0.038318    0.100186    0.253750 ^ clkbuf_2_3__f_clk/X (sky130_fd_sc_hd__clkbuf_16)
                                                         clknet_2_3__leaf_clk (net)
                      0.038318    0.000209    0.253959 ^ _307_/CLK (sky130_fd_sc_hd__dfxtp_2)
                                  0.250000    0.503959   clock uncertainty
                                  0.000000    0.503959   clock reconvergence pessimism
                                 -0.016623    0.487336   library hold time
                                              0.487336   data required time
---------------------------------------------------------------------------------------------
                                              0.487336   data required time
                                             -1.023784   data arrival time
---------------------------------------------------------------------------------------------
                                              0.536448   slack (MET)


Startpoint: a[3] (input port clocked by clk)
Endpoint: _308_ (rising edge-triggered flip-flop clocked by clk)
Path Group: clk
Path Type: min

Fanout         Cap        Slew       Delay        Time   Description
---------------------------------------------------------------------------------------------
                                  0.000000    0.000000   clock clk (rise edge)
                                  0.000000    0.000000   clock network delay (propagated)
                                  0.800000    0.800000 ^ input external delay
     1    0.003539    0.016568    0.008703    0.808703 ^ a[3] (in)
                                                         a[3] (net)
                      0.016568    0.000000    0.808703 ^ input4/A (sky130_fd_sc_hd__clkdlybuf4s25_1)
     1    0.002323    0.028642    0.143527    0.952230 ^ input4/X (sky130_fd_sc_hd__clkdlybuf4s25_1)
                                                         net4 (net)
                      0.028642    0.000021    0.952251 ^ _205_/B (sky130_fd_sc_hd__and2_2)
     1    0.002491    0.023835    0.072864    1.025116 ^ _205_/X (sky130_fd_sc_hd__and2_2)
                                                         _014_ (net)
                      0.023835    0.000016    1.025132 ^ _308_/D (sky130_fd_sc_hd__dfxtp_2)
                                              1.025132   data arrival time

                                  0.000000    0.000000   clock clk (rise edge)
                                  0.000000    0.000000   clock source latency
     1    0.016644    0.060602    0.043347    0.043347 ^ clk (in)
                                                         clk (net)
                      0.060615    0.000000    0.043347 ^ clkbuf_0_clk/A (sky130_fd_sc_hd__clkbuf_16)
     4    0.038550    0.044273    0.109853    0.153200 ^ clkbuf_0_clk/X (sky130_fd_sc_hd__clkbuf_16)
                                                         clknet_0_clk (net)
                      0.044275    0.000364    0.153564 ^ clkbuf_2_3__f_clk/A (sky130_fd_sc_hd__clkbuf_16)
     8    0.030311    0.038318    0.100186    0.253750 ^ clkbuf_2_3__f_clk/X (sky130_fd_sc_hd__clkbuf_16)
                                                         clknet_2_3__leaf_clk (net)
                      0.038318    0.000240    0.253990 ^ _308_/CLK (sky130_fd_sc_hd__dfxtp_2)
                                  0.250000    0.503990   clock uncertainty
                                  0.000000    0.503990   clock reconvergence pessimism
                                 -0.016619    0.487371   library hold time
                                              0.487371   data required time
---------------------------------------------------------------------------------------------
                                              0.487371   data required time
                                             -1.025132   data arrival time
---------------------------------------------------------------------------------------------
                                              0.537761   slack (MET)


Startpoint: a[1] (input port clocked by clk)
Endpoint: _306_ (rising edge-triggered flip-flop clocked by clk)
Path Group: clk
Path Type: min

Fanout         Cap        Slew       Delay        Time   Description
---------------------------------------------------------------------------------------------
                                  0.000000    0.000000   clock clk (rise edge)
                                  0.000000    0.000000   clock network delay (propagated)
                                  0.800000    0.800000 ^ input external delay
     1    0.003521    0.016504    0.008664    0.808664 ^ a[1] (in)
                                                         a[1] (net)
                      0.016504    0.000000    0.808664 ^ input2/A (sky130_fd_sc_hd__clkdlybuf4s25_1)
     1    0.002611    0.030530    0.145000    0.953664 ^ input2/X (sky130_fd_sc_hd__clkdlybuf4s25_1)
                                                         net2 (net)
                      0.030530    0.000027    0.953691 ^ _203_/B (sky130_fd_sc_hd__and2_2)
     1    0.002064    0.022508    0.071926    1.025617 ^ _203_/X (sky130_fd_sc_hd__and2_2)
                                                         _012_ (net)
                      0.022508    0.000009    1.025626 ^ _306_/D (sky130_fd_sc_hd__dfxtp_2)
                                              1.025626   data arrival time

                                  0.000000    0.000000   clock clk (rise edge)
                                  0.000000    0.000000   clock source latency
     1    0.016644    0.060602    0.043347    0.043347 ^ clk (in)
                                                         clk (net)
                      0.060615    0.000000    0.043347 ^ clkbuf_0_clk/A (sky130_fd_sc_hd__clkbuf_16)
     4    0.038550    0.044273    0.109853    0.153200 ^ clkbuf_0_clk/X (sky130_fd_sc_hd__clkbuf_16)
                                                         clknet_0_clk (net)
                      0.044275    0.000364    0.153564 ^ clkbuf_2_3__f_clk/A (sky130_fd_sc_hd__clkbuf_16)
     8    0.030311    0.038318    0.100186    0.253750 ^ clkbuf_2_3__f_clk/X (sky130_fd_sc_hd__clkbuf_16)
                                                         clknet_2_3__leaf_clk (net)
                      0.038319    0.000258    0.254008 ^ _306_/CLK (sky130_fd_sc_hd__dfxtp_2)
                                  0.250000    0.504008   clock uncertainty
                                  0.000000    0.504008   clock reconvergence pessimism
                                 -0.016525    0.487483   library hold time
                                              0.487483   data required time
---------------------------------------------------------------------------------------------
                                              0.487483   data required time
                                             -1.025626   data arrival time
---------------------------------------------------------------------------------------------
                                              0.538143   slack (MET)


Startpoint: b[5] (input port clocked by clk)
Endpoint: _318_ (rising edge-triggered flip-flop clocked by clk)
Path Group: clk
Path Type: min

Fanout         Cap        Slew       Delay        Time   Description
---------------------------------------------------------------------------------------------
                                  0.000000    0.000000   clock clk (rise edge)
                                  0.000000    0.000000   clock network delay (propagated)
                                  0.800000    0.800000 ^ input external delay
     1    0.003645    0.016951    0.008963    0.808963 ^ b[5] (in)
                                                         b[5] (net)
                      0.016951    0.000000    0.808963 ^ input14/A (sky130_fd_sc_hd__clkdlybuf4s25_1)
     1    0.002458    0.029526    0.144323    0.953286 ^ input14/X (sky130_fd_sc_hd__clkdlybuf4s25_1)
                                                         net14 (net)
                      0.029526    0.000023    0.953309 ^ _215_/B (sky130_fd_sc_hd__and2_2)
     1    0.002358    0.023423    0.072645    1.025954 ^ _215_/X (sky130_fd_sc_hd__and2_2)
                                                         _024_ (net)
                      0.023423    0.000014    1.025968 ^ _318_/D (sky130_fd_sc_hd__dfxtp_2)
                                              1.025968   data arrival time

                                  0.000000    0.000000   clock clk (rise edge)
                                  0.000000    0.000000   clock source latency
     1    0.016644    0.060602    0.043347    0.043347 ^ clk (in)
                                                         clk (net)
                      0.060615    0.000000    0.043347 ^ clkbuf_0_clk/A (sky130_fd_sc_hd__clkbuf_16)
     4    0.038550    0.044273    0.109853    0.153200 ^ clkbuf_0_clk/X (sky130_fd_sc_hd__clkbuf_16)
                                                         clknet_0_clk (net)
                      0.044276    0.000386    0.153586 ^ clkbuf_2_0__f_clk/A (sky130_fd_sc_hd__clkbuf_16)
     8    0.029746    0.037930    0.099665    0.253251 ^ clkbuf_2_0__f_clk/X (sky130_fd_sc_hd__clkbuf_16)
                                                         clknet_2_0__leaf_clk (net)
                      0.037935    0.000475    0.253726 ^ _318_/CLK (sky130_fd_sc_hd__dfxtp_2)
                                  0.250000    0.503726   clock uncertainty
                                  0.000000    0.503726   clock reconvergence pessimism
                                 -0.016599    0.487127   library hold time
                                              0.487127   data required time
---------------------------------------------------------------------------------------------
                                              0.487127   data required time
                                             -1.025968   data arrival time
---------------------------------------------------------------------------------------------
                                              0.538841   slack (MET)


Startpoint: b[1] (input port clocked by clk)
Endpoint: _314_ (rising edge-triggered flip-flop clocked by clk)
Path Group: clk
Path Type: min

Fanout         Cap        Slew       Delay        Time   Description
---------------------------------------------------------------------------------------------
                                  0.000000    0.000000   clock clk (rise edge)
                                  0.000000    0.000000   clock network delay (propagated)
                                  0.800000    0.800000 ^ input external delay
     1    0.003763    0.017379    0.009271    0.809271 ^ b[1] (in)
                                                         b[1] (net)
                      0.017379    0.000000    0.809271 ^ input10/A (sky130_fd_sc_hd__clkdlybuf4s25_1)
     1    0.001990    0.026461    0.142013    0.951284 ^ input10/X (sky130_fd_sc_hd__clkdlybuf4s25_1)
                                                         net10 (net)
                      0.026461    0.000017    0.951300 ^ _211_/B (sky130_fd_sc_hd__and2_2)
     1    0.002057    0.022486    0.070928    1.022228 ^ _211_/X (sky130_fd_sc_hd__and2_2)
                                                         _020_ (net)
                      0.022486    0.000017    1.022245 ^ _314_/D (sky130_fd_sc_hd__dfxtp_2)
                                              1.022245   data arrival time

                                  0.000000    0.000000   clock clk (rise edge)
                                  0.000000    0.000000   clock source latency
     1    0.016644    0.060602    0.043347    0.043347 ^ clk (in)
                                                         clk (net)
                      0.060615    0.000000    0.043347 ^ clkbuf_0_clk/A (sky130_fd_sc_hd__clkbuf_16)
     4    0.038550    0.044273    0.109853    0.153200 ^ clkbuf_0_clk/X (sky130_fd_sc_hd__clkbuf_16)
                                                         clknet_0_clk (net)
                      0.044276    0.000374    0.153574 ^ clkbuf_2_2__f_clk/A (sky130_fd_sc_hd__clkbuf_16)
     8    0.023529    0.033556    0.095214    0.248788 ^ clkbuf_2_2__f_clk/X (sky130_fd_sc_hd__clkbuf_16)
                                                         clknet_2_2__leaf_clk (net)
                      0.033567    0.000537    0.249325 ^ _314_/CLK (sky130_fd_sc_hd__dfxtp_2)
                                  0.250000    0.499325   clock uncertainty
                                  0.000000    0.499325   clock reconvergence pessimism
                                 -0.016636    0.482689   library hold time
                                              0.482689   data required time
---------------------------------------------------------------------------------------------
                                              0.482689   data required time
                                             -1.022245   data arrival time
---------------------------------------------------------------------------------------------
                                              0.539557   slack (MET)


Startpoint: a[6] (input port clocked by clk)
Endpoint: _311_ (rising edge-triggered flip-flop clocked by clk)
Path Group: clk
Path Type: min

Fanout         Cap        Slew       Delay        Time   Description
---------------------------------------------------------------------------------------------
                                  0.000000    0.000000   clock clk (rise edge)
                                  0.000000    0.000000   clock network delay (propagated)
                                  0.800000    0.800000 ^ input external delay
     1    0.003580    0.016717    0.008810    0.808810 ^ a[6] (in)
                                                         a[6] (net)
                      0.016717    0.000000    0.808810 ^ input7/A (sky130_fd_sc_hd__clkdlybuf4s25_1)
     1    0.002401    0.029150    0.143966    0.952777 ^ input7/X (sky130_fd_sc_hd__clkdlybuf4s25_1)
                                                         net7 (net)
                      0.029150    0.000023    0.952799 ^ _208_/B (sky130_fd_sc_hd__and2_2)
     1    0.002933    0.025208    0.074424    1.027223 ^ _208_/X (sky130_fd_sc_hd__and2_2)
                                                         _017_ (net)
                      0.025208    0.000034    1.027257 ^ _311_/D (sky130_fd_sc_hd__dfxtp_2)
                                              1.027257   data arrival time

                                  0.000000    0.000000   clock clk (rise edge)
                                  0.000000    0.000000   clock source latency
     1    0.016644    0.060602    0.043347    0.043347 ^ clk (in)
                                                         clk (net)
                      0.060615    0.000000    0.043347 ^ clkbuf_0_clk/A (sky130_fd_sc_hd__clkbuf_16)
     4    0.038550    0.044273    0.109853    0.153200 ^ clkbuf_0_clk/X (sky130_fd_sc_hd__clkbuf_16)
                                                         clknet_0_clk (net)
                      0.044276    0.000386    0.153586 ^ clkbuf_2_0__f_clk/A (sky130_fd_sc_hd__clkbuf_16)
     8    0.029746    0.037930    0.099665    0.253251 ^ clkbuf_2_0__f_clk/X (sky130_fd_sc_hd__clkbuf_16)
                                                         clknet_2_0__leaf_clk (net)
                      0.037942    0.000669    0.253920 ^ _311_/CLK (sky130_fd_sc_hd__dfxtp_2)
                                  0.250000    0.503920   clock uncertainty
                                  0.000000    0.503920   clock reconvergence pessimism
                                 -0.016725    0.487195   library hold time
                                              0.487195   data required time
---------------------------------------------------------------------------------------------
                                              0.487195   data required time
                                             -1.027257   data arrival time
---------------------------------------------------------------------------------------------
                                              0.540063   slack (MET)


Startpoint: b[7] (input port clocked by clk)
Endpoint: _320_ (rising edge-triggered flip-flop clocked by clk)
Path Group: clk
Path Type: min

Fanout         Cap        Slew       Delay        Time   Description
---------------------------------------------------------------------------------------------
                                  0.000000    0.000000   clock clk (rise edge)
                                  0.000000    0.000000   clock network delay (propagated)
                                  0.800000    0.800000 ^ input external delay
     1    0.003444    0.016227    0.008471    0.808471 ^ b[7] (in)
                                                         b[7] (net)
                      0.016227    0.000000    0.808471 ^ input16/A (sky130_fd_sc_hd__clkdlybuf4s25_1)
     1    0.002821    0.031914    0.146009    0.954481 ^ input16/X (sky130_fd_sc_hd__clkdlybuf4s25_1)
                                                         net16 (net)
                      0.031914    0.000033    0.954514 ^ _217_/B (sky130_fd_sc_hd__and2_2)
     1    0.002398    0.023546    0.073341    1.027855 ^ _217_/X (sky130_fd_sc_hd__and2_2)
                                                         _026_ (net)
                      0.023546    0.000024    1.027878 ^ _320_/D (sky130_fd_sc_hd__dfxtp_2)
                                              1.027878   data arrival time

                                  0.000000    0.000000   clock clk (rise edge)
                                  0.000000    0.000000   clock source latency
     1    0.016644    0.060602    0.043347    0.043347 ^ clk (in)
                                                         clk (net)
                      0.060615    0.000000    0.043347 ^ clkbuf_0_clk/A (sky130_fd_sc_hd__clkbuf_16)
     4    0.038550    0.044273    0.109853    0.153200 ^ clkbuf_0_clk/X (sky130_fd_sc_hd__clkbuf_16)
                                                         clknet_0_clk (net)
                      0.044276    0.000386    0.153586 ^ clkbuf_2_0__f_clk/A (sky130_fd_sc_hd__clkbuf_16)
     8    0.029746    0.037930    0.099665    0.253251 ^ clkbuf_2_0__f_clk/X (sky130_fd_sc_hd__clkbuf_16)
                                                         clknet_2_0__leaf_clk (net)
                      0.037948    0.000789    0.254040 ^ _320_/CLK (sky130_fd_sc_hd__dfxtp_2)
                                  0.250000    0.504040   clock uncertainty
                                  0.000000    0.504040   clock reconvergence pessimism
                                 -0.016607    0.487433   library hold time
                                              0.487433   data required time
---------------------------------------------------------------------------------------------
                                              0.487433   data required time
                                             -1.027878   data arrival time
---------------------------------------------------------------------------------------------
                                              0.540446   slack (MET)


Startpoint: a[5] (input port clocked by clk)
Endpoint: _310_ (rising edge-triggered flip-flop clocked by clk)
Path Group: clk
Path Type: min

Fanout         Cap        Slew       Delay        Time   Description
---------------------------------------------------------------------------------------------
                                  0.000000    0.000000   clock clk (rise edge)
                                  0.000000    0.000000   clock network delay (propagated)
                                  0.800000    0.800000 ^ input external delay
     1    0.003645    0.016951    0.008963    0.808963 ^ a[5] (in)
                                                         a[5] (net)
                      0.016951    0.000000    0.808963 ^ input6/A (sky130_fd_sc_hd__clkdlybuf4s25_1)
     1    0.002768    0.031561    0.145923    0.954886 ^ input6/X (sky130_fd_sc_hd__clkdlybuf4s25_1)
                                                         net6 (net)
                      0.031561    0.000029    0.954915 ^ _207_/B (sky130_fd_sc_hd__and2_2)
     1    0.002473    0.023781    0.073503    1.028418 ^ _207_/X (sky130_fd_sc_hd__and2_2)
                                                         _016_ (net)
                      0.023781    0.000024    1.028442 ^ _310_/D (sky130_fd_sc_hd__dfxtp_2)
                                              1.028442   data arrival time

                                  0.000000    0.000000   clock clk (rise edge)
                                  0.000000    0.000000   clock source latency
     1    0.016644    0.060602    0.043347    0.043347 ^ clk (in)
                                                         clk (net)
                      0.060615    0.000000    0.043347 ^ clkbuf_0_clk/A (sky130_fd_sc_hd__clkbuf_16)
     4    0.038550    0.044273    0.109853    0.153200 ^ clkbuf_0_clk/X (sky130_fd_sc_hd__clkbuf_16)
                                                         clknet_0_clk (net)
                      0.044276    0.000386    0.153586 ^ clkbuf_2_0__f_clk/A (sky130_fd_sc_hd__clkbuf_16)
     8    0.029746    0.037930    0.099665    0.253251 ^ clkbuf_2_0__f_clk/X (sky130_fd_sc_hd__clkbuf_16)
                                                         clknet_2_0__leaf_clk (net)
                      0.037934    0.000440    0.253691 ^ _310_/CLK (sky130_fd_sc_hd__dfxtp_2)
                                  0.250000    0.503691   clock uncertainty
                                  0.000000    0.503691   clock reconvergence pessimism
                                 -0.016624    0.487067   library hold time
                                              0.487067   data required time
---------------------------------------------------------------------------------------------
                                              0.487067   data required time
                                             -1.028442   data arrival time
---------------------------------------------------------------------------------------------
                                              0.541375   slack (MET)


Startpoint: a[7] (input port clocked by clk)
Endpoint: _312_ (rising edge-triggered flip-flop clocked by clk)
Path Group: clk
Path Type: min

Fanout         Cap        Slew       Delay        Time   Description
---------------------------------------------------------------------------------------------
                                  0.000000    0.000000   clock clk (rise edge)
                                  0.000000    0.000000   clock network delay (propagated)
                                  0.800000    0.800000 ^ input external delay
     1    0.003427    0.016165    0.008428    0.808428 ^ a[7] (in)
                                                         a[7] (net)
                      0.016165    0.000000    0.808428 ^ input8/A (sky130_fd_sc_hd__clkdlybuf4s25_1)
     1    0.002839    0.032035    0.146087    0.954515 ^ input8/X (sky130_fd_sc_hd__clkdlybuf4s25_1)
                                                         net8 (net)
                      0.032035    0.000032    0.954547 ^ _209_/B (sky130_fd_sc_hd__and2_2)
     1    0.002698    0.024478    0.074347    1.028894 ^ _209_/X (sky130_fd_sc_hd__and2_2)
                                                         _018_ (net)
                      0.024478    0.000028    1.028922 ^ _312_/D (sky130_fd_sc_hd__dfxtp_2)
                                              1.028922   data arrival time

                                  0.000000    0.000000   clock clk (rise edge)
                                  0.000000    0.000000   clock source latency
     1    0.016644    0.060602    0.043347    0.043347 ^ clk (in)
                                                         clk (net)
                      0.060615    0.000000    0.043347 ^ clkbuf_0_clk/A (sky130_fd_sc_hd__clkbuf_16)
     4    0.038550    0.044273    0.109853    0.153200 ^ clkbuf_0_clk/X (sky130_fd_sc_hd__clkbuf_16)
                                                         clknet_0_clk (net)
                      0.044276    0.000386    0.153586 ^ clkbuf_2_0__f_clk/A (sky130_fd_sc_hd__clkbuf_16)
     8    0.029746    0.037930    0.099665    0.253251 ^ clkbuf_2_0__f_clk/X (sky130_fd_sc_hd__clkbuf_16)
                                                         clknet_2_0__leaf_clk (net)
                      0.037947    0.000767    0.254018 ^ _312_/CLK (sky130_fd_sc_hd__dfxtp_2)
                                  0.250000    0.504018   clock uncertainty
                                  0.000000    0.504018   clock reconvergence pessimism
                                 -0.016673    0.487345   library hold time
                                              0.487345   data required time
---------------------------------------------------------------------------------------------
                                              0.487345   data required time
                                             -1.028922   data arrival time
---------------------------------------------------------------------------------------------
                                              0.541577   slack (MET)


Startpoint: op[1] (input port clocked by clk)
Endpoint: _322_ (rising edge-triggered flip-flop clocked by clk)
Path Group: clk
Path Type: min

Fanout         Cap        Slew       Delay        Time   Description
---------------------------------------------------------------------------------------------
                                  0.000000    0.000000   clock clk (rise edge)
                                  0.000000    0.000000   clock network delay (propagated)
                                  0.800000    0.800000 ^ input external delay
     1    0.003592    0.016761    0.008835    0.808835 ^ op[1] (in)
                                                         op[1] (net)
                      0.016761    0.000000    0.808835 ^ input18/A (sky130_fd_sc_hd__clkdlybuf4s25_1)
     1    0.002139    0.027439    0.142626    0.951461 ^ input18/X (sky130_fd_sc_hd__clkdlybuf4s25_1)
                                                         net18 (net)
                      0.027439    0.000019    0.951480 ^ _219_/B (sky130_fd_sc_hd__and2_2)
     1    0.002827    0.024878    0.073669    1.025149 ^ _219_/X (sky130_fd_sc_hd__and2_2)
                                                         _028_ (net)
                      0.024878    0.000032    1.025181 ^ _322_/D (sky130_fd_sc_hd__dfxtp_4)
                                              1.025181   data arrival time

                                  0.000000    0.000000   clock clk (rise edge)
                                  0.000000    0.000000   clock source latency
     1    0.016644    0.060602    0.043347    0.043347 ^ clk (in)
                                                         clk (net)
                      0.060615    0.000000    0.043347 ^ clkbuf_0_clk/A (sky130_fd_sc_hd__clkbuf_16)
     4    0.038550    0.044273    0.109853    0.153200 ^ clkbuf_0_clk/X (sky130_fd_sc_hd__clkbuf_16)
                                                         clknet_0_clk (net)
                      0.044276    0.000374    0.153574 ^ clkbuf_2_2__f_clk/A (sky130_fd_sc_hd__clkbuf_16)
     8    0.023529    0.033556    0.095214    0.248788 ^ clkbuf_2_2__f_clk/X (sky130_fd_sc_hd__clkbuf_16)
                                                         clknet_2_2__leaf_clk (net)
                      0.033560    0.000370    0.249157 ^ _322_/CLK (sky130_fd_sc_hd__dfxtp_4)
                                  0.250000    0.499157   clock uncertainty
                                  0.000000    0.499157   clock reconvergence pessimism
                                 -0.015738    0.483420   library hold time
                                              0.483420   data required time
---------------------------------------------------------------------------------------------
                                              0.483420   data required time
                                             -1.025181   data arrival time
---------------------------------------------------------------------------------------------
                                              0.541761   slack (MET)


Startpoint: op[2] (input port clocked by clk)
Endpoint: _323_ (rising edge-triggered flip-flop clocked by clk)
Path Group: clk
Path Type: min

Fanout         Cap        Slew       Delay        Time   Description
---------------------------------------------------------------------------------------------
                                  0.000000    0.000000   clock clk (rise edge)
                                  0.000000    0.000000   clock network delay (propagated)
                                  0.800000    0.800000 ^ input external delay
     1    0.003842    0.017656    0.009452    0.809452 ^ op[2] (in)
                                                         op[2] (net)
                      0.017656    0.000000    0.809452 ^ input19/A (sky130_fd_sc_hd__clkdlybuf4s25_1)
     1    0.002037    0.026769    0.142326    0.951779 ^ input19/X (sky130_fd_sc_hd__clkdlybuf4s25_1)
                                                         net19 (net)
                      0.026769    0.000017    0.951796 ^ _220_/B (sky130_fd_sc_hd__and2_2)
     1    0.003044    0.025556    0.074216    1.026012 ^ _220_/X (sky130_fd_sc_hd__and2_2)
                                                         _029_ (net)
                      0.025556    0.000034    1.026046 ^ _323_/D (sky130_fd_sc_hd__dfxtp_4)
                                              1.026046   data arrival time

                                  0.000000    0.000000   clock clk (rise edge)
                                  0.000000    0.000000   clock source latency
     1    0.016644    0.060602    0.043347    0.043347 ^ clk (in)
                                                         clk (net)
                      0.060615    0.000000    0.043347 ^ clkbuf_0_clk/A (sky130_fd_sc_hd__clkbuf_16)
     4    0.038550    0.044273    0.109853    0.153200 ^ clkbuf_0_clk/X (sky130_fd_sc_hd__clkbuf_16)
                                                         clknet_0_clk (net)
                      0.044276    0.000374    0.153574 ^ clkbuf_2_2__f_clk/A (sky130_fd_sc_hd__clkbuf_16)
     8    0.023529    0.033556    0.095214    0.248788 ^ clkbuf_2_2__f_clk/X (sky130_fd_sc_hd__clkbuf_16)
                                                         clknet_2_2__leaf_clk (net)
                      0.033562    0.000414    0.249202 ^ _323_/CLK (sky130_fd_sc_hd__dfxtp_4)
                                  0.250000    0.499202   clock uncertainty
                                  0.000000    0.499202   clock reconvergence pessimism
                                 -0.015787    0.483415   library hold time
                                              0.483415   data required time
---------------------------------------------------------------------------------------------
                                              0.483415   data required time
                                             -1.026046   data arrival time
---------------------------------------------------------------------------------------------
                                              0.542631   slack (MET)


Startpoint: op[0] (input port clocked by clk)
Endpoint: _321_ (rising edge-triggered flip-flop clocked by clk)
Path Group: clk
Path Type: min

Fanout         Cap        Slew       Delay        Time   Description
---------------------------------------------------------------------------------------------
                                  0.000000    0.000000   clock clk (rise edge)
                                  0.000000    0.000000   clock network delay (propagated)
                                  0.800000    0.800000 ^ input external delay
     1    0.003684    0.017091    0.009065    0.809065 ^ op[0] (in)
                                                         op[0] (net)
                      0.017091    0.000000    0.809065 ^ input17/A (sky130_fd_sc_hd__clkdlybuf4s25_1)
     1    0.002125    0.027349    0.142640    0.951705 ^ input17/X (sky130_fd_sc_hd__clkdlybuf4s25_1)
                                                         net17 (net)
                      0.027349    0.000019    0.951724 ^ _218_/B (sky130_fd_sc_hd__and2_2)
     1    0.002745    0.024623    0.073381    1.025104 ^ _218_/X (sky130_fd_sc_hd__and2_2)
                                                         _027_ (net)
                      0.024623    0.000028    1.025132 ^ _321_/D (sky130_fd_sc_hd__dfxtp_2)
                                              1.025132   data arrival time

                                  0.000000    0.000000   clock clk (rise edge)
                                  0.000000    0.000000   clock source latency
     1    0.016644    0.060602    0.043347    0.043347 ^ clk (in)
                                                         clk (net)
                      0.060615    0.000000    0.043347 ^ clkbuf_0_clk/A (sky130_fd_sc_hd__clkbuf_16)
     4    0.038550    0.044273    0.109853    0.153200 ^ clkbuf_0_clk/X (sky130_fd_sc_hd__clkbuf_16)
                                                         clknet_0_clk (net)
                      0.044276    0.000374    0.153574 ^ clkbuf_2_2__f_clk/A (sky130_fd_sc_hd__clkbuf_16)
     8    0.023529    0.033556    0.095214    0.248788 ^ clkbuf_2_2__f_clk/X (sky130_fd_sc_hd__clkbuf_16)
                                                         clknet_2_2__leaf_clk (net)
                      0.033561    0.000408    0.249196 ^ _321_/CLK (sky130_fd_sc_hd__dfxtp_2)
                                  0.250000    0.499196   clock uncertainty
                                  0.000000    0.499196   clock reconvergence pessimism
                                 -0.016788    0.482408   library hold time
                                              0.482408   data required time
---------------------------------------------------------------------------------------------
                                              0.482408   data required time
                                             -1.025132   data arrival time
---------------------------------------------------------------------------------------------
                                              0.542724   slack (MET)


Startpoint: b[4] (input port clocked by clk)
Endpoint: _317_ (rising edge-triggered flip-flop clocked by clk)
Path Group: clk
Path Type: min

Fanout         Cap        Slew       Delay        Time   Description
---------------------------------------------------------------------------------------------
                                  0.000000    0.000000   clock clk (rise edge)
                                  0.000000    0.000000   clock network delay (propagated)
                                  0.800000    0.800000 ^ input external delay
     1    0.003681    0.017081    0.009059    0.809059 ^ b[4] (in)
                                                         b[4] (net)
                      0.017081    0.000000    0.809059 ^ input13/A (sky130_fd_sc_hd__clkdlybuf4s25_1)
     1    0.002324    0.028652    0.143666    0.952725 ^ input13/X (sky130_fd_sc_hd__clkdlybuf4s25_1)
                                                         net13 (net)
                      0.028652    0.000022    0.952746 ^ _214_/B (sky130_fd_sc_hd__and2_2)
     1    0.002487    0.023823    0.072854    1.025601 ^ _214_/X (sky130_fd_sc_hd__and2_2)
                                                         _023_ (net)
                      0.023823    0.000017    1.025617 ^ _317_/D (sky130_fd_sc_hd__dfxtp_2)
                                              1.025617   data arrival time

                                  0.000000    0.000000   clock clk (rise edge)
                                  0.000000    0.000000   clock source latency
     1    0.016644    0.060602    0.043347    0.043347 ^ clk (in)
                                                         clk (net)
                      0.060615    0.000000    0.043347 ^ clkbuf_0_clk/A (sky130_fd_sc_hd__clkbuf_16)
     4    0.038550    0.044273    0.109853    0.153200 ^ clkbuf_0_clk/X (sky130_fd_sc_hd__clkbuf_16)
                                                         clknet_0_clk (net)
                      0.044276    0.000374    0.153574 ^ clkbuf_2_2__f_clk/A (sky130_fd_sc_hd__clkbuf_16)
     8    0.023529    0.033556    0.095214    0.248788 ^ clkbuf_2_2__f_clk/X (sky130_fd_sc_hd__clkbuf_16)
                                                         clknet_2_2__leaf_clk (net)
                      0.033562    0.000425    0.249213 ^ _317_/CLK (sky130_fd_sc_hd__dfxtp_2)
                                  0.250000    0.499213   clock uncertainty
                                  0.000000    0.499213   clock reconvergence pessimism
                                 -0.016731    0.482482   library hold time
                                              0.482482   data required time
---------------------------------------------------------------------------------------------
                                              0.482482   data required time
                                             -1.025617   data arrival time
---------------------------------------------------------------------------------------------
                                              0.543136   slack (MET)


Startpoint: a[0] (input port clocked by clk)
Endpoint: _305_ (rising edge-triggered flip-flop clocked by clk)
Path Group: clk
Path Type: min

Fanout         Cap        Slew       Delay        Time   Description
---------------------------------------------------------------------------------------------
                                  0.000000    0.000000   clock clk (rise edge)
                                  0.000000    0.000000   clock network delay (propagated)
                                  0.800000    0.800000 ^ input external delay
     1    0.003536    0.016559    0.008697    0.808697 ^ a[0] (in)
                                                         a[0] (net)
                      0.016560    0.000000    0.808697 ^ input1/A (sky130_fd_sc_hd__clkdlybuf4s25_1)
     1    0.002623    0.030604    0.145073    0.953770 ^ input1/X (sky130_fd_sc_hd__clkdlybuf4s25_1)
                                                         net1 (net)
                      0.030604    0.000027    0.953796 ^ _202_/B (sky130_fd_sc_hd__and2_2)
     1    0.002147    0.022765    0.072213    1.026009 ^ _202_/X (sky130_fd_sc_hd__and2_2)
                                                         _011_ (net)
                      0.022765    0.000011    1.026020 ^ _305_/D (sky130_fd_sc_hd__dfxtp_2)
                                              1.026020   data arrival time

                                  0.000000    0.000000   clock clk (rise edge)
                                  0.000000    0.000000   clock source latency
     1    0.016644    0.060602    0.043347    0.043347 ^ clk (in)
                                                         clk (net)
                      0.060615    0.000000    0.043347 ^ clkbuf_0_clk/A (sky130_fd_sc_hd__clkbuf_16)
     4    0.038550    0.044273    0.109853    0.153200 ^ clkbuf_0_clk/X (sky130_fd_sc_hd__clkbuf_16)
                                                         clknet_0_clk (net)
                      0.044276    0.000374    0.153574 ^ clkbuf_2_2__f_clk/A (sky130_fd_sc_hd__clkbuf_16)
     8    0.023529    0.033556    0.095214    0.248788 ^ clkbuf_2_2__f_clk/X (sky130_fd_sc_hd__clkbuf_16)
                                                         clknet_2_2__leaf_clk (net)
                      0.033562    0.000418    0.249206 ^ _305_/CLK (sky130_fd_sc_hd__dfxtp_2)
                                  0.250000    0.499206   clock uncertainty
                                  0.000000    0.499206   clock reconvergence pessimism
                                 -0.016656    0.482550   library hold time
                                              0.482550   data required time
---------------------------------------------------------------------------------------------
                                              0.482550   data required time
                                             -1.026020   data arrival time
---------------------------------------------------------------------------------------------
                                              0.543471   slack (MET)


Startpoint: b[3] (input port clocked by clk)
Endpoint: _316_ (rising edge-triggered flip-flop clocked by clk)
Path Group: clk
Path Type: min

Fanout         Cap        Slew       Delay        Time   Description
---------------------------------------------------------------------------------------------
                                  0.000000    0.000000   clock clk (rise edge)
                                  0.000000    0.000000   clock network delay (propagated)
                                  0.800000    0.800000 ^ input external delay
     1    0.003643    0.016946    0.008963    0.808963 ^ b[3] (in)
                                                         b[3] (net)
                      0.016946    0.000000    0.808963 ^ input12/A (sky130_fd_sc_hd__clkdlybuf4s25_1)
     1    0.002169    0.027633    0.142827    0.951790 ^ input12/X (sky130_fd_sc_hd__clkdlybuf4s25_1)
                                                         net12 (net)
                      0.027633    0.000019    0.951809 ^ _213_/B (sky130_fd_sc_hd__and2_2)
     1    0.003103    0.025740    0.074615    1.026424 ^ _213_/X (sky130_fd_sc_hd__and2_2)
                                                         _022_ (net)
                      0.025740    0.000035    1.026459 ^ _316_/D (sky130_fd_sc_hd__dfxtp_2)
                                              1.026459   data arrival time

                                  0.000000    0.000000   clock clk (rise edge)
                                  0.000000    0.000000   clock source latency
     1    0.016644    0.060602    0.043347    0.043347 ^ clk (in)
                                                         clk (net)
                      0.060615    0.000000    0.043347 ^ clkbuf_0_clk/A (sky130_fd_sc_hd__clkbuf_16)
     4    0.038550    0.044273    0.109853    0.153200 ^ clkbuf_0_clk/X (sky130_fd_sc_hd__clkbuf_16)
                                                         clknet_0_clk (net)
                      0.044276    0.000374    0.153574 ^ clkbuf_2_2__f_clk/A (sky130_fd_sc_hd__clkbuf_16)
     8    0.023529    0.033556    0.095214    0.248788 ^ clkbuf_2_2__f_clk/X (sky130_fd_sc_hd__clkbuf_16)
                                                         clknet_2_2__leaf_clk (net)
                      0.033561    0.000389    0.249177 ^ _316_/CLK (sky130_fd_sc_hd__dfxtp_2)
                                  0.250000    0.499177   clock uncertainty
                                  0.000000    0.499177   clock reconvergence pessimism
                                 -0.016867    0.482310   library hold time
                                              0.482310   data required time
---------------------------------------------------------------------------------------------
                                              0.482310   data required time
                                             -1.026459   data arrival time
---------------------------------------------------------------------------------------------
                                              0.544149   slack (MET)


Startpoint: b[0] (input port clocked by clk)
Endpoint: _313_ (rising edge-triggered flip-flop clocked by clk)
Path Group: clk
Path Type: min

Fanout         Cap        Slew       Delay        Time   Description
---------------------------------------------------------------------------------------------
                                  0.000000    0.000000   clock clk (rise edge)
                                  0.000000    0.000000   clock network delay (propagated)
                                  0.800000    0.800000 ^ input external delay
     1    0.003536    0.016560    0.008703    0.808703 ^ b[0] (in)
                                                         b[0] (net)
                      0.016560    0.000000    0.808703 ^ input9/A (sky130_fd_sc_hd__clkdlybuf4s25_1)
     1    0.002985    0.033017    0.146943    0.955646 ^ input9/X (sky130_fd_sc_hd__clkdlybuf4s25_1)
                                                         net9 (net)
                      0.033017    0.000039    0.955685 ^ _210_/B (sky130_fd_sc_hd__and2_2)
     1    0.002332    0.023341    0.073391    1.029076 ^ _210_/X (sky130_fd_sc_hd__and2_2)
                                                         _019_ (net)
                      0.023341    0.000022    1.029099 ^ _313_/D (sky130_fd_sc_hd__dfxtp_2)
                                              1.029099   data arrival time

                                  0.000000    0.000000   clock clk (rise edge)
                                  0.000000    0.000000   clock source latency
     1    0.016644    0.060602    0.043347    0.043347 ^ clk (in)
                                                         clk (net)
                      0.060615    0.000000    0.043347 ^ clkbuf_0_clk/A (sky130_fd_sc_hd__clkbuf_16)
     4    0.038550    0.044273    0.109853    0.153200 ^ clkbuf_0_clk/X (sky130_fd_sc_hd__clkbuf_16)
                                                         clknet_0_clk (net)
                      0.044276    0.000374    0.153574 ^ clkbuf_2_2__f_clk/A (sky130_fd_sc_hd__clkbuf_16)
     8    0.023529    0.033556    0.095214    0.248788 ^ clkbuf_2_2__f_clk/X (sky130_fd_sc_hd__clkbuf_16)
                                                         clknet_2_2__leaf_clk (net)
                      0.033564    0.000485    0.249273 ^ _313_/CLK (sky130_fd_sc_hd__dfxtp_2)
                                  0.250000    0.499273   clock uncertainty
                                  0.000000    0.499273   clock reconvergence pessimism
                                 -0.016697    0.482576   library hold time
                                              0.482576   data required time
---------------------------------------------------------------------------------------------
                                              0.482576   data required time
                                             -1.029099   data arrival time
---------------------------------------------------------------------------------------------
                                              0.546522   slack (MET)


Startpoint: _294_ (rising edge-triggered flip-flop clocked by clk)
Endpoint: overflow (output port clocked by clk)
Path Group: clk
Path Type: min

Fanout         Cap        Slew       Delay        Time   Description
---------------------------------------------------------------------------------------------
                                  0.000000    0.000000   clock clk (rise edge)
                                  0.000000    0.000000   clock source latency
     1    0.016644    0.060602    0.039219    0.039219 ^ clk (in)
                                                         clk (net)
                      0.060615    0.000000    0.039219 ^ clkbuf_0_clk/A (sky130_fd_sc_hd__clkbuf_16)
     4    0.038550    0.044273    0.099391    0.138609 ^ clkbuf_0_clk/X (sky130_fd_sc_hd__clkbuf_16)
                                                         clknet_0_clk (net)
                      0.044275    0.000310    0.138919 ^ clkbuf_2_1__f_clk/A (sky130_fd_sc_hd__clkbuf_16)
     8    0.024586    0.034285    0.086905    0.225824 ^ clkbuf_2_1__f_clk/X (sky130_fd_sc_hd__clkbuf_16)
                                                         clknet_2_1__leaf_clk (net)
                      0.034290    0.000340    0.226165 ^ _294_/CLK (sky130_fd_sc_hd__dfxtp_2)
     1    0.002503    0.016438    0.181094    0.407259 v _294_/Q (sky130_fd_sc_hd__dfxtp_2)
                                                         net23 (net)
                      0.016438    0.000021    0.407280 v output23/A (sky130_fd_sc_hd__clkdlybuf4s25_1)
     1    0.034939    0.178723    0.259670    0.666950 v output23/X (sky130_fd_sc_hd__clkdlybuf4s25_1)
                                                         overflow (net)
                      0.178723    0.000486    0.667436 v overflow (out)
                                              0.667436   data arrival time

                                  0.000000    0.000000   clock clk (rise edge)
                                  0.000000    0.000000   clock network delay (propagated)
                                  0.250000    0.250000   clock uncertainty
                                  0.000000    0.250000   clock reconvergence pessimism
                                 -0.800000   -0.550000   output external delay
                                             -0.550000   data required time
---------------------------------------------------------------------------------------------
                                             -0.550000   data required time
                                             -0.667436   data arrival time
---------------------------------------------------------------------------------------------
                                              1.217435   slack (MET)


Startpoint: _298_ (rising edge-triggered flip-flop clocked by clk)
Endpoint: y[3] (output port clocked by clk)
Path Group: clk
Path Type: min

Fanout         Cap        Slew       Delay        Time   Description
---------------------------------------------------------------------------------------------
                                  0.000000    0.000000   clock clk (rise edge)
                                  0.000000    0.000000   clock source latency
     1    0.016644    0.060602    0.039219    0.039219 ^ clk (in)
                                                         clk (net)
                      0.060615    0.000000    0.039219 ^ clkbuf_0_clk/A (sky130_fd_sc_hd__clkbuf_16)
     4    0.038550    0.044273    0.099391    0.138609 ^ clkbuf_0_clk/X (sky130_fd_sc_hd__clkbuf_16)
                                                         clknet_0_clk (net)
                      0.044275    0.000310    0.138919 ^ clkbuf_2_1__f_clk/A (sky130_fd_sc_hd__clkbuf_16)
     8    0.024586    0.034285    0.086905    0.225824 ^ clkbuf_2_1__f_clk/X (sky130_fd_sc_hd__clkbuf_16)
                                                         clknet_2_1__leaf_clk (net)
                      0.034286    0.000187    0.226011 ^ _298_/CLK (sky130_fd_sc_hd__dfxtp_2)
     1    0.003460    0.017711    0.183417    0.409428 v _298_/Q (sky130_fd_sc_hd__dfxtp_2)
                                                         net27 (net)
                      0.017711    0.000046    0.409474 v output27/A (sky130_fd_sc_hd__clkdlybuf4s25_1)
     1    0.034529    0.176598    0.258931    0.668405 v output27/X (sky130_fd_sc_hd__clkdlybuf4s25_1)
                                                         y[3] (net)
                      0.176598    0.000187    0.668593 v y[3] (out)
                                              0.668593   data arrival time

                                  0.000000    0.000000   clock clk (rise edge)
                                  0.000000    0.000000   clock network delay (propagated)
                                  0.250000    0.250000   clock uncertainty
                                  0.000000    0.250000   clock reconvergence pessimism
                                 -0.800000   -0.550000   output external delay
                                             -0.550000   data required time
---------------------------------------------------------------------------------------------
                                             -0.550000   data required time
                                             -0.668593   data arrival time
---------------------------------------------------------------------------------------------
                                              1.218593   slack (MET)


Startpoint: _299_ (rising edge-triggered flip-flop clocked by clk)
Endpoint: y[4] (output port clocked by clk)
Path Group: clk
Path Type: min

Fanout         Cap        Slew       Delay        Time   Description
---------------------------------------------------------------------------------------------
                                  0.000000    0.000000   clock clk (rise edge)
                                  0.000000    0.000000   clock source latency
     1    0.016644    0.060602    0.039219    0.039219 ^ clk (in)
                                                         clk (net)
                      0.060615    0.000000    0.039219 ^ clkbuf_0_clk/A (sky130_fd_sc_hd__clkbuf_16)
     4    0.038550    0.044273    0.099391    0.138609 ^ clkbuf_0_clk/X (sky130_fd_sc_hd__clkbuf_16)
                                                         clknet_0_clk (net)
                      0.044275    0.000310    0.138919 ^ clkbuf_2_1__f_clk/A (sky130_fd_sc_hd__clkbuf_16)
     8    0.024586    0.034285    0.086905    0.225824 ^ clkbuf_2_1__f_clk/X (sky130_fd_sc_hd__clkbuf_16)
                                                         clknet_2_1__leaf_clk (net)
                      0.034286    0.000176    0.226000 ^ _299_/CLK (sky130_fd_sc_hd__dfxtp_2)
     1    0.003210    0.017343    0.182813    0.408813 v _299_/Q (sky130_fd_sc_hd__dfxtp_2)
                                                         net28 (net)
                      0.017343    0.000029    0.408842 v output28/A (sky130_fd_sc_hd__clkdlybuf4s25_1)
     1    0.034761    0.177737    0.259606    0.668449 v output28/X (sky130_fd_sc_hd__clkdlybuf4s25_1)
                                                         y[4] (net)
                      0.177737    0.000190    0.668638 v y[4] (out)
                                              0.668638   data arrival time

                                  0.000000    0.000000   clock clk (rise edge)
                                  0.000000    0.000000   clock network delay (propagated)
                                  0.250000    0.250000   clock uncertainty
                                  0.000000    0.250000   clock reconvergence pessimism
                                 -0.800000   -0.550000   output external delay
                                             -0.550000   data required time
---------------------------------------------------------------------------------------------
                                             -0.550000   data required time
                                             -0.668638   data arrival time
---------------------------------------------------------------------------------------------
                                              1.218638   slack (MET)


Startpoint: _301_ (rising edge-triggered flip-flop clocked by clk)
Endpoint: y[6] (output port clocked by clk)
Path Group: clk
Path Type: min

Fanout         Cap        Slew       Delay        Time   Description
---------------------------------------------------------------------------------------------
                                  0.000000    0.000000   clock clk (rise edge)
                                  0.000000    0.000000   clock source latency
     1    0.016644    0.060602    0.039219    0.039219 ^ clk (in)
                                                         clk (net)
                      0.060615    0.000000    0.039219 ^ clkbuf_0_clk/A (sky130_fd_sc_hd__clkbuf_16)
     4    0.038550    0.044273    0.099391    0.138609 ^ clkbuf_0_clk/X (sky130_fd_sc_hd__clkbuf_16)
                                                         clknet_0_clk (net)
                      0.044275    0.000310    0.138919 ^ clkbuf_2_1__f_clk/A (sky130_fd_sc_hd__clkbuf_16)
     8    0.024586    0.034285    0.086905    0.225824 ^ clkbuf_2_1__f_clk/X (sky130_fd_sc_hd__clkbuf_16)
                                                         clknet_2_1__leaf_clk (net)
                      0.034287    0.000247    0.226071 ^ _301_/CLK (sky130_fd_sc_hd__dfxtp_2)
     1    0.003260    0.017414    0.182930    0.409001 v _301_/Q (sky130_fd_sc_hd__dfxtp_2)
                                                         net30 (net)
                      0.017414    0.000041    0.409042 v output30/A (sky130_fd_sc_hd__clkdlybuf4s25_1)
     1    0.034765    0.177752    0.259643    0.668684 v output30/X (sky130_fd_sc_hd__clkdlybuf4s25_1)
                                                         y[6] (net)
                      0.177752    0.000190    0.668874 v y[6] (out)
                                              0.668874   data arrival time

                                  0.000000    0.000000   clock clk (rise edge)
                                  0.000000    0.000000   clock network delay (propagated)
                                  0.250000    0.250000   clock uncertainty
                                  0.000000    0.250000   clock reconvergence pessimism
                                 -0.800000   -0.550000   output external delay
                                             -0.550000   data required time
---------------------------------------------------------------------------------------------
                                             -0.550000   data required time
                                             -0.668874   data arrival time
---------------------------------------------------------------------------------------------
                                              1.218874   slack (MET)


Startpoint: _302_ (rising edge-triggered flip-flop clocked by clk)
Endpoint: carry (output port clocked by clk)
Path Group: clk
Path Type: min

Fanout         Cap        Slew       Delay        Time   Description
---------------------------------------------------------------------------------------------
                                  0.000000    0.000000   clock clk (rise edge)
                                  0.000000    0.000000   clock source latency
     1    0.016644    0.060602    0.039219    0.039219 ^ clk (in)
                                                         clk (net)
                      0.060615    0.000000    0.039219 ^ clkbuf_0_clk/A (sky130_fd_sc_hd__clkbuf_16)
     4    0.038550    0.044273    0.099391    0.138609 ^ clkbuf_0_clk/X (sky130_fd_sc_hd__clkbuf_16)
                                                         clknet_0_clk (net)
                      0.044275    0.000310    0.138919 ^ clkbuf_2_1__f_clk/A (sky130_fd_sc_hd__clkbuf_16)
     8    0.024586    0.034285    0.086905    0.225824 ^ clkbuf_2_1__f_clk/X (sky130_fd_sc_hd__clkbuf_16)
                                                         clknet_2_1__leaf_clk (net)
                      0.034289    0.000322    0.226146 ^ _302_/CLK (sky130_fd_sc_hd__dfxtp_2)
     1    0.002924    0.016950    0.182117    0.408263 v _302_/Q (sky130_fd_sc_hd__dfxtp_2)
                                                         net21 (net)
                      0.016950    0.000029    0.408292 v output21/A (sky130_fd_sc_hd__clkdlybuf4s25_1)
     1    0.035180    0.179905    0.260654    0.668946 v output21/X (sky130_fd_sc_hd__clkdlybuf4s25_1)
                                                         carry (net)
                      0.179905    0.000532    0.669479 v carry (out)
                                              0.669479   data arrival time

                                  0.000000    0.000000   clock clk (rise edge)
                                  0.000000    0.000000   clock network delay (propagated)
                                  0.250000    0.250000   clock uncertainty
                                  0.000000    0.250000   clock reconvergence pessimism
                                 -0.800000   -0.550000   output external delay
                                             -0.550000   data required time
---------------------------------------------------------------------------------------------
                                             -0.550000   data required time
                                             -0.669479   data arrival time
---------------------------------------------------------------------------------------------
                                              1.219479   slack (MET)


Startpoint: _303_ (rising edge-triggered flip-flop clocked by clk)
Endpoint: zero (output port clocked by clk)
Path Group: clk
Path Type: min

Fanout         Cap        Slew       Delay        Time   Description
---------------------------------------------------------------------------------------------
                                  0.000000    0.000000   clock clk (rise edge)
                                  0.000000    0.000000   clock source latency
     1    0.016644    0.060602    0.039219    0.039219 ^ clk (in)
                                                         clk (net)
                      0.060615    0.000000    0.039219 ^ clkbuf_0_clk/A (sky130_fd_sc_hd__clkbuf_16)
     4    0.038550    0.044273    0.099391    0.138609 ^ clkbuf_0_clk/X (sky130_fd_sc_hd__clkbuf_16)
                                                         clknet_0_clk (net)
                      0.044275    0.000310    0.138919 ^ clkbuf_2_1__f_clk/A (sky130_fd_sc_hd__clkbuf_16)
     8    0.024586    0.034285    0.086905    0.225824 ^ clkbuf_2_1__f_clk/X (sky130_fd_sc_hd__clkbuf_16)
                                                         clknet_2_1__leaf_clk (net)
                      0.034287    0.000261    0.226085 ^ _303_/CLK (sky130_fd_sc_hd__dfxtp_2)
     1    0.003740    0.018176    0.184097    0.410182 v _303_/Q (sky130_fd_sc_hd__dfxtp_2)
                                                         net32 (net)
                      0.018427    0.000048    0.410230 v output32/A (sky130_fd_sc_hd__clkdlybuf4s25_1)
     1    0.034885    0.178328    0.260390    0.670619 v output32/X (sky130_fd_sc_hd__clkdlybuf4s25_1)
                                                         zero (net)
                      0.178328    0.000223    0.670843 v zero (out)
                                              0.670843   data arrival time

                                  0.000000    0.000000   clock clk (rise edge)
                                  0.000000    0.000000   clock network delay (propagated)
                                  0.250000    0.250000   clock uncertainty
                                  0.000000    0.250000   clock reconvergence pessimism
                                 -0.800000   -0.550000   output external delay
                                             -0.550000   data required time
---------------------------------------------------------------------------------------------
                                             -0.550000   data required time
                                             -0.670843   data arrival time
---------------------------------------------------------------------------------------------
                                              1.220843   slack (MET)


Startpoint: _295_ (rising edge-triggered flip-flop clocked by clk)
Endpoint: y[0] (output port clocked by clk)
Path Group: clk
Path Type: min

Fanout         Cap        Slew       Delay        Time   Description
---------------------------------------------------------------------------------------------
                                  0.000000    0.000000   clock clk (rise edge)
                                  0.000000    0.000000   clock source latency
     1    0.016644    0.060602    0.039219    0.039219 ^ clk (in)
                                                         clk (net)
                      0.060615    0.000000    0.039219 ^ clkbuf_0_clk/A (sky130_fd_sc_hd__clkbuf_16)
     4    0.038550    0.044273    0.099391    0.138609 ^ clkbuf_0_clk/X (sky130_fd_sc_hd__clkbuf_16)
                                                         clknet_0_clk (net)
                      0.044275    0.000329    0.138939 ^ clkbuf_2_3__f_clk/A (sky130_fd_sc_hd__clkbuf_16)
     8    0.030311    0.038318    0.090645    0.229583 ^ clkbuf_2_3__f_clk/X (sky130_fd_sc_hd__clkbuf_16)
                                                         clknet_2_3__leaf_clk (net)
                      0.038321    0.000330    0.229913 ^ _295_/CLK (sky130_fd_sc_hd__dfxtp_2)
     1    0.002540    0.016482    0.182346    0.412259 v _295_/Q (sky130_fd_sc_hd__dfxtp_2)
                                                         net24 (net)
                      0.016482    0.000014    0.412273 v output24/A (sky130_fd_sc_hd__clkdlybuf4s25_1)
     1    0.034764    0.177767    0.259313    0.671586 v output24/X (sky130_fd_sc_hd__clkdlybuf4s25_1)
                                                         y[0] (net)
                      0.177767    0.000190    0.671776 v y[0] (out)
                                              0.671776   data arrival time

                                  0.000000    0.000000   clock clk (rise edge)
                                  0.000000    0.000000   clock network delay (propagated)
                                  0.250000    0.250000   clock uncertainty
                                  0.000000    0.250000   clock reconvergence pessimism
                                 -0.800000   -0.550000   output external delay
                                             -0.550000   data required time
---------------------------------------------------------------------------------------------
                                             -0.550000   data required time
                                             -0.671776   data arrival time
---------------------------------------------------------------------------------------------
                                              1.221776   slack (MET)


Startpoint: _304_ (rising edge-triggered flip-flop clocked by clk)
Endpoint: negative (output port clocked by clk)
Path Group: clk
Path Type: min

Fanout         Cap        Slew       Delay        Time   Description
---------------------------------------------------------------------------------------------
                                  0.000000    0.000000   clock clk (rise edge)
                                  0.000000    0.000000   clock source latency
     1    0.016644    0.060602    0.039219    0.039219 ^ clk (in)
                                                         clk (net)
                      0.060615    0.000000    0.039219 ^ clkbuf_0_clk/A (sky130_fd_sc_hd__clkbuf_16)
     4    0.038550    0.044273    0.099391    0.138609 ^ clkbuf_0_clk/X (sky130_fd_sc_hd__clkbuf_16)
                                                         clknet_0_clk (net)
                      0.044275    0.000310    0.138919 ^ clkbuf_2_1__f_clk/A (sky130_fd_sc_hd__clkbuf_16)
     8    0.024586    0.034285    0.086905    0.225824 ^ clkbuf_2_1__f_clk/X (sky130_fd_sc_hd__clkbuf_16)
                                                         clknet_2_1__leaf_clk (net)
                      0.034288    0.000273    0.226097 ^ _304_/CLK (sky130_fd_sc_hd__dfxtp_2)
     2    0.004783    0.020282    0.186544    0.412642 v _304_/Q (sky130_fd_sc_hd__dfxtp_2)
                                                         net22 (net)
                      0.020282    0.000037    0.412679 v output22/A (sky130_fd_sc_hd__clkdlybuf4s25_1)
     1    0.034741    0.177582    0.260571    0.673249 v output22/X (sky130_fd_sc_hd__clkdlybuf4s25_1)
                                                         negative (net)
                      0.177582    0.000190    0.673439 v negative (out)
                                              0.673439   data arrival time

                                  0.000000    0.000000   clock clk (rise edge)
                                  0.000000    0.000000   clock network delay (propagated)
                                  0.250000    0.250000   clock uncertainty
                                  0.000000    0.250000   clock reconvergence pessimism
                                 -0.800000   -0.550000   output external delay
                                             -0.550000   data required time
---------------------------------------------------------------------------------------------
                                             -0.550000   data required time
                                             -0.673439   data arrival time
---------------------------------------------------------------------------------------------
                                              1.223439   slack (MET)


Startpoint: _300_ (rising edge-triggered flip-flop clocked by clk)
Endpoint: y[5] (output port clocked by clk)
Path Group: clk
Path Type: min

Fanout         Cap        Slew       Delay        Time   Description
---------------------------------------------------------------------------------------------
                                  0.000000    0.000000   clock clk (rise edge)
                                  0.000000    0.000000   clock source latency
     1    0.016644    0.060602    0.039219    0.039219 ^ clk (in)
                                                         clk (net)
                      0.060615    0.000000    0.039219 ^ clkbuf_0_clk/A (sky130_fd_sc_hd__clkbuf_16)
     4    0.038550    0.044273    0.099391    0.138609 ^ clkbuf_0_clk/X (sky130_fd_sc_hd__clkbuf_16)
                                                         clknet_0_clk (net)
                      0.044276    0.000349    0.138959 ^ clkbuf_2_0__f_clk/A (sky130_fd_sc_hd__clkbuf_16)
     8    0.029746    0.037930    0.090173    0.229132 ^ clkbuf_2_0__f_clk/X (sky130_fd_sc_hd__clkbuf_16)
                                                         clknet_2_0__leaf_clk (net)
                      0.037930    0.000133    0.229265 ^ _300_/CLK (sky130_fd_sc_hd__dfxtp_2)
     1    0.003597    0.017930    0.184802    0.414068 v _300_/Q (sky130_fd_sc_hd__dfxtp_2)
                                                         net29 (net)
                      0.017930    0.000038    0.414106 v output29/A (sky130_fd_sc_hd__clkdlybuf4s25_1)
     1    0.034741    0.177628    0.259743    0.673849 v output29/X (sky130_fd_sc_hd__clkdlybuf4s25_1)
                                                         y[5] (net)
                      0.177628    0.000190    0.674038 v y[5] (out)
                                              0.674038   data arrival time

                                  0.000000    0.000000   clock clk (rise edge)
                                  0.000000    0.000000   clock network delay (propagated)
                                  0.250000    0.250000   clock uncertainty
                                  0.000000    0.250000   clock reconvergence pessimism
                                 -0.800000   -0.550000   output external delay
                                             -0.550000   data required time
---------------------------------------------------------------------------------------------
                                             -0.550000   data required time
                                             -0.674038   data arrival time
---------------------------------------------------------------------------------------------
                                              1.224038   slack (MET)


Startpoint: _296_ (rising edge-triggered flip-flop clocked by clk)
Endpoint: y[1] (output port clocked by clk)
Path Group: clk
Path Type: min

Fanout         Cap        Slew       Delay        Time   Description
---------------------------------------------------------------------------------------------
                                  0.000000    0.000000   clock clk (rise edge)
                                  0.000000    0.000000   clock source latency
     1    0.016644    0.060602    0.039219    0.039219 ^ clk (in)
                                                         clk (net)
                      0.060615    0.000000    0.039219 ^ clkbuf_0_clk/A (sky130_fd_sc_hd__clkbuf_16)
     4    0.038550    0.044273    0.099391    0.138609 ^ clkbuf_0_clk/X (sky130_fd_sc_hd__clkbuf_16)
                                                         clknet_0_clk (net)
                      0.044275    0.000329    0.138939 ^ clkbuf_2_3__f_clk/A (sky130_fd_sc_hd__clkbuf_16)
     8    0.030311    0.038318    0.090645    0.229583 ^ clkbuf_2_3__f_clk/X (sky130_fd_sc_hd__clkbuf_16)
                                                         clknet_2_3__leaf_clk (net)
                      0.038321    0.000333    0.229916 ^ _296_/CLK (sky130_fd_sc_hd__dfxtp_2)
     1    0.003667    0.018040    0.185081    0.414996 v _296_/Q (sky130_fd_sc_hd__dfxtp_2)
                                                         net25 (net)
                      0.018297    0.000052    0.415049 v output25/A (sky130_fd_sc_hd__clkdlybuf4s25_1)
     1    0.034653    0.177202    0.259541    0.674590 v output25/X (sky130_fd_sc_hd__clkdlybuf4s25_1)
                                                         y[1] (net)
                      0.177202    0.000221    0.674811 v y[1] (out)
                                              0.674811   data arrival time

                                  0.000000    0.000000   clock clk (rise edge)
                                  0.000000    0.000000   clock network delay (propagated)
                                  0.250000    0.250000   clock uncertainty
                                  0.000000    0.250000   clock reconvergence pessimism
                                 -0.800000   -0.550000   output external delay
                                             -0.550000   data required time
---------------------------------------------------------------------------------------------
                                             -0.550000   data required time
                                             -0.674811   data arrival time
---------------------------------------------------------------------------------------------
                                              1.224811   slack (MET)


Startpoint: _297_ (rising edge-triggered flip-flop clocked by clk)
Endpoint: y[2] (output port clocked by clk)
Path Group: clk
Path Type: min

Fanout         Cap        Slew       Delay        Time   Description
---------------------------------------------------------------------------------------------
                                  0.000000    0.000000   clock clk (rise edge)
                                  0.000000    0.000000   clock source latency
     1    0.016644    0.060602    0.039219    0.039219 ^ clk (in)
                                                         clk (net)
                      0.060615    0.000000    0.039219 ^ clkbuf_0_clk/A (sky130_fd_sc_hd__clkbuf_16)
     4    0.038550    0.044273    0.099391    0.138609 ^ clkbuf_0_clk/X (sky130_fd_sc_hd__clkbuf_16)
                                                         clknet_0_clk (net)
                      0.044275    0.000329    0.138939 ^ clkbuf_2_3__f_clk/A (sky130_fd_sc_hd__clkbuf_16)
     8    0.030311    0.038318    0.090645    0.229583 ^ clkbuf_2_3__f_clk/X (sky130_fd_sc_hd__clkbuf_16)
                                                         clknet_2_3__leaf_clk (net)
                      0.038320    0.000315    0.229898 ^ _297_/CLK (sky130_fd_sc_hd__dfxtp_2)
     1    0.003456    0.017704    0.184567    0.414465 v _297_/Q (sky130_fd_sc_hd__dfxtp_2)
                                                         net26 (net)
                      0.017704    0.000046    0.414511 v output26/A (sky130_fd_sc_hd__clkdlybuf4s25_1)
     1    0.034889    0.178361    0.260148    0.674659 v output26/X (sky130_fd_sc_hd__clkdlybuf4s25_1)
                                                         y[2] (net)
                      0.178361    0.000223    0.674882 v y[2] (out)
                                              0.674882   data arrival time

                                  0.000000    0.000000   clock clk (rise edge)
                                  0.000000    0.000000   clock network delay (propagated)
                                  0.250000    0.250000   clock uncertainty
                                  0.000000    0.250000   clock reconvergence pessimism
                                 -0.800000   -0.550000   output external delay
                                             -0.550000   data required time
---------------------------------------------------------------------------------------------
                                             -0.550000   data required time
                                             -0.674882   data arrival time
---------------------------------------------------------------------------------------------
                                              1.224882   slack (MET)


Startpoint: _304_ (rising edge-triggered flip-flop clocked by clk)
Endpoint: y[7] (output port clocked by clk)
Path Group: clk
Path Type: min

Fanout         Cap        Slew       Delay        Time   Description
---------------------------------------------------------------------------------------------
                                  0.000000    0.000000   clock clk (rise edge)
                                  0.000000    0.000000   clock source latency
     1    0.016644    0.060602    0.039219    0.039219 ^ clk (in)
                                                         clk (net)
                      0.060615    0.000000    0.039219 ^ clkbuf_0_clk/A (sky130_fd_sc_hd__clkbuf_16)
     4    0.038550    0.044273    0.099391    0.138609 ^ clkbuf_0_clk/X (sky130_fd_sc_hd__clkbuf_16)
                                                         clknet_0_clk (net)
                      0.044275    0.000310    0.138919 ^ clkbuf_2_1__f_clk/A (sky130_fd_sc_hd__clkbuf_16)
     8    0.024586    0.034285    0.086905    0.225824 ^ clkbuf_2_1__f_clk/X (sky130_fd_sc_hd__clkbuf_16)
                                                         clknet_2_1__leaf_clk (net)
                      0.034288    0.000273    0.226097 ^ _304_/CLK (sky130_fd_sc_hd__dfxtp_2)
     2    0.004783    0.020282    0.186544    0.412642 v _304_/Q (sky130_fd_sc_hd__dfxtp_2)
                                                         net22 (net)
                      0.020282    0.000033    0.412674 v _324_/A (sky130_fd_sc_hd__buf_2)
     1    0.002480    0.016416    0.062886    0.475560 v _324_/X (sky130_fd_sc_hd__buf_2)
                                                         net31 (net)
                      0.016416    0.000021    0.475581 v output31/A (sky130_fd_sc_hd__clkdlybuf4s25_1)
     1    0.034754    0.177718    0.259254    0.734835 v output31/X (sky130_fd_sc_hd__clkdlybuf4s25_1)
                                                         y[7] (net)
                      0.177718    0.000190    0.735025 v y[7] (out)
                                              0.735025   data arrival time

                                  0.000000    0.000000   clock clk (rise edge)
                                  0.000000    0.000000   clock network delay (propagated)
                                  0.250000    0.250000   clock uncertainty
                                  0.000000    0.250000   clock reconvergence pessimism
                                 -0.800000   -0.550000   output external delay
                                             -0.550000   data required time
---------------------------------------------------------------------------------------------
                                             -0.550000   data required time
                                             -0.735025   data arrival time
---------------------------------------------------------------------------------------------
                                              1.285025   slack (MET)



