
===========================================================================
report_checks -path_delay min (Hold)
============================================================================
======================= nom_tt_025C_1v80 Corner ===================================

Startpoint: _307_ (rising edge-triggered flip-flop clocked by clk)
Endpoint: _325_ (rising edge-triggered flip-flop clocked by clk)
Path Group: clk
Path Type: min

Fanout         Cap        Slew       Delay        Time   Description
---------------------------------------------------------------------------------------------
                                  0.000000    0.000000   clock clk (rise edge)
                                  0.000000    0.000000   clock source latency
     1    0.016434    0.079868    0.052153    0.052153 ^ clk (in)
                                                         clk (net)
                      0.079891    0.000000    0.052153 ^ clkbuf_0_clk/A (sky130_fd_sc_hd__clkbuf_16)
     4    0.039389    0.059206    0.146268    0.198421 ^ clkbuf_0_clk/X (sky130_fd_sc_hd__clkbuf_16)
                                                         clknet_0_clk (net)
                      0.059234    0.001053    0.199474 ^ clkbuf_2_2__f_clk/A (sky130_fd_sc_hd__clkbuf_16)
     8    0.025821    0.047065    0.129139    0.328613 ^ clkbuf_2_2__f_clk/X (sky130_fd_sc_hd__clkbuf_16)
                                                         clknet_2_2__leaf_clk (net)
                      0.047078    0.000709    0.329322 ^ _307_/CLK (sky130_fd_sc_hd__dfxtp_2)
     5    0.021109    0.061246    0.327312    0.656633 v _307_/Q (sky130_fd_sc_hd__dfxtp_2)
                                                         a_q[6] (net)
                      0.061265    0.000974    0.657608 v _188_/A1_N (sky130_fd_sc_hd__a2bb2o_2)
     2    0.009514    0.061041    0.250744    0.908352 ^ _188_/X (sky130_fd_sc_hd__a2bb2o_2)
                                                         _118_ (net)
                      0.061042    0.000296    0.908648 ^ _214_/B (sky130_fd_sc_hd__nor2_2)
     1    0.002316    0.018316    0.029555    0.938202 v _214_/Y (sky130_fd_sc_hd__nor2_2)
                                                         _027_ (net)
                      0.018316    0.000064    0.938266 v _325_/D (sky130_fd_sc_hd__dfxtp_2)
                                              0.938266   data arrival time

                                  0.000000    0.000000   clock clk (rise edge)
                                  0.000000    0.000000   clock source latency
     1    0.016434    0.079868    0.057643    0.057643 ^ clk (in)
                                                         clk (net)
                      0.079891    0.000000    0.057643 ^ clkbuf_0_clk/A (sky130_fd_sc_hd__clkbuf_16)
     4    0.039389    0.059206    0.161664    0.219307 ^ clkbuf_0_clk/X (sky130_fd_sc_hd__clkbuf_16)
                                                         clknet_0_clk (net)
                      0.059235    0.001196    0.220504 ^ clkbuf_2_3__f_clk/A (sky130_fd_sc_hd__clkbuf_16)
     8    0.026021    0.047278    0.142727    0.363230 ^ clkbuf_2_3__f_clk/X (sky130_fd_sc_hd__clkbuf_16)
                                                         clknet_2_3__leaf_clk (net)
                      0.047335    0.001494    0.364725 ^ _325_/CLK (sky130_fd_sc_hd__dfxtp_2)
                                  0.250000    0.614725   clock uncertainty
                                 -0.020886    0.593838   clock reconvergence pessimism
                                 -0.034589    0.559249   library hold time
                                              0.559249   data required time
---------------------------------------------------------------------------------------------
                                              0.559249   data required time
                                             -0.938266   data arrival time
---------------------------------------------------------------------------------------------
                                              0.379017   slack (MET)


Startpoint: _308_ (rising edge-triggered flip-flop clocked by clk)
Endpoint: _326_ (rising edge-triggered flip-flop clocked by clk)
Path Group: clk
Path Type: min

Fanout         Cap        Slew       Delay        Time   Description
---------------------------------------------------------------------------------------------
                                  0.000000    0.000000   clock clk (rise edge)
                                  0.000000    0.000000   clock source latency
     1    0.016434    0.079868    0.052153    0.052153 ^ clk (in)
                                                         clk (net)
                      0.079891    0.000000    0.052153 ^ clkbuf_0_clk/A (sky130_fd_sc_hd__clkbuf_16)
     4    0.039389    0.059206    0.146268    0.198421 ^ clkbuf_0_clk/X (sky130_fd_sc_hd__clkbuf_16)
                                                         clknet_0_clk (net)
                      0.059234    0.001053    0.199474 ^ clkbuf_2_2__f_clk/A (sky130_fd_sc_hd__clkbuf_16)
     8    0.025821    0.047065    0.129139    0.328613 ^ clkbuf_2_2__f_clk/X (sky130_fd_sc_hd__clkbuf_16)
                                                         clknet_2_2__leaf_clk (net)
                      0.047077    0.000687    0.329300 ^ _308_/CLK (sky130_fd_sc_hd__dfxtp_2)
     5    0.021532    0.062114    0.328126    0.657426 v _308_/Q (sky130_fd_sc_hd__dfxtp_2)
                                                         a_q[7] (net)
                      0.062131    0.000941    0.658368 v _288_/A1_N (sky130_fd_sc_hd__a2bb2o_2)
     2    0.011794    0.071118    0.259447    0.917815 ^ _288_/X (sky130_fd_sc_hd__a2bb2o_2)
                                                         _069_ (net)
                      0.071119    0.000398    0.918214 ^ _215_/B (sky130_fd_sc_hd__nor2_2)
     1    0.002757    0.020868    0.032146    0.950359 v _215_/Y (sky130_fd_sc_hd__nor2_2)
                                                         _028_ (net)
                      0.020868    0.000079    0.950438 v _326_/D (sky130_fd_sc_hd__dfxtp_2)
                                              0.950438   data arrival time

                                  0.000000    0.000000   clock clk (rise edge)
                                  0.000000    0.000000   clock source latency
     1    0.016434    0.079868    0.057643    0.057643 ^ clk (in)
                                                         clk (net)
                      0.079891    0.000000    0.057643 ^ clkbuf_0_clk/A (sky130_fd_sc_hd__clkbuf_16)
     4    0.039389    0.059206    0.161664    0.219307 ^ clkbuf_0_clk/X (sky130_fd_sc_hd__clkbuf_16)
                                                         clknet_0_clk (net)
                      0.059235    0.001196    0.220504 ^ clkbuf_2_3__f_clk/A (sky130_fd_sc_hd__clkbuf_16)
     8    0.026021    0.047278    0.142727    0.363230 ^ clkbuf_2_3__f_clk/X (sky130_fd_sc_hd__clkbuf_16)
                                                         clknet_2_3__leaf_clk (net)
                      0.047312    0.001196    0.364427 ^ _326_/CLK (sky130_fd_sc_hd__dfxtp_2)
                                  0.250000    0.614427   clock uncertainty
                                 -0.020886    0.593540   clock reconvergence pessimism
                                 -0.035641    0.557900   library hold time
                                              0.557900   data required time
---------------------------------------------------------------------------------------------
                                              0.557900   data required time
                                             -0.950438   data arrival time
---------------------------------------------------------------------------------------------
                                              0.392539   slack (MET)


Startpoint: _305_ (rising edge-triggered flip-flop clocked by clk)
Endpoint: _323_ (rising edge-triggered flip-flop clocked by clk)
Path Group: clk
Path Type: min

Fanout         Cap        Slew       Delay        Time   Description
---------------------------------------------------------------------------------------------
                                  0.000000    0.000000   clock clk (rise edge)
                                  0.000000    0.000000   clock source latency
     1    0.016434    0.079868    0.052153    0.052153 ^ clk (in)
                                                         clk (net)
                      0.079891    0.000000    0.052153 ^ clkbuf_0_clk/A (sky130_fd_sc_hd__clkbuf_16)
     4    0.039389    0.059206    0.146268    0.198421 ^ clkbuf_0_clk/X (sky130_fd_sc_hd__clkbuf_16)
                                                         clknet_0_clk (net)
                      0.059221    0.000832    0.199253 ^ clkbuf_2_1__f_clk/A (sky130_fd_sc_hd__clkbuf_16)
     8    0.029433    0.050515    0.132099    0.331352 ^ clkbuf_2_1__f_clk/X (sky130_fd_sc_hd__clkbuf_16)
                                                         clknet_2_1__leaf_clk (net)
                      0.050522    0.001067    0.332419 ^ _305_/CLK (sky130_fd_sc_hd__dfxtp_2)
     4    0.022289    0.119378    0.357607    0.690025 ^ _305_/Q (sky130_fd_sc_hd__dfxtp_2)
                                                         a_q[4] (net)
                      0.119385    0.000994    0.691020 ^ _156_/B2 (sky130_fd_sc_hd__o32a_2)
     2    0.006561    0.048732    0.149930    0.840950 ^ _156_/X (sky130_fd_sc_hd__o32a_2)
                                                         _086_ (net)
                      0.048732    0.000149    0.841098 ^ _212_/B (sky130_fd_sc_hd__and2_2)
     1    0.002100    0.033774    0.118845    0.959943 ^ _212_/X (sky130_fd_sc_hd__and2_2)
                                                         _025_ (net)
                      0.033774    0.000056    0.960000 ^ _323_/D (sky130_fd_sc_hd__dfxtp_2)
                                              0.960000   data arrival time

                                  0.000000    0.000000   clock clk (rise edge)
                                  0.000000    0.000000   clock source latency
     1    0.016434    0.079868    0.057643    0.057643 ^ clk (in)
                                                         clk (net)
                      0.079891    0.000000    0.057643 ^ clkbuf_0_clk/A (sky130_fd_sc_hd__clkbuf_16)
     4    0.039389    0.059206    0.161664    0.219307 ^ clkbuf_0_clk/X (sky130_fd_sc_hd__clkbuf_16)
                                                         clknet_0_clk (net)
                      0.059221    0.000920    0.220227 ^ clkbuf_2_1__f_clk/A (sky130_fd_sc_hd__clkbuf_16)
     8    0.029433    0.050515    0.146004    0.366231 ^ clkbuf_2_1__f_clk/X (sky130_fd_sc_hd__clkbuf_16)
                                                         clknet_2_1__leaf_clk (net)
                      0.050521    0.001074    0.367305 ^ _323_/CLK (sky130_fd_sc_hd__dfxtp_2)
                                  0.250000    0.617305   clock uncertainty
                                 -0.034879    0.582426   clock reconvergence pessimism
                                 -0.028139    0.554287   library hold time
                                              0.554287   data required time
---------------------------------------------------------------------------------------------
                                              0.554287   data required time
                                             -0.960000   data arrival time
---------------------------------------------------------------------------------------------
                                              0.405713   slack (MET)


Startpoint: _308_ (rising edge-triggered flip-flop clocked by clk)
Endpoint: _298_ (rising edge-triggered flip-flop clocked by clk)
Path Group: clk
Path Type: min

Fanout         Cap        Slew       Delay        Time   Description
---------------------------------------------------------------------------------------------
                                  0.000000    0.000000   clock clk (rise edge)
                                  0.000000    0.000000   clock source latency
     1    0.016434    0.079868    0.052153    0.052153 ^ clk (in)
                                                         clk (net)
                      0.079891    0.000000    0.052153 ^ clkbuf_0_clk/A (sky130_fd_sc_hd__clkbuf_16)
     4    0.039389    0.059206    0.146268    0.198421 ^ clkbuf_0_clk/X (sky130_fd_sc_hd__clkbuf_16)
                                                         clknet_0_clk (net)
                      0.059234    0.001053    0.199474 ^ clkbuf_2_2__f_clk/A (sky130_fd_sc_hd__clkbuf_16)
     8    0.025821    0.047065    0.129139    0.328613 ^ clkbuf_2_2__f_clk/X (sky130_fd_sc_hd__clkbuf_16)
                                                         clknet_2_2__leaf_clk (net)
                      0.047077    0.000687    0.329300 ^ _308_/CLK (sky130_fd_sc_hd__dfxtp_2)
     5    0.023022    0.122896    0.358946    0.688246 ^ _308_/Q (sky130_fd_sc_hd__dfxtp_2)
                                                         a_q[7] (net)
                      0.122904    0.001034    0.689280 ^ _217_/A (sky130_fd_sc_hd__inv_2)
     2    0.006382    0.035229    0.047360    0.736640 v _217_/Y (sky130_fd_sc_hd__inv_2)
                                                         _119_ (net)
                      0.035229    0.000117    0.736757 v _256_/A (sky130_fd_sc_hd__nand2_2)
     3    0.009367    0.058380    0.063239    0.799997 ^ _256_/Y (sky130_fd_sc_hd__nand2_2)
                                                         _039_ (net)
                      0.058399    0.000138    0.800134 ^ _259_/A0 (sky130_fd_sc_hd__mux2_1)
     1    0.005977    0.066160    0.133999    0.934133 ^ _259_/X (sky130_fd_sc_hd__mux2_1)
                                                         _042_ (net)
                      0.066160    0.000187    0.934321 ^ _260_/C (sky130_fd_sc_hd__nor3_2)
     1    0.002690    0.021808    0.035133    0.969454 v _260_/Y (sky130_fd_sc_hd__nor3_2)
                                                         _000_ (net)
                      0.021808    0.000077    0.969530 v _298_/D (sky130_fd_sc_hd__dfxtp_2)
                                              0.969530   data arrival time

                                  0.000000    0.000000   clock clk (rise edge)
                                  0.000000    0.000000   clock source latency
     1    0.016434    0.079868    0.057643    0.057643 ^ clk (in)
                                                         clk (net)
                      0.079891    0.000000    0.057643 ^ clkbuf_0_clk/A (sky130_fd_sc_hd__clkbuf_16)
     4    0.039389    0.059206    0.161664    0.219307 ^ clkbuf_0_clk/X (sky130_fd_sc_hd__clkbuf_16)
                                                         clknet_0_clk (net)
                      0.059235    0.001196    0.220504 ^ clkbuf_2_3__f_clk/A (sky130_fd_sc_hd__clkbuf_16)
     8    0.026021    0.047278    0.142727    0.363230 ^ clkbuf_2_3__f_clk/X (sky130_fd_sc_hd__clkbuf_16)
                                                         clknet_2_3__leaf_clk (net)
                      0.047300    0.001008    0.364239 ^ _298_/CLK (sky130_fd_sc_hd__dfxtp_2)
                                  0.250000    0.614239   clock uncertainty
                                 -0.020886    0.593352   clock reconvergence pessimism
                                 -0.036029    0.557323   library hold time
                                              0.557323   data required time
---------------------------------------------------------------------------------------------
                                              0.557323   data required time
                                             -0.969530   data arrival time
---------------------------------------------------------------------------------------------
                                              0.412207   slack (MET)


Startpoint: _308_ (rising edge-triggered flip-flop clocked by clk)
Endpoint: _299_ (rising edge-triggered flip-flop clocked by clk)
Path Group: clk
Path Type: min

Fanout         Cap        Slew       Delay        Time   Description
---------------------------------------------------------------------------------------------
                                  0.000000    0.000000   clock clk (rise edge)
                                  0.000000    0.000000   clock source latency
     1    0.016434    0.079868    0.052153    0.052153 ^ clk (in)
                                                         clk (net)
                      0.079891    0.000000    0.052153 ^ clkbuf_0_clk/A (sky130_fd_sc_hd__clkbuf_16)
     4    0.039389    0.059206    0.146268    0.198421 ^ clkbuf_0_clk/X (sky130_fd_sc_hd__clkbuf_16)
                                                         clknet_0_clk (net)
                      0.059234    0.001053    0.199474 ^ clkbuf_2_2__f_clk/A (sky130_fd_sc_hd__clkbuf_16)
     8    0.025821    0.047065    0.129139    0.328613 ^ clkbuf_2_2__f_clk/X (sky130_fd_sc_hd__clkbuf_16)
                                                         clknet_2_2__leaf_clk (net)
                      0.047077    0.000687    0.329300 ^ _308_/CLK (sky130_fd_sc_hd__dfxtp_2)
     5    0.021532    0.062114    0.328126    0.657426 v _308_/Q (sky130_fd_sc_hd__dfxtp_2)
                                                         a_q[7] (net)
                      0.062133    0.000966    0.658392 v _217_/A (sky130_fd_sc_hd__inv_2)
     2    0.006790    0.040212    0.057406    0.715799 ^ _217_/Y (sky130_fd_sc_hd__inv_2)
                                                         _119_ (net)
                      0.040212    0.000125    0.715923 ^ _256_/A (sky130_fd_sc_hd__nand2_2)
     3    0.008946    0.044340    0.050717    0.766640 v _256_/Y (sky130_fd_sc_hd__nand2_2)
                                                         _039_ (net)
                      0.044340    0.000156    0.766796 v _261_/C (sky130_fd_sc_hd__and4_2)
     1    0.002544    0.033190    0.201353    0.968149 v _261_/X (sky130_fd_sc_hd__and4_2)
                                                         _001_ (net)
                      0.033190    0.000052    0.968201 v _299_/D (sky130_fd_sc_hd__dfxtp_2)
                                              0.968201   data arrival time

                                  0.000000    0.000000   clock clk (rise edge)
                                  0.000000    0.000000   clock source latency
     1    0.016434    0.079868    0.057643    0.057643 ^ clk (in)
                                                         clk (net)
                      0.079891    0.000000    0.057643 ^ clkbuf_0_clk/A (sky130_fd_sc_hd__clkbuf_16)
     4    0.039389    0.059206    0.161664    0.219307 ^ clkbuf_0_clk/X (sky130_fd_sc_hd__clkbuf_16)
                                                         clknet_0_clk (net)
                      0.059235    0.001196    0.220504 ^ clkbuf_2_3__f_clk/A (sky130_fd_sc_hd__clkbuf_16)
     8    0.026021    0.047278    0.142727    0.363230 ^ clkbuf_2_3__f_clk/X (sky130_fd_sc_hd__clkbuf_16)
                                                         clknet_2_3__leaf_clk (net)
                      0.047285    0.000664    0.363894 ^ _299_/CLK (sky130_fd_sc_hd__dfxtp_2)
                                  0.250000    0.613894   clock uncertainty
                                 -0.020886    0.593008   clock reconvergence pessimism
                                 -0.040699    0.552309   library hold time
                                              0.552309   data required time
---------------------------------------------------------------------------------------------
                                              0.552309   data required time
                                             -0.968201   data arrival time
---------------------------------------------------------------------------------------------
                                              0.415892   slack (MET)


Startpoint: _304_ (rising edge-triggered flip-flop clocked by clk)
Endpoint: _322_ (rising edge-triggered flip-flop clocked by clk)
Path Group: clk
Path Type: min

Fanout         Cap        Slew       Delay        Time   Description
---------------------------------------------------------------------------------------------
                                  0.000000    0.000000   clock clk (rise edge)
                                  0.000000    0.000000   clock source latency
     1    0.016434    0.079868    0.052153    0.052153 ^ clk (in)
                                                         clk (net)
                      0.079891    0.000000    0.052153 ^ clkbuf_0_clk/A (sky130_fd_sc_hd__clkbuf_16)
     4    0.039389    0.059206    0.146268    0.198421 ^ clkbuf_0_clk/X (sky130_fd_sc_hd__clkbuf_16)
                                                         clknet_0_clk (net)
                      0.059221    0.000832    0.199253 ^ clkbuf_2_1__f_clk/A (sky130_fd_sc_hd__clkbuf_16)
     8    0.029433    0.050515    0.132099    0.331352 ^ clkbuf_2_1__f_clk/X (sky130_fd_sc_hd__clkbuf_16)
                                                         clknet_2_1__leaf_clk (net)
                      0.050518    0.000782    0.332134 ^ _304_/CLK (sky130_fd_sc_hd__dfxtp_2)
     6    0.025966    0.071528    0.337398    0.669532 v _304_/Q (sky130_fd_sc_hd__dfxtp_2)
                                                         a_q[3] (net)
                      0.071534    0.000658    0.670190 v _177_/A1_N (sky130_fd_sc_hd__a2bb2o_2)
     2    0.013704    0.079807    0.269421    0.939612 ^ _177_/X (sky130_fd_sc_hd__a2bb2o_2)
                                                         _107_ (net)
                      0.079811    0.000656    0.940268 ^ _211_/B (sky130_fd_sc_hd__nor2_2)
     1    0.002712    0.022225    0.033165    0.973433 v _211_/Y (sky130_fd_sc_hd__nor2_2)
                                                         _024_ (net)
                      0.022226    0.000076    0.973510 v _322_/D (sky130_fd_sc_hd__dfxtp_2)
                                              0.973510   data arrival time

                                  0.000000    0.000000   clock clk (rise edge)
                                  0.000000    0.000000   clock source latency
     1    0.016434    0.079868    0.057643    0.057643 ^ clk (in)
                                                         clk (net)
                      0.079891    0.000000    0.057643 ^ clkbuf_0_clk/A (sky130_fd_sc_hd__clkbuf_16)
     4    0.039389    0.059206    0.161664    0.219307 ^ clkbuf_0_clk/X (sky130_fd_sc_hd__clkbuf_16)
                                                         clknet_0_clk (net)
                      0.059235    0.001196    0.220504 ^ clkbuf_2_3__f_clk/A (sky130_fd_sc_hd__clkbuf_16)
     8    0.026021    0.047278    0.142727    0.363230 ^ clkbuf_2_3__f_clk/X (sky130_fd_sc_hd__clkbuf_16)
                                                         clknet_2_3__leaf_clk (net)
                      0.047330    0.001430    0.364661 ^ _322_/CLK (sky130_fd_sc_hd__dfxtp_2)
                                  0.250000    0.614661   clock uncertainty
                                 -0.020886    0.593774   clock reconvergence pessimism
                                 -0.036193    0.557581   library hold time
                                              0.557581   data required time
---------------------------------------------------------------------------------------------
                                              0.557581   data required time
                                             -0.973510   data arrival time
---------------------------------------------------------------------------------------------
                                              0.415929   slack (MET)


Startpoint: _306_ (rising edge-triggered flip-flop clocked by clk)
Endpoint: _324_ (rising edge-triggered flip-flop clocked by clk)
Path Group: clk
Path Type: min

Fanout         Cap        Slew       Delay        Time   Description
---------------------------------------------------------------------------------------------
                                  0.000000    0.000000   clock clk (rise edge)
                                  0.000000    0.000000   clock source latency
     1    0.016434    0.079868    0.052153    0.052153 ^ clk (in)
                                                         clk (net)
                      0.079891    0.000000    0.052153 ^ clkbuf_0_clk/A (sky130_fd_sc_hd__clkbuf_16)
     4    0.039389    0.059206    0.146268    0.198421 ^ clkbuf_0_clk/X (sky130_fd_sc_hd__clkbuf_16)
                                                         clknet_0_clk (net)
                      0.059234    0.001053    0.199474 ^ clkbuf_2_2__f_clk/A (sky130_fd_sc_hd__clkbuf_16)
     8    0.025821    0.047065    0.129139    0.328613 ^ clkbuf_2_2__f_clk/X (sky130_fd_sc_hd__clkbuf_16)
                                                         clknet_2_2__leaf_clk (net)
                      0.047079    0.000735    0.329348 ^ _306_/CLK (sky130_fd_sc_hd__dfxtp_2)
     5    0.023678    0.126082    0.360967    0.690315 ^ _306_/Q (sky130_fd_sc_hd__dfxtp_2)
                                                         a_q[5] (net)
                      0.126095    0.001265    0.691580 ^ _297_/B2 (sky130_fd_sc_hd__o2bb2a_2)
     2    0.007724    0.059390    0.179802    0.871382 ^ _297_/X (sky130_fd_sc_hd__o2bb2a_2)
                                                         _078_ (net)
                      0.059390    0.000246    0.871628 ^ _213_/B (sky130_fd_sc_hd__and2_2)
     1    0.002385    0.034990    0.123264    0.994892 ^ _213_/X (sky130_fd_sc_hd__and2_2)
                                                         _026_ (net)
                      0.034990    0.000066    0.994958 ^ _324_/D (sky130_fd_sc_hd__dfxtp_2)
                                              0.994958   data arrival time

                                  0.000000    0.000000   clock clk (rise edge)
                                  0.000000    0.000000   clock source latency
     1    0.016434    0.079868    0.057643    0.057643 ^ clk (in)
                                                         clk (net)
                      0.079891    0.000000    0.057643 ^ clkbuf_0_clk/A (sky130_fd_sc_hd__clkbuf_16)
     4    0.039389    0.059206    0.161664    0.219307 ^ clkbuf_0_clk/X (sky130_fd_sc_hd__clkbuf_16)
                                                         clknet_0_clk (net)
                      0.059221    0.000920    0.220227 ^ clkbuf_2_1__f_clk/A (sky130_fd_sc_hd__clkbuf_16)
     8    0.029433    0.050515    0.146004    0.366231 ^ clkbuf_2_1__f_clk/X (sky130_fd_sc_hd__clkbuf_16)
                                                         clknet_2_1__leaf_clk (net)
                      0.050523    0.001270    0.367501 ^ _324_/CLK (sky130_fd_sc_hd__dfxtp_2)
                                  0.250000    0.617501   clock uncertainty
                                 -0.020886    0.596614   clock reconvergence pessimism
                                 -0.028390    0.568224   library hold time
                                              0.568224   data required time
---------------------------------------------------------------------------------------------
                                              0.568224   data required time
                                             -0.994958   data arrival time
---------------------------------------------------------------------------------------------
                                              0.426734   slack (MET)


Startpoint: _303_ (rising edge-triggered flip-flop clocked by clk)
Endpoint: _321_ (rising edge-triggered flip-flop clocked by clk)
Path Group: clk
Path Type: min

Fanout         Cap        Slew       Delay        Time   Description
---------------------------------------------------------------------------------------------
                                  0.000000    0.000000   clock clk (rise edge)
                                  0.000000    0.000000   clock source latency
     1    0.016434    0.079868    0.052153    0.052153 ^ clk (in)
                                                         clk (net)
                      0.079891    0.000000    0.052153 ^ clkbuf_0_clk/A (sky130_fd_sc_hd__clkbuf_16)
     4    0.039389    0.059206    0.146268    0.198421 ^ clkbuf_0_clk/X (sky130_fd_sc_hd__clkbuf_16)
                                                         clknet_0_clk (net)
                      0.059221    0.000830    0.199251 ^ clkbuf_2_0__f_clk/A (sky130_fd_sc_hd__clkbuf_16)
     8    0.027240    0.048327    0.130332    0.329582 ^ clkbuf_2_0__f_clk/X (sky130_fd_sc_hd__clkbuf_16)
                                                         clknet_2_0__leaf_clk (net)
                      0.048392    0.001221    0.330804 ^ _303_/CLK (sky130_fd_sc_hd__dfxtp_2)
     6    0.024932    0.132052    0.365718    0.696521 ^ _303_/Q (sky130_fd_sc_hd__dfxtp_2)
                                                         a_q[2] (net)
                      0.132056    0.000892    0.697414 ^ _164_/A (sky130_fd_sc_hd__or2_2)
     2    0.009941    0.061994    0.146649    0.844063 ^ _164_/X (sky130_fd_sc_hd__or2_2)
                                                         _094_ (net)
                      0.061994    0.000211    0.844273 ^ _210_/C (sky130_fd_sc_hd__and3_2)
     1    0.002135    0.038982    0.157421    1.001695 ^ _210_/X (sky130_fd_sc_hd__and3_2)
                                                         _023_ (net)
                      0.038982    0.000057    1.001751 ^ _321_/D (sky130_fd_sc_hd__dfxtp_2)
                                              1.001751   data arrival time

                                  0.000000    0.000000   clock clk (rise edge)
                                  0.000000    0.000000   clock source latency
     1    0.016434    0.079868    0.057643    0.057643 ^ clk (in)
                                                         clk (net)
                      0.079891    0.000000    0.057643 ^ clkbuf_0_clk/A (sky130_fd_sc_hd__clkbuf_16)
     4    0.039389    0.059206    0.161664    0.219307 ^ clkbuf_0_clk/X (sky130_fd_sc_hd__clkbuf_16)
                                                         clknet_0_clk (net)
                      0.059221    0.000917    0.220224 ^ clkbuf_2_0__f_clk/A (sky130_fd_sc_hd__clkbuf_16)
     8    0.027240    0.048327    0.144051    0.364275 ^ clkbuf_2_0__f_clk/X (sky130_fd_sc_hd__clkbuf_16)
                                                         clknet_2_0__leaf_clk (net)
                      0.048364    0.000920    0.365195 ^ _321_/CLK (sky130_fd_sc_hd__dfxtp_2)
                                  0.250000    0.615195   clock uncertainty
                                 -0.034693    0.580502   clock reconvergence pessimism
                                 -0.029501    0.551001   library hold time
                                              0.551001   data required time
---------------------------------------------------------------------------------------------
                                              0.551001   data required time
                                             -1.001751   data arrival time
---------------------------------------------------------------------------------------------
                                              0.450750   slack (MET)


Startpoint: _302_ (rising edge-triggered flip-flop clocked by clk)
Endpoint: _320_ (rising edge-triggered flip-flop clocked by clk)
Path Group: clk
Path Type: min

Fanout         Cap        Slew       Delay        Time   Description
---------------------------------------------------------------------------------------------
                                  0.000000    0.000000   clock clk (rise edge)
                                  0.000000    0.000000   clock source latency
     1    0.016434    0.079868    0.052153    0.052153 ^ clk (in)
                                                         clk (net)
                      0.079891    0.000000    0.052153 ^ clkbuf_0_clk/A (sky130_fd_sc_hd__clkbuf_16)
     4    0.039389    0.059206    0.146268    0.198421 ^ clkbuf_0_clk/X (sky130_fd_sc_hd__clkbuf_16)
                                                         clknet_0_clk (net)
                      0.059221    0.000830    0.199251 ^ clkbuf_2_0__f_clk/A (sky130_fd_sc_hd__clkbuf_16)
     8    0.027240    0.048327    0.130332    0.329582 ^ clkbuf_2_0__f_clk/X (sky130_fd_sc_hd__clkbuf_16)
                                                         clknet_2_0__leaf_clk (net)
                      0.048375    0.000998    0.330580 ^ _302_/CLK (sky130_fd_sc_hd__dfxtp_2)
     7    0.032346    0.167717    0.390078    0.720658 ^ _302_/Q (sky130_fd_sc_hd__dfxtp_2)
                                                         a_q[1] (net)
                      0.167723    0.001141    0.721799 ^ _168_/A2 (sky130_fd_sc_hd__a311o_2)
     2    0.008255    0.054434    0.204532    0.926331 ^ _168_/X (sky130_fd_sc_hd__a311o_2)
                                                         _098_ (net)
                      0.054434    0.000189    0.926521 ^ _209_/B (sky130_fd_sc_hd__and2_2)
     1    0.002154    0.034002    0.120744    1.047264 ^ _209_/X (sky130_fd_sc_hd__and2_2)
                                                         _022_ (net)
                      0.034002    0.000059    1.047323 ^ _320_/D (sky130_fd_sc_hd__dfxtp_2)
                                              1.047323   data arrival time

                                  0.000000    0.000000   clock clk (rise edge)
                                  0.000000    0.000000   clock source latency
     1    0.016434    0.079868    0.057643    0.057643 ^ clk (in)
                                                         clk (net)
                      0.079891    0.000000    0.057643 ^ clkbuf_0_clk/A (sky130_fd_sc_hd__clkbuf_16)
     4    0.039389    0.059206    0.161664    0.219307 ^ clkbuf_0_clk/X (sky130_fd_sc_hd__clkbuf_16)
                                                         clknet_0_clk (net)
                      0.059221    0.000917    0.220224 ^ clkbuf_2_0__f_clk/A (sky130_fd_sc_hd__clkbuf_16)
     8    0.027240    0.048327    0.144051    0.364275 ^ clkbuf_2_0__f_clk/X (sky130_fd_sc_hd__clkbuf_16)
                                                         clknet_2_0__leaf_clk (net)
                      0.048357    0.000808    0.365084 ^ _320_/CLK (sky130_fd_sc_hd__dfxtp_2)
                                  0.250000    0.615084   clock uncertainty
                                 -0.034693    0.580391   clock reconvergence pessimism
                                 -0.028471    0.551920   library hold time
                                              0.551920   data required time
---------------------------------------------------------------------------------------------
                                              0.551920   data required time
                                             -1.047323   data arrival time
---------------------------------------------------------------------------------------------
                                              0.495403   slack (MET)


Startpoint: _308_ (rising edge-triggered flip-flop clocked by clk)
Endpoint: _327_ (rising edge-triggered flip-flop clocked by clk)
Path Group: clk
Path Type: min

Fanout         Cap        Slew       Delay        Time   Description
---------------------------------------------------------------------------------------------
                                  0.000000    0.000000   clock clk (rise edge)
                                  0.000000    0.000000   clock source latency
     1    0.016434    0.079868    0.052153    0.052153 ^ clk (in)
                                                         clk (net)
                      0.079891    0.000000    0.052153 ^ clkbuf_0_clk/A (sky130_fd_sc_hd__clkbuf_16)
     4    0.039389    0.059206    0.146268    0.198421 ^ clkbuf_0_clk/X (sky130_fd_sc_hd__clkbuf_16)
                                                         clknet_0_clk (net)
                      0.059234    0.001053    0.199474 ^ clkbuf_2_2__f_clk/A (sky130_fd_sc_hd__clkbuf_16)
     8    0.025821    0.047065    0.129139    0.328613 ^ clkbuf_2_2__f_clk/X (sky130_fd_sc_hd__clkbuf_16)
                                                         clknet_2_2__leaf_clk (net)
                      0.047077    0.000687    0.329300 ^ _308_/CLK (sky130_fd_sc_hd__dfxtp_2)
     5    0.023022    0.122896    0.358946    0.688246 ^ _308_/Q (sky130_fd_sc_hd__dfxtp_2)
                                                         a_q[7] (net)
                      0.122901    0.000856    0.689102 ^ _274_/A1 (sky130_fd_sc_hd__o211a_2)
     1    0.007750    0.066351    0.198725    0.887827 ^ _274_/X (sky130_fd_sc_hd__o211a_2)
                                                         _055_ (net)
                      0.066352    0.000339    0.888166 ^ _275_/B1 (sky130_fd_sc_hd__o21a_2)
     2    0.009316    0.059838    0.140796    1.028962 ^ _275_/X (sky130_fd_sc_hd__o21a_2)
                                                         _056_ (net)
                      0.059838    0.000233    1.029195 ^ _216_/B (sky130_fd_sc_hd__nor2_2)
     1    0.002207    0.017929    0.029103    1.058298 v _216_/Y (sky130_fd_sc_hd__nor2_2)
                                                         _029_ (net)
                      0.017929    0.000060    1.058358 v _327_/D (sky130_fd_sc_hd__dfxtp_2)
                                              1.058358   data arrival time

                                  0.000000    0.000000   clock clk (rise edge)
                                  0.000000    0.000000   clock source latency
     1    0.016434    0.079868    0.057643    0.057643 ^ clk (in)
                                                         clk (net)
                      0.079891    0.000000    0.057643 ^ clkbuf_0_clk/A (sky130_fd_sc_hd__clkbuf_16)
     4    0.039389    0.059206    0.161664    0.219307 ^ clkbuf_0_clk/X (sky130_fd_sc_hd__clkbuf_16)
                                                         clknet_0_clk (net)
                      0.059235    0.001196    0.220504 ^ clkbuf_2_3__f_clk/A (sky130_fd_sc_hd__clkbuf_16)
     8    0.026021    0.047278    0.142727    0.363230 ^ clkbuf_2_3__f_clk/X (sky130_fd_sc_hd__clkbuf_16)
                                                         clknet_2_3__leaf_clk (net)
                      0.047321    0.001321    0.364551 ^ _327_/CLK (sky130_fd_sc_hd__dfxtp_2)
                                  0.250000    0.614551   clock uncertainty
                                 -0.020886    0.593665   clock reconvergence pessimism
                                 -0.034434    0.559231   library hold time
                                              0.559231   data required time
---------------------------------------------------------------------------------------------
                                              0.559231   data required time
                                             -1.058358   data arrival time
---------------------------------------------------------------------------------------------
                                              0.499127   slack (MET)


Startpoint: _307_ (rising edge-triggered flip-flop clocked by clk)
Endpoint: _300_ (rising edge-triggered flip-flop clocked by clk)
Path Group: clk
Path Type: min

Fanout         Cap        Slew       Delay        Time   Description
---------------------------------------------------------------------------------------------
                                  0.000000    0.000000   clock clk (rise edge)
                                  0.000000    0.000000   clock source latency
     1    0.016434    0.079868    0.052153    0.052153 ^ clk (in)
                                                         clk (net)
                      0.079891    0.000000    0.052153 ^ clkbuf_0_clk/A (sky130_fd_sc_hd__clkbuf_16)
     4    0.039389    0.059206    0.146268    0.198421 ^ clkbuf_0_clk/X (sky130_fd_sc_hd__clkbuf_16)
                                                         clknet_0_clk (net)
                      0.059234    0.001053    0.199474 ^ clkbuf_2_2__f_clk/A (sky130_fd_sc_hd__clkbuf_16)
     8    0.025821    0.047065    0.129139    0.328613 ^ clkbuf_2_2__f_clk/X (sky130_fd_sc_hd__clkbuf_16)
                                                         clknet_2_2__leaf_clk (net)
                      0.047078    0.000709    0.329322 ^ _307_/CLK (sky130_fd_sc_hd__dfxtp_2)
     5    0.021109    0.061246    0.327312    0.656633 v _307_/Q (sky130_fd_sc_hd__dfxtp_2)
                                                         a_q[6] (net)
                      0.061265    0.000974    0.657608 v _188_/A1_N (sky130_fd_sc_hd__a2bb2o_2)
     2    0.009514    0.061041    0.250744    0.908352 ^ _188_/X (sky130_fd_sc_hd__a2bb2o_2)
                                                         _118_ (net)
                      0.061042    0.000278    0.908629 ^ _189_/A4 (sky130_fd_sc_hd__a41o_2)
     1    0.002970    0.032668    0.176586    1.085215 ^ _189_/X (sky130_fd_sc_hd__a41o_2)
                                                         _002_ (net)
                      0.032670    0.000091    1.085307 ^ _300_/D (sky130_fd_sc_hd__dfxtp_2)
                                              1.085307   data arrival time

                                  0.000000    0.000000   clock clk (rise edge)
                                  0.000000    0.000000   clock source latency
     1    0.016434    0.079868    0.057643    0.057643 ^ clk (in)
                                                         clk (net)
                      0.079891    0.000000    0.057643 ^ clkbuf_0_clk/A (sky130_fd_sc_hd__clkbuf_16)
     4    0.039389    0.059206    0.161664    0.219307 ^ clkbuf_0_clk/X (sky130_fd_sc_hd__clkbuf_16)
                                                         clknet_0_clk (net)
                      0.059235    0.001196    0.220504 ^ clkbuf_2_3__f_clk/A (sky130_fd_sc_hd__clkbuf_16)
     8    0.026021    0.047278    0.142727    0.363230 ^ clkbuf_2_3__f_clk/X (sky130_fd_sc_hd__clkbuf_16)
                                                         clknet_2_3__leaf_clk (net)
                      0.047328    0.001405    0.364636 ^ _300_/CLK (sky130_fd_sc_hd__dfxtp_2)
                                  0.250000    0.614636   clock uncertainty
                                 -0.020886    0.593749   clock reconvergence pessimism
                                 -0.028330    0.565420   library hold time
                                              0.565420   data required time
---------------------------------------------------------------------------------------------
                                              0.565420   data required time
                                             -1.085307   data arrival time
---------------------------------------------------------------------------------------------
                                              0.519887   slack (MET)


Startpoint: a[1] (input port clocked by clk)
Endpoint: _302_ (rising edge-triggered flip-flop clocked by clk)
Path Group: clk
Path Type: min

Fanout         Cap        Slew       Delay        Time   Description
---------------------------------------------------------------------------------------------
                                  0.000000    0.000000   clock clk (rise edge)
                                  0.000000    0.000000   clock network delay (propagated)
                                  2.000000    2.000000 ^ input external delay
     1    0.003673    0.023519    0.012717    2.012717 ^ a[1] (in)
                                                         a[1] (net)
                      0.023527    0.000000    2.012717 ^ input2/A (sky130_fd_sc_hd__clkdlybuf4s25_1)
     1    0.001994    0.036925    0.217721    2.230438 ^ input2/X (sky130_fd_sc_hd__clkdlybuf4s25_1)
                                                         net2 (net)
                      0.036925    0.000052    2.230491 ^ _191_/B (sky130_fd_sc_hd__and2_2)
     1    0.002046    0.033563    0.115195    2.345685 ^ _191_/X (sky130_fd_sc_hd__and2_2)
                                                         _004_ (net)
                      0.033563    0.000038    2.345723 ^ _302_/D (sky130_fd_sc_hd__dfxtp_2)
                                              2.345723   data arrival time

                                  0.000000    0.000000   clock clk (rise edge)
                                  0.000000    0.000000   clock source latency
     1    0.016434    0.079868    0.057643    0.057643 ^ clk (in)
                                                         clk (net)
                      0.079891    0.000000    0.057643 ^ clkbuf_0_clk/A (sky130_fd_sc_hd__clkbuf_16)
     4    0.039389    0.059206    0.161664    0.219307 ^ clkbuf_0_clk/X (sky130_fd_sc_hd__clkbuf_16)
                                                         clknet_0_clk (net)
                      0.059221    0.000917    0.220224 ^ clkbuf_2_0__f_clk/A (sky130_fd_sc_hd__clkbuf_16)
     8    0.027240    0.048327    0.144051    0.364275 ^ clkbuf_2_0__f_clk/X (sky130_fd_sc_hd__clkbuf_16)
                                                         clknet_2_0__leaf_clk (net)
                      0.048375    0.001103    0.365378 ^ _302_/CLK (sky130_fd_sc_hd__dfxtp_2)
                                  0.250000    0.615378   clock uncertainty
                                  0.000000    0.615378   clock reconvergence pessimism
                                 -0.028377    0.587001   library hold time
                                              0.587001   data required time
---------------------------------------------------------------------------------------------
                                              0.587001   data required time
                                             -2.345723   data arrival time
---------------------------------------------------------------------------------------------
                                              1.758723   slack (MET)


Startpoint: a[0] (input port clocked by clk)
Endpoint: _301_ (rising edge-triggered flip-flop clocked by clk)
Path Group: clk
Path Type: min

Fanout         Cap        Slew       Delay        Time   Description
---------------------------------------------------------------------------------------------
                                  0.000000    0.000000   clock clk (rise edge)
                                  0.000000    0.000000   clock network delay (propagated)
                                  2.000000    2.000000 ^ input external delay
     1    0.003563    0.023042    0.012349    2.012349 ^ a[0] (in)
                                                         a[0] (net)
                      0.023049    0.000000    2.012349 ^ input1/A (sky130_fd_sc_hd__clkdlybuf4s25_1)
     1    0.002154    0.038425    0.218700    2.231049 ^ input1/X (sky130_fd_sc_hd__clkdlybuf4s25_1)
                                                         net1 (net)
                      0.038425    0.000056    2.231105 ^ _190_/B (sky130_fd_sc_hd__and2_2)
     1    0.002056    0.033603    0.115674    2.346779 ^ _190_/X (sky130_fd_sc_hd__and2_2)
                                                         _003_ (net)
                      0.033603    0.000038    2.346817 ^ _301_/D (sky130_fd_sc_hd__dfxtp_2)
                                              2.346817   data arrival time

                                  0.000000    0.000000   clock clk (rise edge)
                                  0.000000    0.000000   clock source latency
     1    0.016434    0.079868    0.057643    0.057643 ^ clk (in)
                                                         clk (net)
                      0.079891    0.000000    0.057643 ^ clkbuf_0_clk/A (sky130_fd_sc_hd__clkbuf_16)
     4    0.039389    0.059206    0.161664    0.219307 ^ clkbuf_0_clk/X (sky130_fd_sc_hd__clkbuf_16)
                                                         clknet_0_clk (net)
                      0.059221    0.000917    0.220224 ^ clkbuf_2_0__f_clk/A (sky130_fd_sc_hd__clkbuf_16)
     8    0.027240    0.048327    0.144051    0.364275 ^ clkbuf_2_0__f_clk/X (sky130_fd_sc_hd__clkbuf_16)
                                                         clknet_2_0__leaf_clk (net)
                      0.048364    0.000927    0.365203 ^ _301_/CLK (sky130_fd_sc_hd__dfxtp_2)
                                  0.250000    0.615203   clock uncertainty
                                  0.000000    0.615203   clock reconvergence pessimism
                                 -0.028387    0.586816   library hold time
                                              0.586816   data required time
---------------------------------------------------------------------------------------------
                                              0.586816   data required time
                                             -2.346817   data arrival time
---------------------------------------------------------------------------------------------
                                              1.760001   slack (MET)


Startpoint: b[0] (input port clocked by clk)
Endpoint: _309_ (rising edge-triggered flip-flop clocked by clk)
Path Group: clk
Path Type: min

Fanout         Cap        Slew       Delay        Time   Description
---------------------------------------------------------------------------------------------
                                  0.000000    0.000000   clock clk (rise edge)
                                  0.000000    0.000000   clock network delay (propagated)
                                  2.000000    2.000000 ^ input external delay
     1    0.003719    0.023719    0.012863    2.012863 ^ b[0] (in)
                                                         b[0] (net)
                      0.023727    0.000000    2.012863 ^ input9/A (sky130_fd_sc_hd__clkdlybuf4s25_1)
     1    0.002040    0.037282    0.218113    2.230976 ^ input9/X (sky130_fd_sc_hd__clkdlybuf4s25_1)
                                                         net9 (net)
                      0.037447    0.000054    2.231030 ^ _198_/B (sky130_fd_sc_hd__and2_2)
     1    0.001981    0.033282    0.115028    2.346057 ^ _198_/X (sky130_fd_sc_hd__and2_2)
                                                         _011_ (net)
                      0.033282    0.000036    2.346094 ^ _309_/D (sky130_fd_sc_hd__dfxtp_2)
                                              2.346094   data arrival time

                                  0.000000    0.000000   clock clk (rise edge)
                                  0.000000    0.000000   clock source latency
     1    0.016434    0.079868    0.057643    0.057643 ^ clk (in)
                                                         clk (net)
                      0.079891    0.000000    0.057643 ^ clkbuf_0_clk/A (sky130_fd_sc_hd__clkbuf_16)
     4    0.039389    0.059206    0.161664    0.219307 ^ clkbuf_0_clk/X (sky130_fd_sc_hd__clkbuf_16)
                                                         clknet_0_clk (net)
                      0.059234    0.001164    0.220471 ^ clkbuf_2_2__f_clk/A (sky130_fd_sc_hd__clkbuf_16)
     8    0.025821    0.047065    0.142733    0.363204 ^ clkbuf_2_2__f_clk/X (sky130_fd_sc_hd__clkbuf_16)
                                                         clknet_2_2__leaf_clk (net)
                      0.047083    0.000876    0.364080 ^ _309_/CLK (sky130_fd_sc_hd__dfxtp_2)
                                  0.250000    0.614080   clock uncertainty
                                  0.000000    0.614080   clock reconvergence pessimism
                                 -0.028489    0.585591   library hold time
                                              0.585591   data required time
---------------------------------------------------------------------------------------------
                                              0.585591   data required time
                                             -2.346094   data arrival time
---------------------------------------------------------------------------------------------
                                              1.760503   slack (MET)


Startpoint: op[1] (input port clocked by clk)
Endpoint: _318_ (rising edge-triggered flip-flop clocked by clk)
Path Group: clk
Path Type: min

Fanout         Cap        Slew       Delay        Time   Description
---------------------------------------------------------------------------------------------
                                  0.000000    0.000000   clock clk (rise edge)
                                  0.000000    0.000000   clock network delay (propagated)
                                  2.000000    2.000000 ^ input external delay
     1    0.003704    0.023655    0.012824    2.012824 ^ op[1] (in)
                                                         op[1] (net)
                      0.023663    0.000000    2.012824 ^ input18/A (sky130_fd_sc_hd__clkdlybuf4s25_1)
     1    0.002037    0.037262    0.218074    2.230897 ^ input18/X (sky130_fd_sc_hd__clkdlybuf4s25_1)
                                                         net18 (net)
                      0.037425    0.000054    2.230951 ^ _207_/B (sky130_fd_sc_hd__and2_2)
     1    0.001997    0.033351    0.115100    2.346051 ^ _207_/X (sky130_fd_sc_hd__and2_2)
                                                         _020_ (net)
                      0.033351    0.000037    2.346088 ^ _318_/D (sky130_fd_sc_hd__dfxtp_2)
                                              2.346088   data arrival time

                                  0.000000    0.000000   clock clk (rise edge)
                                  0.000000    0.000000   clock source latency
     1    0.016434    0.079868    0.057643    0.057643 ^ clk (in)
                                                         clk (net)
                      0.079891    0.000000    0.057643 ^ clkbuf_0_clk/A (sky130_fd_sc_hd__clkbuf_16)
     4    0.039389    0.059206    0.161664    0.219307 ^ clkbuf_0_clk/X (sky130_fd_sc_hd__clkbuf_16)
                                                         clknet_0_clk (net)
                      0.059234    0.001164    0.220471 ^ clkbuf_2_2__f_clk/A (sky130_fd_sc_hd__clkbuf_16)
     8    0.025821    0.047065    0.142733    0.363204 ^ clkbuf_2_2__f_clk/X (sky130_fd_sc_hd__clkbuf_16)
                                                         clknet_2_2__leaf_clk (net)
                      0.047081    0.000846    0.364050 ^ _318_/CLK (sky130_fd_sc_hd__dfxtp_2)
                                  0.250000    0.614050   clock uncertainty
                                  0.000000    0.614050   clock reconvergence pessimism
                                 -0.028503    0.585546   library hold time
                                              0.585546   data required time
---------------------------------------------------------------------------------------------
                                              0.585546   data required time
                                             -2.346088   data arrival time
---------------------------------------------------------------------------------------------
                                              1.760541   slack (MET)


Startpoint: op[0] (input port clocked by clk)
Endpoint: _317_ (rising edge-triggered flip-flop clocked by clk)
Path Group: clk
Path Type: min

Fanout         Cap        Slew       Delay        Time   Description
---------------------------------------------------------------------------------------------
                                  0.000000    0.000000   clock clk (rise edge)
                                  0.000000    0.000000   clock network delay (propagated)
                                  2.000000    2.000000 ^ input external delay
     1    0.003707    0.023667    0.012831    2.012831 ^ op[0] (in)
                                                         op[0] (net)
                      0.023675    0.000000    2.012831 ^ input17/A (sky130_fd_sc_hd__clkdlybuf4s25_1)
     1    0.002040    0.037282    0.218096    2.230927 ^ input17/X (sky130_fd_sc_hd__clkdlybuf4s25_1)
                                                         net17 (net)
                      0.037447    0.000054    2.230981 ^ _206_/B (sky130_fd_sc_hd__and2_2)
     1    0.001997    0.033351    0.115106    2.346087 ^ _206_/X (sky130_fd_sc_hd__and2_2)
                                                         _019_ (net)
                      0.033351    0.000037    2.346124 ^ _317_/D (sky130_fd_sc_hd__dfxtp_2)
                                              2.346124   data arrival time

                                  0.000000    0.000000   clock clk (rise edge)
                                  0.000000    0.000000   clock source latency
     1    0.016434    0.079868    0.057643    0.057643 ^ clk (in)
                                                         clk (net)
                      0.079891    0.000000    0.057643 ^ clkbuf_0_clk/A (sky130_fd_sc_hd__clkbuf_16)
     4    0.039389    0.059206    0.161664    0.219307 ^ clkbuf_0_clk/X (sky130_fd_sc_hd__clkbuf_16)
                                                         clknet_0_clk (net)
                      0.059234    0.001164    0.220471 ^ clkbuf_2_2__f_clk/A (sky130_fd_sc_hd__clkbuf_16)
     8    0.025821    0.047065    0.142733    0.363204 ^ clkbuf_2_2__f_clk/X (sky130_fd_sc_hd__clkbuf_16)
                                                         clknet_2_2__leaf_clk (net)
                      0.047081    0.000854    0.364058 ^ _317_/CLK (sky130_fd_sc_hd__dfxtp_2)
                                  0.250000    0.614058   clock uncertainty
                                  0.000000    0.614058   clock reconvergence pessimism
                                 -0.028503    0.585554   library hold time
                                              0.585554   data required time
---------------------------------------------------------------------------------------------
                                              0.585554   data required time
                                             -2.346124   data arrival time
---------------------------------------------------------------------------------------------
                                              1.760570   slack (MET)


Startpoint: a[4] (input port clocked by clk)
Endpoint: _305_ (rising edge-triggered flip-flop clocked by clk)
Path Group: clk
Path Type: min

Fanout         Cap        Slew       Delay        Time   Description
---------------------------------------------------------------------------------------------
                                  0.000000    0.000000   clock clk (rise edge)
                                  0.000000    0.000000   clock network delay (propagated)
                                  2.000000    2.000000 ^ input external delay
     1    0.003542    0.022949    0.012279    2.012279 ^ a[4] (in)
                                                         a[4] (net)
                      0.022957    0.000000    2.012279 ^ input5/A (sky130_fd_sc_hd__clkdlybuf4s25_1)
     1    0.002604    0.042332    0.221886    2.234165 ^ input5/X (sky130_fd_sc_hd__clkdlybuf4s25_1)
                                                         net5 (net)
                      0.042332    0.000069    2.234234 ^ _194_/B (sky130_fd_sc_hd__and2_2)
     1    0.002028    0.033477    0.116657    2.350892 ^ _194_/X (sky130_fd_sc_hd__and2_2)
                                                         _007_ (net)
                      0.033477    0.000054    2.350946 ^ _305_/D (sky130_fd_sc_hd__dfxtp_2)
                                              2.350946   data arrival time

                                  0.000000    0.000000   clock clk (rise edge)
                                  0.000000    0.000000   clock source latency
     1    0.016434    0.079868    0.057643    0.057643 ^ clk (in)
                                                         clk (net)
                      0.079891    0.000000    0.057643 ^ clkbuf_0_clk/A (sky130_fd_sc_hd__clkbuf_16)
     4    0.039389    0.059206    0.161664    0.219307 ^ clkbuf_0_clk/X (sky130_fd_sc_hd__clkbuf_16)
                                                         clknet_0_clk (net)
                      0.059221    0.000920    0.220227 ^ clkbuf_2_1__f_clk/A (sky130_fd_sc_hd__clkbuf_16)
     8    0.029433    0.050515    0.146004    0.366231 ^ clkbuf_2_1__f_clk/X (sky130_fd_sc_hd__clkbuf_16)
                                                         clknet_2_1__leaf_clk (net)
                      0.050522    0.001179    0.367410 ^ _305_/CLK (sky130_fd_sc_hd__dfxtp_2)
                                  0.250000    0.617410   clock uncertainty
                                  0.000000    0.617410   clock reconvergence pessimism
                                 -0.028078    0.589332   library hold time
                                              0.589332   data required time
---------------------------------------------------------------------------------------------
                                              0.589332   data required time
                                             -2.350946   data arrival time
---------------------------------------------------------------------------------------------
                                              1.761613   slack (MET)


Startpoint: b[1] (input port clocked by clk)
Endpoint: _310_ (rising edge-triggered flip-flop clocked by clk)
Path Group: clk
Path Type: min

Fanout         Cap        Slew       Delay        Time   Description
---------------------------------------------------------------------------------------------
                                  0.000000    0.000000   clock clk (rise edge)
                                  0.000000    0.000000   clock network delay (propagated)
                                  2.000000    2.000000 ^ input external delay
     1    0.003721    0.023726    0.012878    2.012878 ^ b[1] (in)
                                                         b[1] (net)
                      0.023734    0.000000    2.012878 ^ input10/A (sky130_fd_sc_hd__clkdlybuf4s25_1)
     1    0.002040    0.037282    0.218116    2.230994 ^ input10/X (sky130_fd_sc_hd__clkdlybuf4s25_1)
                                                         net10 (net)
                      0.037447    0.000054    2.231048 ^ _199_/B (sky130_fd_sc_hd__and2_2)
     1    0.002438    0.035248    0.117256    2.348304 ^ _199_/X (sky130_fd_sc_hd__and2_2)
                                                         _012_ (net)
                      0.035248    0.000065    2.348368 ^ _310_/D (sky130_fd_sc_hd__dfxtp_2)
                                              2.348368   data arrival time

                                  0.000000    0.000000   clock clk (rise edge)
                                  0.000000    0.000000   clock source latency
     1    0.016434    0.079868    0.057643    0.057643 ^ clk (in)
                                                         clk (net)
                      0.079891    0.000000    0.057643 ^ clkbuf_0_clk/A (sky130_fd_sc_hd__clkbuf_16)
     4    0.039389    0.059206    0.161664    0.219307 ^ clkbuf_0_clk/X (sky130_fd_sc_hd__clkbuf_16)
                                                         clknet_0_clk (net)
                      0.059221    0.000917    0.220224 ^ clkbuf_2_0__f_clk/A (sky130_fd_sc_hd__clkbuf_16)
     8    0.027240    0.048327    0.144051    0.364275 ^ clkbuf_2_0__f_clk/X (sky130_fd_sc_hd__clkbuf_16)
                                                         clknet_2_0__leaf_clk (net)
                      0.048378    0.001152    0.365427 ^ _310_/CLK (sky130_fd_sc_hd__dfxtp_2)
                                  0.250000    0.615427   clock uncertainty
                                  0.000000    0.615427   clock reconvergence pessimism
                                 -0.028726    0.586701   library hold time
                                              0.586701   data required time
---------------------------------------------------------------------------------------------
                                              0.586701   data required time
                                             -2.348368   data arrival time
---------------------------------------------------------------------------------------------
                                              1.761667   slack (MET)


Startpoint: a[6] (input port clocked by clk)
Endpoint: _307_ (rising edge-triggered flip-flop clocked by clk)
Path Group: clk
Path Type: min

Fanout         Cap        Slew       Delay        Time   Description
---------------------------------------------------------------------------------------------
                                  0.000000    0.000000   clock clk (rise edge)
                                  0.000000    0.000000   clock network delay (propagated)
                                  2.000000    2.000000 ^ input external delay
     1    0.003682    0.023556    0.012747    2.012747 ^ a[6] (in)
                                                         a[6] (net)
                      0.023564    0.000000    2.012747 ^ input7/A (sky130_fd_sc_hd__clkdlybuf4s25_1)
     1    0.002199    0.038816    0.219196    2.231943 ^ input7/X (sky130_fd_sc_hd__clkdlybuf4s25_1)
                                                         net7 (net)
                      0.038816    0.000058    2.232002 ^ _196_/B (sky130_fd_sc_hd__and2_2)
     1    0.002204    0.034241    0.116506    2.348507 ^ _196_/X (sky130_fd_sc_hd__and2_2)
                                                         _009_ (net)
                      0.034241    0.000060    2.348567 ^ _307_/D (sky130_fd_sc_hd__dfxtp_2)
                                              2.348567   data arrival time

                                  0.000000    0.000000   clock clk (rise edge)
                                  0.000000    0.000000   clock source latency
     1    0.016434    0.079868    0.057643    0.057643 ^ clk (in)
                                                         clk (net)
                      0.079891    0.000000    0.057643 ^ clkbuf_0_clk/A (sky130_fd_sc_hd__clkbuf_16)
     4    0.039389    0.059206    0.161664    0.219307 ^ clkbuf_0_clk/X (sky130_fd_sc_hd__clkbuf_16)
                                                         clknet_0_clk (net)
                      0.059234    0.001164    0.220471 ^ clkbuf_2_2__f_clk/A (sky130_fd_sc_hd__clkbuf_16)
     8    0.025821    0.047065    0.142733    0.363204 ^ clkbuf_2_2__f_clk/X (sky130_fd_sc_hd__clkbuf_16)
                                                         clknet_2_2__leaf_clk (net)
                      0.047078    0.000783    0.363987 ^ _307_/CLK (sky130_fd_sc_hd__dfxtp_2)
                                  0.250000    0.613987   clock uncertainty
                                  0.000000    0.613987   clock reconvergence pessimism
                                 -0.028688    0.585299   library hold time
                                              0.585299   data required time
---------------------------------------------------------------------------------------------
                                              0.585299   data required time
                                             -2.348567   data arrival time
---------------------------------------------------------------------------------------------
                                              1.763268   slack (MET)


Startpoint: b[3] (input port clocked by clk)
Endpoint: _312_ (rising edge-triggered flip-flop clocked by clk)
Path Group: clk
Path Type: min

Fanout         Cap        Slew       Delay        Time   Description
---------------------------------------------------------------------------------------------
                                  0.000000    0.000000   clock clk (rise edge)
                                  0.000000    0.000000   clock network delay (propagated)
                                  2.000000    2.000000 ^ input external delay
     1    0.003479    0.022674    0.012069    2.012069 ^ b[3] (in)
                                                         b[3] (net)
                      0.022682    0.000000    2.012069 ^ input12/A (sky130_fd_sc_hd__clkdlybuf4s25_1)
     1    0.002816    0.044185    0.223308    2.235377 ^ input12/X (sky130_fd_sc_hd__clkdlybuf4s25_1)
                                                         net12 (net)
                      0.044185    0.000081    2.235458 ^ _201_/B (sky130_fd_sc_hd__and2_2)
     1    0.001983    0.033281    0.116971    2.352429 ^ _201_/X (sky130_fd_sc_hd__and2_2)
                                                         _014_ (net)
                      0.033281    0.000052    2.352481 ^ _312_/D (sky130_fd_sc_hd__dfxtp_2)
                                              2.352481   data arrival time

                                  0.000000    0.000000   clock clk (rise edge)
                                  0.000000    0.000000   clock source latency
     1    0.016434    0.079868    0.057643    0.057643 ^ clk (in)
                                                         clk (net)
                      0.079891    0.000000    0.057643 ^ clkbuf_0_clk/A (sky130_fd_sc_hd__clkbuf_16)
     4    0.039389    0.059206    0.161664    0.219307 ^ clkbuf_0_clk/X (sky130_fd_sc_hd__clkbuf_16)
                                                         clknet_0_clk (net)
                      0.059221    0.000920    0.220227 ^ clkbuf_2_1__f_clk/A (sky130_fd_sc_hd__clkbuf_16)
     8    0.029433    0.050515    0.146004    0.366231 ^ clkbuf_2_1__f_clk/X (sky130_fd_sc_hd__clkbuf_16)
                                                         clknet_2_1__leaf_clk (net)
                      0.050519    0.000945    0.367176 ^ _312_/CLK (sky130_fd_sc_hd__dfxtp_2)
                                  0.250000    0.617176   clock uncertainty
                                  0.000000    0.617176   clock reconvergence pessimism
                                 -0.028037    0.589138   library hold time
                                              0.589138   data required time
---------------------------------------------------------------------------------------------
                                              0.589138   data required time
                                             -2.352481   data arrival time
---------------------------------------------------------------------------------------------
                                              1.763343   slack (MET)


Startpoint: a[5] (input port clocked by clk)
Endpoint: _306_ (rising edge-triggered flip-flop clocked by clk)
Path Group: clk
Path Type: min

Fanout         Cap        Slew       Delay        Time   Description
---------------------------------------------------------------------------------------------
                                  0.000000    0.000000   clock clk (rise edge)
                                  0.000000    0.000000   clock network delay (propagated)
                                  2.000000    2.000000 ^ input external delay
     1    0.003730    0.023764    0.012906    2.012906 ^ a[5] (in)
                                                         a[5] (net)
                      0.023772    0.000000    2.012906 ^ input6/A (sky130_fd_sc_hd__clkdlybuf4s25_1)
     1    0.002174    0.038599    0.219085    2.231991 ^ input6/X (sky130_fd_sc_hd__clkdlybuf4s25_1)
                                                         net6 (net)
                      0.038599    0.000059    2.232050 ^ _195_/B (sky130_fd_sc_hd__and2_2)
     1    0.002371    0.034958    0.117259    2.349309 ^ _195_/X (sky130_fd_sc_hd__and2_2)
                                                         _008_ (net)
                      0.034958    0.000063    2.349372 ^ _306_/D (sky130_fd_sc_hd__dfxtp_2)
                                              2.349372   data arrival time

                                  0.000000    0.000000   clock clk (rise edge)
                                  0.000000    0.000000   clock source latency
     1    0.016434    0.079868    0.057643    0.057643 ^ clk (in)
                                                         clk (net)
                      0.079891    0.000000    0.057643 ^ clkbuf_0_clk/A (sky130_fd_sc_hd__clkbuf_16)
     4    0.039389    0.059206    0.161664    0.219307 ^ clkbuf_0_clk/X (sky130_fd_sc_hd__clkbuf_16)
                                                         clknet_0_clk (net)
                      0.059234    0.001164    0.220471 ^ clkbuf_2_2__f_clk/A (sky130_fd_sc_hd__clkbuf_16)
     8    0.025821    0.047065    0.142733    0.363204 ^ clkbuf_2_2__f_clk/X (sky130_fd_sc_hd__clkbuf_16)
                                                         clknet_2_2__leaf_clk (net)
                      0.047079    0.000813    0.364017 ^ _306_/CLK (sky130_fd_sc_hd__dfxtp_2)
                                  0.250000    0.614017   clock uncertainty
                                  0.000000    0.614017   clock reconvergence pessimism
                                 -0.028836    0.585180   library hold time
                                              0.585180   data required time
---------------------------------------------------------------------------------------------
                                              0.585180   data required time
                                             -2.349372   data arrival time
---------------------------------------------------------------------------------------------
                                              1.764191   slack (MET)


Startpoint: b[5] (input port clocked by clk)
Endpoint: _314_ (rising edge-triggered flip-flop clocked by clk)
Path Group: clk
Path Type: min

Fanout         Cap        Slew       Delay        Time   Description
---------------------------------------------------------------------------------------------
                                  0.000000    0.000000   clock clk (rise edge)
                                  0.000000    0.000000   clock network delay (propagated)
                                  2.000000    2.000000 ^ input external delay
     1    0.003567    0.023057    0.012360    2.012360 ^ b[5] (in)
                                                         b[5] (net)
                      0.023065    0.000000    2.012360 ^ input14/A (sky130_fd_sc_hd__clkdlybuf4s25_1)
     1    0.002530    0.041685    0.221390    2.233750 ^ input14/X (sky130_fd_sc_hd__clkdlybuf4s25_1)
                                                         net14 (net)
                      0.041685    0.000070    2.233820 ^ _203_/B (sky130_fd_sc_hd__and2_2)
     1    0.002182    0.034143    0.117224    2.351044 ^ _203_/X (sky130_fd_sc_hd__and2_2)
                                                         _016_ (net)
                      0.034143    0.000061    2.351105 ^ _314_/D (sky130_fd_sc_hd__dfxtp_2)
                                              2.351105   data arrival time

                                  0.000000    0.000000   clock clk (rise edge)
                                  0.000000    0.000000   clock source latency
     1    0.016434    0.079868    0.057643    0.057643 ^ clk (in)
                                                         clk (net)
                      0.079891    0.000000    0.057643 ^ clkbuf_0_clk/A (sky130_fd_sc_hd__clkbuf_16)
     4    0.039389    0.059206    0.161664    0.219307 ^ clkbuf_0_clk/X (sky130_fd_sc_hd__clkbuf_16)
                                                         clknet_0_clk (net)
                      0.059221    0.000917    0.220224 ^ clkbuf_2_0__f_clk/A (sky130_fd_sc_hd__clkbuf_16)
     8    0.027240    0.048327    0.144051    0.364275 ^ clkbuf_2_0__f_clk/X (sky130_fd_sc_hd__clkbuf_16)
                                                         clknet_2_0__leaf_clk (net)
                      0.048360    0.000866    0.365141 ^ _314_/CLK (sky130_fd_sc_hd__dfxtp_2)
                                  0.250000    0.615141   clock uncertainty
                                  0.000000    0.615141   clock reconvergence pessimism
                                 -0.028499    0.586642   library hold time
                                              0.586642   data required time
---------------------------------------------------------------------------------------------
                                              0.586642   data required time
                                             -2.351105   data arrival time
---------------------------------------------------------------------------------------------
                                              1.764463   slack (MET)


Startpoint: a[2] (input port clocked by clk)
Endpoint: _303_ (rising edge-triggered flip-flop clocked by clk)
Path Group: clk
Path Type: min

Fanout         Cap        Slew       Delay        Time   Description
---------------------------------------------------------------------------------------------
                                  0.000000    0.000000   clock clk (rise edge)
                                  0.000000    0.000000   clock network delay (propagated)
                                  2.000000    2.000000 ^ input external delay
     1    0.003479    0.022674    0.012069    2.012069 ^ a[2] (in)
                                                         a[2] (net)
                      0.022682    0.000000    2.012069 ^ input3/A (sky130_fd_sc_hd__clkdlybuf4s25_1)
     1    0.002917    0.045072    0.224027    2.236095 ^ input3/X (sky130_fd_sc_hd__clkdlybuf4s25_1)
                                                         net3 (net)
                      0.045072    0.000087    2.236182 ^ _192_/B (sky130_fd_sc_hd__and2_2)
     1    0.001972    0.033233    0.117173    2.353355 ^ _192_/X (sky130_fd_sc_hd__and2_2)
                                                         _005_ (net)
                      0.033233    0.000052    2.353407 ^ _303_/D (sky130_fd_sc_hd__dfxtp_2)
                                              2.353407   data arrival time

                                  0.000000    0.000000   clock clk (rise edge)
                                  0.000000    0.000000   clock source latency
     1    0.016434    0.079868    0.057643    0.057643 ^ clk (in)
                                                         clk (net)
                      0.079891    0.000000    0.057643 ^ clkbuf_0_clk/A (sky130_fd_sc_hd__clkbuf_16)
     4    0.039389    0.059206    0.161664    0.219307 ^ clkbuf_0_clk/X (sky130_fd_sc_hd__clkbuf_16)
                                                         clknet_0_clk (net)
                      0.059221    0.000917    0.220224 ^ clkbuf_2_0__f_clk/A (sky130_fd_sc_hd__clkbuf_16)
     8    0.027240    0.048327    0.144051    0.364275 ^ clkbuf_2_0__f_clk/X (sky130_fd_sc_hd__clkbuf_16)
                                                         clknet_2_0__leaf_clk (net)
                      0.048392    0.001350    0.365625 ^ _303_/CLK (sky130_fd_sc_hd__dfxtp_2)
                                  0.250000    0.615625   clock uncertainty
                                  0.000000    0.615625   clock reconvergence pessimism
                                 -0.028307    0.587318   library hold time
                                              0.587318   data required time
---------------------------------------------------------------------------------------------
                                              0.587318   data required time
                                             -2.353407   data arrival time
---------------------------------------------------------------------------------------------
                                              1.766089   slack (MET)


Startpoint: op[2] (input port clocked by clk)
Endpoint: _319_ (rising edge-triggered flip-flop clocked by clk)
Path Group: clk
Path Type: min

Fanout         Cap        Slew       Delay        Time   Description
---------------------------------------------------------------------------------------------
                                  0.000000    0.000000   clock clk (rise edge)
                                  0.000000    0.000000   clock network delay (propagated)
                                  2.000000    2.000000 ^ input external delay
     1    0.003949    0.024727    0.013644    2.013644 ^ op[2] (in)
                                                         op[2] (net)
                      0.024728    0.000000    2.013644 ^ input19/A (sky130_fd_sc_hd__clkdlybuf4s25_1)
     1    0.002664    0.042848    0.222895    2.236539 ^ input19/X (sky130_fd_sc_hd__clkdlybuf4s25_1)
                                                         net19 (net)
                      0.042848    0.000074    2.236613 ^ _208_/B (sky130_fd_sc_hd__and2_2)
     1    0.002237    0.034376    0.117828    2.354440 ^ _208_/X (sky130_fd_sc_hd__and2_2)
                                                         _021_ (net)
                      0.034376    0.000059    2.354499 ^ _319_/D (sky130_fd_sc_hd__dfxtp_2)
                                              2.354499   data arrival time

                                  0.000000    0.000000   clock clk (rise edge)
                                  0.000000    0.000000   clock source latency
     1    0.016434    0.079868    0.057643    0.057643 ^ clk (in)
                                                         clk (net)
                      0.079891    0.000000    0.057643 ^ clkbuf_0_clk/A (sky130_fd_sc_hd__clkbuf_16)
     4    0.039389    0.059206    0.161664    0.219307 ^ clkbuf_0_clk/X (sky130_fd_sc_hd__clkbuf_16)
                                                         clknet_0_clk (net)
                      0.059234    0.001164    0.220471 ^ clkbuf_2_2__f_clk/A (sky130_fd_sc_hd__clkbuf_16)
     8    0.025821    0.047065    0.142733    0.363204 ^ clkbuf_2_2__f_clk/X (sky130_fd_sc_hd__clkbuf_16)
                                                         clknet_2_2__leaf_clk (net)
                      0.047082    0.000857    0.364061 ^ _319_/CLK (sky130_fd_sc_hd__dfxtp_2)
                                  0.250000    0.614061   clock uncertainty
                                  0.000000    0.614061   clock reconvergence pessimism
                                 -0.028716    0.585345   library hold time
                                              0.585345   data required time
---------------------------------------------------------------------------------------------
                                              0.585345   data required time
                                             -2.354499   data arrival time
---------------------------------------------------------------------------------------------
                                              1.769154   slack (MET)


Startpoint: b[7] (input port clocked by clk)
Endpoint: _316_ (rising edge-triggered flip-flop clocked by clk)
Path Group: clk
Path Type: min

Fanout         Cap        Slew       Delay        Time   Description
---------------------------------------------------------------------------------------------
                                  0.000000    0.000000   clock clk (rise edge)
                                  0.000000    0.000000   clock network delay (propagated)
                                  2.000000    2.000000 ^ input external delay
     1    0.003616    0.023269    0.012526    2.012526 ^ b[7] (in)
                                                         b[7] (net)
                      0.023277    0.000000    2.012526 ^ input16/A (sky130_fd_sc_hd__clkdlybuf4s25_1)
     1    0.002834    0.044347    0.223627    2.236153 ^ input16/X (sky130_fd_sc_hd__clkdlybuf4s25_1)
                                                         net16 (net)
                      0.044347    0.000085    2.236238 ^ _205_/B (sky130_fd_sc_hd__and2_2)
     1    0.002229    0.034339    0.118218    2.354456 ^ _205_/X (sky130_fd_sc_hd__and2_2)
                                                         _018_ (net)
                      0.034339    0.000061    2.354517 ^ _316_/D (sky130_fd_sc_hd__dfxtp_2)
                                              2.354517   data arrival time

                                  0.000000    0.000000   clock clk (rise edge)
                                  0.000000    0.000000   clock source latency
     1    0.016434    0.079868    0.057643    0.057643 ^ clk (in)
                                                         clk (net)
                      0.079891    0.000000    0.057643 ^ clkbuf_0_clk/A (sky130_fd_sc_hd__clkbuf_16)
     4    0.039389    0.059206    0.161664    0.219307 ^ clkbuf_0_clk/X (sky130_fd_sc_hd__clkbuf_16)
                                                         clknet_0_clk (net)
                      0.059234    0.001164    0.220471 ^ clkbuf_2_2__f_clk/A (sky130_fd_sc_hd__clkbuf_16)
     8    0.025821    0.047065    0.142733    0.363204 ^ clkbuf_2_2__f_clk/X (sky130_fd_sc_hd__clkbuf_16)
                                                         clknet_2_2__leaf_clk (net)
                      0.047075    0.000705    0.363908 ^ _316_/CLK (sky130_fd_sc_hd__dfxtp_2)
                                  0.250000    0.613908   clock uncertainty
                                  0.000000    0.613908   clock reconvergence pessimism
                                 -0.028709    0.585200   library hold time
                                              0.585200   data required time
---------------------------------------------------------------------------------------------
                                              0.585200   data required time
                                             -2.354517   data arrival time
---------------------------------------------------------------------------------------------
                                              1.769318   slack (MET)


Startpoint: b[2] (input port clocked by clk)
Endpoint: _311_ (rising edge-triggered flip-flop clocked by clk)
Path Group: clk
Path Type: min

Fanout         Cap        Slew       Delay        Time   Description
---------------------------------------------------------------------------------------------
                                  0.000000    0.000000   clock clk (rise edge)
                                  0.000000    0.000000   clock network delay (propagated)
                                  2.000000    2.000000 ^ input external delay
     1    0.003395    0.022310    0.011789    2.011790 ^ b[2] (in)
                                                         b[2] (net)
                      0.022310    0.000000    2.011790 ^ input11/A (sky130_fd_sc_hd__clkdlybuf4s25_1)
     1    0.003220    0.047750    0.226074    2.237863 ^ input11/X (sky130_fd_sc_hd__clkdlybuf4s25_1)
                                                         net11 (net)
                      0.047750    0.000100    2.237963 ^ _200_/B (sky130_fd_sc_hd__and2_2)
     1    0.002145    0.033970    0.118785    2.356748 ^ _200_/X (sky130_fd_sc_hd__and2_2)
                                                         _013_ (net)
                      0.033970    0.000058    2.356806 ^ _311_/D (sky130_fd_sc_hd__dfxtp_2)
                                              2.356806   data arrival time

                                  0.000000    0.000000   clock clk (rise edge)
                                  0.000000    0.000000   clock source latency
     1    0.016434    0.079868    0.057643    0.057643 ^ clk (in)
                                                         clk (net)
                      0.079891    0.000000    0.057643 ^ clkbuf_0_clk/A (sky130_fd_sc_hd__clkbuf_16)
     4    0.039389    0.059206    0.161664    0.219307 ^ clkbuf_0_clk/X (sky130_fd_sc_hd__clkbuf_16)
                                                         clknet_0_clk (net)
                      0.059221    0.000917    0.220224 ^ clkbuf_2_0__f_clk/A (sky130_fd_sc_hd__clkbuf_16)
     8    0.027240    0.048327    0.144051    0.364275 ^ clkbuf_2_0__f_clk/X (sky130_fd_sc_hd__clkbuf_16)
                                                         clknet_2_0__leaf_clk (net)
                      0.048387    0.001279    0.365554 ^ _311_/CLK (sky130_fd_sc_hd__dfxtp_2)
                                  0.250000    0.615554   clock uncertainty
                                  0.000000    0.615554   clock reconvergence pessimism
                                 -0.028460    0.587094   library hold time
                                              0.587094   data required time
---------------------------------------------------------------------------------------------
                                              0.587094   data required time
                                             -2.356806   data arrival time
---------------------------------------------------------------------------------------------
                                              1.769712   slack (MET)


Startpoint: a[7] (input port clocked by clk)
Endpoint: _308_ (rising edge-triggered flip-flop clocked by clk)
Path Group: clk
Path Type: min

Fanout         Cap        Slew       Delay        Time   Description
---------------------------------------------------------------------------------------------
                                  0.000000    0.000000   clock clk (rise edge)
                                  0.000000    0.000000   clock network delay (propagated)
                                  2.000000    2.000000 ^ input external delay
     1    0.003615    0.023268    0.012525    2.012525 ^ a[7] (in)
                                                         a[7] (net)
                      0.023275    0.000000    2.012525 ^ input8/A (sky130_fd_sc_hd__clkdlybuf4s25_1)
     1    0.003025    0.046023    0.224987    2.237512 ^ input8/X (sky130_fd_sc_hd__clkdlybuf4s25_1)
                                                         net8 (net)
                      0.046023    0.000089    2.237600 ^ _197_/B (sky130_fd_sc_hd__and2_2)
     1    0.002109    0.033818    0.118115    2.355716 ^ _197_/X (sky130_fd_sc_hd__and2_2)
                                                         _010_ (net)
                      0.033818    0.000040    2.355756 ^ _308_/D (sky130_fd_sc_hd__dfxtp_2)
                                              2.355756   data arrival time

                                  0.000000    0.000000   clock clk (rise edge)
                                  0.000000    0.000000   clock source latency
     1    0.016434    0.079868    0.057643    0.057643 ^ clk (in)
                                                         clk (net)
                      0.079891    0.000000    0.057643 ^ clkbuf_0_clk/A (sky130_fd_sc_hd__clkbuf_16)
     4    0.039389    0.059206    0.161664    0.219307 ^ clkbuf_0_clk/X (sky130_fd_sc_hd__clkbuf_16)
                                                         clknet_0_clk (net)
                      0.059234    0.001164    0.220471 ^ clkbuf_2_2__f_clk/A (sky130_fd_sc_hd__clkbuf_16)
     8    0.025821    0.047065    0.142733    0.363204 ^ clkbuf_2_2__f_clk/X (sky130_fd_sc_hd__clkbuf_16)
                                                         clknet_2_2__leaf_clk (net)
                      0.047077    0.000759    0.363963 ^ _308_/CLK (sky130_fd_sc_hd__dfxtp_2)
                                  0.250000    0.613963   clock uncertainty
                                  0.000000    0.613963   clock reconvergence pessimism
                                 -0.028601    0.585363   library hold time
                                              0.585363   data required time
---------------------------------------------------------------------------------------------
                                              0.585363   data required time
                                             -2.355756   data arrival time
---------------------------------------------------------------------------------------------
                                              1.770393   slack (MET)


Startpoint: a[3] (input port clocked by clk)
Endpoint: _304_ (rising edge-triggered flip-flop clocked by clk)
Path Group: clk
Path Type: min

Fanout         Cap        Slew       Delay        Time   Description
---------------------------------------------------------------------------------------------
                                  0.000000    0.000000   clock clk (rise edge)
                                  0.000000    0.000000   clock network delay (propagated)
                                  2.000000    2.000000 ^ input external delay
     1    0.003682    0.023558    0.012748    2.012748 ^ a[3] (in)
                                                         a[3] (net)
                      0.023566    0.000000    2.012748 ^ input4/A (sky130_fd_sc_hd__clkdlybuf4s25_1)
     1    0.003230    0.047839    0.226544    2.239292 ^ input4/X (sky130_fd_sc_hd__clkdlybuf4s25_1)
                                                         net4 (net)
                      0.047839    0.000100    2.239393 ^ _193_/B (sky130_fd_sc_hd__and2_2)
     1    0.002542    0.035675    0.120751    2.360143 ^ _193_/X (sky130_fd_sc_hd__and2_2)
                                                         _006_ (net)
                      0.035675    0.000070    2.360214 ^ _304_/D (sky130_fd_sc_hd__dfxtp_2)
                                              2.360214   data arrival time

                                  0.000000    0.000000   clock clk (rise edge)
                                  0.000000    0.000000   clock source latency
     1    0.016434    0.079868    0.057643    0.057643 ^ clk (in)
                                                         clk (net)
                      0.079891    0.000000    0.057643 ^ clkbuf_0_clk/A (sky130_fd_sc_hd__clkbuf_16)
     4    0.039389    0.059206    0.161664    0.219307 ^ clkbuf_0_clk/X (sky130_fd_sc_hd__clkbuf_16)
                                                         clknet_0_clk (net)
                      0.059221    0.000920    0.220227 ^ clkbuf_2_1__f_clk/A (sky130_fd_sc_hd__clkbuf_16)
     8    0.029433    0.050515    0.146004    0.366231 ^ clkbuf_2_1__f_clk/X (sky130_fd_sc_hd__clkbuf_16)
                                                         clknet_2_1__leaf_clk (net)
                      0.050518    0.000865    0.367095 ^ _304_/CLK (sky130_fd_sc_hd__dfxtp_2)
                                  0.250000    0.617095   clock uncertainty
                                  0.000000    0.617095   clock reconvergence pessimism
                                 -0.028533    0.588563   library hold time
                                              0.588563   data required time
---------------------------------------------------------------------------------------------
                                              0.588563   data required time
                                             -2.360214   data arrival time
---------------------------------------------------------------------------------------------
                                              1.771651   slack (MET)


Startpoint: b[4] (input port clocked by clk)
Endpoint: _313_ (rising edge-triggered flip-flop clocked by clk)
Path Group: clk
Path Type: min

Fanout         Cap        Slew       Delay        Time   Description
---------------------------------------------------------------------------------------------
                                  0.000000    0.000000   clock clk (rise edge)
                                  0.000000    0.000000   clock network delay (propagated)
                                  2.000000    2.000000 ^ input external delay
     1    0.003476    0.022664    0.012061    2.012061 ^ b[4] (in)
                                                         b[4] (net)
                      0.022671    0.000000    2.012061 ^ input13/A (sky130_fd_sc_hd__clkdlybuf4s25_1)
     1    0.004203    0.056713    0.232812    2.244872 ^ input13/X (sky130_fd_sc_hd__clkdlybuf4s25_1)
                                                         net13 (net)
                      0.056713    0.000142    2.245014 ^ _202_/B (sky130_fd_sc_hd__and2_2)
     1    0.002298    0.034619    0.122088    2.367101 ^ _202_/X (sky130_fd_sc_hd__and2_2)
                                                         _015_ (net)
                      0.034619    0.000063    2.367165 ^ _313_/D (sky130_fd_sc_hd__dfxtp_2)
                                              2.367165   data arrival time

                                  0.000000    0.000000   clock clk (rise edge)
                                  0.000000    0.000000   clock source latency
     1    0.016434    0.079868    0.057643    0.057643 ^ clk (in)
                                                         clk (net)
                      0.079891    0.000000    0.057643 ^ clkbuf_0_clk/A (sky130_fd_sc_hd__clkbuf_16)
     4    0.039389    0.059206    0.161664    0.219307 ^ clkbuf_0_clk/X (sky130_fd_sc_hd__clkbuf_16)
                                                         clknet_0_clk (net)
                      0.059221    0.000920    0.220227 ^ clkbuf_2_1__f_clk/A (sky130_fd_sc_hd__clkbuf_16)
     8    0.029433    0.050515    0.146004    0.366231 ^ clkbuf_2_1__f_clk/X (sky130_fd_sc_hd__clkbuf_16)
                                                         clknet_2_1__leaf_clk (net)
                      0.050523    0.001259    0.367490 ^ _313_/CLK (sky130_fd_sc_hd__dfxtp_2)
                                  0.250000    0.617490   clock uncertainty
                                  0.000000    0.617490   clock reconvergence pessimism
                                 -0.028314    0.589177   library hold time
                                              0.589177   data required time
---------------------------------------------------------------------------------------------
                                              0.589177   data required time
                                             -2.367165   data arrival time
---------------------------------------------------------------------------------------------
                                              1.777988   slack (MET)


Startpoint: b[6] (input port clocked by clk)
Endpoint: _315_ (rising edge-triggered flip-flop clocked by clk)
Path Group: clk
Path Type: min

Fanout         Cap        Slew       Delay        Time   Description
---------------------------------------------------------------------------------------------
                                  0.000000    0.000000   clock clk (rise edge)
                                  0.000000    0.000000   clock network delay (propagated)
                                  2.000000    2.000000 ^ input external delay
     1    0.003661    0.023468    0.012678    2.012678 ^ b[6] (in)
                                                         b[6] (net)
                      0.023475    0.000000    2.012678 ^ input15/A (sky130_fd_sc_hd__clkdlybuf4s25_1)
     1    0.004884    0.063010    0.237594    2.250272 ^ input15/X (sky130_fd_sc_hd__clkdlybuf4s25_1)
                                                         net15 (net)
                      0.063010    0.000190    2.250462 ^ _204_/B (sky130_fd_sc_hd__and2_2)
     1    0.001950    0.033119    0.122155    2.372616 ^ _204_/X (sky130_fd_sc_hd__and2_2)
                                                         _017_ (net)
                      0.033119    0.000052    2.372669 ^ _315_/D (sky130_fd_sc_hd__dfxtp_2)
                                              2.372669   data arrival time

                                  0.000000    0.000000   clock clk (rise edge)
                                  0.000000    0.000000   clock source latency
     1    0.016434    0.079868    0.057643    0.057643 ^ clk (in)
                                                         clk (net)
                      0.079891    0.000000    0.057643 ^ clkbuf_0_clk/A (sky130_fd_sc_hd__clkbuf_16)
     4    0.039389    0.059206    0.161664    0.219307 ^ clkbuf_0_clk/X (sky130_fd_sc_hd__clkbuf_16)
                                                         clknet_0_clk (net)
                      0.059221    0.000920    0.220227 ^ clkbuf_2_1__f_clk/A (sky130_fd_sc_hd__clkbuf_16)
     8    0.029433    0.050515    0.146004    0.366231 ^ clkbuf_2_1__f_clk/X (sky130_fd_sc_hd__clkbuf_16)
                                                         clknet_2_1__leaf_clk (net)
                      0.050518    0.000793    0.367024 ^ _315_/CLK (sky130_fd_sc_hd__dfxtp_2)
                                  0.250000    0.617024   clock uncertainty
                                  0.000000    0.617024   clock reconvergence pessimism
                                 -0.028004    0.589020   library hold time
                                              0.589020   data required time
---------------------------------------------------------------------------------------------
                                              0.589020   data required time
                                             -2.372669   data arrival time
---------------------------------------------------------------------------------------------
                                              1.783649   slack (MET)


Startpoint: _322_ (rising edge-triggered flip-flop clocked by clk)
Endpoint: y[2] (output port clocked by clk)
Path Group: clk
Path Type: min

Fanout         Cap        Slew       Delay        Time   Description
---------------------------------------------------------------------------------------------
                                  0.000000    0.000000   clock clk (rise edge)
                                  0.000000    0.000000   clock source latency
     1    0.016434    0.079868    0.052153    0.052153 ^ clk (in)
                                                         clk (net)
                      0.079891    0.000000    0.052153 ^ clkbuf_0_clk/A (sky130_fd_sc_hd__clkbuf_16)
     4    0.039389    0.059206    0.146268    0.198421 ^ clkbuf_0_clk/X (sky130_fd_sc_hd__clkbuf_16)
                                                         clknet_0_clk (net)
                      0.059235    0.001082    0.199503 ^ clkbuf_2_3__f_clk/A (sky130_fd_sc_hd__clkbuf_16)
     8    0.026021    0.047278    0.129134    0.328637 ^ clkbuf_2_3__f_clk/X (sky130_fd_sc_hd__clkbuf_16)
                                                         clknet_2_3__leaf_clk (net)
                      0.047330    0.001294    0.329931 ^ _322_/CLK (sky130_fd_sc_hd__dfxtp_2)
     1    0.002336    0.021707    0.285886    0.615817 v _322_/Q (sky130_fd_sc_hd__dfxtp_2)
                                                         net26 (net)
                      0.021707    0.000063    0.615881 v output26/A (sky130_fd_sc_hd__clkdlybuf4s25_1)
     1    0.035084    0.261026    0.388056    1.003937 v output26/X (sky130_fd_sc_hd__clkdlybuf4s25_1)
                                                         y[2] (net)
                      0.261027    0.000909    1.004846 v y[2] (out)
                                              1.004846   data arrival time

                                  0.000000    0.000000   clock clk (rise edge)
                                  0.000000    0.000000   clock network delay (propagated)
                                  0.250000    0.250000   clock uncertainty
                                  0.000000    0.250000   clock reconvergence pessimism
                                 -2.000000   -1.750000   output external delay
                                             -1.750000   data required time
---------------------------------------------------------------------------------------------
                                             -1.750000   data required time
                                             -1.004846   data arrival time
---------------------------------------------------------------------------------------------
                                              2.754846   slack (MET)


Startpoint: _299_ (rising edge-triggered flip-flop clocked by clk)
Endpoint: carry (output port clocked by clk)
Path Group: clk
Path Type: min

Fanout         Cap        Slew       Delay        Time   Description
---------------------------------------------------------------------------------------------
                                  0.000000    0.000000   clock clk (rise edge)
                                  0.000000    0.000000   clock source latency
     1    0.016434    0.079868    0.052153    0.052153 ^ clk (in)
                                                         clk (net)
                      0.079891    0.000000    0.052153 ^ clkbuf_0_clk/A (sky130_fd_sc_hd__clkbuf_16)
     4    0.039389    0.059206    0.146268    0.198421 ^ clkbuf_0_clk/X (sky130_fd_sc_hd__clkbuf_16)
                                                         clknet_0_clk (net)
                      0.059235    0.001082    0.199503 ^ clkbuf_2_3__f_clk/A (sky130_fd_sc_hd__clkbuf_16)
     8    0.026021    0.047278    0.129134    0.328637 ^ clkbuf_2_3__f_clk/X (sky130_fd_sc_hd__clkbuf_16)
                                                         clknet_2_3__leaf_clk (net)
                      0.047285    0.000600    0.329238 ^ _299_/CLK (sky130_fd_sc_hd__dfxtp_2)
     1    0.003008    0.022913    0.288181    0.617419 v _299_/Q (sky130_fd_sc_hd__dfxtp_2)
                                                         net21 (net)
                      0.022913    0.000086    0.617505 v output21/A (sky130_fd_sc_hd__clkdlybuf4s25_1)
     1    0.034731    0.258381    0.386934    1.004439 v output21/X (sky130_fd_sc_hd__clkdlybuf4s25_1)
                                                         carry (net)
                      0.258381    0.000664    1.005103 v carry (out)
                                              1.005103   data arrival time

                                  0.000000    0.000000   clock clk (rise edge)
                                  0.000000    0.000000   clock network delay (propagated)
                                  0.250000    0.250000   clock uncertainty
                                  0.000000    0.250000   clock reconvergence pessimism
                                 -2.000000   -1.750000   output external delay
                                             -1.750000   data required time
---------------------------------------------------------------------------------------------
                                             -1.750000   data required time
                                             -1.005103   data arrival time
---------------------------------------------------------------------------------------------
                                              2.755103   slack (MET)


Startpoint: _320_ (rising edge-triggered flip-flop clocked by clk)
Endpoint: y[0] (output port clocked by clk)
Path Group: clk
Path Type: min

Fanout         Cap        Slew       Delay        Time   Description
---------------------------------------------------------------------------------------------
                                  0.000000    0.000000   clock clk (rise edge)
                                  0.000000    0.000000   clock source latency
     1    0.016434    0.079868    0.052153    0.052153 ^ clk (in)
                                                         clk (net)
                      0.079891    0.000000    0.052153 ^ clkbuf_0_clk/A (sky130_fd_sc_hd__clkbuf_16)
     4    0.039389    0.059206    0.146268    0.198421 ^ clkbuf_0_clk/X (sky130_fd_sc_hd__clkbuf_16)
                                                         clknet_0_clk (net)
                      0.059221    0.000830    0.199251 ^ clkbuf_2_0__f_clk/A (sky130_fd_sc_hd__clkbuf_16)
     8    0.027240    0.048327    0.130332    0.329582 ^ clkbuf_2_0__f_clk/X (sky130_fd_sc_hd__clkbuf_16)
                                                         clknet_2_0__leaf_clk (net)
                      0.048357    0.000731    0.330314 ^ _320_/CLK (sky130_fd_sc_hd__dfxtp_2)
     1    0.002534    0.022031    0.286926    0.617240 v _320_/Q (sky130_fd_sc_hd__dfxtp_2)
                                                         net24 (net)
                      0.022031    0.000069    0.617308 v output24/A (sky130_fd_sc_hd__clkdlybuf4s25_1)
     1    0.034910    0.259745    0.387370    1.004678 v output24/X (sky130_fd_sc_hd__clkdlybuf4s25_1)
                                                         y[0] (net)
                      0.259745    0.000824    1.005502 v y[0] (out)
                                              1.005502   data arrival time

                                  0.000000    0.000000   clock clk (rise edge)
                                  0.000000    0.000000   clock network delay (propagated)
                                  0.250000    0.250000   clock uncertainty
                                  0.000000    0.250000   clock reconvergence pessimism
                                 -2.000000   -1.750000   output external delay
                                             -1.750000   data required time
---------------------------------------------------------------------------------------------
                                             -1.750000   data required time
                                             -1.005502   data arrival time
---------------------------------------------------------------------------------------------
                                              2.755502   slack (MET)


Startpoint: _326_ (rising edge-triggered flip-flop clocked by clk)
Endpoint: y[6] (output port clocked by clk)
Path Group: clk
Path Type: min

Fanout         Cap        Slew       Delay        Time   Description
---------------------------------------------------------------------------------------------
                                  0.000000    0.000000   clock clk (rise edge)
                                  0.000000    0.000000   clock source latency
     1    0.016434    0.079868    0.052153    0.052153 ^ clk (in)
                                                         clk (net)
                      0.079891    0.000000    0.052153 ^ clkbuf_0_clk/A (sky130_fd_sc_hd__clkbuf_16)
     4    0.039389    0.059206    0.146268    0.198421 ^ clkbuf_0_clk/X (sky130_fd_sc_hd__clkbuf_16)
                                                         clknet_0_clk (net)
                      0.059235    0.001082    0.199503 ^ clkbuf_2_3__f_clk/A (sky130_fd_sc_hd__clkbuf_16)
     8    0.026021    0.047278    0.129134    0.328637 ^ clkbuf_2_3__f_clk/X (sky130_fd_sc_hd__clkbuf_16)
                                                         clknet_2_3__leaf_clk (net)
                      0.047312    0.001082    0.329720 ^ _326_/CLK (sky130_fd_sc_hd__dfxtp_2)
     1    0.002519    0.022005    0.286509    0.616228 v _326_/Q (sky130_fd_sc_hd__dfxtp_2)
                                                         net30 (net)
                      0.022005    0.000068    0.616296 v output30/A (sky130_fd_sc_hd__clkdlybuf4s25_1)
     1    0.035281    0.262424    0.389144    1.005441 v output30/X (sky130_fd_sc_hd__clkdlybuf4s25_1)
                                                         y[6] (net)
                      0.262426    0.000919    1.006360 v y[6] (out)
                                              1.006360   data arrival time

                                  0.000000    0.000000   clock clk (rise edge)
                                  0.000000    0.000000   clock network delay (propagated)
                                  0.250000    0.250000   clock uncertainty
                                  0.000000    0.250000   clock reconvergence pessimism
                                 -2.000000   -1.750000   output external delay
                                             -1.750000   data required time
---------------------------------------------------------------------------------------------
                                             -1.750000   data required time
                                             -1.006360   data arrival time
---------------------------------------------------------------------------------------------
                                              2.756360   slack (MET)


Startpoint: _321_ (rising edge-triggered flip-flop clocked by clk)
Endpoint: y[1] (output port clocked by clk)
Path Group: clk
Path Type: min

Fanout         Cap        Slew       Delay        Time   Description
---------------------------------------------------------------------------------------------
                                  0.000000    0.000000   clock clk (rise edge)
                                  0.000000    0.000000   clock source latency
     1    0.016434    0.079868    0.052153    0.052153 ^ clk (in)
                                                         clk (net)
                      0.079891    0.000000    0.052153 ^ clkbuf_0_clk/A (sky130_fd_sc_hd__clkbuf_16)
     4    0.039389    0.059206    0.146268    0.198421 ^ clkbuf_0_clk/X (sky130_fd_sc_hd__clkbuf_16)
                                                         clknet_0_clk (net)
                      0.059221    0.000830    0.199251 ^ clkbuf_2_0__f_clk/A (sky130_fd_sc_hd__clkbuf_16)
     8    0.027240    0.048327    0.130332    0.329582 ^ clkbuf_2_0__f_clk/X (sky130_fd_sc_hd__clkbuf_16)
                                                         clknet_2_0__leaf_clk (net)
                      0.048364    0.000832    0.330414 ^ _321_/CLK (sky130_fd_sc_hd__dfxtp_2)
     1    0.002905    0.022711    0.288205    0.618619 v _321_/Q (sky130_fd_sc_hd__dfxtp_2)
                                                         net25 (net)
                      0.022711    0.000080    0.618699 v output25/A (sky130_fd_sc_hd__clkdlybuf4s25_1)
     1    0.034806    0.258967    0.387126    1.005825 v output25/X (sky130_fd_sc_hd__clkdlybuf4s25_1)
                                                         y[1] (net)
                      0.258967    0.000801    1.006626 v y[1] (out)
                                              1.006626   data arrival time

                                  0.000000    0.000000   clock clk (rise edge)
                                  0.000000    0.000000   clock network delay (propagated)
                                  0.250000    0.250000   clock uncertainty
                                  0.000000    0.250000   clock reconvergence pessimism
                                 -2.000000   -1.750000   output external delay
                                             -1.750000   data required time
---------------------------------------------------------------------------------------------
                                             -1.750000   data required time
                                             -1.006626   data arrival time
---------------------------------------------------------------------------------------------
                                              2.756625   slack (MET)


Startpoint: _298_ (rising edge-triggered flip-flop clocked by clk)
Endpoint: overflow (output port clocked by clk)
Path Group: clk
Path Type: min

Fanout         Cap        Slew       Delay        Time   Description
---------------------------------------------------------------------------------------------
                                  0.000000    0.000000   clock clk (rise edge)
                                  0.000000    0.000000   clock source latency
     1    0.016434    0.079868    0.052153    0.052153 ^ clk (in)
                                                         clk (net)
                      0.079891    0.000000    0.052153 ^ clkbuf_0_clk/A (sky130_fd_sc_hd__clkbuf_16)
     4    0.039389    0.059206    0.146268    0.198421 ^ clkbuf_0_clk/X (sky130_fd_sc_hd__clkbuf_16)
                                                         clknet_0_clk (net)
                      0.059235    0.001082    0.199503 ^ clkbuf_2_3__f_clk/A (sky130_fd_sc_hd__clkbuf_16)
     8    0.026021    0.047278    0.129134    0.328637 ^ clkbuf_2_3__f_clk/X (sky130_fd_sc_hd__clkbuf_16)
                                                         clknet_2_3__leaf_clk (net)
                      0.047300    0.000912    0.329549 ^ _298_/CLK (sky130_fd_sc_hd__dfxtp_2)
     1    0.002964    0.022826    0.288038    0.617587 v _298_/Q (sky130_fd_sc_hd__dfxtp_2)
                                                         net23 (net)
                      0.022826    0.000082    0.617669 v output23/A (sky130_fd_sc_hd__clkdlybuf4s25_1)
     1    0.035187    0.261735    0.388959    1.006629 v output23/X (sky130_fd_sc_hd__clkdlybuf4s25_1)
                                                         overflow (net)
                      0.261736    0.000961    1.007590 v overflow (out)
                                              1.007590   data arrival time

                                  0.000000    0.000000   clock clk (rise edge)
                                  0.000000    0.000000   clock network delay (propagated)
                                  0.250000    0.250000   clock uncertainty
                                  0.000000    0.250000   clock reconvergence pessimism
                                 -2.000000   -1.750000   output external delay
                                             -1.750000   data required time
---------------------------------------------------------------------------------------------
                                             -1.750000   data required time
                                             -1.007590   data arrival time
---------------------------------------------------------------------------------------------
                                              2.757590   slack (MET)


Startpoint: _325_ (rising edge-triggered flip-flop clocked by clk)
Endpoint: y[5] (output port clocked by clk)
Path Group: clk
Path Type: min

Fanout         Cap        Slew       Delay        Time   Description
---------------------------------------------------------------------------------------------
                                  0.000000    0.000000   clock clk (rise edge)
                                  0.000000    0.000000   clock source latency
     1    0.016434    0.079868    0.052153    0.052153 ^ clk (in)
                                                         clk (net)
                      0.079891    0.000000    0.052153 ^ clkbuf_0_clk/A (sky130_fd_sc_hd__clkbuf_16)
     4    0.039389    0.059206    0.146268    0.198421 ^ clkbuf_0_clk/X (sky130_fd_sc_hd__clkbuf_16)
                                                         clknet_0_clk (net)
                      0.059235    0.001082    0.199503 ^ clkbuf_2_3__f_clk/A (sky130_fd_sc_hd__clkbuf_16)
     8    0.026021    0.047278    0.129134    0.328637 ^ clkbuf_2_3__f_clk/X (sky130_fd_sc_hd__clkbuf_16)
                                                         clknet_2_3__leaf_clk (net)
                      0.047335    0.001352    0.329989 ^ _325_/CLK (sky130_fd_sc_hd__dfxtp_2)
     1    0.002969    0.022834    0.288064    0.618053 v _325_/Q (sky130_fd_sc_hd__dfxtp_2)
                                                         net29 (net)
                      0.022834    0.000084    0.618137 v output29/A (sky130_fd_sc_hd__clkdlybuf4s25_1)
     1    0.035288    0.262444    0.389493    1.007630 v output29/X (sky130_fd_sc_hd__clkdlybuf4s25_1)
                                                         y[5] (net)
                      0.262445    0.000928    1.008558 v y[5] (out)
                                              1.008558   data arrival time

                                  0.000000    0.000000   clock clk (rise edge)
                                  0.000000    0.000000   clock network delay (propagated)
                                  0.250000    0.250000   clock uncertainty
                                  0.000000    0.250000   clock reconvergence pessimism
                                 -2.000000   -1.750000   output external delay
                                             -1.750000   data required time
---------------------------------------------------------------------------------------------
                                             -1.750000   data required time
                                             -1.008558   data arrival time
---------------------------------------------------------------------------------------------
                                              2.758558   slack (MET)


Startpoint: _300_ (rising edge-triggered flip-flop clocked by clk)
Endpoint: zero (output port clocked by clk)
Path Group: clk
Path Type: min

Fanout         Cap        Slew       Delay        Time   Description
---------------------------------------------------------------------------------------------
                                  0.000000    0.000000   clock clk (rise edge)
                                  0.000000    0.000000   clock source latency
     1    0.016434    0.079868    0.052153    0.052153 ^ clk (in)
                                                         clk (net)
                      0.079891    0.000000    0.052153 ^ clkbuf_0_clk/A (sky130_fd_sc_hd__clkbuf_16)
     4    0.039389    0.059206    0.146268    0.198421 ^ clkbuf_0_clk/X (sky130_fd_sc_hd__clkbuf_16)
                                                         clknet_0_clk (net)
                      0.059235    0.001082    0.199503 ^ clkbuf_2_3__f_clk/A (sky130_fd_sc_hd__clkbuf_16)
     8    0.026021    0.047278    0.129134    0.328637 ^ clkbuf_2_3__f_clk/X (sky130_fd_sc_hd__clkbuf_16)
                                                         clknet_2_3__leaf_clk (net)
                      0.047328    0.001272    0.329909 ^ _300_/CLK (sky130_fd_sc_hd__dfxtp_2)
     1    0.003142    0.023191    0.288656    0.618565 v _300_/Q (sky130_fd_sc_hd__dfxtp_2)
                                                         net32 (net)
                      0.023191    0.000088    0.618652 v output32/A (sky130_fd_sc_hd__clkdlybuf4s25_1)
     1    0.035384    0.263144    0.390064    1.008716 v output32/X (sky130_fd_sc_hd__clkdlybuf4s25_1)
                                                         zero (net)
                      0.263145    0.000994    1.009710 v zero (out)
                                              1.009710   data arrival time

                                  0.000000    0.000000   clock clk (rise edge)
                                  0.000000    0.000000   clock network delay (propagated)
                                  0.250000    0.250000   clock uncertainty
                                  0.000000    0.250000   clock reconvergence pessimism
                                 -2.000000   -1.750000   output external delay
                                             -1.750000   data required time
---------------------------------------------------------------------------------------------
                                             -1.750000   data required time
                                             -1.009710   data arrival time
---------------------------------------------------------------------------------------------
                                              2.759710   slack (MET)


Startpoint: _324_ (rising edge-triggered flip-flop clocked by clk)
Endpoint: y[4] (output port clocked by clk)
Path Group: clk
Path Type: min

Fanout         Cap        Slew       Delay        Time   Description
---------------------------------------------------------------------------------------------
                                  0.000000    0.000000   clock clk (rise edge)
                                  0.000000    0.000000   clock source latency
     1    0.016434    0.079868    0.052153    0.052153 ^ clk (in)
                                                         clk (net)
                      0.079891    0.000000    0.052153 ^ clkbuf_0_clk/A (sky130_fd_sc_hd__clkbuf_16)
     4    0.039389    0.059206    0.146268    0.198421 ^ clkbuf_0_clk/X (sky130_fd_sc_hd__clkbuf_16)
                                                         clknet_0_clk (net)
                      0.059221    0.000832    0.199253 ^ clkbuf_2_1__f_clk/A (sky130_fd_sc_hd__clkbuf_16)
     8    0.029433    0.050515    0.132099    0.331352 ^ clkbuf_2_1__f_clk/X (sky130_fd_sc_hd__clkbuf_16)
                                                         clknet_2_1__leaf_clk (net)
                      0.050523    0.001149    0.332501 ^ _324_/CLK (sky130_fd_sc_hd__dfxtp_2)
     1    0.003116    0.023141    0.289692    0.622193 v _324_/Q (sky130_fd_sc_hd__dfxtp_2)
                                                         net28 (net)
                      0.023141    0.000068    0.622261 v output28/A (sky130_fd_sc_hd__clkdlybuf4s25_1)
     1    0.034728    0.258355    0.387008    1.009269 v output28/X (sky130_fd_sc_hd__clkdlybuf4s25_1)
                                                         y[4] (net)
                      0.258355    0.000664    1.009933 v y[4] (out)
                                              1.009933   data arrival time

                                  0.000000    0.000000   clock clk (rise edge)
                                  0.000000    0.000000   clock network delay (propagated)
                                  0.250000    0.250000   clock uncertainty
                                  0.000000    0.250000   clock reconvergence pessimism
                                 -2.000000   -1.750000   output external delay
                                             -1.750000   data required time
---------------------------------------------------------------------------------------------
                                             -1.750000   data required time
                                             -1.009933   data arrival time
---------------------------------------------------------------------------------------------
                                              2.759933   slack (MET)


Startpoint: _323_ (rising edge-triggered flip-flop clocked by clk)
Endpoint: y[3] (output port clocked by clk)
Path Group: clk
Path Type: min

Fanout         Cap        Slew       Delay        Time   Description
---------------------------------------------------------------------------------------------
                                  0.000000    0.000000   clock clk (rise edge)
                                  0.000000    0.000000   clock source latency
     1    0.016434    0.079868    0.052153    0.052153 ^ clk (in)
                                                         clk (net)
                      0.079891    0.000000    0.052153 ^ clkbuf_0_clk/A (sky130_fd_sc_hd__clkbuf_16)
     4    0.039389    0.059206    0.146268    0.198421 ^ clkbuf_0_clk/X (sky130_fd_sc_hd__clkbuf_16)
                                                         clknet_0_clk (net)
                      0.059221    0.000832    0.199253 ^ clkbuf_2_1__f_clk/A (sky130_fd_sc_hd__clkbuf_16)
     8    0.029433    0.050515    0.132099    0.331352 ^ clkbuf_2_1__f_clk/X (sky130_fd_sc_hd__clkbuf_16)
                                                         clknet_2_1__leaf_clk (net)
                      0.050521    0.000972    0.332323 ^ _323_/CLK (sky130_fd_sc_hd__dfxtp_2)
     1    0.003120    0.023147    0.289698    0.622022 v _323_/Q (sky130_fd_sc_hd__dfxtp_2)
                                                         net27 (net)
                      0.023147    0.000090    0.622111 v output27/A (sky130_fd_sc_hd__clkdlybuf4s25_1)
     1    0.035483    0.263847    0.390550    1.012661 v output27/X (sky130_fd_sc_hd__clkdlybuf4s25_1)
                                                         y[3] (net)
                      0.263848    0.000981    1.013642 v y[3] (out)
                                              1.013642   data arrival time

                                  0.000000    0.000000   clock clk (rise edge)
                                  0.000000    0.000000   clock network delay (propagated)
                                  0.250000    0.250000   clock uncertainty
                                  0.000000    0.250000   clock reconvergence pessimism
                                 -2.000000   -1.750000   output external delay
                                             -1.750000   data required time
---------------------------------------------------------------------------------------------
                                             -1.750000   data required time
                                             -1.013642   data arrival time
---------------------------------------------------------------------------------------------
                                              2.763642   slack (MET)


Startpoint: _327_ (rising edge-triggered flip-flop clocked by clk)
Endpoint: negative (output port clocked by clk)
Path Group: clk
Path Type: min

Fanout         Cap        Slew       Delay        Time   Description
---------------------------------------------------------------------------------------------
                                  0.000000    0.000000   clock clk (rise edge)
                                  0.000000    0.000000   clock source latency
     1    0.016434    0.079868    0.052153    0.052153 ^ clk (in)
                                                         clk (net)
                      0.079891    0.000000    0.052153 ^ clkbuf_0_clk/A (sky130_fd_sc_hd__clkbuf_16)
     4    0.039389    0.059206    0.146268    0.198421 ^ clkbuf_0_clk/X (sky130_fd_sc_hd__clkbuf_16)
                                                         clknet_0_clk (net)
                      0.059235    0.001082    0.199503 ^ clkbuf_2_3__f_clk/A (sky130_fd_sc_hd__clkbuf_16)
     8    0.026021    0.047278    0.129134    0.328637 ^ clkbuf_2_3__f_clk/X (sky130_fd_sc_hd__clkbuf_16)
                                                         clknet_2_3__leaf_clk (net)
                      0.047321    0.001195    0.329832 ^ _327_/CLK (sky130_fd_sc_hd__dfxtp_2)
     2    0.004555    0.026759    0.293207    0.623039 v _327_/Q (sky130_fd_sc_hd__dfxtp_2)
                                                         net22 (net)
                      0.026759    0.000098    0.623137 v output22/A (sky130_fd_sc_hd__clkdlybuf4s25_1)
     1    0.035713    0.265529    0.393181    1.016318 v output22/X (sky130_fd_sc_hd__clkdlybuf4s25_1)
                                                         negative (net)
                      0.265530    0.000971    1.017289 v negative (out)
                                              1.017289   data arrival time

                                  0.000000    0.000000   clock clk (rise edge)
                                  0.000000    0.000000   clock network delay (propagated)
                                  0.250000    0.250000   clock uncertainty
                                  0.000000    0.250000   clock reconvergence pessimism
                                 -2.000000   -1.750000   output external delay
                                             -1.750000   data required time
---------------------------------------------------------------------------------------------
                                             -1.750000   data required time
                                             -1.017289   data arrival time
---------------------------------------------------------------------------------------------
                                              2.767289   slack (MET)


Startpoint: _327_ (rising edge-triggered flip-flop clocked by clk)
Endpoint: y[7] (output port clocked by clk)
Path Group: clk
Path Type: min

Fanout         Cap        Slew       Delay        Time   Description
---------------------------------------------------------------------------------------------
                                  0.000000    0.000000   clock clk (rise edge)
                                  0.000000    0.000000   clock source latency
     1    0.016434    0.079868    0.052153    0.052153 ^ clk (in)
                                                         clk (net)
                      0.079891    0.000000    0.052153 ^ clkbuf_0_clk/A (sky130_fd_sc_hd__clkbuf_16)
     4    0.039389    0.059206    0.146268    0.198421 ^ clkbuf_0_clk/X (sky130_fd_sc_hd__clkbuf_16)
                                                         clknet_0_clk (net)
                      0.059235    0.001082    0.199503 ^ clkbuf_2_3__f_clk/A (sky130_fd_sc_hd__clkbuf_16)
     8    0.026021    0.047278    0.129134    0.328637 ^ clkbuf_2_3__f_clk/X (sky130_fd_sc_hd__clkbuf_16)
                                                         clknet_2_3__leaf_clk (net)
                      0.047321    0.001195    0.329832 ^ _327_/CLK (sky130_fd_sc_hd__dfxtp_2)
     2    0.004555    0.026759    0.293207    0.623039 v _327_/Q (sky130_fd_sc_hd__dfxtp_2)
                                                         net22 (net)
                      0.026759    0.000089    0.623128 v _328_/A (sky130_fd_sc_hd__buf_2)
     1    0.003631    0.025366    0.103286    0.726414 v _328_/X (sky130_fd_sc_hd__buf_2)
                                                         net31 (net)
                      0.025366    0.000107    0.726521 v output31/A (sky130_fd_sc_hd__clkdlybuf4s25_1)
     1    0.035972    0.267391    0.393832    1.120353 v output31/X (sky130_fd_sc_hd__clkdlybuf4s25_1)
                                                         y[7] (net)
                      0.267393    0.001070    1.121423 v y[7] (out)
                                              1.121423   data arrival time

                                  0.000000    0.000000   clock clk (rise edge)
                                  0.000000    0.000000   clock network delay (propagated)
                                  0.250000    0.250000   clock uncertainty
                                  0.000000    0.250000   clock reconvergence pessimism
                                 -2.000000   -1.750000   output external delay
                                             -1.750000   data required time
---------------------------------------------------------------------------------------------
                                             -1.750000   data required time
                                             -1.121423   data arrival time
---------------------------------------------------------------------------------------------
                                              2.871424   slack (MET)



